ST_CASE,VEH_NO,PER_NO,P1,P2,P3,P4,P5,P6,P7,P8,P9,P10
40294,2,1,0,0,0,0,0,0,0,0,3,0
40295,1,1,18,18,18,18,18,18,18,18,18,18
40296,1,1,9,13,11,7,23,15,13,11,20,11
40297,1,1,0,0,0,0,0,0,0,0,0,0
40298,1,1,0,0,0,0,0,0,0,0,0,0
40299,0,1,0,0,0,0,0,0,0,0,0,0
40299,1,1,0,0,0,0,0,0,0,0,0,0
40300,1,1,0,0,0,0,0,0,0,0,0,0
40301,1,1,16,16,16,16,16,16,16,16,16,16
40301,2,1,0,0,0,0,12,0,0,0,0,0
40302,1,1,0,0,0,0,0,0,0,0,0,0
40302,2,1,0,0,0,0,0,0,0,0,0,0
40302,3,1,0,18,0,0,0,0,0,0,0,0
40303,1,1,0,0,0,0,0,6,0,0,0,0
40303,2,1,0,0,0,0,0,0,0,0,0,0
40304,0,1,10,25,11,17,33,12,0,26,40,10
40304,1,1,0,0,0,0,0,0,0,11,0,0
40305,1,1,0,0,0,6,0,0,0,0,0,0
40306,1,1,0,0,0,0,0,0,0,0,0,0
40307,1,1,27,27,27,27,27,27,27,27,27,27
40307,2,1,18,18,18,18,18,18,18,18,18,18
40308,1,1,0,0,0,0,0,0,0,0,0,0
40308,2,1,0,0,0,0,0,0,0,0,0,0
40309,0,1,0,0,0,0,0,0,0,0,0,0
40309,1,1,0,0,0,0,0,0,0,0,0,0
40310,1,1,7,0,17,0,0,7,9,0,16,0
40311,1,1,0,0,0,0,0,0,0,0,0,0
40312,1,1,0,0,0,0,22,0,0,0,0,0
40312,2,1,0,0,0,0,0,0,0,0,0,0
40313,1,1,9,15,18,22,7,25,0,19,10,15
40314,1,1,0,0,0,0,0,0,0,0,0,0
40315,0,1,0,0,0,0,0,0,0,0,0,0
40315,0,2,11,11,11,11,11,11,11,11,11,11
40315,1,1,0,25,0,0,23,0,0,0,0,0
40315,2,1,0,0,0,0,0,0,0,0,0,0
40315,3,1,0,0,0,0,0,0,0,0,0,0
40316,1,1,0,0,0,0,0,0,0,0,0,0
40316,2,1,0,0,0,0,0,0,0,0,0,0
40316,3,1,0,0,12,0,0,0,0,0,0,0
40317,1,1,0,0,0,0,0,0,0,0,0,0
40317,2,1,0,0,0,0,0,0,0,0,0,0
40318,1,1,0,0,0,11,0,7,0,0,0,0
40319,0,1,0,0,0,0,0,0,0,0,0,0
40319,1,1,0,0,0,0,0,0,0,0,0,0
40320,1,1,0,0,0,0,0,0,0,0,0,0
40320,2,1,0,0,0,0,0,0,0,0,0,0
40321,1,1,25,8,3,0,0,6,0,11,0,29
40321,2,1,0,0,0,0,0,0,0,0,0,0
40322,1,1,0,0,0,0,0,0,0,0,0,0
40322,2,1,0,0,0,16,0,0,0,0,0,0
40323,0,1,0,0,0,0,0,0,0,0,0,0
40323,1,1,0,23,0,0,0,0,0,0,0,13
40324,1,1,0,15,0,0,0,0,35,0,0,0
40324,2,1,0,0,0,0,0,0,0,0,0,0
40325,1,1,0,0,0,0,0,0,0,0,0,0
40326,1,1,0,0,0,0,0,0,0,0,0,0
40326,2,1,0,0,0,0,0,0,0,0,0,0
40327,0,1,0,0,0,0,0,0,0,0,0,0
40327,1,1,0,0,0,17,2,0,0,0,0,0
40328,1,1,0,0,0,0,0,0,0,3,23,0
40329,1,1,13,13,13,13,13,13,13,13,13,13
40330,1,1,0,22,23,0,36,0,0,0,0,0
40330,2,1,0,0,0,0,0,0,0,0,0,0
40331,1,1,6,6,6,6,6,6,6,6,6,6
40331,2,1,0,0,0,0,0,0,0,0,0,0
40332,1,1,0,0,0,0,0,0,0,0,0,0
40333,1,1,0,0,0,0,0,0,0,0,9,0
40334,1,1,15,15,15,15,15,15,15,15,15,15
40335,1,1,0,0,0,0,0,0,0,0,0,0
40335,2,1,0,0,0,0,0,0,0,0,0,0
40336,1,1,20,20,20,20,20,20,20,20,20,20
40337,1,1,0,0,0,25,26,0,0,0,38,0
40338,1,1,0,12,0,0,0,0,0,0,0,0
40339,0,1,0,0,0,0,0,0,0,0,0,0
40339,1,1,0,0,0,0,0,0,0,0,0,0
40340,1,1,0,0,0,0,0,0,0,0,0,0
40340,2,1,0,0,0,0,0,0,0,0,0,0
40340,3,1,0,0,0,0,0,0,0,0,0,0
40340,4,1,0,0,0,0,0,0,0,0,0,0
40340,5,1,0,25,0,0,0,0,0,0,0,0
40340,6,1,0,0,0,0,0,0,0,7,0,0
40341,0,1,21,21,21,21,21,21,21,21,21,21
40341,1,1,0,0,0,0,0,0,0,0,0,0
40342,0,1,2,2,2,2,2,2,2,2,2,2
40342,1,1,0,0,0,0,0,0,0,0,0,0
40343,0,1,0,0,0,0,0,0,0,0,0,0
40343,1,1,0,2,0,0,0,0,0,7,0,0
40344,0,1,22,22,22,22,22,22,22,22,22,22
40344,1,1,0,12,7,0,0,25,0,0,1,0
40345,0,1,20,20,20,20,20,20,20,20,20,20
40345,1,1,0,0,11,5,17,0,14,0,16,12
40346,1,1,0,0,0,0,0,0,0,0,0,0
40346,2,1,0,0,0,0,0,0,0,0,0,0
40346,3,1,0,0,0,0,0,0,0,0,0,0
40347,1,1,0,0,0,0,0,0,0,0,0,0
40348,1,1,0,0,0,0,0,0,0,0,0,0
40348,2,1,0,0,0,0,0,0,0,0,0,0
40348,3,1,0,0,0,0,0,10,0,0,0,0
40349,1,1,0,0,0,0,0,0,0,0,0,0
40350,0,1,0,0,0,0,0,0,0,0,0,0
40350,1,1,0,0,0,0,0,0,0,0,0,0
40350,2,1,0,0,0,0,0,0,0,0,0,0
40351,0,1,0,0,0,0,0,0,0,0,0,0
40351,1,1,0,0,0,0,0,0,0,0,0,0
40352,0,1,0,0,0,0,0,0,0,0,0,0
40352,1,1,0,0,0,0,0,0,0,0,0,0
40353,0,1,0,0,0,0,0,0,0,0,0,0
40353,1,1,0,0,0,0,0,0,0,0,0,0
40354,1,1,0,0,0,0,0,0,0,0,0,0
40354,2,1,22,0,21,0,7,13,32,0,23,0
40355,1,1,0,0,0,0,0,0,0,0,0,0
40356,0,1,0,0,0,0,0,0,0,0,0,0
40356,1,1,0,0,10,0,0,0,0,0,0,5
40357,1,1,0,0,0,0,0,0,0,0,0,0
40357,2,1,0,0,0,0,0,0,0,0,0,0
40358,1,1,0,0,0,0,0,0,0,0,0,0
40358,2,1,0,0,0,0,0,0,0,0,0,0
40359,0,1,30,30,30,30,30,30,30,30,30,30
40359,1,1,0,0,0,0,0,22,0,0,0,0
40360,0,1,0,0,0,0,0,0,0,0,0,0
40360,1,1,0,0,0,0,0,0,0,0,0,0
40361,1,1,0,0,0,0,0,0,0,0,0,0
40361,2,1,0,3,0,0,0,0,0,0,0,0
40362,1,1,0,0,0,0,0,0,0,0,0,0
40362,2,1,0,0,0,0,0,0,0,0,0,0
40363,1,1,0,0,0,0,0,0,0,0,0,0
40363,2,1,0,0,0,0,0,19,0,0,0,0
40363,3,1,0,0,0,0,0,0,0,0,0,0
40364,1,1,0,0,0,0,0,0,0,0,0,0
40364,2,1,0,0,0,0,0,0,0,0,0,0
40365,1,1,0,4,0,20,0,0,7,0,11,0
40366,0,1,20,20,20,20,20,20,20,20,20,20
40366,1,1,0,0,0,0,0,0,0,0,0,0
40367,1,1,0,0,0,0,0,0,0,0,0,0
40367,2,1,0,0,0,0,0,0,0,0,0,0
40367,3,1,0,0,0,0,0,27,0,0,0,0
40368,0,1,0,0,0,0,0,0,0,0,0,0
40368,1,1,0,0,0,0,0,0,21,0,0,0
40369,1,1,0,0,0,0,0,0,0,0,0,0
40369,2,1,0,0,0,0,0,0,0,0,0,0
40370,1,1,0,0,0,0,0,0,0,0,0,0
40370,2,1,0,0,0,0,0,0,0,0,0,0
40371,1,1,4,4,4,4,4,4,4,4,4,4
40372,0,1,23,23,23,23,23,23,23,23,23,23
40372,1,1,12,12,12,12,12,12,12,12,12,12
40373,1,1,0,0,0,0,0,0,0,0,0,0
40373,2,1,0,0,0,0,0,0,0,0,0,0
40373,3,1,0,0,10,0,0,0,28,0,0,0
40373,4,1,0,0,0,0,0,0,0,0,0,0
40374,1,1,31,31,31,31,31,31,31,31,31,31
40374,2,1,0,0,0,0,0,0,0,0,0,0
40375,1,1,0,0,0,0,0,0,0,0,0,0
40375,2,1,0,0,0,0,0,0,0,0,0,0
40376,1,1,12,12,12,12,12,12,12,12,12,12
40377,1,1,0,0,0,0,0,0,0,0,0,0
40378,1,1,0,0,0,0,0,0,0,0,0,0
40379,1,1,0,0,0,0,0,0,0,0,0,0
40379,2,1,0,0,0,0,0,0,9,0,0,0
40379,3,1,0,0,0,0,0,0,0,0,0,0
40380,1,1,26,26,26,26,26,26,26,26,26,26
40380,2,1,0,0,0,0,0,0,0,0,0,0
40381,1,1,0,0,0,0,0,0,0,0,0,0
40381,2,1,0,0,0,0,0,0,0,0,0,0
40381,3,1,0,0,0,0,0,0,0,0,0,0
40381,4,1,0,0,0,0,0,0,0,0,0,0
40382,1,1,9,9,9,9,9,9,9,9,9,9
40383,1,1,0,0,0,0,0,0,0,0,0,0
40384,1,1,0,18,0,0,0,0,0,0,0,0
40384,2,1,0,0,0,0,0,0,0,0,0,0
40385,1,1,0,0,0,0,0,0,0,0,0,0
40385,2,1,0,0,0,11,0,0,0,0,0,0
40385,3,1,0,20,0,31,0,0,0,0,0,0
40385,4,1,0,0,0,0,0,0,0,0,0,0
40385,5,1,0,0,0,0,0,0,0,0,0,0
40385,6,1,0,0,0,0,0,0,0,0,0,0
40385,7,1,0,0,0,0,0,0,0,0,0,0
40385,8,1,0,0,0,0,0,0,0,0,0,0
40386,1,1,0,0,0,0,0,0,0,0,0,0
40386,2,1,0,18,0,0,0,0,0,19,0,0
40387,0,1,24,24,24,24,24,24,24,24,24,24
40387,1,1,0,0,0,0,0,0,0,0,0,0
40389,0,1,8,8,8,8,8,8,8,8,8,8
40389,1,1,0,14,0,0,0,0,0,0,25,0
40390,1,1,0,0,0,0,0,0,0,0,0,0
40390,2,1,0,0,0,0,0,0,0,0,0,0
40390,3,1,0,0,0,0,0,0,0,0,0,0
40391,1,1,0,0,0,0,0,0,0,0,0,0
40392,1,1,0,0,0,0,0,0,0,0,0,0
40393,0,1,0,0,0,0,0,0,0,0,0,0
40393,1,1,0,37,0,0,0,0,0,0,6,0
40394,1,1,0,0,0,0,0,0,0,0,0,0
40394,2,1,0,0,0,0,0,0,0,0,0,0
40395,1,1,0,0,0,0,0,0,0,0,0,0
40396,1,1,0,0,0,0,0,0,0,0,0,0
40396,2,1,0,0,0,0,15,0,0,0,0,0
40396,3,1,0,0,0,0,0,0,0,0,0,0
40396,4,1,0,0,0,0,0,0,0,0,0,0
40396,5,1,0,0,0,0,0,0,0,0,0,0
40396,6,1,0,0,0,0,0,0,0,0,0,0
40396,7,1,0,0,0,0,0,0,0,0,0,0
40397,1,1,15,15,15,15,15,15,15,15,15,15
40398,1,1,0,0,0,0,0,0,0,0,0,0
40398,2,1,0,0,0,0,0,0,0,0,0,0
40399,1,1,0,0,0,0,0,0,0,0,0,0
40399,2,1,0,0,0,0,0,0,0,0,22,0
40400,1,1,0,0,0,0,0,0,0,0,0,0
40400,2,1,0,0,0,0,0,0,0,0,0,0
40401,1,1,0,0,0,0,0,0,0,0,0,0
40401,2,1,0,0,0,0,0,0,0,0,0,0
40402,1,1,5,5,5,5,5,5,5,5,5,5
40402,2,1,0,0,0,0,0,0,0,0,0,0
40402,3,1,0,0,0,0,0,0,0,0,0,0
40403,1,1,9,34,10,28,14,18,34,4,17,20
40404,0,1,0,0,0,0,0,0,0,0,0,0
40404,1,1,0,0,0,0,0,0,0,0,0,0
40405,1,1,2,7,0,15,16,23,5,9,10,10
40406,0,1,15,15,15,15,15,15,15,15,15,15
40406,1,1,0,0,0,0,0,0,0,0,0,0
40407,1,1,0,0,0,0,0,0,0,0,0,0
40407,2,1,0,0,0,0,0,0,0,0,0,0
40407,3,1,0,0,0,0,0,0,0,0,0,0
40408,1,1,0,0,0,0,0,0,0,0,0,0
40408,2,1,0,0,0,0,0,0,0,0,0,0
40409,0,1,15,15,15,15,15,15,15,15,15,15
40409,1,1,0,0,0,0,16,15,0,0,0,0
40410,1,1,28,28,28,28,28,28,28,28,28,28
40411,1,1,17,17,17,17,17,17,17,17,17,17
40412,1,1,25,25,25,25,25,25,25,25,25,25
40413,1,1,0,0,0,0,0,0,0,0,0,0
40413,2,1,0,0,0,0,0,0,0,0,0,0
40414,0,1,0,0,0,0,0,0,0,0,0,0
40414,1,1,0,0,0,0,0,0,0,0,0,0
40415,1,1,0,0,0,0,0,0,0,0,0,0
40415,2,1,0,0,0,0,0,0,0,0,0,0
40415,3,1,0,0,0,0,0,0,0,0,0,0
40415,4,1,0,0,0,0,0,0,25,0,0,0
40416,1,1,17,12,7,9,17,5,9,16,11,18
40417,1,1,0,0,0,0,0,0,0,0,0,0
40417,2,1,0,0,0,0,0,0,4,0,0,0
40418,1,1,12,12,12,12,12,12,12,12,12,12
40419,1,1,11,11,11,11,11,11,11,11,11,11
40419,2,1,0,0,0,0,0,0,0,0,0,0
40419,3,1,0,0,0,0,0,0,0,0,0,0
40420,1,1,0,0,0,0,0,0,0,0,0,0
40420,2,1,0,0,0,0,0,0,0,0,0,0
40421,0,1,0,0,34,0,0,13,0,26,8,23
40421,1,1,0,5,0,0,0,0,0,0,0,0
40422,0,1,32,0,31,0,0,0,0,0,0,14
40422,1,1,0,0,0,0,0,0,0,0,0,0
40423,1,1,0,0,0,0,0,0,0,0,0,0
40423,2,1,0,0,0,0,0,0,0,0,0,0
40424,1,1,0,8,0,0,8,0,0,0,14,0
40424,2,1,0,0,0,0,0,0,0,0,0,0
40425,1,1,0,0,0,0,0,0,0,0,0,0
40426,1,1,0,0,0,0,0,0,0,0,0,0
40426,2,1,0,0,0,0,0,0,0,0,0,0
40427,1,1,0,0,0,0,31,0,0,0,0,0
40427,2,1,0,0,0,0,0,0,0,0,0,0
40428,1,1,22,22,22,22,22,22,22,22,22,22
40428,2,1,17,17,17,17,17,17,17,17,17,17
40429,0,1,36,47,24,19,7,7,6,8,23,28
40429,1,1,0,0,0,0,0,0,0,0,23,0
40430,1,1,0,0,0,0,0,0,0,0,0,0
40431,1,1,0,0,0,0,0,0,0,0,0,0
40432,1,1,18,18,18,18,18,18,18,18,18,18
40433,1,1,0,0,0,0,0,0,0,0,0,0
40434,1,1,15,28,25,37,17,13,0,7,15,15
40434,2,1,0,0,0,0,0,0,0,32,6,9
40434,3,1,0,0,0,0,0,12,0,0,0,0
40435,1,1,0,0,0,0,0,0,0,0,0,0
40436,1,1,0,21,0,0,0,0,0,0,0,0
40437,0,1,0,0,0,0,0,0,0,0,0,0
40437,1,1,0,9,0,0,0,0,0,0,0,0
40438,1,1,0,0,0,0,0,0,0,0,0,0
40439,1,1,0,0,0,0,0,0,0,0,0,0
40439,2,1,0,0,0,0,0,0,0,0,0,0
40440,1,1,15,15,15,15,15,15,15,15,15,15
40440,2,1,0,0,0,0,0,0,0,0,0,0
40441,1,1,0,0,0,0,0,0,11,0,0,18
40441,2,1,7,0,0,7,17,0,0,12,2,0
40442,1,1,0,0,0,0,0,0,0,0,0,0
40443,1,1,0,0,0,0,0,0,0,0,0,0
40444,1,1,0,0,0,0,0,0,0,0,0,0
40444,2,1,0,0,0,0,0,0,0,0,0,0
40445,1,1,0,0,0,0,0,0,0,0,0,0
40445,2,1,0,0,0,0,0,0,0,0,0,0
40446,0,1,0,0,0,0,0,0,0,0,0,0
40446,1,1,0,0,0,0,0,0,0,0,0,0
40447,1,1,0,0,0,0,0,0,0,0,0,0
40448,1,1,25,25,25,25,25,25,25,25,25,25
40449,1,1,5,5,5,5,5,5,5,5,5,5
40449,2,1,0,0,0,7,0,0,0,0,0,0
40450,1,1,1,1,1,1,1,1,1,1,1,1
40451,1,1,9,9,10,5,11,6,25,0,12,8
40452,1,1,0,0,0,0,0,17,0,19,11,0
40453,1,1,0,0,0,0,0,0,0,0,0,0
40453,2,1,0,0,0,0,0,0,0,0,0,0
40454,1,1,16,0,11,8,7,0,0,0,0,0
40455,1,1,0,0,0,0,0,2,0,0,0,0
40456,1,1,0,0,0,0,0,0,0,0,0,0
40456,2,1,0,0,0,0,0,0,0,0,0,0
40458,1,1,0,0,0,0,0,0,0,0,0,0
40459,1,1,2,2,2,2,2,2,2,2,2,2
40460,1,1,0,0,0,0,0,0,21,0,0,0
40460,2,1,0,0,0,0,0,0,0,0,0,0
40461,0,1,17,17,17,17,17,17,17,17,17,17
40461,1,1,0,0,0,0,0,0,0,0,0,0
40462,1,1,38,38,38,38,38,38,38,38,38,38
40463,1,1,12,12,12,12,12,12,12,12,12,12
40465,1,1,0,0,0,0,0,0,0,0,0,0
40465,2,1,0,0,0,0,0,0,0,0,0,0
40466,1,1,0,0,0,0,0,0,0,0,0,0
40466,2,1,6,6,8,21,23,31,15,34,9,11
40467,1,1,8,13,15,36,12,11,25,40,9,13
40468,1,1,0,0,3,7,0,29,0,0,0,17
40469,0,1,0,0,0,0,0,0,0,0,0,0
40469,1,1,0,0,0,0,17,0,0,6,0,0
40470,1,2,0,23,0,0,0,0,0,0,8,0
40471,1,1,0,0,0,0,0,4,15,0,23,0
40473,0,1,0,0,0,0,0,0,0,0,0,16
40473,1,1,12,12,12,12,12,12,12,12,12,12
40474,1,1,0,0,0,0,0,0,0,0,0,0
40475,1,1,0,0,0,0,0,0,0,0,0,0
40476,1,1,0,0,0,0,0,0,0,0,0,0
40477,1,1,14,14,14,14,14,14,14,14,14,14
40477,2,1,0,0,0,0,0,0,0,0,0,0
40478,0,1,0,0,0,0,0,0,0,0,0,0
40478,1,1,0,0,0,0,0,0,0,0,0,0
40479,1,1,0,0,0,0,0,0,0,0,0,0
40480,1,1,17,17,17,17,17,17,17,17,17,17
40481,2,1,0,0,19,0,5,0,0,0,0,0
40482,1,1,21,0,17,36,0,0,9,17,0,0
40483,1,1,21,21,21,21,21,21,21,21,21,21
40484,1,1,0,0,30,13,5,0,15,6,0,0
40485,1,1,0,0,0,0,0,0,0,0,0,0
40485,2,1,0,0,0,0,0,0,0,0,0,0
40486,0,1,0,0,0,0,0,0,0,0,0,0
40486,1,1,0,0,0,0,0,0,0,0,0,0
40487,1,1,0,12,0,0,24,23,0,0,0,0
40488,1,1,0,0,0,0,0,0,0,0,0,0
40488,2,1,0,0,0,0,0,0,0,0,0,0
40489,0,1,0,0,0,0,0,0,0,0,0,0
40489,1,1,0,0,25,0,0,27,0,8,0,17
40490,1,1,0,0,0,0,0,16,0,0,0,0
40490,2,1,0,0,0,0,0,0,0,0,0,0
40491,1,1,32,0,0,0,36,10,0,19,12,14
40491,2,1,0,0,0,0,0,0,0,0,0,0
40491,3,1,0,0,0,0,0,0,0,0,0,0
40492,1,1,0,0,16,0,0,0,0,0,0,0
40492,2,1,0,0,0,0,0,0,0,0,0,0
40493,1,1,0,0,0,0,0,0,0,0,0,0
40493,2,1,0,0,0,0,0,0,0,0,0,0
40494,1,1,5,0,29,0,2,0,0,0,0,0
40495,1,1,0,0,0,0,0,0,15,0,0,0
40496,1,1,0,0,0,0,0,0,0,0,0,0
40496,2,1,0,0,0,0,0,0,0,0,0,0
40497,1,1,6,6,6,6,6,6,6,6,6,6
40498,0,1,32,32,32,32,32,32,32,32,32,32
40498,1,1,0,0,0,0,0,0,0,0,0,0
40499,1,1,0,0,0,0,0,0,0,0,0,0
40499,2,1,0,0,0,0,0,0,0,0,0,0
40500,1,1,0,0,0,0,0,0,0,0,0,0
40500,2,1,0,0,0,0,0,0,0,0,0,0
40500,3,1,20,0,0,0,0,17,0,24,0,0
40501,0,1,0,0,0,0,0,0,0,0,0,0
40501,1,1,31,31,31,31,31,31,31,31,31,31
40502,1,1,0,0,0,0,0,0,0,0,0,0
40503,1,1,0,0,0,0,0,0,0,0,0,0
40504,1,1,0,23,0,16,13,16,0,0,0,0
40505,1,1,0,0,0,0,0,0,0,0,0,0
40506,1,1,0,0,0,0,0,0,0,0,0,0
40506,2,1,0,0,0,0,0,0,0,0,0,0
40506,3,1,0,0,0,0,0,0,0,0,0,0
40507,1,1,13,14,0,0,11,0,4,0,0,0
40508,1,1,0,0,0,0,0,0,0,0,0,0
40508,2,1,0,0,0,0,0,0,0,0,0,0
40508,3,1,0,0,0,0,0,0,0,0,0,0
40508,4,1,0,0,0,0,0,0,0,0,28,0
40509,1,1,13,13,13,13,13,13,13,13,13,13
40510,1,1,0,0,0,0,0,0,0,0,0,0
40510,2,1,0,0,0,0,11,0,0,0,0,0
40510,3,1,0,0,0,0,0,0,0,0,0,0
40511,1,1,0,0,0,0,0,0,0,11,16,0
40512,1,1,0,0,0,0,0,0,0,0,0,0
40512,2,1,0,0,0,0,0,0,0,0,0,0
40513,1,1,2,5,34,30,3,26,15,28,20,25
40513,2,1,0,0,0,0,0,0,0,0,0,0
40514,1,1,9,0,0,0,20,0,0,0,24,0
40515,1,1,0,0,0,0,0,0,0,0,0,0
40515,2,1,1,1,1,1,1,1,1,1,1,1
40516,1,1,0,0,0,0,0,0,0,0,0,0
40516,2,1,0,0,0,0,0,0,0,0,0,0
40516,3,1,0,0,0,0,0,0,0,0,0,0
40517,1,1,0,0,0,0,0,0,14,0,0,0
40517,2,1,0,0,0,0,0,0,0,0,0,0
40518,0,1,35,35,35,35,35,35,35,35,35,35
40518,1,1,0,10,0,0,0,0,0,0,0,0
40519,1,1,0,0,0,0,0,0,0,0,0,0
40519,2,1,29,29,29,29,29,29,29,29,29,29
40520,1,1,0,0,0,0,0,0,0,0,0,0
40520,2,1,0,0,0,0,0,0,0,0,0,0
40521,1,1,13,13,13,13,13,13,13,13,13,13
40521,2,1,0,0,0,0,0,0,16,0,0,0
40522,1,1,0,0,0,0,0,0,0,0,0,0
40523,1,1,10,13,14,0,0,8,0,10,25,0
40524,1,1,20,20,20,20,20,20,20,20,20,20
40525,1,1,21,21,21,21,21,21,21,21,21,21
40526,1,1,0,0,0,0,0,0,0,0,0,0
40526,2,1,0,0,0,0,0,0,0,14,0,0
40527,0,1,0,0,0,0,0,0,0,0,0,0
40527,1,1,0,3,16,4,0,0,8,0,0,0
40528,1,1,0,0,0,0,0,0,0,0,0,0
40528,2,1,0,0,0,0,0,0,0,0,0,0
40529,1,1,21,21,21,21,21,21,21,21,21,21
40530,1,1,0,0,0,0,0,0,0,0,0,0
40530,2,1,0,0,0,0,0,0,0,0,0,0
40530,3,1,0,0,0,0,0,0,0,0,0,0
40530,4,1,0,0,0,0,0,0,0,0,0,0
40530,5,1,0,0,0,0,0,0,0,4,0,0
40530,6,1,0,0,0,0,11,0,0,0,0,0
40530,7,1,0,0,0,0,0,0,0,0,0,12
40531,0,1,0,0,0,0,0,0,0,0,0,0
40531,1,1,19,0,0,0,0,0,0,0,0,0
40532,1,1,6,0,5,0,0,17,30,19,28,4
40533,0,1,14,0,0,16,16,0,6,9,0,0
40533,1,1,0,0,0,0,0,0,0,0,0,0
40534,1,2,16,0,0,19,0,0,0,0,0,0
40535,1,1,10,0,0,0,0,0,0,0,0,0
40535,2,1,0,0,0,0,0,0,0,0,0,0
40536,1,2,0,0,0,0,0,0,0,0,6,0
40537,1,1,0,0,0,0,0,0,0,0,0,0
40538,1,1,23,2,8,0,4,29,10,41,0,0
40539,1,1,3,3,3,3,3,3,3,3,3,3
40540,1,1,0,0,0,0,0,0,0,0,0,0
40541,1,1,17,17,17,17,17,17,17,17,17,17
40542,1,1,0,0,0,0,0,0,0,0,0,0
40542,2,1,10,10,10,10,10,10,10,10,10,10
40542,3,1,0,0,0,0,30,9,0,0,0,0
40542,4,1,0,0,0,0,0,0,0,0,0,15
40542,5,1,0,0,0,0,0,0,0,0,27,0
40542,6,1,0,0,0,0,0,0,0,20,0,0
40542,7,1,0,0,0,0,0,0,0,0,0,0
40543,0,1,0,0,0,0,0,0,0,0,0,0
40543,1,1,23,0,0,0,0,0,9,31,0,0
40544,1,1,0,0,0,0,0,0,0,0,0,0
40544,2,1,0,0,0,0,0,0,0,0,5,0
40545,1,1,0,0,0,0,0,0,0,0,18,0
40546,0,1,1,1,1,1,1,1,1,1,1,1
40546,1,1,0,0,0,0,0,18,0,0,11,11
40546,2,1,0,0,0,0,0,0,0,21,0,0
40547,1,1,0,0,0,0,0,0,0,0,0,0
40547,2,1,0,0,0,0,0,0,0,0,0,0
40547,3,1,0,0,0,0,0,0,0,0,0,0
40547,4,1,0,0,0,0,0,0,0,22,0,0
40547,5,1,0,0,0,0,0,0,0,0,0,0
40548,1,1,0,0,0,0,0,0,0,9,0,0
40549,1,1,0,0,0,0,0,0,0,0,0,0
40550,1,1,29,29,29,29,29,29,29,29,29,29
40551,1,1,0,0,0,0,0,0,0,0,0,0
40551,2,1,0,0,0,0,0,0,0,0,0,0
40552,1,1,0,0,0,0,0,0,0,0,0,0
40552,2,1,0,0,0,0,0,0,0,0,0,0
40553,0,1,42,42,42,42,42,42,42,42,42,42
40553,1,1,0,0,0,0,0,0,0,0,0,0
40554,1,1,33,5,0,16,31,51,17,15,22,14
40555,1,1,0,0,0,0,0,0,0,0,0,0
40556,0,1,0,0,0,0,0,0,0,0,0,0
40556,1,1,0,0,0,0,0,0,0,0,0,0
40557,1,1,22,22,22,22,22,22,22,22,22,22
40557,2,1,0,0,0,0,0,0,0,10,0,0
40558,1,1,4,4,4,4,4,4,4,4,4,4
40559,1,1,12,13,6,6,12,37,29,12,20,10
40560,0,1,2,2,2,2,2,2,2,2,2,2
40560,1,1,13,9,0,0,0,10,0,0,0,8
40561,1,1,25,25,25,25,25,25,25,25,25,25
40561,2,1,0,0,0,0,0,0,0,0,0,0
40562,1,1,0,0,0,0,0,0,0,0,0,0
40562,2,1,0,0,0,0,0,0,0,0,0,0
40562,3,1,0,0,0,0,0,0,0,0,0,0
40562,4,1,0,0,0,0,0,0,0,0,0,0
40563,1,1,0,0,0,0,0,0,0,0,0,0
40563,2,1,0,0,0,0,0,0,0,0,0,0
40563,3,1,0,0,0,0,0,0,0,0,0,0
40564,1,1,0,0,0,0,0,0,0,0,0,0
40564,2,1,0,4,0,0,0,0,0,0,0,15
40565,0,1,2,2,2,2,2,2,2,2,2,2
40565,1,1,0,0,0,0,0,0,0,0,0,0
40566,1,1,0,0,0,0,0,0,0,0,0,0
40567,1,1,35,0,0,0,0,0,0,0,0,0
40567,2,1,0,0,0,0,0,0,0,0,0,0
40568,1,1,18,18,18,18,18,18,18,18,18,18
40569,0,1,0,0,0,0,0,0,0,0,0,0
40569,1,1,0,0,0,0,0,0,0,0,0,0
40570,1,1,0,0,0,0,0,0,0,0,0,0
40571,1,1,0,0,0,0,0,0,0,0,0,0
40572,1,1,0,0,0,0,0,0,0,0,0,0
40572,2,1,0,0,0,0,0,0,0,0,0,0
40573,1,1,0,0,0,0,0,0,0,0,0,0
40574,0,1,0,0,0,13,54,0,0,0,0,0
40574,1,1,14,0,3,0,0,0,0,0,0,0
40575,1,1,24,24,24,24,24,24,24,24,24,24
40575,2,1,0,0,20,11,0,0,0,4,0,0
40576,1,1,7,7,7,7,7,7,7,7,7,7
40577,1,1,37,16,14,0,0,0,2,7,0,11
40578,1,1,26,26,26,26,26,26,26,26,26,26
40578,2,1,33,0,0,0,0,0,0,0,0,0
40578,3,1,0,0,0,0,0,0,0,3,0,0
40579,1,1,22,8,22,0,0,0,0,0,31,0
40580,0,1,12,12,12,12,12,12,12,12,12,12
40580,1,1,0,0,0,0,0,0,0,0,0,0
40581,1,1,0,14,0,0,0,0,0,0,0,0
40581,2,1,13,13,13,13,13,13,13,13,13,13
40581,3,1,10,0,0,12,0,0,17,19,14,16
40582,1,1,0,0,0,0,0,0,0,0,0,0
40582,2,1,0,0,0,0,0,0,0,0,0,0
40583,0,1,0,0,0,0,0,0,0,0,0,0
40583,1,1,0,0,0,0,0,0,0,0,0,0
40584,1,1,0,0,0,0,0,0,0,0,0,0
40585,0,1,11,11,11,11,11,11,11,11,11,11
40585,1,1,0,0,17,0,0,0,0,10,0,0
40585,2,1,0,0,0,0,0,0,0,0,0,0
40585,3,1,0,0,0,0,0,0,0,0,0,0
40586,0,1,0,0,0,0,0,0,0,0,0,0
40586,1,1,0,0,21,14,0,0,0,0,0,0
40587,0,1,0,15,0,0,0,23,0,0,0,26
40587,1,1,0,0,0,0,0,0,0,16,0,0
40588,1,1,0,0,0,0,0,0,0,0,0,0
40588,2,1,0,0,0,0,0,0,0,0,0,0
40588,3,1,0,0,0,0,0,0,0,0,0,0