ST_CASE,VEH_NO,PER_NO,P1,P2,P3,P4,P5,P6,P7,P8,P9,P10
40589,1,1,0,0,0,0,0,0,0,0,16,0
40589,2,1,0,0,0,0,0,0,0,0,0,0
40590,0,1,29,29,29,29,29,29,29,29,29,29
40590,1,1,0,0,0,0,0,0,0,0,0,0
40591,0,1,21,21,21,21,21,21,21,21,21,21
40591,1,1,0,0,0,0,0,0,0,0,0,0
40592,1,1,0,0,0,0,0,0,0,0,0,0
40593,1,1,0,0,0,24,0,0,21,0,16,0
40594,1,1,0,0,0,0,0,0,0,0,0,0
40595,1,1,0,0,0,0,18,29,0,0,38,0
40595,2,1,0,0,0,0,0,0,0,0,0,0
40596,1,1,0,0,0,0,0,0,0,0,0,0
40597,0,1,0,0,0,0,0,0,0,0,0,0
40597,0,2,0,0,3,0,0,0,0,0,0,0
40597,0,3,0,0,21,0,0,0,6,0,17,0
40597,1,1,11,11,11,11,11,11,11,11,11,11
40598,1,1,0,0,0,0,0,0,0,0,0,0
40598,2,1,0,0,0,0,0,0,0,0,0,0
40598,3,1,0,0,0,0,0,0,0,17,0,0
40599,1,1,0,0,0,0,0,0,0,0,0,0
40599,2,1,0,0,0,0,0,0,0,0,0,0
40600,1,1,0,0,0,0,0,0,0,0,0,0
40600,2,1,0,0,0,0,0,0,0,0,0,0
40601,1,1,0,0,0,0,0,15,0,0,0,0
40601,2,1,6,0,0,0,0,8,0,22,0,0
40602,1,1,0,11,13,0,0,0,0,0,0,0
40602,2,1,0,0,0,0,0,0,0,0,0,0
40603,0,1,21,21,21,21,21,21,21,21,21,21
40603,1,1,0,18,0,0,0,0,0,0,19,0
40604,1,1,0,0,0,0,0,0,0,0,0,0
40605,1,1,0,0,0,0,0,0,0,0,0,0
40605,2,1,0,0,0,0,0,0,0,0,0,18
40605,3,1,0,0,13,0,0,0,0,0,0,0
40606,1,2,14,36,16,4,26,31,3,11,10,0
40608,0,1,0,0,0,0,0,0,0,0,0,0
40608,1,1,0,0,0,0,0,0,7,0,0,0
40609,0,1,32,32,32,32,32,32,32,32,32,32
40609,1,1,0,0,0,6,0,0,0,0,0,0
40610,1,1,0,0,0,0,0,0,0,0,0,0
40611,0,1,36,36,36,36,36,36,36,36,36,36
40611,1,1,0,0,0,13,0,8,0,0,0,0
40612,1,1,0,0,0,17,21,0,0,0,0,33
40612,2,1,0,0,0,0,0,0,0,0,0,0
40613,1,1,0,0,0,0,0,0,0,0,0,0
40613,2,1,11,11,11,11,11,11,11,11,11,11
40614,0,1,0,0,0,0,0,0,0,0,0,0
40614,1,1,16,16,16,16,16,16,16,16,16,16
40615,0,1,0,34,0,0,6,9,0,0,0,0
40615,1,1,0,0,8,0,0,0,0,0,0,11
40616,1,1,14,14,14,14,14,14,14,14,14,14
40616,2,1,0,0,0,0,0,0,0,0,0,0
40617,0,1,0,0,0,0,0,0,0,0,0,0
40617,1,1,0,0,0,0,0,0,0,0,0,0
40617,2,1,0,0,0,0,0,0,0,0,0,0
40618,1,1,0,0,0,13,0,0,0,0,0,25
40618,2,1,0,0,0,0,0,0,0,0,0,0
40619,1,1,20,20,20,20,20,20,20,20,20,20
40620,0,1,12,12,12,12,12,12,12,12,12,12
40620,1,1,0,0,0,0,0,0,0,0,0,0
40621,0,1,0,0,0,0,0,0,0,0,0,0
40621,1,1,2,2,2,2,2,2,2,2,2,2
40622,1,1,0,0,0,0,0,0,0,0,0,0
40623,1,1,27,36,10,13,11,13,21,14,7,19
40624,1,1,0,0,0,0,0,0,0,0,0,0
40624,2,1,0,0,0,0,0,0,0,0,0,0
40624,3,1,0,0,0,0,0,0,0,0,0,0
40625,1,2,7,1,28,0,0,23,22,9,29,20
40626,1,1,0,0,0,0,0,0,0,0,0,0
40627,1,1,0,0,0,0,0,0,0,0,0,0
40628,0,1,0,0,0,0,0,0,0,0,0,0
40628,1,1,0,0,0,0,25,0,0,0,0,0
40629,1,2,0,20,7,8,7,22,18,21,14,0
40630,1,1,0,11,0,0,35,10,7,6,0,0
40631,0,1,17,17,17,17,17,17,17,17,17,17
40631,1,1,0,0,0,0,0,0,0,0,0,0
40632,1,2,0,17,0,0,0,0,0,0,0,0
40633,1,1,0,13,0,0,19,0,0,13,6,0
40634,1,1,0,0,0,0,0,0,0,0,0,0
40634,2,1,0,0,0,0,0,0,0,0,0,0
40635,1,1,21,21,21,21,21,21,21,21,21,21
40635,2,1,0,0,0,0,0,0,0,0,0,0
40636,1,1,0,0,12,0,0,0,0,0,0,0
40636,2,1,0,0,0,0,0,0,0,0,0,0
40637,1,1,0,0,0,0,0,0,0,0,0,0
40638,1,1,0,0,0,0,0,0,0,0,0,0
40638,2,1,0,0,15,0,5,0,0,0,0,16
40639,1,1,0,0,0,0,0,0,0,0,0,0
40639,2,1,0,0,0,0,0,0,0,0,0,0
40640,0,1,0,30,0,11,0,0,25,13,0,31
40640,1,1,0,0,0,0,0,0,0,0,0,0
40641,0,1,17,17,17,17,17,17,17,17,17,17
40641,1,1,0,0,0,0,0,0,13,0,0,0
40642,1,1,0,0,0,0,0,0,0,0,0,0
40643,0,1,0,0,0,0,0,0,0,0,0,0
40643,1,1,0,0,0,0,0,0,0,0,0,0
40644,0,1,24,24,24,24,24,24,24,24,24,24
40644,1,1,0,0,0,0,0,0,0,0,0,0
40645,0,1,0,0,0,0,0,0,0,0,0,0
40645,1,1,0,0,0,0,0,0,0,0,0,0
40646,0,1,0,0,0,0,0,0,0,0,0,0
40646,1,1,0,0,0,0,0,0,0,0,0,0
40648,1,1,0,0,9,14,33,11,0,0,0,31
40648,2,1,0,16,0,0,0,0,11,0,0,26
40649,1,1,0,0,0,0,0,0,16,0,0,0
40649,2,1,0,0,0,0,0,0,0,0,0,0
40650,1,1,5,5,5,5,5,5,5,5,5,5
40650,2,1,0,0,0,0,0,0,0,0,0,0
40651,1,1,0,0,0,0,0,0,0,0,0,0
40651,2,1,0,0,0,0,0,0,0,0,0,0
40651,3,1,0,18,0,0,0,0,0,0,0,0
40652,0,1,0,0,0,0,0,0,0,0,0,0
40652,1,1,0,0,0,0,0,0,0,0,0,0
40653,1,1,0,0,0,0,0,0,0,0,0,0
40653,2,1,0,0,0,0,0,0,0,0,0,0
40654,0,1,4,4,4,4,4,4,4,4,4,4
40654,1,1,0,0,8,0,0,0,0,0,11,0
40656,1,1,7,11,7,7,5,9,4,19,11,5
40656,2,1,0,0,0,0,0,0,0,0,0,0
40657,1,1,0,0,0,0,0,0,0,0,0,0
40657,2,1,0,0,0,0,0,0,0,0,0,0
40658,1,1,0,0,0,0,0,0,0,0,0,0
40659,1,1,0,0,0,0,0,0,0,0,0,0
40660,1,1,0,0,0,0,0,0,0,0,0,0
40660,2,1,0,0,0,0,0,0,0,0,0,0
40661,0,1,9,9,9,9,9,9,9,9,9,9
40661,1,1,0,0,0,0,0,0,0,0,0,0
40662,1,1,0,18,0,0,42,0,0,3,8,0
40662,2,1,0,0,0,0,0,20,0,0,0,0
40663,1,1,0,0,0,0,0,0,0,0,0,0
40663,2,1,0,0,17,0,0,0,0,0,0,24
40664,1,1,0,0,0,0,0,0,0,0,0,0
40665,1,1,0,0,0,11,0,0,0,0,0,0
40666,1,1,0,0,27,0,0,0,15,0,0,0
40666,2,1,0,0,0,0,0,0,0,0,0,0
40667,1,1,0,27,30,0,31,22,0,0,0,21
40668,1,1,0,0,0,0,0,0,0,0,0,0
40669,1,1,0,0,0,0,0,0,0,0,0,0
40670,1,1,0,0,0,0,0,11,0,0,0,0
40671,1,1,14,0,0,0,0,0,17,0,0,0
40671,2,1,0,0,0,0,0,0,0,0,0,0
40672,0,1,7,7,7,7,7,7,7,7,7,7
40672,1,1,0,0,0,0,0,0,0,0,0,0
40673,1,1,0,0,0,0,0,0,0,0,15,0
40673,2,1,0,0,0,0,0,0,0,0,0,0
40673,3,1,0,0,0,0,0,0,0,0,0,0
40674,1,1,0,0,0,0,0,0,0,0,0,0
40674,2,1,0,0,0,0,0,0,0,0,14,0
40674,3,1,0,0,0,0,0,10,0,0,0,0
40675,1,1,16,9,16,11,10,6,10,16,11,8
40676,1,1,0,0,0,0,0,0,0,0,0,0
40676,2,1,0,0,0,0,0,0,0,0,0,0
40677,1,1,12,12,12,12,12,12,12,12,12,12
40678,1,1,0,0,0,0,0,0,0,0,0,0
40679,1,1,32,32,32,32,32,32,32,32,32,32
40680,1,1,0,0,0,0,0,0,0,0,0,0
40681,1,1,0,0,0,0,0,0,0,0,0,0
40681,2,1,0,0,0,0,0,0,0,0,0,0
40681,3,1,0,0,0,0,0,0,0,0,0,0
40682,1,1,19,19,19,19,19,19,19,19,19,19
40682,2,1,0,0,0,0,0,0,0,0,0,0
40683,1,1,9,9,9,9,9,9,9,9,9,9
40683,2,1,0,0,0,0,0,0,0,0,0,0
40683,3,1,0,0,0,0,0,0,0,0,0,0
40683,4,1,0,0,0,0,0,0,0,0,0,0
40684,1,1,16,16,16,16,16,16,16,16,16,16
40684,2,1,0,0,0,0,0,0,0,0,0,0
40685,1,1,0,0,0,0,0,0,0,0,0,0
40686,1,1,10,10,10,10,10,10,10,10,10,10
40687,1,1,7,7,7,7,7,7,7,7,7,7
40688,1,1,0,0,0,0,0,0,0,23,0,0
40688,2,1,0,0,0,0,0,0,0,0,0,0
40689,1,1,0,0,0,0,0,0,0,0,0,0
40689,2,1,0,0,0,0,0,0,0,0,0,0
40690,0,1,18,25,14,27,11,0,11,28,29,9
40690,1,1,0,0,0,0,0,0,0,0,0,0
40691,1,1,0,0,0,0,0,0,0,0,0,0
40692,1,1,0,0,0,0,0,0,0,0,0,0
40692,2,1,0,0,0,0,0,0,0,0,0,0
40693,1,1,0,0,0,0,0,0,0,0,0,0
40693,2,1,0,0,0,0,0,0,0,0,0,0
40694,1,1,0,0,0,0,0,0,0,0,0,0
40695,0,1,27,0,24,0,0,0,0,9,7,0
40695,0,2,0,0,0,0,28,0,12,10,0,0
40695,0,3,0,0,0,0,0,0,0,0,0,0
40695,1,1,19,19,19,19,19,19,19,19,19,19
40696,1,1,0,0,0,0,0,0,0,0,0,0
40696,2,1,0,0,0,0,0,0,0,0,0,0
40696,3,1,0,0,0,0,0,0,0,0,0,0
40697,1,1,0,30,0,0,0,16,0,0,0,0
40697,2,1,0,27,0,0,0,0,0,0,0,0
40698,1,1,10,10,10,10,10,10,10,10,10,10
40698,2,1,0,0,0,0,0,0,0,0,0,0
40699,1,1,7,21,17,16,13,5,12,8,12,21
40699,2,1,0,0,15,0,0,12,0,0,0,0
40700,0,1,0,0,0,0,0,0,0,0,0,0
40700,0,2,0,0,0,0,0,0,0,0,0,0
40700,1,1,0,0,0,0,0,0,0,0,0,28
40701,1,1,0,0,0,0,0,0,0,0,0,0
40702,1,1,0,0,0,0,0,0,0,0,0,0
40702,2,1,0,0,0,0,0,0,0,0,0,0
40703,1,1,0,0,0,0,0,0,0,0,0,0
40703,2,1,10,10,10,10,10,10,10,10,10,10
40704,1,1,10,10,10,10,10,10,10,10,10,10
40705,0,1,0,0,0,12,22,7,20,10,0,40
40705,1,1,12,0,0,2,0,0,0,0,0,0
40706,1,1,0,0,0,0,11,0,0,0,0,0
40707,1,1,0,0,0,0,29,0,0,0,6,0
40707,2,1,0,0,0,0,0,0,0,0,0,0
40708,1,1,29,29,29,29,29,29,29,29,29,29
40708,2,1,3,3,3,3,3,3,3,3,3,3
40709,1,1,0,0,0,0,0,0,0,0,0,0
40710,0,1,0,0,16,0,0,4,0,0,0,0
40710,2,1,0,0,0,0,0,0,0,0,0,0
40711,0,1,0,0,0,0,0,0,0,0,0,0
40711,1,1,0,0,0,0,0,0,0,0,0,0
40711,2,1,0,0,0,0,0,0,0,0,0,0
40712,1,1,0,0,0,0,0,0,0,0,0,0
40713,1,1,0,0,0,0,0,0,0,0,0,0
40713,2,1,15,0,0,0,0,0,0,0,0,0
40714,1,1,0,0,0,0,0,0,0,0,0,0
40714,2,1,0,24,0,0,0,0,0,0,0,0
40714,3,1,0,0,0,0,0,0,0,0,0,0
40715,0,1,0,0,18,0,24,0,0,0,0,0
40715,1,1,0,0,0,0,0,0,0,0,0,0
40716,1,1,0,0,0,0,0,0,0,0,0,0
40716,2,1,0,0,0,0,0,0,0,0,0,0
40716,3,1,0,0,0,0,0,0,0,0,0,0
40717,0,1,0,0,0,0,0,0,0,0,0,0
40717,1,1,0,0,0,0,0,0,0,0,0,0
40718,1,1,0,0,0,0,0,0,0,0,0,0
40718,2,1,0,0,0,0,0,0,0,0,0,0
40719,0,1,0,0,0,0,0,0,0,0,0,0
40719,1,1,0,0,0,0,0,0,0,21,0,14
40720,1,1,0,0,0,0,0,0,0,0,0,0
40720,2,1,0,0,0,0,0,0,0,0,0,0
40721,1,1,0,0,0,0,0,0,0,0,0,0
40722,1,1,6,6,6,6,6,6,6,6,6,6
40723,0,1,0,0,0,0,0,0,0,0,0,0
40723,1,1,0,0,0,0,11,9,0,0,0,0
40724,0,1,0,0,0,0,0,0,0,0,0,0
40724,1,1,14,0,0,0,0,0,0,0,0,0
40725,1,1,2,2,2,2,2,2,2,2,2,2
40725,2,1,0,0,0,0,0,0,0,0,0,0
40726,1,1,0,0,12,11,13,22,7,30,11,0
40727,1,1,0,0,0,0,0,0,0,0,0,0
40728,0,1,31,31,31,31,31,31,31,31,31,31
40728,1,1,0,0,0,0,0,0,0,0,0,0
40729,1,1,0,0,0,0,0,0,0,8,0,0
40730,1,1,12,11,24,17,16,11,0,6,0,15
40731,0,1,0,0,0,0,0,0,0,0,0,0
40731,1,1,0,0,0,0,0,0,0,0,0,0
40731,2,1,0,0,0,0,0,0,0,0,0,0
40732,0,1,31,0,0,0,0,0,0,0,29,0
40732,1,1,0,0,0,0,0,0,0,0,0,0
40732,2,1,0,0,0,0,0,4,0,0,0,0
40733,1,1,0,28,22,0,0,22,0,15,0,25
40734,1,1,17,32,0,15,0,0,0,0,23,11
40735,1,1,0,0,0,0,0,0,0,0,0,0
40735,2,1,0,0,0,0,0,0,0,0,0,0
40735,3,1,0,0,0,0,0,0,0,0,0,0
40735,4,1,0,0,0,0,0,0,0,0,0,0
40736,0,1,20,20,20,20,20,20,20,20,20,20
40736,1,1,0,0,0,0,0,0,0,0,0,0
40737,1,1,0,0,0,0,0,0,0,0,0,0
40737,2,1,0,0,0,0,0,0,0,0,0,0
40738,1,1,0,0,0,0,0,0,0,0,0,0
40739,0,1,6,6,13,8,17,17,40,26,15,12
40739,1,1,0,0,9,0,0,0,0,0,0,0
40740,1,1,17,17,17,17,17,17,17,17,17,17
40740,2,1,0,0,0,0,0,0,0,0,0,0
40741,0,1,24,24,24,24,24,24,24,24,24,24
40741,1,1,8,0,0,0,0,0,0,0,0,0
40742,1,1,0,0,0,0,0,0,0,0,0,0
40742,2,1,0,0,0,0,0,0,0,0,0,0
40743,1,1,0,0,0,0,0,0,0,0,0,0
40744,1,1,0,0,0,0,0,0,0,0,0,0
40744,2,1,0,0,0,0,0,0,0,0,0,0
40744,3,1,0,0,0,0,0,0,0,0,0,0
40744,4,1,0,0,0,0,0,0,0,0,0,0
40744,5,1,0,0,0,0,0,0,0,0,0,0
40744,6,1,0,0,0,0,0,0,0,0,0,0
40744,7,1,0,0,0,0,0,0,9,0,0,0
40745,1,1,0,0,0,0,0,0,0,0,0,0
40745,2,1,0,0,0,0,0,0,22,0,0,0
40745,3,1,0,0,0,0,0,0,0,0,0,0
40745,4,1,0,0,0,0,0,0,0,0,0,0
40746,1,1,0,0,0,0,0,0,0,0,0,0
40747,1,1,0,0,0,0,0,0,0,0,0,0
40747,2,1,0,0,0,0,0,0,0,13,0,0
40748,1,1,0,0,0,0,0,0,0,0,0,0
40748,2,1,0,0,0,0,0,0,0,0,0,0
40749,0,1,0,0,0,0,0,0,0,0,0,0
40749,1,1,0,19,0,0,0,0,0,0,0,0
40750,2,1,4,4,4,4,4,4,4,4,4,4
40751,1,1,4,2,0,0,0,0,0,0,9,0
40752,0,1,0,0,0,0,0,0,0,0,0,0
40752,1,1,0,12,0,0,0,0,0,0,16,0
40753,0,1,36,36,36,36,36,36,36,36,36,36
40753,1,1,0,0,0,0,0,0,0,0,0,0
40754,0,1,3,3,3,3,3,3,3,3,3,3
40754,1,1,0,0,0,0,0,0,0,0,0,0
40754,2,1,0,0,0,25,0,10,0,0,0,0
40755,1,1,10,10,10,10,10,10,10,10,10,10
40755,2,1,0,0,0,0,0,0,0,0,0,0
40756,1,1,12,12,12,12,12,12,12,12,12,12
40756,2,1,0,0,0,0,0,0,0,0,0,0
40756,3,1,0,0,0,0,0,0,0,0,0,0
40757,0,1,9,9,9,9,9,9,9,9,9,9
40757,1,1,0,0,0,0,0,0,0,0,0,0
40758,1,2,0,0,0,0,0,0,0,0,0,0
40759,0,1,0,0,0,19,0,0,18,26,0,8
40759,1,1,0,0,0,0,0,0,0,0,0,15
40760,0,1,36,36,36,36,36,36,36,36,36,36
40760,1,1,0,18,5,22,0,0,0,35,15,0
40761,1,1,11,11,11,11,11,11,11,11,11,11
40761,2,1,0,0,0,0,0,0,0,0,0,0
40762,1,1,0,0,0,0,0,0,0,0,0,0
40762,2,1,0,0,0,0,0,0,0,0,0,0
40763,1,1,0,0,0,0,0,0,0,0,0,0
40763,2,1,0,0,0,0,0,0,0,0,0,0
40763,3,1,0,0,24,0,0,0,0,0,0,0
40764,1,1,14,0,15,0,0,0,0,0,0,0
40764,2,1,0,0,0,0,0,0,0,0,0,0
40765,0,1,0,0,0,0,0,0,0,0,0,0
40765,1,1,5,5,5,5,5,5,5,5,5,5
40766,1,1,0,0,0,0,0,0,0,0,0,0
40766,2,1,0,0,0,0,0,0,0,0,0,0
40766,3,1,0,0,0,0,0,0,0,0,0,0
40766,4,1,0,0,0,0,0,0,0,0,0,0
40767,1,1,16,15,9,16,11,23,33,26,23,0
40767,2,1,24,28,31,13,19,20,7,19,11,15
40768,1,1,0,0,0,0,0,0,0,0,0,0
40769,1,1,0,0,0,0,0,0,0,0,0,0
40770,0,1,10,19,12,20,12,14,13,6,24,4
40770,1,1,0,0,0,0,0,5,0,0,0,0
40771,1,1,0,0,0,0,0,0,0,0,0,0
40772,1,1,0,0,0,0,0,0,0,0,0,0
40772,2,1,13,13,13,13,13,13,13,13,13,13
40773,0,1,21,21,21,21,21,21,21,21,21,21
40773,1,1,0,0,0,0,0,0,0,0,0,0
40774,1,1,27,27,27,27,27,27,27,27,27,27
40774,2,1,0,0,0,0,0,0,0,0,0,0
40774,3,1,0,0,0,0,0,0,19,0,0,0
40775,1,1,0,0,0,0,0,0,0,0,0,0
40775,2,1,0,0,0,0,0,0,0,0,30,0
40776,1,1,13,13,13,13,13,13,13,13,13,13
40777,1,2,0,0,0,0,0,0,0,0,0,0
40778,1,1,20,0,7,15,0,0,17,0,30,9
40779,0,1,0,0,0,0,0,0,0,0,0,0
40779,1,1,0,0,0,0,17,0,0,0,0,0
40780,0,1,0,0,0,0,0,0,0,0,0,0
40780,1,1,0,0,0,0,0,0,0,0,0,23
40781,1,1,0,0,0,0,0,0,0,0,0,0
40781,2,1,0,0,0,0,0,0,0,0,0,0
40782,0,1,0,0,0,0,0,0,0,0,0,0
40782,0,2,0,0,0,0,0,0,0,0,16,0
40782,1,1,0,0,0,0,0,0,0,0,0,0
40783,1,1,0,0,0,0,0,0,0,0,0,0
40783,2,1,0,0,0,0,0,0,0,0,0,0
40783,3,1,0,0,0,0,0,0,0,0,0,0
40784,1,1,0,0,0,0,0,0,0,0,0,0
40784,2,1,0,0,0,0,0,0,0,0,0,0
40785,1,1,0,0,0,0,0,0,0,0,17,0
40785,2,1,0,0,0,0,0,0,0,0,0,0
40786,0,1,0,0,0,23,27,0,0,21,0,0
40786,1,1,0,0,0,0,0,0,0,0,0,0
40787,0,1,0,0,0,0,0,0,0,0,0,0
40787,1,1,0,0,40,0,0,0,0,0,0,0
40788,1,1,0,0,0,0,0,0,0,23,0,0
40788,2,1,0,0,0,0,0,0,0,0,0,0
40789,0,1,33,33,33,33,33,33,33,33,33,33
40789,1,1,0,0,0,0,0,0,0,0,0,0
40790,0,1,38,38,38,38,38,38,38,38,38,38
40790,1,1,0,0,0,0,0,0,0,0,0,0
40791,1,1,0,0,0,0,0,0,0,0,0,0
40791,2,1,0,0,0,0,0,0,0,0,0,0
40792,0,1,0,0,0,0,0,0,0,0,0,0
40792,0,2,0,0,0,0,0,0,0,0,0,0
40792,0,3,0,0,0,0,0,0,0,0,0,0
40792,1,1,7,0,0,0,0,0,0,0,0,0
40793,1,1,9,9,9,9,9,9,9,9,9,9
40793,2,1,0,0,5,0,0,0,0,23,0,0
40794,1,1,20,20,20,20,20,20,20,20,20,20
40794,2,1,0,0,0,0,0,0,0,0,0,0
40795,1,1,0,0,0,0,0,0,0,0,0,0
40795,2,1,0,0,0,0,0,0,0,0,0,0
40796,0,1,0,0,0,0,0,0,0,0,0,0
40796,1,1,0,0,0,0,0,0,0,0,0,0
40797,1,1,0,0,0,0,0,0,0,0,0,0
40798,0,1,20,20,20,20,20,20,20,20,20,20
40798,1,1,0,0,0,0,0,0,0,0,0,0
40799,1,1,0,0,0,0,0,0,0,0,0,0
40799,2,1,0,0,0,0,0,0,0,0,0,0
40800,1,1,0,0,0,0,0,0,0,0,0,0
40801,0,1,0,0,0,0,0,0,0,0,0,0
40801,0,2,0,0,0,0,0,0,0,0,0,0
40801,1,1,0,0,0,0,0,0,0,0,0,0
40802,0,1,0,0,0,0,0,0,0,0,0,0
40802,1,1,0,0,14,0,0,0,0,0,0,0
40803,0,1,33,8,11,6,0,0,2,0,23,0
40803,1,1,0,0,0,0,0,0,0,0,0,0
40804,1,1,0,0,19,0,7,0,0,0,0,0
40804,2,1,0,0,0,0,0,0,0,0,0,0
40805,1,1,0,0,0,0,0,0,0,0,0,0
40806,0,1,25,25,25,25,25,25,25,25,25,25
40806,1,1,0,0,0,0,0,0,17,0,0,0
40807,0,1,25,25,25,25,25,25,25,25,25,25
40807,1,1,0,0,0,0,0,0,0,0,0,0
40808,1,1,0,0,0,0,0,0,0,0,0,0
40808,2,1,0,0,0,11,0,0,0,0,0,0
40809,0,1,0,0,0,0,0,0,0,0,0,0
40809,1,1,0,0,0,0,0,0,0,0,0,0
40810,1,1,0,0,0,0,14,0,0,0,0,0
40810,2,1,0,0,0,0,0,0,0,0,0,0
40811,1,1,0,0,0,0,0,0,0,0,0,0
40811,2,1,5,5,5,5,5,5,5,5,5,5
40812,1,1,0,0,0,0,0,0,0,0,0,0
40813,1,1,12,0,0,0,0,0,0,0,0,0
40813,2,1,0,12,0,0,0,0,0,0,0,0
40813,3,1,0,0,13,0,0,0,0,0,0,0
40813,4,1,0,0,0,0,0,0,0,0,0,0
40814,1,1,0,5,0,11,0,0,0,23,0,19
40814,2,1,6,0,0,8,10,0,0,18,24,10
40815,1,1,0,0,0,0,0,0,0,0,0,0
40816,0,1,0,36,0,22,0,0,0,0,0,0
40816,1,1,0,0,0,0,0,0,0,0,0,0
40817,1,1,4,4,4,4,4,4,4,4,4,4
40817,2,1,0,0,0,0,0,0,0,0,0,0
40818,0,1,0,11,53,0,19,0,17,40,27,0
40818,1,1,0,0,0,0,0,0,0,0,0,0
40819,0,1,0,0,0,0,0,0,0,0,0,0
40819,1,1,0,0,0,0,0,0,0,0,0,0
40820,1,1,26,26,26,26,26,26,26,26,26,26
40821,0,1,0,19,0,0,0,0,0,0,0,0
40821,1,1,0,0,0,0,0,0,0,0,0,0
40822,1,1,23,23,23,23,23,23,23,23,23,23
40823,1,1,0,0,13,0,0,0,0,0,19,0
40824,0,1,0,0,0,0,0,0,0,0,0,0
40824,1,1,0,0,0,0,0,0,0,0,0,0
40825,1,1,0,0,0,0,0,0,0,0,0,0
40825,2,1,0,0,0,0,0,0,0,0,0,0
40826,1,1,0,0,0,0,0,0,0,0,0,0
40827,1,1,0,0,0,0,0,0,0,0,0,0
40828,1,1,7,7,7,7,7,7,7,7,7,7
40828,2,1,0,0,0,0,0,0,0,0,0,0
40829,1,1,0,0,0,0,0,0,0,0,0,0
40829,2,1,0,0,0,0,0,0,0,0,0,0
40830,1,1,0,29,27,0,25,0,0,29,0,0
40831,1,1,0,0,0,0,0,0,0,0,0,0
40831,2,1,0,0,0,0,0,0,0,0,0,0
40832,1,1,33,12,0,0,0,0,0,20,0,23
40832,2,1,2,13,0,5,0,16,0,0,0,0
40833,1,1,0,0,0,0,0,0,0,0,0,0
40834,1,1,0,0,0,0,0,0,0,14,0,0
40834,2,1,0,0,0,0,0,0,0,0,0,0
40835,0,1,0,30,0,0,0,13,0,0,22,0
40835,1,1,14,0,0,0,12,0,0,0,0,0
40836,1,1,0,0,0,0,0,0,0,0,0,0
40836,2,1,0,0,0,0,0,0,0,0,0,0
40837,1,1,22,22,22,22,22,22,22,22,22,22
40838,1,1,0,0,0,0,0,0,0,0,0,0
40840,2,3,0,0,0,0,0,0,0,0,0,0
40841,1,2,0,0,13,7,0,0,0,0,0,12
40842,1,1,7,0,0,0,0,0,0,0,0,0
40843,1,1,0,0,0,0,0,0,0,0,0,0
40844,0,1,0,0,0,0,0,0,0,0,0,0
40844,1,1,0,0,0,0,0,0,35,0,8,0
40845,1,1,0,0,0,0,0,0,0,0,0,0
40845,2,1,0,9,0,0,0,0,0,0,0,0
40846,1,1,0,0,0,0,0,0,0,0,0,0
40846,2,1,0,0,0,0,0,0,0,0,0,0
40848,1,1,0,0,0,0,0,0,0,0,0,0
40848,2,1,0,0,0,0,0,0,0,0,0,0
40849,1,1,16,16,16,16,16,16,16,16,16,16
40850,0,1,0,0,0,0,0,0,0,0,0,0
40850,1,1,0,0,0,0,0,0,20,0,0,0
40851,0,1,13,0,0,6,16,0,0,23,0,0
40851,1,1,0,0,25,0,0,0,0,0,0,0
40852,1,1,10,10,10,10,10,10,10,10,10,10
40853,1,1,4,4,4,4,4,4,4,4,4,4
40854,0,1,0,0,0,0,0,0,0,0,0,0
40854,1,1,0,0,0,0,0,0,0,0,0,0
40855,1,1,0,0,0,0,0,0,0,0,0,0
40855,2,1,26,26,26,26,26,26,26,26,26,26
40855,3,1,0,0,0,0,0,0,0,0,0,0
40856,0,1,0,0,0,0,0,0,0,0,0,0
40856,1,1,0,0,0,0,0,0,0,0,0,0
40857,1,1,0,0,0,15,0,0,0,0,0,0
40857,2,1,0,0,18,0,0,0,0,0,0,19
40858,1,1,12,7,3,12,6,23,12,12,7,15
40858,2,1,0,0,0,0,0,0,0,0,0,0
40859,0,1,0,0,0,0,0,0,0,0,0,0
40859,1,1,0,0,0,0,0,0,0,29,0,0
40860,0,1,0,0,0,0,0,0,18,0,0,0
40860,1,1,0,0,0,0,0,0,0,0,0,0
40861,1,1,13,0,0,0,0,0,0,0,0,24
40861,2,1,0,0,0,0,0,0,0,0,0,0
40862,1,1,0,0,0,0,0,0,0,0,0,0
40862,2,1,0,0,0,0,0,0,0,0,0,0
40862,3,1,0,0,0,0,0,0,0,0,0,0
40863,1,1,0,0,0,0,0,0,0,0,0,0
40864,1,1,9,9,9,9,9,9,9,9,9,9
40865,1,1,29,0,0,0,0,0,18,0,0,0
40865,2,1,0,0,0,0,0,0,0,0,0,0
40866,1,1,0,0,0,0,0,0,0,0,0,0
40866,2,1,0,0,0,0,0,0,0,0,0,0
40867,0,1,15,15,15,15,15,15,15,15,15,15
40867,1,1,0,0,0,0,0,0,0,0,0,0
40867,2,1,0,0,0,0,0,0,0,0,0,0
40868,0,1,35,0,20,0,0,23,0,0,22,14
40868,1,1,0,0,0,0,0,0,0,0,0,0
40870,1,1,16,16,16,16,16,16,16,16,16,16
40870,2,1,0,0,0,0,0,0,0,0,16,0
40871,0,1,0,0,0,0,0,0,0,0,0,0
40871,1,1,0,0,0,0,0,0,0,0,0,0
40872,1,1,0,0,0,0,0,0,0,0,0,0
40873,1,1,32,32,32,32,32,32,32,32,32,32
40874,1,1,0,0,0,0,0,0,0,0,12,0
40874,2,1,0,0,0,0,0,0,0,0,0,0
40875,1,2,0,14,28,9,6,0,0,14,22,30
40876,0,1,8,8,15,6,17,14,12,31,33,8
40876,1,1,0,0,0,0,0,0,0,0,0,0
40877,1,1,0,0,0,0,0,0,0,0,0,0
40877,2,1,0,0,0,0,0,0,0,0,0,0
40878,1,1,0,0,0,0,0,0,0,0,0,0
40878,2,1,0,0,0,0,0,0,0,0,0,0
40879,0,1,27,27,27,27,27,27,27,27,27,27
40879,1,1,0,0,0,0,0,0,0,0,0,0
40880,1,1,32,32,32,32,32,32,32,32,32,32
50001,1,1,15,15,15,15,15,15,15,15,15,15
50002,0,1,0,0,0,0,0,0,0,0,0,0