ST_CASE,VEH_NO,PER_NO,P1,P2,P3,P4,P5,P6,P7,P8,P9,P10
50002,1,1,0,0,0,0,0,0,0,0,0,0
50003,1,1,0,0,14,0,0,0,0,0,0,0
50004,1,1,0,0,0,0,0,0,0,0,0,0
50004,2,1,0,0,0,0,0,0,0,0,0,0
50005,1,1,0,0,0,0,0,0,0,0,0,0
50005,2,1,16,16,16,16,16,16,16,16,16,16
50006,1,1,0,0,0,0,0,0,0,0,0,0
50007,1,1,0,0,0,0,0,0,0,0,0,0
50007,2,1,0,0,0,0,0,0,0,0,0,0
50008,1,1,0,0,0,0,0,0,0,0,0,0
50009,0,1,0,45,0,0,0,23,0,0,10,2
50009,1,1,0,0,0,0,0,0,0,0,0,0
50010,1,1,0,0,0,0,0,0,0,0,0,0
50010,2,1,0,0,0,0,0,0,0,0,6,0
50011,0,1,6,6,6,6,6,6,6,6,6,6
50011,1,1,0,0,0,0,0,0,0,0,0,0
50012,1,1,0,0,0,0,0,0,0,0,0,0
50013,1,1,0,0,0,0,0,0,0,0,0,0
50013,2,1,0,0,0,0,0,0,0,0,0,0
50013,3,1,0,0,0,0,0,0,0,0,0,0
50014,1,1,0,0,0,0,0,0,0,0,0,0
50014,2,1,9,0,0,0,0,0,19,0,0,0
50014,3,1,9,0,0,0,0,0,0,7,0,0
50015,0,1,22,22,22,22,22,22,22,22,22,22
50015,1,1,0,0,0,0,0,0,0,0,0,0
50016,1,1,0,0,0,0,0,0,0,0,0,0
50016,2,1,0,0,0,0,0,0,0,0,0,0
50017,1,1,22,22,22,22,22,22,22,22,22,22
50018,1,1,0,0,0,0,0,0,0,0,0,0
50019,1,1,20,20,20,20,20,20,20,20,20,20
50020,1,1,0,0,0,0,0,0,0,0,0,0
50021,1,1,0,0,0,0,0,0,0,0,0,0
50021,2,1,0,0,0,0,0,0,0,0,0,0
50022,1,1,0,0,0,0,0,0,0,0,0,0
50023,1,1,0,0,0,0,0,0,0,0,0,0
50024,1,1,0,0,0,0,0,0,0,0,0,0
50024,2,1,0,0,0,0,22,0,0,13,0,18
50025,1,1,0,0,0,0,0,0,0,0,0,0
50025,2,1,18,0,24,10,9,0,0,7,0,0
50026,1,1,0,0,0,0,0,0,0,0,0,0
50027,1,1,22,22,22,22,22,22,22,22,22,22
50028,1,1,21,21,21,21,21,21,21,21,21,21
50029,1,1,0,0,0,0,0,0,0,0,0,0
50029,2,1,0,0,0,0,0,0,0,0,0,0
50030,1,1,14,14,14,14,14,14,14,14,14,14
50031,1,1,0,31,24,21,0,0,14,0,0,0
50031,2,1,0,0,0,0,0,0,0,0,0,0
50031,3,1,0,0,0,0,0,0,0,0,0,0
50032,1,1,21,21,21,21,21,21,21,21,21,21
50033,0,1,23,23,23,23,23,23,23,23,23,23
50033,1,1,0,0,9,5,0,0,0,0,0,0
50034,0,1,0,0,20,6,0,0,0,0,0,0
50034,1,1,0,0,0,0,0,0,0,0,0,0
50035,1,1,0,0,0,0,0,0,0,0,0,0
50035,2,1,0,0,0,0,0,0,0,0,0,0
50036,1,1,2,2,2,2,2,2,2,2,2,2
50036,2,1,0,0,0,0,0,0,0,0,0,0
50036,3,1,0,0,0,0,0,0,0,0,0,0
50037,1,1,0,0,0,0,0,0,0,0,0,0
50037,2,1,17,0,0,0,0,0,0,0,0,0
50038,1,1,0,0,0,0,0,0,0,0,0,0
50038,2,1,0,0,0,0,0,0,0,0,0,0
50039,0,1,21,21,21,21,21,21,21,21,21,21
50039,1,1,0,0,0,0,0,0,0,0,0,0
50040,1,1,0,0,0,0,0,0,0,0,0,0
50041,1,1,27,27,27,27,27,27,27,27,27,27
50042,1,1,0,0,0,0,0,0,0,0,0,0
50043,1,1,0,0,0,0,0,0,0,0,0,0
50043,2,1,0,0,0,0,0,0,0,0,0,0
50044,1,1,11,0,0,4,12,0,7,23,10,15
50045,1,1,12,12,12,12,12,12,12,12,12,12
50045,2,1,0,0,0,0,0,0,6,0,0,0
50045,3,1,0,0,0,0,0,0,0,0,0,0
50046,1,1,0,0,0,0,0,0,0,0,0,0
50047,1,1,0,0,0,0,0,0,0,0,0,0
50047,2,1,0,0,0,0,0,0,0,0,0,0
50048,1,1,0,0,0,0,0,0,0,0,0,0
50049,1,1,0,0,0,14,0,0,0,0,0,0
50050,1,1,0,0,0,0,0,0,0,0,0,0
50050,2,1,7,7,7,7,7,7,7,7,7,7
50051,1,1,20,20,20,20,20,20,20,20,20,20
50052,1,1,0,0,0,0,0,0,0,0,0,0
50053,1,1,26,26,26,26,26,26,26,26,26,26
50054,1,1,0,0,0,0,0,0,0,0,0,0
50055,1,1,0,0,0,0,0,0,0,0,0,0
50055,2,1,28,0,0,0,0,0,0,6,0,0
50055,3,1,0,0,0,0,0,0,0,0,0,0
50055,4,1,0,0,0,0,0,0,0,0,0,0
50056,1,1,0,0,0,0,0,0,0,0,0,0
50056,2,1,0,0,0,0,0,0,0,0,0,0
50057,1,1,0,0,0,0,0,0,0,0,0,0
50057,2,1,0,0,0,0,0,0,0,0,0,0
50058,1,1,0,0,0,0,0,0,0,0,0,0
50058,2,1,0,0,0,0,0,0,0,0,0,0
50059,1,1,0,0,0,0,0,0,0,0,0,0
50060,1,1,0,0,0,0,0,0,0,0,0,0
50060,2,1,0,0,0,0,0,0,0,0,0,0
50061,1,1,0,0,0,0,0,0,0,0,0,0
50061,2,1,0,0,0,0,0,0,0,0,0,0
50062,1,1,0,0,0,0,0,0,0,0,0,0
50063,1,1,19,19,19,19,19,19,19,19,19,19
50064,1,1,0,19,19,0,16,16,0,5,0,0
50065,1,1,18,18,18,18,18,18,18,18,18,18
50065,2,1,18,0,0,0,17,20,14,18,0,0
50066,0,1,0,0,0,0,0,0,0,0,0,0
50066,1,1,0,0,0,0,0,0,0,0,0,0
50068,1,1,0,0,18,0,15,0,0,0,0,0
50069,1,1,0,0,0,0,0,0,0,0,0,0
50070,1,1,0,0,0,0,0,0,0,0,0,0
50071,1,1,16,16,16,16,16,16,16,16,16,16
50072,1,1,0,0,0,0,0,0,0,0,0,0
50073,1,1,8,8,8,8,8,8,8,8,8,8
50073,2,1,0,0,0,0,0,0,0,0,0,0
50074,1,1,0,0,0,0,0,0,0,0,0,0
50075,1,1,0,0,0,0,0,24,0,22,0,0
50075,2,1,0,0,0,0,0,0,0,0,0,0
50076,1,1,1,1,1,1,1,1,1,1,1,1
50077,1,1,0,0,0,0,0,0,0,0,0,0
50078,0,1,0,0,0,0,22,0,0,15,0,22
50078,1,1,0,0,0,0,0,0,0,0,0,0
50079,1,1,1,1,1,1,1,1,1,1,1,1
50080,1,1,0,0,0,0,0,0,0,6,0,0
50080,2,1,0,0,0,0,0,0,0,35,0,0
50081,1,1,15,15,15,15,15,15,15,15,15,15
50082,1,1,14,14,14,14,14,14,14,14,14,14
50083,1,1,0,0,0,0,0,0,0,0,0,0
50083,2,1,0,0,0,0,0,0,0,0,0,0
50083,3,1,21,21,21,21,21,21,21,21,21,21
50084,1,1,10,10,10,10,10,10,10,10,10,10
50084,2,1,10,10,10,10,10,10,10,10,10,10
50085,1,1,0,0,0,0,0,0,0,0,0,0
50086,0,1,0,0,0,0,0,0,0,0,0,0
50086,1,1,0,0,0,0,0,0,0,0,0,0
50086,2,1,0,0,11,0,42,0,0,0,0,23
50087,1,1,0,0,0,0,0,0,0,0,0,0
50088,1,1,0,13,0,10,0,0,0,0,0,0
50088,2,1,0,0,0,0,0,0,0,0,0,0
50089,0,1,24,24,24,24,24,24,24,24,24,24
50089,1,1,0,0,0,0,0,0,0,0,0,0
50090,1,1,0,0,0,0,0,0,0,0,0,0
50090,2,1,4,0,30,0,0,0,0,0,0,0
50091,1,1,0,0,0,0,0,0,0,0,0,0
50092,1,1,0,0,0,0,0,0,0,0,0,0
50093,1,1,0,0,0,0,0,0,0,0,0,0
50094,1,1,0,0,0,0,0,0,0,0,0,0
50094,2,1,0,0,0,0,0,0,0,0,0,0
50095,1,1,21,21,21,21,21,21,21,21,21,21
50096,1,1,0,0,0,0,0,0,0,0,0,0
50096,2,1,0,0,0,0,0,0,0,0,0,0
50097,1,1,0,0,0,0,0,0,0,0,0,0
50097,2,1,6,6,6,6,6,6,6,6,6,6
50098,1,1,17,17,17,17,17,17,17,17,17,17
50099,1,1,22,22,22,22,22,22,22,22,22,22
50100,1,1,0,0,0,19,0,0,0,0,0,12
50100,2,1,0,0,0,0,0,0,0,0,0,0
50101,1,1,14,5,12,27,14,11,9,9,18,29
50102,1,1,0,13,14,6,9,0,21,9,17,27
50102,2,1,0,0,0,10,0,0,0,11,0,0
50103,1,1,0,0,0,0,0,0,0,0,0,0
50103,2,1,0,0,0,0,0,0,0,0,0,0
50103,3,1,0,0,0,0,0,0,0,0,0,0
50104,1,1,0,0,0,0,0,0,0,0,0,0
50105,1,1,0,0,0,0,0,0,0,0,0,0
50106,1,1,0,0,0,0,0,0,0,0,0,0
50107,1,1,18,8,0,6,18,0,29,0,10,15
50108,1,1,0,0,14,0,0,0,0,16,0,0
50108,2,1,0,0,0,0,0,0,0,0,0,0
50109,0,1,11,11,11,11,11,11,11,11,11,11
50109,1,1,0,0,0,9,20,0,0,5,8,5
50110,1,1,0,0,0,0,0,0,0,0,0,0
50111,1,1,0,25,0,0,13,0,20,35,0,0
50111,2,1,0,0,0,0,0,0,0,0,0,0
50112,1,1,0,0,0,0,0,0,0,0,0,0
50112,2,1,0,0,0,0,0,0,0,0,0,0
50113,1,1,0,0,0,0,0,0,0,0,0,0
50114,1,1,11,11,11,11,11,11,11,11,11,11
50115,1,1,17,17,17,17,17,17,17,17,17,17
50116,1,1,0,0,0,0,0,0,0,0,0,0
50116,2,1,0,0,0,0,0,0,0,0,0,0
50116,3,1,0,0,0,0,0,0,0,0,0,0
50116,4,1,0,0,0,0,0,0,0,0,0,0
50116,5,1,0,0,0,0,0,0,0,0,0,0
50117,1,1,0,0,0,0,0,0,0,0,0,0
50118,1,1,0,0,0,0,0,0,0,0,0,0
50119,1,1,23,23,23,23,23,23,23,23,23,23
50120,1,1,0,0,0,15,0,0,0,0,0,0
50120,2,1,0,0,0,0,0,0,0,0,0,0
50121,1,1,0,6,0,0,0,0,5,0,0,0
50122,1,1,0,0,0,0,0,0,0,0,0,0
50123,1,1,0,0,0,0,0,0,0,0,0,0
50123,2,1,0,0,0,0,0,0,0,0,0,0
50124,1,1,0,0,0,0,0,0,0,0,0,0
50124,2,1,0,0,0,0,0,0,0,0,0,0
50125,1,1,0,0,0,0,0,0,0,0,0,0
50125,2,1,26,0,21,0,0,0,0,0,0,0
50126,1,1,0,0,0,0,0,0,0,0,18,0
50126,2,1,0,0,0,0,0,0,0,0,0,0
50126,3,1,0,0,0,0,0,0,0,0,0,0
50127,1,1,0,0,0,0,0,0,0,0,0,0
50127,2,1,0,0,0,0,0,0,0,0,0,0
50128,1,1,0,0,0,0,0,0,0,0,0,0
50128,2,1,0,0,0,0,0,0,0,0,0,0
50129,1,1,0,0,0,0,0,0,0,0,0,0
50129,2,1,0,0,0,0,0,0,0,0,0,0
50130,1,1,0,0,0,0,0,0,0,0,0,0
50131,1,1,0,0,0,0,0,0,0,0,0,0
50131,2,1,0,0,0,0,0,0,0,0,0,0
50132,1,1,0,0,19,0,0,0,31,0,0,0
50133,1,1,0,0,0,0,0,0,0,0,0,0
50133,2,1,0,2,12,0,0,10,15,0,4,0
50134,1,1,3,3,3,3,3,3,3,3,3,3
50134,2,1,0,0,0,0,0,0,0,0,0,0
50135,1,1,0,0,0,0,0,0,0,0,0,0
50136,1,1,0,10,0,0,0,0,0,33,0,0
50137,1,1,13,13,13,13,13,13,13,13,13,13
50138,1,1,0,0,0,0,0,0,0,0,0,0
50139,1,1,14,24,0,0,0,0,0,0,0,0
50140,1,1,0,20,0,0,0,4,11,20,0,0
50140,2,1,0,0,0,0,0,0,0,0,0,0
50141,0,1,2,2,2,2,2,2,2,2,2,2
50141,1,1,0,0,0,0,0,0,0,0,0,0
50142,1,1,0,0,0,0,0,0,0,0,0,0
50143,1,1,0,0,0,12,0,0,0,0,9,0
50143,2,1,0,0,0,0,0,0,0,0,0,0
50144,1,1,0,0,0,0,0,0,31,4,0,0
50144,2,1,0,0,0,0,0,0,0,0,0,0
50145,1,1,0,0,0,0,0,0,0,0,0,0
50146,1,1,0,0,0,0,0,0,0,0,0,0
50146,2,1,0,0,0,0,0,0,0,0,0,0
50146,3,1,0,0,0,0,0,0,0,0,0,0
50147,1,1,0,0,0,0,0,0,0,0,0,0
50147,2,1,0,0,0,0,0,0,0,0,0,0
50147,3,1,0,0,0,0,0,0,0,0,0,0
50148,1,1,0,0,0,0,0,0,0,0,0,0
50148,2,1,0,5,7,6,0,0,0,12,0,0
50149,0,1,42,0,8,25,11,28,27,16,34,15
50149,1,1,0,0,0,0,29,22,12,4,28,0
50150,1,1,0,0,0,0,0,0,0,0,0,0
50151,1,1,0,0,0,0,0,0,0,0,0,0
50152,1,1,0,0,0,13,0,0,0,0,0,0
50152,2,1,0,0,0,0,0,0,0,0,0,0
50152,3,1,0,0,0,0,0,0,0,0,0,0
50153,1,1,14,0,0,16,0,0,14,0,13,0
50154,1,1,0,0,0,0,0,0,0,0,0,0
50155,0,1,13,0,19,0,6,0,29,13,25,11
50155,1,1,0,0,0,0,0,0,0,0,0,0
50156,1,1,0,0,0,0,0,0,0,0,0,0
50156,2,1,0,0,0,0,0,0,0,0,0,0
50156,3,1,0,0,0,0,0,0,0,0,0,0
50156,4,1,0,0,0,0,0,0,0,0,0,0
50156,5,1,0,0,0,0,0,0,0,0,0,0
50157,1,1,0,0,0,0,0,0,0,0,0,0
50157,2,1,0,0,0,0,0,0,0,0,0,0
50158,1,1,0,0,0,0,0,0,0,0,0,0
50158,2,1,0,0,0,0,0,0,0,0,0,0
50159,1,1,28,28,28,28,28,28,28,28,28,28
50160,1,1,16,7,24,0,0,0,0,20,21,10
50160,2,1,0,0,0,0,6,0,0,0,0,0
50161,1,1,28,28,28,28,28,28,28,28,28,28
50162,1,1,5,5,5,5,5,5,5,5,5,5
50162,2,1,0,0,9,10,8,0,0,10,0,13
50163,1,1,20,20,20,20,20,20,20,20,20,20
50164,1,1,11,8,16,20,19,9,0,20,19,24
50165,1,1,0,17,0,0,0,3,0,0,0,0
50165,2,1,0,0,0,0,0,0,0,0,26,0
50166,1,1,22,21,0,0,5,0,4,24,0,0
50167,1,1,0,0,0,0,0,0,0,0,0,0
50168,1,1,24,24,24,24,24,24,24,24,24,24
50169,1,1,0,0,0,0,0,0,0,0,0,0
50169,2,1,0,0,0,0,0,0,0,0,0,0
50170,1,1,0,0,0,0,0,0,0,0,0,0
50171,1,1,24,18,29,17,17,17,15,16,10,16
50172,1,1,0,0,0,0,0,0,0,0,0,16
50172,2,1,0,0,0,0,0,0,0,0,0,0
50172,3,1,0,0,0,0,0,0,0,0,0,0
50173,1,1,0,0,0,0,0,0,0,0,0,0
50173,2,1,0,0,0,0,0,0,0,0,0,0
50174,1,1,0,0,0,0,0,0,0,0,0,16
50174,2,1,13,13,13,13,13,13,13,13,13,13
50175,1,1,0,0,0,0,0,0,0,0,0,0
50176,1,1,0,0,28,0,0,0,0,0,0,0
50177,1,1,0,0,0,0,0,0,0,0,0,0
50178,1,1,0,0,0,0,0,0,0,0,0,0
50178,2,1,0,0,0,0,0,0,0,0,0,0
50179,1,1,0,0,0,0,0,0,0,0,0,0
50179,2,1,0,0,0,0,20,0,0,0,14,0
50180,1,1,0,0,0,0,0,0,0,0,0,0
50180,2,1,0,0,0,0,0,0,0,0,0,0
50182,1,1,0,0,0,0,0,10,0,0,0,0
50183,1,1,0,0,0,0,0,0,0,0,0,0
50183,2,1,0,0,0,0,0,0,0,0,0,0
50184,1,1,0,0,0,0,0,0,0,0,0,0
50185,0,1,9,12,16,0,14,13,0,19,0,27
50185,1,1,0,0,0,0,0,0,0,0,0,0
50186,1,1,0,0,0,0,0,0,0,0,0,0
50186,2,1,0,0,0,0,0,0,0,0,0,0
50187,1,1,0,0,0,0,0,0,0,0,0,0
50188,0,1,0,0,0,0,0,0,0,0,0,0
50188,1,1,0,0,0,0,0,0,0,0,0,0
50189,1,1,0,0,0,0,0,0,0,0,0,0
50190,1,1,7,7,7,7,7,7,7,7,7,7
50191,1,1,1,1,1,1,1,1,1,1,1,1
50192,1,1,0,0,0,0,0,0,0,0,0,0
50192,2,1,0,0,0,0,0,0,0,0,0,0
50193,1,1,0,0,0,0,0,0,0,0,0,0
50194,1,1,0,16,27,11,18,21,23,10,0,7
50194,2,1,0,0,0,0,0,0,0,0,0,0
50195,1,1,0,0,0,0,0,0,0,0,0,0
50196,1,1,0,0,0,0,0,0,0,0,0,0
50196,2,1,0,0,0,0,0,0,0,0,0,0
50197,1,1,0,0,0,0,0,0,0,0,0,0
50198,1,1,0,0,0,0,0,0,0,0,0,0
50198,2,1,0,0,0,0,0,0,0,0,0,0
50199,1,1,0,17,19,0,0,0,5,9,12,37
50200,1,1,21,21,21,21,21,21,21,21,21,21
50201,0,1,18,0,0,16,0,0,0,0,0,0
50201,1,1,0,0,0,0,0,0,0,0,0,0
50202,1,1,16,0,0,0,0,0,0,27,0,0
50202,2,1,0,0,0,0,0,0,0,0,0,0
50202,3,1,0,0,0,0,0,0,0,0,0,0
50203,1,1,0,0,0,0,0,0,0,0,0,0
50204,1,1,0,0,0,0,0,0,0,0,0,0
50205,1,1,0,0,0,0,0,0,0,0,0,0
50205,2,1,0,0,0,0,0,0,0,0,0,0
50205,3,1,0,0,0,11,0,0,0,0,0,0
50206,1,1,0,0,0,0,0,0,0,0,0,0
50206,2,1,0,0,0,0,0,0,0,0,0,0
50206,3,1,0,0,0,0,0,0,0,0,0,0
50207,1,1,0,0,0,0,0,0,0,0,0,0
50207,2,1,0,0,0,0,0,0,0,0,0,0
50208,1,1,0,0,0,0,0,0,0,0,0,0
50208,2,1,0,0,0,0,0,0,0,0,0,0
50209,1,1,0,0,0,0,0,0,0,0,0,0
50209,2,1,0,0,0,0,0,0,0,0,0,0
50210,0,1,0,0,0,0,0,0,0,0,0,0
50210,1,1,0,0,0,0,0,0,0,0,0,0
50211,1,1,0,0,0,0,0,0,0,0,0,0
50212,1,1,0,0,0,0,0,0,0,0,0,0
50213,1,1,2,2,2,2,2,2,2,2,2,2
50214,1,1,0,0,0,0,0,0,0,0,0,0
50214,2,1,0,0,0,0,0,0,0,0,0,0
50215,1,1,0,0,0,0,0,0,0,0,0,0
50215,2,1,0,0,0,0,0,0,0,0,0,0
50216,1,1,0,25,31,16,0,0,14,0,8,24
50217,1,1,0,0,0,0,0,0,0,0,0,0
50218,1,1,0,0,0,0,0,0,0,0,0,0
50218,2,1,0,0,0,0,0,0,0,0,0,0
50219,1,1,0,0,0,0,0,0,0,0,0,0
50219,2,1,0,0,0,0,0,0,0,0,0,0
50220,1,1,8,8,8,8,8,8,8,8,8,8
50220,2,1,0,0,0,0,0,0,0,0,0,0
50221,1,1,0,0,0,0,0,0,0,0,0,0
50222,1,1,20,20,20,20,20,20,20,20,20,20
50222,2,1,1,1,1,1,1,1,1,1,1,1
50222,3,1,0,0,0,0,16,0,16,12,12,5
50223,1,1,0,0,0,0,0,0,0,0,0,0
50224,1,1,0,11,0,0,17,0,3,3,0,0
50224,2,1,0,0,0,0,0,0,0,0,0,0
50225,1,1,0,0,0,0,0,0,0,0,0,0
50226,1,1,0,0,0,0,0,0,0,12,0,0
50227,1,1,0,0,0,0,0,0,0,0,0,0
50228,1,1,11,0,0,0,0,0,0,0,0,0
50228,2,1,17,21,12,26,13,0,0,16,10,10
50229,1,1,8,8,8,8,8,8,8,8,8,8
50230,1,1,29,29,29,29,29,29,29,29,29,29
50231,1,1,0,0,0,0,0,0,0,0,0,0
50232,1,1,9,9,9,9,9,9,9,9,9,9
50233,1,1,17,4,8,12,0,21,0,17,0,10
50234,1,1,0,0,0,0,0,0,0,0,0,0
50234,2,1,0,0,0,0,0,0,0,0,0,0
50235,0,1,0,0,0,0,0,0,0,0,0,0
50235,1,1,0,25,0,0,0,0,0,0,5,7
50236,1,1,0,0,0,0,0,0,0,0,0,0
50236,2,1,0,0,0,0,0,0,0,0,0,0
50237,1,1,0,0,0,0,0,0,0,0,0,0
50237,2,1,0,0,0,0,0,0,0,0,0,0
50238,1,1,0,0,0,0,0,0,0,0,0,0
50239,1,1,0,0,0,0,0,0,0,0,0,0
50239,2,1,0,0,0,0,0,0,0,0,0,0
50239,3,1,0,0,0,0,0,0,0,0,0,0
50240,1,1,0,0,0,0,0,0,0,0,0,0
50240,2,1,0,0,0,0,0,0,0,0,0,0
50241,1,1,0,0,0,0,24,0,0,0,0,0
50241,2,1,0,0,0,0,0,0,0,0,0,0
50242,1,1,0,0,0,0,0,0,0,0,0,0
50243,1,1,11,11,11,11,11,11,11,11,11,11
50244,1,1,11,11,11,11,11,11,11,11,11,11
50245,1,1,14,13,28,20,26,0,18,14,8,12
50246,1,1,26,26,26,26,26,26,26,26,26,26
50247,1,1,0,0,0,0,0,0,0,0,0,0
50248,1,1,0,0,0,0,0,0,0,0,0,0
50249,1,1,0,0,0,0,0,0,0,0,0,0
50250,1,1,0,0,0,0,0,0,0,0,0,0
50251,1,1,0,0,0,0,0,0,0,0,0,0
50251,2,1,0,0,0,0,0,0,0,0,0,0
50252,1,1,0,0,0,0,0,0,0,0,0,0
50253,1,1,0,0,0,0,0,0,0,0,0,0
50253,2,1,0,0,0,0,0,0,0,0,0,0
50254,1,1,0,0,0,0,0,0,0,0,0,0
50255,1,1,0,0,0,0,0,0,0,0,0,0
50255,2,1,0,0,0,0,12,0,0,0,0,0
50255,3,1,0,0,0,0,0,11,0,0,0,0
50256,1,1,0,0,0,0,0,0,0,0,0,0
50256,2,1,0,0,0,0,0,0,0,0,0,0
50257,1,1,0,0,0,0,0,0,0,0,0,0
50258,0,1,0,0,0,0,0,0,0,0,0,0
50258,1,1,0,0,0,0,0,0,0,0,0,0
50259,1,1,0,0,0,0,0,0,0,0,0,0
50259,2,1,0,0,0,0,0,0,0,0,0,0
50259,3,1,0,0,0,0,0,0,0,0,0,0
50260,1,1,0,0,0,0,0,0,0,0,0,0
50263,1,1,0,0,0,0,0,0,0,0,0,0
50263,2,1,0,0,0,0,22,0,0,0,0,0
50264,1,1,1,1,1,1,1,1,1,1,1,1
50264,2,1,0,0,11,9,25,0,0,16,0,41
50265,1,1,0,0,0,0,0,0,0,0,0,0
50266,1,1,0,0,0,0,0,0,0,0,0,0
50267,1,1,18,18,18,18,18,18,18,18,18,18
50268,1,1,0,0,0,0,0,0,0,0,27,0
50269,1,1,0,0,0,0,0,0,0,0,0,0
50269,2,1,0,0,0,0,0,0,0,0,0,0
50270,1,1,16,16,16,16,16,16,16,16,16,16
50270,2,1,0,0,0,0,0,0,0,0,0,0
50271,1,1,10,10,10,10,10,10,10,10,10,10
50272,1,1,0,0,0,0,0,0,0,0,0,0
50272,2,1,0,12,0,0,0,13,0,25,0,15
50273,1,1,0,0,0,0,0,0,0,0,0,0
50273,2,1,0,0,0,0,0,0,0,0,0,0
50274,1,1,24,24,24,24,24,24,24,24,24,24
50275,1,1,0,0,0,0,0,0,0,0,0,0
50275,2,1,0,0,0,0,0,0,0,0,0,0
50276,1,1,0,0,0,0,0,0,0,0,0,0
50276,2,1,0,0,0,0,0,0,0,0,0,0
50277,1,1,0,0,0,0,0,0,0,0,0,0
50277,2,1,0,0,0,0,0,0,0,0,0,0
50278,1,1,0,0,0,0,0,0,0,0,0,0
50279,1,1,0,0,0,0,0,0,0,0,0,0
50279,2,1,0,0,0,0,0,0,0,0,0,0
50279,3,1,0,0,0,0,0,0,0,0,0,0
50280,1,1,0,0,0,0,0,0,0,0,0,0
50281,1,1,0,0,0,0,0,0,0,0,0,0
50281,2,1,0,0,0,0,0,0,0,0,0,0
50282,1,1,19,19,19,19,19,19,19,19,19,19
50282,2,1,0,0,0,0,0,0,0,0,0,0
50283,1,1,0,0,0,0,0,0,33,0,0,0
50284,0,1,0,0,0,0,0,17,0,0,0,0
50284,1,1,27,9,11,0,0,16,0,0,0,0
50285,1,1,0,0,0,0,0,0,0,0,0,0
50286,1,1,0,0,0,0,0,0,0,0,0,0
50286,2,1,0,0,0,0,0,0,0,0,0,0
50286,3,1,0,0,0,0,0,0,0,0,0,0
50287,1,1,0,0,0,0,0,0,0,0,0,0
50287,2,1,0,0,0,0,0,0,0,0,0,0
50288,0,1,0,0,0,0,0,0,0,0,0,0
50288,0,2,0,0,0,0,0,0,0,0,0,0
50288,1,1,0,0,0,0,0,0,0,0,0,0
50288,3,1,0,0,0,0,0,0,0,0,0,0
50289,1,1,0,0,0,0,0,0,0,0,0,0
50290,1,1,0,0,0,0,0,0,0,0,0,0
50291,1,1,0,0,0,0,0,0,0,0,0,0
50291,2,1,0,0,0,0,0,0,0,0,0,0
50293,1,1,0,0,0,0,0,0,0,0,0,0
50294,1,1,0,0,0,0,0,0,0,0,0,0
50295,1,1,22,22,22,22,22,22,22,22,22,22
50296,1,1,0,0,0,0,0,0,0,0,0,0
50297,1,1,20,20,20,20,20,20,20,20,20,20
50298,1,1,31,31,31,31,31,31,31,31,31,31
50299,1,1,21,21,21,21,21,21,21,21,21,21
50299,2,1,0,0,0,0,0,0,0,0,0,0
50299,3,1,0,0,0,0,0,0,0,0,0,0
50300,0,1,17,17,17,17,17,17,17,17,17,17
50300,1,1,0,0,0,0,0,0,0,0,0,0
50301,1,1,0,0,0,0,0,0,0,0,0,0
50301,2,1,0,0,0,0,0,0,0,0,0,0
50302,1,1,0,0,0,0,0,0,0,0,0,0
50303,1,1,0,0,0,0,0,0,0,0,0,0
50305,1,1,25,25,25,25,25,25,25,25,25,25
50306,1,1,0,0,0,0,0,0,0,0,0,0
50306,2,1,0,0,0,0,0,0,0,0,0,0
50306,3,1,0,0,0,0,0,0,0,0,0,0
50307,1,1,0,0,0,0,0,0,0,0,0,0
50308,1,1,0,0,0,0,0,0,0,0,0,0
50309,1,1,0,0,0,0,0,0,0,0,0,0
50309,2,1,0,0,0,0,0,0,0,0,0,0
50310,1,1,0,0,0,0,0,0,0,0,0,0
50310,2,1,0,0,0,0,0,0,0,0,0,0
50310,3,1,0,0,0,0,0,0,0,0,0,0
50311,1,1,0,0,0,0,0,0,0,0,0,0
50311,2,1,0,0,0,0,0,0,0,0,0,0
50312,1,1,0,0,0,0,0,0,0,0,0,0
50312,2,1,0,0,0,0,0,0,0,0,0,0
50312,3,1,0,0,0,0,0,0,0,0,0,0
50313,1,1,0,0,0,0,0,0,0,0,0,0
50313,2,1,0,0,0,0,0,0,0,0,0,0
50313,3,1,15,15,15,15,15,15,15,15,15,15
50314,1,1,0,0,0,0,0,0,0,0,0,0
50315,1,1,0,0,0,0,0,0,0,0,0,0
50315,2,1,0,0,0,0,0,0,0,0,0,0
50316,1,1,14,0,0,0,7,0,0,0,5,11
50317,1,1,0,0,0,0,12,0,0,0,0,0
50317,2,1,0,0,0,0,10,0,0,0,0,0
50318,1,1,0,0,0,0,0,0,0,0,0,0
50319,1,1,0,0,0,0,0,0,0,0,0,0
50319,2,1,0,0,0,0,0,0,0,0,0,0
50321,1,1,0,0,0,0,0,0,0,0,0,0
50322,1,1,0,0,0,0,0,0,0,0,0,0
50323,1,1,5,5,5,5,5,5,5,5,5,5
50324,0,1,0,0,0,0,0,0,0,0,0,0
50324,1,1,0,0,0,0,0,0,0,0,0,0
50325,1,1,0,0,0,0,0,0,0,0,0,0
50326,1,1,0,0,0,0,0,0,0,0,0,0
50327,1,1,20,20,20,20,20,20,20,20,20,20
50328,1,1,5,0,0,0,0,13,0,0,15,0
50329,1,1,0,0,0,0,0,0,0,0,0,0
50329,2,1,0,0,0,0,0,0,0,0,0,0
50329,3,1,0,0,0,28,0,0,0,0,0,0
50330,1,1,5,5,5,5,5,5,5,5,5,5
50330,2,1,0,0,0,0,0,0,0,0,0,0
50331,1,1,0,0,0,0,0,0,0,0,3,0
50332,1,1,0,2,12,0,0,0,0,3,0,0
50333,0,1,0,0,0,0,0,0,0,0,0,0
50333,1,1,0,0,26,0,0,0,0,5,0,0
50334,1,1,0,0,0,0,0,0,0,0,0,0
50336,1,1,0,0,0,0,0,0,0,0,0,0
50336,2,1,0,0,0,0,19,0,0,0,0,0
50337,1,1,0,0,0,0,0,0,0,0,0,0
50338,1,1,0,0,0,0,0,0,0,0,0,0
50339,0,1,31,31,31,31,31,31,31,31,31,31
50339,1,1,10,10,8,3,10,0,0,6,11,0
50340,1,1,0,0,0,0,0,0,0,0,12,0
50341,1,1,0,0,0,0,0,0,0,0,0,0
50341,2,1,0,0,30,0,0,0,0,0,7,13