ST_CASE,VEH_NO,PER_NO,P1,P2,P3,P4,P5,P6,P7,P8,P9,P10
80151,1,1,11,11,11,11,11,11,11,11,11,11
80152,1,1,22,22,22,22,22,22,22,22,22,22
80152,2,1,0,0,0,0,0,0,0,0,14,0
80153,1,1,0,0,0,0,0,0,0,0,0,0
80153,2,1,0,0,0,0,0,0,0,0,0,0
80154,1,1,0,0,0,0,0,0,0,0,0,0
80155,0,1,0,0,0,0,0,0,0,0,0,0
80155,1,1,0,0,0,0,0,0,0,0,0,0
80156,1,1,0,0,0,0,0,0,0,0,0,0
80156,2,1,0,0,0,0,0,0,0,0,0,0
80157,1,1,0,0,0,0,0,0,0,0,0,0
80157,2,1,0,0,0,0,0,0,13,0,0,21
80158,1,1,0,0,0,0,0,0,0,0,0,0
80158,2,1,0,0,0,0,0,0,0,0,0,0
80159,1,1,23,23,23,23,23,23,23,23,23,23
80160,1,1,24,24,24,24,24,24,24,24,24,24
80161,1,1,7,7,7,7,7,7,7,7,7,7
80161,2,1,16,16,16,16,16,16,16,16,16,16
80162,0,1,0,0,0,0,0,0,0,0,0,0
80162,1,1,0,0,0,0,0,0,0,0,0,0
80162,2,1,0,0,0,0,0,0,0,0,0,0
80162,3,1,0,0,0,0,0,0,23,27,0,0
80163,1,1,0,0,0,0,0,0,0,0,0,0
80163,2,1,3,3,3,3,3,3,3,3,3,3
80164,1,1,7,7,7,7,7,7,7,7,7,7
80164,2,1,0,0,0,0,0,0,0,0,0,0
80165,1,1,0,0,0,0,0,0,0,0,0,0
80166,1,1,0,0,0,0,0,0,0,0,0,0
80166,2,1,0,0,0,0,0,0,0,0,0,0
80166,3,1,0,0,0,0,0,0,0,0,0,0
80167,1,1,39,39,39,39,39,39,39,39,39,39
80168,1,1,26,26,26,26,26,26,26,26,26,26
80169,1,1,0,0,0,0,0,0,0,0,0,0
80169,2,1,0,0,0,0,0,0,0,0,0,0
80170,0,1,23,23,23,23,23,23,23,23,23,23
80170,1,1,0,0,0,0,0,0,0,0,0,0
80171,1,1,0,0,0,0,0,0,0,0,0,0
80171,2,1,0,0,0,0,0,0,0,0,0,0
80171,3,1,0,0,0,0,0,0,0,0,0,15
80171,4,1,0,0,0,0,0,0,0,0,0,0
80171,5,1,0,0,0,0,0,0,0,0,0,0
80172,0,1,0,0,0,0,0,0,0,0,0,0
80172,1,1,0,0,0,0,0,0,0,0,0,0
80173,0,1,0,0,0,0,0,0,0,0,0,0
80173,1,1,0,0,0,0,0,0,0,0,0,0
80174,1,1,27,27,27,27,27,27,27,27,27,27
80175,1,1,0,0,0,0,0,0,0,0,0,0
80175,2,1,0,0,0,0,0,0,0,0,0,0
80176,1,1,0,0,0,0,0,0,0,0,0,0
80176,2,1,0,0,0,0,0,0,0,0,0,0
80177,1,1,12,12,12,12,12,12,12,12,12,12
80178,1,1,0,0,0,0,0,0,0,0,0,0
80178,2,1,0,0,0,25,0,0,0,0,0,0
80178,3,1,0,0,0,0,0,0,0,0,0,0
80178,4,1,0,0,0,0,0,0,0,0,0,0
80179,1,1,0,3,0,0,0,0,0,0,0,0
80179,2,1,0,0,0,0,0,0,0,0,0,0
80180,1,1,13,12,11,2,0,10,10,20,29,9
80181,1,1,0,0,0,0,0,0,0,0,0,0
80182,1,1,0,0,0,16,0,0,0,0,0,0
80182,2,1,0,0,0,0,0,0,0,0,0,0
80182,3,1,0,0,0,0,0,0,0,0,0,0
80183,1,1,0,0,0,0,0,0,0,0,0,0
80183,2,1,0,0,0,0,0,0,0,0,0,0
80184,1,1,0,0,0,0,0,0,0,0,0,0
80184,2,1,0,0,0,0,0,0,0,0,0,0
80185,1,1,0,0,0,0,34,0,12,18,0,0
80186,1,1,0,0,0,0,0,0,0,0,0,0
80186,2,1,0,0,0,0,0,0,0,0,0,0
80186,3,1,0,0,0,0,0,0,0,0,0,0
80186,4,1,0,0,0,0,0,0,0,0,0,0
80187,1,1,12,12,12,12,12,12,12,12,12,12
80187,2,1,13,13,13,13,13,13,13,13,13,13
80188,1,1,0,0,0,0,0,0,0,0,0,0
80188,2,1,0,0,0,0,0,0,0,0,0,0
80188,3,1,0,0,14,0,0,0,0,0,0,0
80189,1,1,0,0,0,0,0,0,0,0,0,0
80189,2,1,0,0,0,0,0,0,0,0,0,0
80189,3,1,0,0,0,0,0,0,0,0,0,0
80190,1,1,0,0,0,0,0,0,0,0,0,0
80190,2,1,0,0,0,0,0,0,0,8,0,0
80191,0,1,17,17,17,17,17,17,17,17,17,17
80191,1,1,0,9,0,0,0,0,0,0,0,0
80192,1,1,0,0,0,0,0,0,0,0,0,0
80193,1,1,0,0,0,0,8,0,0,0,0,0
80194,1,1,0,0,0,0,0,0,0,0,0,0
80194,2,1,11,11,11,11,11,11,11,11,11,11
80195,1,1,0,0,0,0,0,0,0,0,0,0
80195,2,1,0,0,0,0,0,0,0,0,0,0
80196,1,1,0,0,0,0,0,0,0,0,0,0
80196,2,1,17,0,0,0,0,0,0,0,0,0
80197,0,1,16,16,16,16,16,16,16,16,16,16
80197,1,1,0,0,0,0,0,0,0,0,0,0
80198,1,1,0,0,0,0,0,0,0,0,0,0
80199,1,1,9,9,9,9,9,9,9,9,9,9
80200,1,1,0,0,0,0,0,0,0,0,0,0
80201,0,1,32,32,32,32,32,32,32,32,32,32
80201,1,1,0,0,0,0,0,0,0,0,0,0
80202,1,1,2,2,2,2,2,2,2,2,2,2
80203,1,1,0,0,0,0,0,0,0,0,0,0
80204,1,1,0,0,0,0,0,0,0,0,0,0
80205,1,1,0,0,0,0,0,0,0,0,0,0
80205,2,1,0,0,0,0,0,0,0,0,0,0
80206,1,1,0,0,0,0,0,0,0,0,0,0
80207,1,1,0,0,0,0,0,0,0,0,0,0
80208,1,1,20,20,20,20,20,20,20,20,20,20
80208,2,1,0,0,0,0,0,0,0,0,0,28
80209,0,1,22,22,22,22,22,22,22,22,22,22
80209,1,1,0,17,22,11,0,0,0,0,0,0
80210,1,1,0,0,0,0,0,0,0,0,0,0
80210,2,1,0,0,0,0,0,0,0,0,0,0
80211,1,1,0,0,0,0,0,0,0,0,0,0
80212,1,1,0,0,0,0,0,0,0,0,0,0
80212,2,1,0,0,0,0,12,0,0,0,0,0
80213,1,1,0,0,0,0,0,0,0,0,0,0
80213,2,1,0,0,0,0,0,0,0,0,0,0
80214,1,1,0,0,0,0,0,0,0,0,0,0
80214,2,1,0,0,0,0,0,0,0,0,0,0
80214,3,1,0,0,0,0,0,0,0,0,0,0
80215,1,1,31,31,31,31,31,31,31,31,31,31
80215,2,1,0,0,0,0,0,0,0,0,0,0
80216,1,1,0,0,0,0,0,5,0,0,0,0
80217,1,1,0,3,0,0,0,0,0,0,0,0
80217,2,1,0,0,0,0,0,0,0,0,0,7
80218,0,1,26,0,0,0,0,0,0,0,0,0
80218,1,1,0,0,0,0,20,0,0,0,0,0
80219,1,1,26,26,26,26,26,26,26,26,26,26
80220,1,1,0,0,23,0,0,0,0,0,0,0
80220,2,1,0,0,0,21,0,0,0,0,0,0
80221,1,1,0,20,0,0,0,0,0,0,0,0
80221,2,1,0,0,0,25,0,0,0,0,0,0
80222,0,1,0,0,0,0,0,0,0,0,0,0
80222,1,1,14,14,14,14,14,14,14,14,14,14
80223,1,1,0,0,0,0,0,0,0,0,0,0
80224,1,1,0,0,0,0,0,0,0,0,0,0
80225,0,1,0,0,0,0,0,0,0,0,0,0
80225,1,1,0,0,0,0,0,0,0,0,0,0
80226,1,1,0,0,0,0,0,0,0,0,0,0
80226,2,1,0,0,0,0,0,0,0,0,0,0
80227,0,1,0,0,0,0,0,0,0,0,0,0
80227,1,1,0,0,0,0,0,0,0,0,0,0
80228,1,1,28,28,28,28,28,28,28,28,28,28
80229,0,1,0,0,0,0,0,0,0,0,0,0
80229,1,1,0,0,0,0,0,0,0,0,0,0
80230,1,1,33,33,33,33,33,33,33,33,33,33
80231,1,1,0,0,0,0,0,0,0,0,0,0
80231,2,1,0,0,0,0,0,0,0,0,0,0
80232,1,1,0,0,0,0,0,0,0,0,0,0
80233,1,1,29,29,29,29,29,29,29,29,29,29
80233,2,1,0,0,0,0,0,0,0,0,0,0
80234,1,1,25,25,25,25,25,25,25,25,25,25
80234,2,1,0,0,0,0,0,0,0,0,0,0
80235,1,1,0,0,0,0,0,0,0,0,0,0
80235,2,1,0,0,0,0,0,0,0,0,0,0
80236,1,1,12,4,19,4,25,13,8,7,7,26
80237,1,1,22,22,22,22,22,22,22,22,22,22
80238,1,1,28,28,28,28,28,28,28,28,28,28
80239,1,1,0,0,0,0,0,0,0,0,0,0
80239,2,1,0,0,0,0,0,0,0,0,0,0
80240,1,1,0,0,0,0,0,0,0,0,0,0
80240,2,1,0,0,0,0,0,0,0,0,0,0
80241,1,1,0,0,0,0,0,0,0,0,0,0
80242,1,1,22,22,22,22,22,22,22,22,22,22
80243,1,1,28,28,28,28,28,28,28,28,28,28
80244,1,1,0,0,8,0,0,0,0,0,0,0
80244,2,1,0,0,0,0,0,0,0,0,0,0
80245,1,1,0,0,0,0,0,0,0,0,0,0
80245,2,1,0,0,0,0,0,0,0,0,0,0
80246,1,1,0,0,0,0,0,0,0,0,0,0
80246,2,1,0,0,0,0,0,0,0,22,0,0
80246,3,1,0,0,0,0,0,0,0,0,0,8
80247,1,1,0,22,0,23,0,0,0,17,0,0
80247,2,1,0,0,0,12,0,0,0,0,0,0
80248,1,1,0,0,0,0,0,0,0,0,0,0
80249,1,1,0,0,20,0,10,0,0,0,0,0
80250,1,1,0,0,0,0,0,0,0,0,0,0
80251,1,1,0,0,0,0,6,0,0,0,0,0
80252,1,1,0,0,0,0,0,0,0,0,0,0
80253,1,1,5,5,5,5,5,5,5,5,5,5
80253,2,1,0,0,0,0,0,0,0,0,0,0
80254,1,1,0,0,0,0,0,0,0,0,0,0
80254,2,1,0,0,0,0,0,0,0,0,0,0
80255,1,1,0,0,0,0,0,0,0,0,0,0
80256,1,1,5,5,5,5,5,5,5,5,5,5
80256,2,1,0,0,0,0,13,0,0,0,0,0
80257,1,1,26,26,26,26,26,26,26,26,26,26
80258,1,1,25,25,25,25,25,25,25,25,25,25
80259,1,1,0,0,0,0,0,0,3,0,3,0
80260,1,1,22,22,22,22,22,22,22,22,22,22
80261,1,1,0,0,7,0,0,0,0,0,0,0
80261,2,1,0,0,0,0,0,0,0,0,9,0
80262,0,1,0,0,0,0,0,0,0,0,0,0
80262,0,2,0,0,0,0,0,0,0,0,0,0
80262,1,1,0,0,0,0,0,0,0,0,0,0
80263,1,1,2,2,2,2,2,2,2,2,2,2
80263,2,1,1,1,1,1,1,1,1,1,1,1
80264,1,1,0,0,0,0,0,0,15,0,0,0
80264,2,1,0,0,0,0,0,0,0,0,0,0
80265,1,1,9,9,9,9,9,9,9,9,9,9
80266,1,1,0,0,0,0,0,0,0,0,0,0
80267,0,1,0,0,0,0,0,0,0,0,0,0
80267,1,1,15,0,0,0,0,0,0,0,0,16
80268,1,1,0,0,0,0,0,0,0,0,0,0
80268,2,1,0,0,0,0,0,0,0,0,0,0
80269,1,1,38,38,38,38,38,38,38,38,38,38
80270,1,1,0,0,0,0,0,0,0,0,0,0
80270,2,1,0,0,0,0,0,0,0,0,0,0
80270,3,1,0,0,0,0,0,0,0,0,0,0
80271,1,1,0,0,0,0,0,0,0,0,0,0
80272,1,1,23,23,23,23,23,23,23,23,23,23
80272,2,1,0,0,0,0,0,0,0,0,0,0
80273,1,1,39,39,39,39,39,39,39,39,39,39
80273,2,1,0,0,0,0,0,0,0,0,0,0
80274,1,1,21,21,21,21,21,21,21,21,21,21
80275,1,1,11,11,11,11,11,11,11,11,11,11
80275,2,1,0,0,0,0,0,0,0,0,0,12
80276,1,1,12,12,12,12,12,12,12,12,12,12
80277,1,1,0,0,0,0,0,0,0,0,0,0
80277,2,1,0,0,0,0,0,0,0,0,0,0
80277,3,1,0,0,0,0,0,0,0,0,0,0
80277,4,1,0,0,0,0,0,0,0,0,0,0
80278,1,1,0,0,0,0,0,0,0,0,0,0
80279,1,1,0,4,0,14,0,9,6,0,0,0
80280,1,1,15,15,15,15,15,15,15,15,15,15
80281,1,1,0,0,0,0,0,0,0,0,0,0
80281,2,1,0,0,0,0,0,0,0,0,0,0
80281,3,1,0,0,0,0,0,0,0,0,0,0
80282,1,1,0,0,0,0,0,0,0,0,0,0
80282,2,1,0,0,0,0,0,5,0,0,0,0
80282,3,1,0,0,0,0,0,0,0,0,0,0
80283,1,1,0,0,0,0,0,0,0,0,0,0
80284,1,1,0,0,0,0,0,0,0,0,20,0
80285,1,1,0,0,0,0,0,0,0,0,0,0
80285,2,1,0,0,0,0,0,0,0,0,0,0
80286,1,1,0,0,0,0,0,0,0,0,0,0
80287,1,1,0,0,0,0,0,0,0,0,0,0
80287,2,1,0,0,0,0,0,0,0,0,0,0
80288,1,1,1,1,1,1,1,1,1,1,1,1
80289,1,1,0,0,0,0,0,0,0,0,0,0
80289,2,1,0,0,0,0,0,0,0,0,0,0
80290,1,1,0,0,0,0,0,0,0,0,0,0
80290,2,1,0,0,0,0,0,0,0,0,0,0
80290,3,1,0,0,0,0,0,0,0,0,0,0
80291,1,1,8,0,0,0,0,0,0,0,0,0
80292,1,1,26,26,26,26,26,26,26,26,26,26
80293,1,1,0,0,0,0,0,0,0,0,0,0
80294,1,1,0,0,0,0,0,0,0,0,0,0
80295,1,1,0,0,0,0,0,0,0,0,0,0
80296,1,1,6,6,6,6,6,6,6,6,6,6
80297,1,1,0,0,0,0,0,0,0,0,0,0
80298,1,1,11,11,11,11,11,11,11,11,11,11
80299,1,1,25,25,25,25,25,25,25,25,25,25
80300,1,1,0,0,0,0,0,0,0,0,0,0
80300,2,1,0,0,0,18,0,0,0,0,0,0
80300,3,1,0,0,0,0,0,0,0,0,0,0
80300,4,1,0,0,0,0,0,0,0,0,0,0
80300,5,1,0,0,0,0,0,0,0,0,0,0
80301,1,1,48,48,48,48,48,48,48,48,48,48
80301,2,1,0,0,0,0,0,0,0,0,0,0
80301,3,1,0,0,0,0,0,0,0,0,0,0
80301,4,1,0,0,0,0,0,0,0,0,0,0
80302,0,1,0,0,0,0,0,0,0,0,0,0
80303,1,1,21,21,21,21,21,21,21,21,21,21
80304,1,1,0,0,0,0,0,0,0,0,0,0
80304,2,1,0,0,0,0,0,0,0,0,0,0
80305,1,1,0,0,0,0,0,0,0,0,0,0
80305,2,1,0,0,0,0,0,0,0,0,0,0
80305,3,1,0,0,0,0,0,0,0,0,0,0
80305,4,1,0,0,0,0,0,0,0,0,0,0
80305,5,1,0,0,0,0,0,0,0,0,0,0
80306,1,1,21,21,21,21,21,21,21,21,21,21
80307,0,1,0,0,0,0,0,0,0,0,0,0
80307,1,1,0,0,0,0,0,0,0,0,0,0
80308,1,1,14,14,14,14,14,14,14,14,14,14
80309,0,1,0,0,0,0,0,0,0,0,0,0
80309,1,1,0,0,0,0,0,0,0,0,0,0
80310,1,1,0,0,0,0,0,0,0,0,0,0
80312,1,1,0,0,0,0,0,0,0,0,0,0
80313,1,1,0,0,0,0,0,0,0,0,0,0
80314,1,1,0,0,0,0,0,0,0,0,0,0
80315,1,1,0,0,0,0,0,0,0,0,0,0
80315,2,1,0,0,0,0,0,0,0,11,0,0
80316,0,1,0,0,0,0,0,0,0,0,0,0
80316,1,1,0,0,0,0,0,11,0,0,0,0
80317,1,1,23,23,23,23,23,23,23,23,23,23
80318,1,1,33,33,33,33,33,33,33,33,33,33
80319,1,1,0,0,0,0,0,0,0,0,0,0
80319,2,1,0,0,0,0,0,0,0,0,0,0
80320,1,1,15,15,15,15,15,15,15,15,15,15
80321,1,1,15,15,15,15,15,15,15,15,15,15
80322,1,1,0,0,0,0,0,0,0,0,0,0
80323,0,1,0,0,0,0,0,0,0,0,0,0
80323,1,1,0,0,0,0,0,0,0,0,3,0
80324,1,1,0,0,0,0,0,0,0,0,0,0
80325,1,1,15,15,15,15,15,15,15,15,15,15
80326,1,1,0,5,0,0,0,0,0,19,0,0
80326,2,1,0,0,0,0,0,0,0,0,0,0
80327,1,1,0,0,0,0,0,0,0,0,0,0
80328,1,1,10,10,10,10,10,10,10,10,10,10
80328,2,1,0,0,0,0,0,12,0,15,0,0
80328,3,1,0,0,0,0,0,0,0,0,0,0
80329,0,1,0,0,0,0,0,0,0,0,0,0
80329,0,2,31,0,0,0,0,14,0,35,12,0
80329,1,1,28,28,28,28,28,28,28,28,28,28
80330,1,1,0,0,0,0,0,0,0,0,0,0
80330,2,1,0,0,18,4,0,0,0,0,0,0
80331,0,1,0,0,0,0,0,0,0,0,0,0
80331,1,1,0,0,0,0,0,0,0,22,0,0
80332,1,1,0,0,0,0,0,0,0,0,0,0
80332,2,1,0,0,0,0,0,0,0,0,0,0
80333,1,1,21,21,21,21,21,21,21,21,21,21
80333,2,1,0,12,0,0,16,0,0,0,0,0
80334,1,1,0,0,0,0,0,9,0,0,0,0
80335,1,1,0,0,0,0,0,0,0,0,0,0
80336,1,1,0,0,0,0,0,0,0,0,0,0
80336,2,1,0,0,0,0,0,0,0,0,0,0
80337,1,1,0,0,0,0,0,0,0,0,0,0
80337,2,1,0,0,0,0,0,0,0,0,0,0
80338,1,1,0,0,0,0,0,0,0,0,0,0
80339,1,1,0,0,0,0,0,0,0,0,0,0
80340,1,1,11,11,11,11,11,11,11,11,11,11
80340,2,1,0,0,0,0,0,0,9,0,15,0
80341,1,1,0,0,0,0,0,0,0,0,0,0
80341,2,1,0,0,0,0,0,0,0,0,0,0
80341,3,1,0,0,0,0,0,0,0,0,0,0
80342,1,1,18,18,18,18,18,18,18,18,18,18
80342,2,1,0,0,0,0,0,0,0,0,0,0
80343,1,1,0,0,0,0,0,0,0,0,0,0
80343,2,1,0,0,0,0,0,0,0,0,0,0
80344,1,1,0,0,0,0,0,0,0,0,6,0
80345,1,1,30,30,30,30,30,30,30,30,30,30
80346,1,1,0,0,0,0,0,0,0,0,0,0
80347,0,1,0,0,0,0,0,0,0,0,0,0
80347,1,1,20,20,20,20,20,20,20,20,20,20
80348,1,1,0,0,0,0,0,0,0,0,0,0
80348,2,1,0,0,0,0,0,0,0,0,0,0
80349,1,1,0,0,0,0,0,0,0,0,0,0
80349,2,1,0,0,0,0,0,0,0,0,0,0
80350,0,1,25,25,25,25,25,25,25,25,25,25
80350,1,1,0,0,0,0,0,0,0,0,0,0
80351,0,1,0,0,0,0,0,0,0,0,0,0
80351,1,1,0,0,0,0,0,0,0,0,27,0
80352,1,1,0,0,0,0,0,0,0,0,0,0
80352,2,1,0,0,0,0,0,0,0,0,0,0
80352,3,1,0,0,20,0,0,0,0,0,0,0
80352,4,1,0,6,19,21,12,11,0,0,0,11
80352,5,1,0,0,0,0,0,0,0,0,0,0
80352,6,1,0,0,0,13,0,0,0,0,0,0
80353,0,1,0,0,0,0,0,0,0,0,32,0
80353,1,1,0,0,0,0,0,0,0,0,0,0
80354,0,1,0,0,0,0,0,0,0,0,0,0
80354,1,1,0,0,0,0,0,0,0,0,0,0
80355,0,1,10,10,10,10,10,10,10,10,10,10
80355,1,1,0,0,0,0,0,0,0,0,0,0
80356,1,1,0,0,0,0,0,0,0,0,0,0
80356,2,1,0,0,0,0,0,0,0,0,0,0
80356,3,1,0,0,0,0,0,0,0,0,0,0
80356,4,1,0,0,0,0,0,0,0,0,0,0
80357,1,1,22,22,22,22,22,22,22,22,22,22
80357,2,1,19,19,19,19,19,19,19,19,19,19
80358,0,1,0,0,0,0,0,0,0,0,0,0
80358,1,1,0,0,0,0,22,22,0,0,0,0
80358,2,1,0,0,0,0,10,0,0,9,0,0
80359,1,1,5,5,5,5,5,5,5,5,5,5
80359,2,1,0,0,0,0,0,0,0,0,0,0
80360,1,1,1,1,1,1,1,1,1,1,1,1
80360,2,1,0,0,0,0,0,0,0,0,0,0
80361,1,1,40,40,40,40,40,40,40,40,40,40
80362,1,1,16,16,16,16,16,16,16,16,16,16
80362,2,1,0,0,0,0,0,0,0,3,0,7
80362,3,1,0,10,0,0,0,0,0,0,0,0
80363,0,1,26,26,26,26,26,26,26,26,26,26
80363,1,1,29,29,29,29,29,29,29,29,29,29
80364,1,1,30,30,30,30,30,30,30,30,30,30
80364,2,1,0,0,0,14,0,0,0,0,20,6
80365,1,1,0,0,0,0,0,0,0,0,0,0
80365,2,1,17,0,0,0,0,0,0,11,0,0
80365,3,1,0,0,0,0,0,0,0,0,0,0
80366,1,1,1,1,1,1,1,1,1,1,1,1
80367,0,1,0,0,0,0,0,0,0,0,0,0
80367,1,1,0,0,0,0,0,13,0,0,0,0
80368,1,1,0,0,0,0,0,0,0,0,0,0
80369,1,1,5,5,5,5,5,5,5,5,5,5
80369,2,1,0,0,0,0,0,0,0,0,0,0
80370,1,1,8,0,0,0,0,0,0,0,0,0
80370,2,1,0,0,0,0,0,0,0,0,0,0
80371,1,1,0,0,0,0,0,0,0,0,0,0
80372,1,1,0,0,0,0,0,0,0,0,0,0
80372,2,1,0,0,6,0,0,0,0,0,0,0
80373,1,1,36,36,36,36,36,36,36,36,36,36
80374,0,1,0,0,0,0,0,0,0,0,0,0
80374,0,2,0,0,0,0,0,0,0,0,0,0
80374,1,1,0,0,0,0,0,0,0,15,24,0
80375,1,1,28,28,28,28,28,28,28,28,28,28
80376,0,1,0,0,0,0,0,0,0,0,0,0
80376,1,1,0,0,0,0,0,0,0,0,0,0
80377,1,1,0,0,0,0,0,0,0,0,0,0
80378,1,1,0,0,0,0,0,0,0,0,21,0
80378,2,1,0,0,0,0,0,0,0,0,0,0
80379,1,1,0,0,0,0,0,0,0,0,0,0
80379,2,1,0,0,10,0,0,0,0,0,0,0
80380,1,1,0,0,0,0,0,0,0,0,0,0
80380,2,1,0,0,0,0,0,0,0,0,0,0
80380,3,1,0,0,0,0,0,0,0,0,0,0
80381,1,1,0,0,0,0,0,0,0,0,0,0
80382,1,1,0,0,0,0,0,0,0,0,0,0
80383,1,1,0,0,0,0,0,0,0,0,0,0
80384,1,1,0,0,0,0,0,0,0,0,0,0
80385,1,1,0,0,0,0,9,0,0,0,0,13
80385,2,1,0,0,0,0,0,0,0,0,0,0
80386,1,1,10,10,10,10,10,10,10,10,10,10
80387,1,1,0,0,0,15,0,0,0,0,0,0
80387,2,1,0,0,14,0,0,4,0,0,0,0
80388,0,1,0,0,0,0,0,0,0,0,0,0
80388,1,1,0,0,0,0,0,0,0,0,0,0
80389,1,1,0,0,0,0,0,0,0,0,0,0
80390,1,1,0,0,0,0,0,0,0,0,0,0
80391,1,1,0,0,0,0,0,0,0,0,0,0
80392,1,1,18,18,18,18,18,18,18,18,18,18
80393,1,1,0,0,0,0,0,0,0,0,0,0
80394,1,1,0,0,0,0,0,0,0,0,0,0
80394,2,1,0,0,0,0,0,0,0,0,0,0
80395,1,1,0,0,0,0,0,0,0,0,0,0
80396,0,1,0,0,0,0,0,0,0,0,0,0
80396,1,1,0,0,0,0,0,0,0,0,0,0
80397,1,1,0,23,2,0,0,0,15,0,0,0
80397,2,1,17,0,0,0,0,0,0,0,0,0
80398,1,1,41,41,41,41,41,41,41,41,41,41
80398,2,1,0,0,0,0,0,0,0,0,0,0
80398,3,1,0,0,0,0,0,0,0,0,0,0
80399,1,1,20,20,20,20,20,20,20,20,20,20
80400,1,1,0,0,0,0,0,0,0,0,0,0
80401,1,1,0,0,0,0,0,0,0,0,0,0
80401,2,1,11,11,11,11,11,11,11,11,11,11
80402,1,1,19,19,19,19,19,19,19,19,19,19
80403,1,1,0,0,0,0,0,0,0,0,0,0
80404,1,1,0,0,0,7,0,0,0,0,0,0
80405,1,1,0,0,0,0,0,0,0,0,0,0
80405,2,1,8,8,8,8,8,8,8,8,8,8
80406,1,1,0,0,0,0,0,0,0,0,11,0
80407,0,1,0,0,0,0,0,0,0,0,0,0
80407,1,1,0,0,0,0,0,21,0,0,0,0
80408,1,1,0,0,0,12,7,13,0,0,0,0
80408,2,1,0,0,0,0,0,0,0,0,0,0
80409,0,1,0,0,0,23,0,32,0,0,0,0
80409,1,1,0,0,0,0,0,0,0,0,0,0
80410,1,1,33,33,33,33,33,33,33,33,33,33
80411,1,1,0,0,0,0,0,0,0,0,0,0
80411,2,1,0,0,0,0,0,0,0,0,0,0
80412,1,1,0,0,0,0,0,0,0,0,0,0
80412,2,1,0,0,0,0,0,0,0,0,0,0
80413,0,1,0,0,0,0,0,0,0,0,0,0
80413,1,1,0,0,0,0,0,0,0,0,0,0
80414,1,1,0,0,0,0,0,0,0,0,0,0
80414,2,1,0,0,0,0,0,12,0,0,0,0
80415,1,1,0,0,0,0,0,0,0,0,0,0
80415,2,1,0,0,0,0,0,0,0,0,0,0
80416,1,1,22,22,22,22,22,22,22,22,22,22
80417,1,1,0,0,0,0,0,0,0,0,0,0
80417,2,1,0,0,0,0,0,0,0,0,0,0
80418,1,1,0,0,0,0,0,0,0,0,0,0
80419,1,1,0,0,0,0,0,0,0,0,0,0
80420,1,1,0,0,0,0,0,0,0,0,0,0
80420,2,1,0,0,0,0,0,0,0,0,0,0
80421,1,1,0,0,0,0,0,0,0,0,0,0
80421,2,1,0,0,0,0,0,0,0,0,0,0
80422,1,1,0,0,0,0,0,0,0,0,0,0
80423,1,1,7,11,23,14,7,10,2,14,15,10
80424,1,1,0,0,0,0,0,0,0,0,0,38
80424,2,1,0,0,0,0,0,0,0,0,0,0
80425,1,1,22,22,22,22,22,22,22,22,22,22
80426,1,1,0,0,0,0,0,5,0,0,0,0
80426,2,1,0,0,0,0,0,0,0,0,0,0
80427,1,1,0,0,0,0,0,0,0,0,0,0
80427,2,1,0,0,0,0,0,0,0,0,0,0
80428,0,1,0,0,0,0,0,0,0,0,0,0
80428,1,1,0,0,0,0,0,0,0,0,0,0
80429,1,1,0,0,0,0,0,0,0,0,0,0
80429,2,1,0,0,0,0,0,0,0,0,0,0
80430,0,1,0,0,0,0,0,0,0,0,0,0
80430,1,1,0,0,0,0,0,0,0,0,0,0
80431,1,1,5,5,5,5,5,5,5,5,5,5
80432,1,1,14,14,14,14,14,14,14,14,14,14
80433,1,1,0,0,0,0,0,0,0,0,0,0
80433,2,1,0,0,0,0,0,0,0,0,0,0
80434,1,1,4,4,4,4,4,4,4,4,4,4
80435,0,1,0,0,0,0,0,0,0,0,0,0
80435,1,1,0,0,0,0,0,0,0,0,0,0
80436,1,1,0,0,0,0,0,0,0,0,0,0
80436,2,1,0,0,0,0,0,0,0,0,0,0
80437,1,1,0,0,0,0,0,0,0,0,0,0
80437,2,1,0,0,0,0,0,0,0,0,0,0
80437,3,1,0,0,0,0,0,0,0,0,0,0
80438,0,1,0,0,0,0,0,0,0,0,0,0
80438,1,1,0,0,0,0,0,0,0,0,0,0
80439,1,1,0,0,0,0,0,0,0,0,0,0
80439,2,1,0,0,0,0,16,0,0,0,0,0
80440,1,1,27,27,27,27,27,27,27,27,27,27
80441,1,1,0,0,0,0,0,0,0,0,0,0
80441,2,1,0,0,0,0,0,0,0,0,0,0
80442,1,1,18,18,18,18,18,18,18,18,18,18
80443,1,1,0,0,0,0,0,0,0,0,0,0
80444,1,1,0,0,0,0,0,0,0,0,0,0
80444,2,1,0,0,0,0,0,0,0,0,0,0
80444,3,1,0,0,0,0,0,0,0,0,0,0
80444,4,1,0,0,0,0,0,5,24,0,0,0
80445,1,1,0,0,0,0,0,0,0,0,0,0
80446,1,1,6,6,6,6,6,6,6,6,6,6
80447,1,1,0,0,0,0,0,0,0,0,0,0
80448,0,1,0,0,0,0,0,0,0,0,0,0
80448,1,1,0,0,0,0,0,15,0,0,0,0
80449,0,1,1,1,1,1,1,1,1,1,1,1
80449,1,1,0,0,0,0,0,0,0,0,0,0
80450,1,1,0,0,0,0,0,0,0,0,0,0
80450,2,1,0,0,0,0,0,0,0,0,0,0
80451,0,1,0,0,0,0,0,0,0,0,0,0
80451,1,1,0,0,0,0,0,0,0,0,0,0
80452,1,1,6,6,6,6,6,6,6,6,6,6
80453,0,1,10,10,10,10,10,10,10,10,10,10
80453,1,1,0,0,0,0,0,0,0,0,0,0
80454,1,1,0,0,0,0,0,0,0,0,0,0
80454,2,1,0,0,0,0,0,0,0,0,0,0
80455,1,1,0,0,0,0,0,0,0,0,0,0
80455,2,1,0,0,0,0,0,0,0,0,0,0
80456,1,1,10,10,10,10,10,10,10,10,10,10
80456,2,1,0,0,0,0,0,13,0,0,0,0
80457,1,1,31,31,31,31,31,31,31,31,31,31
80457,2,1,0,0,0,0,0,0,0,0,0,0