ST_CASE,VEH_NO,PER_NO,P1,P2,P3,P4,P5,P6,P7,P8,P9,P10
80458,1,1,0,0,0,0,0,0,0,0,0,0
80459,0,1,23,23,23,23,23,23,23,23,23,23
80459,1,1,0,0,0,0,0,0,0,0,21,0
80460,1,1,32,32,32,32,32,32,32,32,32,32
80461,1,1,0,0,0,0,0,0,0,0,0,0
80461,2,1,0,0,0,0,0,0,0,0,0,0
80461,3,1,0,0,0,0,0,0,0,0,0,0
80462,1,1,0,0,0,0,0,0,0,0,0,0
80462,2,1,0,0,0,0,0,0,0,0,0,0
80462,3,1,0,26,0,0,0,22,0,0,0,0
80462,4,1,0,0,0,0,0,0,0,0,0,0
80462,5,1,21,0,0,0,0,0,0,0,0,0
80463,1,1,0,0,0,0,0,0,0,0,0,0
80463,2,1,0,0,0,0,0,0,0,0,0,0
80464,1,1,0,0,0,0,0,0,0,0,0,0
80464,2,1,0,0,0,0,0,0,0,0,0,0
80464,3,1,0,0,0,0,0,0,0,0,0,0
80465,1,1,0,0,0,0,0,0,0,0,0,0
80465,2,1,0,0,0,0,0,0,0,0,0,0
80466,1,1,0,0,0,0,0,0,0,0,0,0
80467,1,1,19,19,19,19,19,19,19,19,19,19
80468,0,1,38,38,38,38,38,38,38,38,38,38
80468,1,1,0,0,0,0,0,0,0,0,0,0
80469,0,1,0,0,0,0,0,0,0,0,0,0
80469,1,1,0,0,0,0,0,0,0,0,0,0
80470,1,1,10,10,10,10,10,10,10,10,10,10
80471,0,1,21,21,21,21,21,21,21,21,21,21
80471,0,2,14,16,12,0,40,29,0,32,26,0
80471,1,1,14,0,10,0,0,0,0,0,0,0
80472,1,1,0,0,0,0,12,0,0,0,0,0
80472,2,1,0,0,0,0,0,0,0,0,0,0
80473,1,1,1,1,1,1,1,1,1,1,1,1
80474,0,1,31,31,31,31,31,31,31,31,31,31
80474,1,1,14,0,0,0,0,0,0,0,0,0
80475,1,1,0,0,0,0,0,0,0,0,0,0
80476,1,1,0,0,0,0,0,0,0,0,0,0
80476,2,1,0,0,26,0,15,0,0,0,0,0
80476,3,1,0,0,0,0,0,0,0,0,0,0
80477,0,1,19,19,19,19,19,19,19,19,19,19
80477,1,1,0,0,0,0,0,0,0,0,0,0
80478,1,1,0,0,0,0,0,0,0,0,0,0
80479,1,1,0,0,0,0,0,0,0,0,0,0
80479,2,1,0,0,0,0,0,0,0,0,0,0
80480,1,1,16,16,16,16,16,16,16,16,16,16
80480,2,1,0,0,0,0,0,0,0,0,0,0
80481,1,1,0,0,0,0,0,0,0,0,0,0
80481,2,1,0,0,0,0,0,0,0,0,0,0
80482,0,1,0,0,19,0,19,0,0,5,0,0
80483,1,1,29,29,29,29,29,29,29,29,29,29
80483,2,1,0,0,0,0,0,0,0,0,0,0
80484,1,1,0,0,0,0,0,0,0,0,0,0
80484,2,1,0,0,0,0,0,0,0,0,0,0
80485,1,1,0,21,0,0,0,0,0,0,0,0
80485,2,1,0,0,0,0,0,0,0,6,0,0
80485,3,1,0,0,0,0,0,0,0,0,0,0
80486,0,1,0,0,0,0,0,0,0,0,0,0
80486,1,1,0,0,0,0,0,0,0,0,0,0
80487,1,1,0,0,0,0,0,0,0,0,0,0
80488,1,1,13,0,0,0,0,0,0,0,0,0
80488,2,1,0,0,0,0,0,0,0,0,0,0
80488,3,1,0,0,0,0,0,0,0,0,0,0
80489,1,1,0,0,0,0,0,0,0,0,0,0
80490,0,1,0,0,0,0,0,0,0,0,0,0
80490,1,1,13,0,0,0,0,0,11,0,0,0
80491,1,1,0,0,0,0,0,0,0,0,0,0
80491,2,1,0,0,0,0,0,0,0,0,0,0
80491,3,1,0,0,0,0,0,0,0,0,0,0
80492,1,1,0,0,0,0,0,0,0,0,0,0
80493,1,1,0,0,0,0,0,0,0,0,0,0
80494,0,1,0,0,0,0,0,0,0,0,0,0
80494,1,1,0,0,0,0,0,0,0,0,0,0
80495,0,1,18,18,18,18,18,18,18,18,18,18
80495,1,1,0,0,0,0,0,0,0,0,28,0
80496,0,1,0,0,0,0,0,0,0,0,0,0
80496,1,1,2,2,2,2,2,2,2,2,2,2
80497,0,1,3,3,3,3,3,3,3,3,3,3
80497,1,1,0,0,0,0,13,0,0,0,0,0
80498,1,1,0,0,0,0,9,0,0,0,0,0
80499,1,1,0,0,0,0,0,0,0,0,0,0
80499,2,1,0,0,0,0,0,0,0,0,0,0
80500,1,1,0,0,0,0,0,0,0,0,0,0
80500,2,1,0,0,0,0,0,0,0,0,0,0
80501,0,1,0,0,0,0,0,0,0,0,0,0
80501,1,1,0,0,0,0,0,0,0,0,0,0
80502,0,1,0,0,0,0,0,0,0,0,0,0
80502,1,1,0,0,0,0,0,0,0,0,0,0
80503,0,1,10,23,9,52,29,30,4,17,0,40
80503,1,1,0,0,0,0,0,0,0,0,0,0
80504,1,1,18,18,18,18,18,18,18,18,18,18
80505,1,1,0,0,0,0,0,0,0,0,0,0
80506,0,1,0,0,0,0,0,0,0,0,0,0
80506,1,1,0,0,0,0,0,0,0,0,0,0
80507,0,1,0,0,0,0,0,0,0,0,0,0
80507,1,1,0,0,0,0,0,0,0,0,0,0
80508,1,1,0,0,0,0,0,0,0,0,0,0
80508,2,1,0,0,0,0,0,0,0,0,0,0
80509,1,1,25,25,25,25,25,25,25,25,25,25
80510,1,1,0,0,0,13,0,18,0,0,0,0
80511,1,1,0,0,0,0,0,0,0,0,0,0
80511,2,1,0,0,0,0,0,0,0,0,0,0
80512,0,1,0,0,0,0,29,0,0,0,0,15
80512,1,1,0,0,0,0,0,0,0,0,0,0
80513,1,1,0,0,0,0,0,0,0,0,0,0
80513,2,1,0,0,0,0,0,0,0,0,0,0
80513,3,1,0,0,0,0,0,0,0,0,0,0
80514,1,1,0,0,0,0,0,0,0,0,0,0
80515,1,1,1,1,1,1,1,1,1,1,1,1
80516,0,1,18,18,18,18,18,18,18,18,18,18
80516,1,1,0,0,0,0,0,0,0,0,0,0
80517,1,1,21,0,0,0,0,19,0,0,0,0
80517,2,1,0,15,0,0,0,0,0,0,0,0
80517,3,1,0,0,0,0,0,0,25,0,0,0
80518,1,1,0,20,17,0,15,27,15,21,23,3
80518,2,1,0,0,0,0,0,0,0,0,0,0
80519,1,1,9,9,9,9,9,9,9,9,9,9
80519,2,1,0,0,0,12,0,0,0,0,0,0
80520,1,1,27,27,27,27,27,27,27,27,27,27
80521,0,1,0,0,0,0,0,0,0,0,0,0
80521,1,1,0,30,0,0,0,0,0,0,0,0
80522,1,1,1,1,1,1,1,1,1,1,1,1
80523,1,1,0,0,0,0,0,0,0,0,0,0
80523,2,1,0,0,22,0,7,0,0,0,0,0
80524,0,1,0,0,0,0,0,0,0,0,0,0
80524,1,1,0,0,0,0,0,0,0,0,0,0
80524,2,1,0,0,0,0,0,0,0,0,0,0
80524,3,1,0,0,0,0,0,0,0,0,0,0
80525,1,1,0,0,0,0,0,0,0,0,0,0
80526,0,1,0,0,0,0,0,0,0,0,0,0
80526,1,1,0,0,0,0,0,0,0,0,0,0
80527,1,1,0,0,0,0,0,0,0,0,0,0
80527,2,1,0,0,0,0,0,0,0,0,0,0
80528,1,1,0,0,0,0,0,0,21,0,0,0
80528,2,1,0,0,0,0,0,0,0,0,0,0
80529,1,1,37,0,0,0,0,11,0,0,0,0
80530,1,1,0,0,0,0,0,0,0,0,0,0
80531,1,1,21,21,21,21,21,21,21,21,21,21
80532,1,1,12,12,12,12,12,12,12,12,12,12
80533,0,1,28,28,28,28,28,28,28,28,28,28
80533,1,1,15,0,0,0,0,13,0,0,0,0
80534,0,1,5,5,5,5,5,5,5,5,5,5
80534,1,1,0,0,0,0,0,0,0,0,0,0
80535,1,1,0,0,0,0,0,0,0,0,0,0
80535,2,1,0,0,0,0,0,0,0,0,0,0
80535,3,1,0,0,0,0,0,0,0,0,0,0
80535,4,1,0,0,0,0,0,0,0,0,0,0
80536,0,1,30,30,30,30,30,30,30,30,30,30
80536,1,1,0,0,0,0,0,0,0,0,0,0
80537,1,1,0,0,0,0,0,0,0,0,0,0
80537,2,1,0,0,0,0,0,0,0,0,0,0
80538,1,1,0,0,0,0,0,0,0,0,0,0
80539,0,1,0,0,0,0,0,0,0,0,0,0
80539,1,1,0,7,0,0,0,0,0,0,0,0
80540,1,1,0,0,0,0,8,0,0,11,0,16
80541,1,1,23,23,23,23,23,23,23,23,23,23
80542,0,1,0,0,0,19,0,0,20,0,0,0
80542,1,1,35,35,35,35,35,35,35,35,35,35
80543,1,1,0,0,0,0,0,0,0,0,0,0
80543,2,1,0,25,0,0,0,0,0,0,0,0
80543,3,1,0,0,0,0,0,0,0,0,0,0
80544,1,1,0,0,0,0,0,0,0,0,0,0
80544,2,1,0,0,0,0,0,0,0,0,0,0
80545,1,1,0,0,0,0,0,0,0,0,0,0
80545,2,1,0,0,0,0,0,0,0,0,0,0
80546,1,1,10,10,10,10,10,10,10,10,10,10
80547,1,1,0,0,0,0,0,0,0,0,0,0
80548,1,1,0,0,0,0,0,0,0,0,0,20
80548,2,1,0,0,0,0,0,0,0,0,0,0
80549,1,1,17,17,17,17,17,17,17,17,17,17
80549,2,1,4,0,0,0,6,0,0,0,0,23
80550,1,1,0,0,0,13,0,0,0,0,0,0
80551,1,1,0,0,0,0,0,0,0,0,0,0
80552,1,1,0,0,0,0,0,0,0,0,0,0
80552,2,1,0,0,0,0,0,0,0,0,0,0
80552,3,1,0,0,0,0,0,0,0,0,0,0
80552,4,1,19,0,0,0,0,0,0,0,0,0
80552,5,1,0,0,0,0,0,0,0,0,0,0
80553,1,1,15,0,8,0,5,10,14,13,14,0
80553,2,1,0,0,0,0,0,0,0,0,0,0
80554,1,1,0,0,0,0,0,0,0,0,0,0
80555,1,1,0,0,0,0,0,0,0,0,0,0
80556,0,1,22,22,22,22,22,22,22,22,22,22
80556,1,1,11,9,14,6,12,7,8,7,16,22
80557,1,1,0,0,0,0,0,0,0,0,0,0
80557,2,1,0,25,0,0,0,0,0,0,0,0
80558,1,1,13,14,17,7,0,0,13,14,15,13
80558,2,1,0,9,0,0,0,0,0,13,0,0
80558,3,1,0,0,0,0,0,0,0,0,0,0
80559,1,1,22,18,23,14,0,28,31,4,33,0
80559,2,1,0,0,0,0,0,0,0,0,0,0
90001,1,1,0,0,0,0,0,0,0,0,0,0
90001,2,1,0,0,0,0,0,0,0,0,0,0
90001,3,1,0,0,0,0,0,0,0,0,0,0
90001,4,1,0,0,0,0,0,0,16,20,0,0
90001,5,1,0,0,0,0,0,0,0,0,0,0
90002,1,1,0,0,0,0,0,0,0,0,0,0
90003,1,1,0,0,0,0,0,0,0,0,0,0
90003,2,1,12,0,0,0,0,0,0,0,0,0
90003,3,1,0,0,0,0,0,0,12,0,0,0
90004,1,1,0,0,9,0,0,0,2,6,0,0
90005,1,1,0,0,15,0,0,0,0,0,0,0
90005,2,1,39,39,39,39,39,39,39,39,39,39
90006,1,1,14,0,0,0,0,0,0,0,9,30
90007,1,1,11,11,11,11,11,11,11,11,11,11
90007,2,1,0,0,0,0,0,0,0,0,0,0
90007,3,1,17,0,0,0,0,0,0,0,0,0
90008,1,1,21,21,21,21,21,21,21,21,21,21
90008,2,1,12,13,0,0,0,0,0,0,10,0
90009,1,1,22,22,22,22,22,22,22,22,22,22
90010,0,1,0,0,0,0,0,0,0,0,0,0
90010,1,1,0,0,0,0,0,0,0,0,0,0
90011,1,1,0,0,0,0,0,0,0,0,0,0
90013,0,1,0,0,0,0,0,0,0,0,0,0
90013,2,1,27,0,0,0,0,0,0,0,0,0
90014,1,1,0,0,0,0,0,0,0,0,0,0
90015,0,1,7,7,7,7,7,7,7,7,7,7
90015,1,1,0,0,0,0,25,0,0,0,18,0
90016,0,1,0,0,0,0,0,0,0,0,0,0
90016,1,1,0,11,8,16,0,0,13,0,16,0
90017,1,1,20,20,20,20,20,20,20,20,20,20
90018,1,1,21,21,21,21,21,21,21,21,21,21
90019,1,1,41,0,15,0,0,29,6,15,18,0
90020,1,1,0,0,0,0,0,0,0,0,0,0
90021,1,1,22,22,22,22,22,22,22,22,22,22
90022,1,1,23,23,23,23,23,23,23,23,23,23
90023,1,1,0,0,0,0,0,0,0,0,0,0
90024,1,1,0,0,0,0,0,0,0,0,0,0
90025,1,1,21,0,0,0,0,0,0,0,0,0
90025,2,1,0,0,0,0,0,13,0,0,0,0
90026,0,1,9,9,9,9,9,9,9,9,9,9
90026,1,1,7,18,20,18,0,13,6,9,19,7
90027,0,1,0,0,0,0,0,0,0,0,0,0
90027,1,1,0,0,0,0,0,0,10,0,0,0
90028,1,1,0,0,0,0,0,0,0,0,0,0
90028,2,1,6,6,6,6,6,6,6,6,6,6
90029,0,1,2,2,2,2,2,2,2,2,2,2
90029,1,1,0,0,0,0,0,0,0,0,0,0
90030,1,1,14,14,14,14,14,14,14,14,14,14
90031,1,1,15,15,15,15,15,15,15,15,15,15
90032,0,1,0,0,0,0,0,0,0,0,0,0
90032,1,1,0,6,0,0,0,22,0,9,0,0
90033,1,1,0,15,10,13,0,0,0,0,0,0
90033,2,1,0,0,0,0,0,0,0,0,0,0
90034,1,1,10,0,0,0,9,0,0,0,0,0
90035,1,1,3,3,3,3,3,3,3,3,3,3
90036,1,1,15,15,15,15,15,15,15,15,15,15
90037,1,1,27,27,27,27,27,27,27,27,27,27
90038,1,1,0,0,0,0,0,0,0,0,0,0
90038,2,1,0,0,0,0,0,0,0,0,0,0
90039,1,1,0,0,0,0,0,0,0,0,0,0
90040,1,1,13,13,13,13,13,13,13,13,13,13
90041,1,1,0,0,0,0,0,0,0,0,0,0
90041,2,1,0,0,0,0,0,0,0,0,0,0
90042,1,1,12,12,12,12,12,12,12,12,12,12
90043,0,1,0,0,0,0,0,0,0,0,0,0
90043,1,1,0,21,0,0,0,0,0,0,0,0
90044,1,1,0,0,0,0,0,0,0,22,0,0
90044,2,1,0,0,0,0,0,0,0,0,0,0
90045,0,1,0,0,0,0,0,0,0,0,0,0
90045,1,1,0,0,0,0,0,0,0,0,0,0
90046,1,1,0,0,0,0,0,0,0,0,0,0
90047,1,1,0,0,0,0,0,0,0,0,0,0
90047,2,1,0,0,0,38,0,0,0,0,0,0
90047,3,1,0,0,0,0,0,0,0,0,0,0
90048,1,1,7,0,0,18,0,0,0,11,0,14
90048,2,1,19,0,0,0,0,0,0,4,0,0
90049,0,1,0,0,0,0,0,0,0,0,0,0
90049,1,1,0,0,0,0,0,0,0,0,0,0
90050,1,1,0,0,0,0,0,0,0,0,0,0
90051,1,1,16,16,16,16,16,16,16,16,16,16
90052,0,1,27,27,27,27,27,27,27,27,27,27
90052,1,1,0,0,0,0,0,16,0,0,0,0
90053,1,1,0,0,0,0,0,0,0,0,0,0
90054,1,1,0,0,0,0,0,0,0,0,0,0
90054,2,1,0,0,0,0,0,0,0,0,0,0
90054,3,1,0,0,0,0,0,0,0,0,0,0
90055,1,1,0,0,0,0,0,0,0,0,0,0
90056,0,1,22,22,22,22,22,22,22,22,22,22
90056,1,1,0,9,26,23,0,0,21,0,0,0
90057,0,1,25,0,0,0,19,0,35,0,0,0
90058,0,1,23,23,23,23,23,23,23,23,23,23
90058,1,1,0,0,0,0,0,0,0,0,0,0
90059,1,1,12,12,12,12,12,12,12,12,12,12
90060,1,1,0,0,0,0,0,0,0,0,0,0
90060,2,1,0,0,0,0,0,0,0,0,5,0
90061,1,1,0,27,13,0,0,0,0,0,0,0
90061,2,1,6,6,6,6,6,6,6,6,6,6
90062,1,1,10,0,23,11,0,22,0,15,16,0
90062,2,1,0,0,11,18,0,26,0,0,0,0
90063,0,1,20,20,20,20,20,20,20,20,20,20
90063,1,1,0,0,4,0,0,0,0,10,0,0
90064,0,1,23,23,23,23,23,23,23,23,23,23
90064,1,1,0,0,0,0,17,0,13,0,15,0
90065,1,1,3,3,3,3,3,3,3,3,3,3
90065,2,1,4,4,4,4,4,4,4,4,4,4
90066,0,1,23,23,23,23,23,23,23,23,23,23
90066,1,1,0,0,0,0,0,0,0,0,0,0
90067,0,1,0,0,0,0,0,0,0,0,0,0
90067,1,1,0,0,14,0,21,0,0,0,0,0
90068,1,1,0,0,0,0,0,0,0,0,0,0
90069,0,1,0,0,0,0,0,0,0,0,0,0
90069,0,2,0,0,0,0,0,0,0,0,0,0
90069,1,1,0,0,0,0,0,0,0,0,0,0
90070,1,1,0,0,0,0,0,0,0,0,0,0
90071,2,1,0,0,0,0,0,0,0,0,0,0
90072,0,1,0,0,0,0,0,0,0,0,0,0
90072,1,1,0,0,0,0,0,0,0,0,0,0
90073,0,1,0,0,0,0,0,0,0,0,0,0
90073,1,1,0,0,0,13,0,0,0,0,0,0
90074,1,1,19,19,19,19,19,19,19,19,19,19
90075,0,1,0,0,0,0,0,0,0,0,0,0
90075,1,1,0,0,0,0,0,0,0,0,0,0
90076,1,1,0,22,13,0,16,11,14,0,7,0
90076,2,1,0,0,0,0,16,0,0,21,0,24
90077,1,1,0,0,0,0,0,0,0,0,0,0
90077,2,1,0,0,0,0,0,0,0,0,0,0
90078,1,1,32,0,11,0,0,0,3,20,0,14
90078,2,1,10,8,0,0,0,17,0,16,0,0
90079,1,1,0,0,0,0,0,0,0,0,0,0
90079,2,1,0,13,0,0,0,0,0,0,7,0
90079,3,1,0,0,0,0,0,0,0,0,0,0
90080,1,1,25,9,0,28,17,16,11,14,20,14
90080,2,1,0,0,0,0,0,0,0,0,0,0
90080,3,1,0,0,0,0,35,0,0,0,0,0
90081,1,1,16,16,16,16,16,16,16,16,16,16
90082,1,1,0,0,0,0,0,0,0,0,0,0
90082,2,1,0,0,0,0,0,0,0,0,0,0
90083,1,1,2,0,0,0,13,10,0,0,0,0
90083,2,1,0,0,0,0,0,0,0,0,0,0
90084,1,1,17,17,17,17,17,17,17,17,17,17
90084,2,1,5,5,5,5,5,5,5,5,5,5
90085,1,1,0,21,20,0,20,0,0,0,32,0
90086,1,1,1,1,1,1,1,1,1,1,1,1
90086,2,1,0,47,8,0,30,18,4,0,14,17
90087,1,1,0,0,0,17,0,0,0,0,4,9
90087,2,1,0,0,0,0,0,0,0,0,0,0
90088,1,1,11,11,11,11,11,11,11,11,11,11
90089,1,1,13,13,13,13,13,13,13,13,13,13
90090,1,1,29,29,29,29,29,29,29,29,29,29
90090,2,1,0,0,0,0,0,0,0,0,0,0
90091,1,1,0,0,0,0,0,16,24,0,0,0
90091,2,1,0,1,16,13,16,3,5,8,16,7
90092,1,1,0,0,0,0,0,0,0,0,0,0
90093,1,1,0,0,0,0,0,0,0,0,0,0
90093,2,1,0,0,0,0,0,0,0,0,0,0
90094,1,1,21,21,21,21,21,21,21,21,21,21
90094,2,1,0,0,0,0,0,0,0,0,0,0
90095,1,1,0,0,9,0,9,19,0,0,19,15
90095,2,1,0,0,0,0,0,0,0,0,0,0
90096,1,1,0,0,0,0,0,0,0,0,0,0
90096,2,1,36,25,10,11,20,28,16,21,8,23
90097,0,1,15,15,15,15,15,15,15,15,15,15
90097,1,1,0,0,0,0,0,0,0,0,0,0
90098,0,1,23,3,14,0,0,14,0,5,24,19
90098,1,1,0,0,14,7,0,0,15,0,0,0
90099,1,1,0,0,0,0,0,0,0,0,0,0
90100,1,1,0,0,0,0,0,0,0,0,0,0
90100,2,1,0,0,0,0,0,0,0,0,0,0
90100,3,1,0,0,0,0,0,0,0,0,0,0
90101,1,1,0,0,0,0,0,0,0,0,0,0
90101,2,1,0,24,0,0,0,0,0,0,0,23
90101,3,1,0,11,0,0,0,5,0,0,0,0
90102,1,1,0,0,0,0,0,0,0,0,0,0
90102,2,1,0,0,0,0,0,0,0,0,0,0
90103,1,1,0,0,0,0,0,0,0,0,0,0
90104,1,1,0,0,0,0,0,0,0,0,0,0
90104,2,1,0,0,0,0,0,0,0,0,0,0
90105,1,1,16,16,16,16,16,16,16,16,16,16
90106,1,1,0,0,0,0,0,0,0,0,0,15
90106,2,1,0,0,20,16,0,0,22,0,0,7
90107,1,1,0,0,0,0,0,0,0,0,0,0
90107,2,1,0,0,0,0,0,0,0,0,0,0
90108,0,1,14,0,19,0,0,0,8,0,0,0
90108,1,1,0,0,0,0,0,0,0,0,0,0
90109,1,1,22,22,22,22,22,22,22,22,22,22
90110,1,1,0,0,0,0,0,0,0,0,0,0
90110,2,1,0,0,0,0,0,0,0,0,0,0
90111,0,1,0,0,0,0,0,0,0,0,0,0
90111,1,1,0,28,0,0,21,0,14,0,0,6
90112,0,1,0,0,0,0,0,0,0,0,0,0
90112,1,1,0,0,0,0,6,0,0,0,0,0
90113,1,1,0,0,0,0,0,0,0,0,0,0
90114,0,1,0,0,0,0,0,0,0,0,0,0
90114,1,1,0,0,0,0,0,0,0,0,5,0
90115,1,1,0,0,0,0,0,0,0,0,0,0
90115,2,1,0,0,0,0,0,0,0,0,0,0
90116,1,1,5,5,5,5,5,5,5,5,5,5
90117,1,1,2,2,2,2,2,2,2,2,2,2
90118,1,1,27,27,27,27,27,27,27,27,27,27
90119,1,1,28,28,28,28,28,28,28,28,28,28
90120,1,1,0,0,0,0,0,0,0,0,0,0
90120,2,1,9,9,9,9,9,9,9,9,9,9
90121,1,1,0,0,0,13,26,0,0,15,0,0
90121,2,1,0,0,0,0,0,0,0,0,0,0
90122,1,1,0,0,0,0,0,0,0,0,0,0
90123,1,1,0,0,0,0,0,0,0,0,0,0
90124,1,1,0,0,0,0,0,0,0,0,0,0
90125,1,1,14,0,0,11,18,0,0,13,0,27
90125,2,1,31,3,7,21,16,24,14,8,9,3
90126,1,1,0,8,0,0,0,16,0,20,0,41
90127,1,1,0,0,0,0,0,0,0,0,0,0
90127,2,1,0,0,0,0,0,0,0,0,0,0
90128,1,1,0,30,0,0,0,0,0,0,8,25
90128,2,1,0,0,0,0,0,0,0,0,0,0
90129,1,1,0,0,0,0,14,0,20,0,0,0
90130,0,1,3,20,11,28,0,6,0,0,0,0
90130,0,2,18,18,18,18,18,18,18,18,18,18
90130,1,1,0,0,0,0,11,0,14,0,0,0
90131,1,1,4,15,14,10,0,21,0,0,0,17
90132,1,1,0,0,0,13,0,0,0,0,0,0
90132,2,1,0,0,0,0,15,0,0,0,23,0
90132,3,1,20,20,20,20,20,20,20,20,20,20
90133,1,1,0,0,0,0,0,0,0,0,0,0
90133,2,1,0,0,0,0,0,0,0,0,0,0
90134,1,1,0,0,18,22,19,0,0,0,0,0
90134,2,1,26,26,26,26,26,26,26,26,26,26
90135,1,1,14,0,0,0,0,0,0,0,0,0
90136,1,1,0,0,0,0,0,0,0,0,0,0
90137,1,1,17,17,17,17,17,17,17,17,17,17
90138,1,1,17,17,17,17,17,17,17,17,17,17
90139,1,1,24,24,24,24,24,24,24,24,24,24
90140,1,1,7,7,7,7,7,7,7,7,7,7
90141,1,1,1,1,1,1,1,1,1,1,1,1
90142,0,1,33,0,0,0,0,0,0,0,0,0
90142,1,1,0,0,0,0,0,0,5,18,0,0
90143,1,1,10,10,10,10,10,10,10,10,10,10
90143,2,1,0,0,0,0,0,0,0,0,8,0
90144,1,1,0,15,9,0,0,9,23,20,14,10
90145,1,1,16,16,16,16,16,16,16,16,16,16
90146,1,1,0,0,0,0,0,0,0,0,0,0
90147,0,1,0,0,0,0,0,0,0,0,0,0
90147,1,1,0,10,19,0,0,0,0,0,10,0
90148,1,1,0,0,0,0,0,0,0,0,0,0
90148,2,1,14,0,0,31,0,0,0,0,0,0
90149,1,1,6,0,8,26,2,0,0,0,0,6
90150,1,1,12,0,0,0,0,0,0,0,0,0
90150,2,1,0,0,0,0,2,0,0,0,0,0
90151,1,1,0,7,0,22,0,0,26,0,0,9
90151,2,1,0,0,0,8,0,12,0,0,27,2
90152,1,1,1,1,1,1,1,1,1,1,1,1
90153,1,1,10,10,10,10,10,10,10,10,10,10
90153,2,1,17,17,17,17,17,17,17,17,17,17
90154,1,1,0,0,0,0,0,0,0,0,0,0
90155,1,1,8,15,12,4,37,0,0,12,0,31
90155,2,1,0,0,0,0,0,0,0,0,0,0
90155,3,1,16,11,0,0,0,0,8,0,31,0
90155,4,1,0,21,6,4,0,20,20,7,18,12
90155,5,1,0,0,0,0,0,0,0,0,0,0
90156,0,1,0,0,0,0,0,0,0,0,0,0
90156,0,2,0,0,0,0,27,25,0,0,0,0
90156,1,1,0,0,0,0,0,0,0,0,0,0
90157,0,1,1,1,1,1,1,1,1,1,1,1
90157,1,1,0,0,0,0,0,0,0,0,0,0
90158,1,1,0,0,0,0,0,0,0,0,0,0
90160,1,1,13,13,13,13,13,13,13,13,13,13
90161,1,1,12,12,12,12,12,12,12,12,12,12
90162,1,1,8,8,8,8,8,8,8,8,8,8
90162,2,1,0,15,13,0,0,0,9,12,29,9
90162,3,1,0,0,0,0,0,0,0,0,0,0
90163,1,1,0,23,0,0,0,0,0,0,0,0
90164,1,1,27,0,0,0,6,0,0,0,21,20
90164,2,1,0,0,0,0,0,0,0,0,0,0
90165,1,1,0,0,0,0,0,0,0,15,20,0
90166,1,1,0,0,0,0,0,0,0,0,0,0
90166,2,1,18,5,6,11,0,10,17,16,0,19
90167,1,1,0,0,0,0,0,0,0,0,0,0
90167,2,1,0,0,0,0,0,0,0,0,0,0
90167,3,1,0,0,0,0,0,0,0,0,0,0
90168,1,1,8,8,8,8,8,8,8,8,8,8
90168,2,1,0,0,0,0,0,0,0,0,0,0
90169,1,1,0,0,0,0,12,0,6,0,11,0
90170,1,1,0,0,0,0,0,0,0,0,0,0
90170,2,1,0,0,0,0,0,0,0,0,0,0
90170,3,1,0,0,0,0,0,0,0,0,0,0
90170,4,1,0,0,0,0,0,0,0,0,0,0
90170,5,1,0,0,0,0,0,0,0,0,0,0
90171,1,1,0,0,0,17,0,0,15,12,8,28
90172,0,1,26,26,26,26,26,26,26,26,26,26
90172,1,1,0,0,12,12,0,5,0,0,0,0
90173,1,1,18,18,18,18,18,18,18,18,18,18
90174,1,1,0,0,0,0,0,0,0,0,0,0
90175,1,1,0,25,0,20,30,0,0,0,20,0
90175,2,1,0,33,0,21,0,0,0,6,0,0
90175,3,1,0,0,0,0,0,0,10,0,12,4
90175,4,1,0,16,0,0,0,0,20,0,0,0
90176,1,1,0,0,0,0,0,0,0,0,0,0
90177,0,1,0,25,0,32,48,0,0,41,0,21
90177,0,2,0,0,0,0,0,0,0,0,0,0
90177,1,1,0,0,0,0,0,0,0,42,8,0
90178,1,1,15,0,0,0,27,0,0,0,0,0
90179,1,1,0,0,0,0,0,0,0,0,0,0
90179,2,1,0,2,0,0,0,0,0,0,0,11
90179,3,1,16,0,0,0,3,0,0,14,0,0
90180,1,1,0,0,0,0,0,0,5,0,0,0
90181,0,1,0,0,0,0,0,0,0,0,0,0
90181,1,1,0,8,0,0,0,0,0,0,0,29
90182,0,1,0,0,0,9,0,0,9,0,0,0
90182,1,1,0,0,8,14,9,0,0,22,0,0
90183,1,1,0,0,14,0,0,25,27,0,0,6
90183,2,1,0,0,0,0,0,0,0,0,0,0
90183,3,1,7,0,0,0,17,0,0,19,0,8
90184,1,1,0,0,0,22,0,0,0,12,11,5
90185,1,1,16,16,16,16,16,16,16,16,16,16
90186,0,1,37,37,37,37,37,37,37,37,37,37
90186,1,1,0,0,0,0,0,0,0,0,11,0
90187,1,1,0,0,0,0,0,0,0,0,0,0
90187,2,1,0,0,0,0,0,0,0,16,0,0
90187,3,1,0,0,0,0,0,0,0,0,0,0
90188,1,1,0,0,0,0,0,0,0,0,0,0
90188,2,1,0,0,0,0,0,0,0,0,0,0
90188,3,1,0,0,0,0,0,0,0,0,0,0
90189,1,1,0,0,0,0,14,0,0,0,0,0
90189,2,1,0,0,0,0,0,0,0,0,0,0
90189,3,1,0,0,13,0,18,0,0,0,7,0
90189,4,1,0,0,13,0,0,0,16,0,0,0
90190,0,1,0,0,0,0,0,0,0,0,0,0
90190,1,1,0,0,14,0,0,14,0,27,0,0
90191,1,1,0,0,0,0,0,0,0,0,0,0
90191,2,1,0,0,0,0,0,0,0,0,0,0
90192,1,1,1,1,1,1,1,1,1,1,1,1
90193,1,1,0,0,0,0,0,0,18,0,0,0
90193,2,1,0,0,0,0,0,0,0,0,0,0
90194,1,1,0,0,9,18,24,12,17,7,26,3
90195,1,1,15,15,15,15,15,15,15,15,15,15