ST_CASE,VEH_NO,PER_NO,P1,P2,P3,P4,P5,P6,P7,P8,P9,P10
120067,2,1,0,0,0,0,0,0,0,0,0,0
120068,1,1,0,0,0,0,0,0,0,0,0,0
120068,2,1,0,0,0,0,0,0,0,0,0,0
120069,1,1,4,10,8,12,6,5,19,16,5,14
120069,2,1,0,0,0,0,0,0,0,0,0,0
120070,1,1,12,12,12,12,12,12,12,12,12,12
120070,2,1,13,13,13,13,13,13,13,13,13,13
120071,1,1,0,0,0,0,0,0,0,0,0,9
120071,2,1,0,0,0,0,0,0,0,0,0,0
120071,3,1,0,0,0,0,0,0,0,0,0,0
120072,1,1,0,0,0,0,0,0,0,0,0,0
120072,2,1,0,0,0,0,0,0,0,0,0,0
120073,1,1,0,17,22,9,6,0,0,0,0,0
120073,2,1,0,0,0,0,0,28,0,0,0,17
120075,1,1,0,0,0,0,12,0,0,0,0,0
120075,2,1,0,0,21,0,15,26,0,0,0,0
120075,3,1,0,0,0,0,0,0,0,0,0,0
120076,1,1,19,19,19,19,19,19,19,19,19,19
120078,1,1,19,19,19,19,19,19,19,19,19,19
120079,1,1,17,17,17,17,17,17,17,17,17,17
120080,1,1,19,19,19,19,19,19,19,19,19,19
120080,2,1,0,0,0,0,0,0,0,0,0,0
120080,3,1,0,0,0,0,0,0,0,0,0,0
120080,4,1,0,0,0,0,0,0,0,0,0,0
120081,1,1,0,0,0,0,0,0,0,0,0,0
120081,2,1,8,0,7,0,0,0,0,0,0,0
120081,3,1,9,0,0,0,0,0,0,0,0,0
120082,1,1,0,0,0,0,0,0,0,0,0,0
120082,2,1,0,9,0,0,0,0,0,10,0,0
120083,1,1,16,16,16,16,16,16,16,16,16,16
120084,1,1,14,14,14,14,14,14,14,14,14,14
120085,1,1,0,0,0,0,0,0,0,0,0,0
120085,2,1,0,0,0,0,0,0,0,0,0,0
120086,1,1,0,0,0,0,0,0,0,0,0,0
120087,1,1,0,0,0,13,0,0,18,0,0,0
120087,2,1,0,0,0,23,0,0,0,0,0,5
120088,1,1,0,0,0,0,0,0,0,0,0,0
120089,1,1,24,24,24,24,24,24,24,24,24,24
120089,2,1,0,23,5,0,0,17,7,14,0,0
120090,1,1,1,1,1,1,1,1,1,1,1,1
120092,1,1,0,0,0,0,0,16,15,0,0,0
120092,2,1,5,5,5,5,5,5,5,5,5,5
120093,1,1,0,0,0,0,0,0,0,0,0,0
120093,2,1,0,23,0,15,0,0,0,0,0,0
120094,1,1,0,0,0,0,0,0,0,0,0,0
120095,1,1,12,12,12,12,12,12,12,12,12,12
120096,1,1,0,0,16,0,0,0,0,0,0,0
120096,2,1,0,0,0,0,0,0,0,0,0,0
120097,1,1,17,17,17,17,17,17,17,17,17,17
120098,1,1,18,18,18,18,18,18,18,18,18,18
120099,1,1,0,0,0,0,0,0,0,0,0,0
120100,1,1,0,0,0,0,0,0,0,0,0,0
120100,2,1,0,0,0,0,0,0,0,0,0,0
120101,1,1,0,0,0,0,0,0,0,0,0,0
120102,1,1,0,0,0,0,0,0,0,0,0,0
120102,2,1,0,0,0,0,0,0,0,0,0,0
120103,1,1,0,0,0,0,0,0,0,0,0,0
120103,2,1,0,0,0,0,0,0,0,20,0,0
120103,3,1,0,0,0,0,0,12,0,0,0,0
120104,1,1,0,0,0,0,0,0,0,0,18,19
120105,1,1,2,2,2,2,2,2,2,2,2,2
120106,1,1,0,0,0,0,0,0,0,0,0,0
120106,2,1,0,0,0,0,0,0,0,0,0,0
120107,1,1,0,0,0,0,0,0,0,0,0,0
120108,1,1,0,0,0,0,0,0,0,0,0,0
120108,2,1,0,0,0,0,0,0,0,0,0,0
120109,1,1,0,0,0,0,0,0,0,0,0,0
120109,2,1,0,0,0,7,0,0,0,0,0,0
120109,3,1,0,0,0,0,0,0,0,0,0,0
120110,1,1,0,0,0,0,0,0,0,0,0,0
120111,1,1,0,15,0,11,0,0,0,0,0,5
120111,2,1,0,0,0,0,0,0,0,0,0,0
120112,1,1,0,0,0,0,0,0,0,0,0,0
120112,2,1,0,0,0,0,0,0,0,0,0,0
120113,1,1,0,0,0,0,0,0,0,0,0,0
120113,2,1,6,0,0,11,0,0,7,0,0,19
120114,1,1,0,0,0,0,0,0,0,0,0,0
120114,2,1,0,0,0,0,0,0,0,0,0,0
120115,1,1,0,0,0,0,0,0,0,0,0,0
120115,2,1,0,0,0,0,0,0,0,0,0,0
120116,1,1,0,0,0,0,0,0,0,0,0,0
120116,2,1,0,0,0,0,0,0,0,0,0,0
120117,1,1,21,21,21,21,21,21,21,21,21,21
120118,1,1,0,0,0,0,0,0,0,0,0,0
120119,0,1,14,14,14,14,14,14,14,14,14,14
120119,0,2,6,6,6,6,6,6,6,6,6,6
120119,1,1,0,0,0,21,0,0,0,19,0,0
120119,2,1,0,11,0,0,0,0,11,0,0,0
120120,1,1,0,0,9,0,0,8,19,19,0,10
120120,2,1,0,0,0,0,0,0,0,0,0,0
120121,0,1,0,0,0,0,0,0,0,0,0,0
120121,1,1,0,0,0,0,0,0,0,0,0,0
120121,2,1,0,0,0,0,0,0,0,0,0,0
120121,3,1,0,0,0,0,0,0,0,0,0,0
120122,1,1,0,0,0,0,0,0,0,10,0,0
120122,2,1,0,0,0,0,0,0,0,0,0,0
120123,1,1,0,0,0,0,0,0,0,0,0,0
120124,1,1,24,24,24,24,24,24,24,24,24,24
120125,1,1,10,10,10,10,10,10,10,10,10,10
120125,2,1,0,0,0,0,0,0,0,0,0,0
120126,1,1,10,0,0,7,0,0,0,0,0,0
120126,2,1,0,0,0,0,7,0,0,0,0,0
120127,1,1,0,0,0,0,0,0,0,0,0,0
120127,2,1,0,0,0,0,0,0,0,0,0,0
120128,1,1,0,0,0,0,0,0,0,0,0,0
120129,1,1,19,19,19,19,19,19,19,19,19,19
120129,2,1,0,0,0,0,0,0,0,0,0,0
120130,1,1,0,21,0,0,0,0,0,0,0,0
120130,2,1,0,0,0,0,0,0,0,0,0,0
120130,3,1,0,0,0,0,0,0,15,0,0,0
120131,1,1,6,6,6,6,6,6,6,6,6,6
120131,2,1,5,0,0,14,0,0,11,0,0,0
120131,3,1,0,0,0,0,0,0,0,0,0,0
120132,1,1,0,0,0,0,0,0,0,0,0,0
120132,2,1,0,0,0,0,0,0,0,0,0,0
120132,3,1,0,0,0,0,0,0,0,0,0,0
120132,4,1,0,0,0,0,0,0,0,0,0,0
120134,1,1,0,0,0,0,0,0,0,0,0,0
120135,1,1,0,0,0,0,0,0,0,0,0,0
120135,2,1,0,0,0,0,0,0,0,0,0,0
120136,1,1,26,26,26,26,26,26,26,26,26,26
120137,1,1,0,0,0,0,0,0,0,27,0,0
120137,2,1,0,0,0,0,0,0,0,0,0,0
120138,1,1,0,0,0,0,0,0,0,0,0,0
120138,2,1,0,0,0,0,0,0,0,0,0,0
120138,3,1,0,0,0,0,0,0,0,0,0,0
120139,1,1,0,0,0,0,0,0,0,0,0,0
120140,1,1,31,31,31,31,31,31,31,31,31,31
120141,1,1,23,23,23,23,23,23,23,23,23,23
120141,2,1,38,6,0,0,0,0,0,0,0,0
120142,1,1,0,0,0,0,0,0,0,0,0,0
120142,2,1,0,0,0,0,0,0,12,0,0,30
120143,1,1,0,0,0,0,0,0,0,0,0,0
120143,2,1,0,0,0,0,0,0,0,0,0,0
120143,3,1,0,0,0,0,0,0,0,0,0,0
120144,1,1,0,0,0,0,0,0,0,0,0,0
120144,2,1,0,0,0,0,0,0,0,0,0,0
120145,1,1,0,0,0,0,0,0,0,0,0,0
120145,2,1,21,21,21,21,21,21,21,21,21,21
120146,1,1,0,0,0,0,0,0,0,0,0,0
120146,2,1,0,0,0,0,0,0,0,0,0,0
120147,1,1,0,0,0,0,0,0,0,0,0,0
120147,2,1,0,0,0,0,19,0,0,0,0,0
120148,1,1,0,0,0,0,0,0,0,0,0,0
120148,2,1,5,5,5,5,5,5,5,5,5,5
120149,1,1,0,0,0,0,0,0,0,0,0,0
120149,2,1,0,0,0,0,0,0,0,0,0,0
120150,1,1,0,0,0,0,0,0,0,0,0,0
120150,2,1,0,0,0,0,0,0,0,0,0,0
120151,1,1,0,0,0,0,0,0,0,0,0,0
120151,2,1,0,0,0,0,0,0,0,0,0,0
120152,1,1,0,0,0,0,0,0,0,0,0,0
120152,2,1,0,0,0,0,0,0,0,0,0,0
120152,3,1,0,0,0,0,0,0,0,6,0,0
120152,4,1,0,0,0,0,0,0,0,0,0,0
120153,1,1,0,0,0,0,0,0,0,0,0,0
120155,1,1,0,0,0,0,0,0,0,0,0,0
120155,2,1,0,0,0,0,0,0,0,6,0,0
120156,1,1,0,0,0,0,0,0,0,0,0,0
120156,2,1,0,0,0,0,0,0,0,0,0,0
120156,3,1,0,0,0,0,0,0,0,5,0,0
120156,4,1,0,0,0,0,0,0,0,0,0,0
120157,1,1,0,0,0,20,33,18,33,11,16,20
120158,1,1,13,13,13,13,13,13,13,13,13,13
120159,1,1,0,21,0,0,0,0,0,0,0,0
120159,2,1,0,0,0,0,0,0,0,0,0,0
120160,1,1,0,0,0,0,0,0,0,0,0,0
120161,1,1,0,2,0,0,0,0,0,0,26,0
120161,2,1,0,0,9,0,0,18,0,0,9,0
120162,1,1,0,0,0,0,0,0,0,0,0,0
120162,2,1,0,0,0,0,0,0,0,0,0,0
120164,1,1,11,11,11,11,11,11,11,11,11,11
120165,1,1,11,11,11,11,11,11,11,11,11,11
120167,1,1,0,0,0,0,0,0,0,0,0,0
120167,2,1,0,0,0,0,0,0,0,0,0,0
120168,1,1,0,0,0,14,16,0,0,0,0,0
120168,2,1,0,0,0,0,0,0,0,0,0,0
120168,3,1,0,0,0,0,0,0,0,0,0,0
120169,1,1,0,0,0,0,0,0,0,0,0,0
120170,1,1,9,9,9,9,9,9,9,9,9,9
120170,2,1,6,6,6,6,6,6,6,6,6,6
120171,1,1,14,14,14,14,14,14,14,14,14,14
120172,1,1,33,33,33,33,33,33,33,33,33,33
120173,1,1,31,31,31,31,31,31,31,31,31,31
120174,1,1,12,12,12,12,12,12,12,12,12,12
120174,2,1,0,0,0,0,0,0,0,0,0,0
120175,1,1,18,18,18,18,18,18,18,18,18,18
120175,2,1,0,0,0,0,0,0,0,0,0,0
120176,1,1,19,19,19,19,19,19,19,19,19,19
120176,2,1,0,0,0,0,0,0,0,0,0,0
120177,1,1,0,0,0,0,0,0,0,5,0,0
120177,2,1,0,0,0,0,0,0,0,0,0,0
120178,1,1,14,14,14,14,14,14,14,14,14,14
120179,1,1,26,26,26,26,26,26,26,26,26,26
120179,2,1,0,0,0,0,0,0,0,0,0,8
120180,0,1,0,0,0,0,0,0,0,0,0,0
120180,1,1,0,0,0,0,0,0,0,0,0,0
120181,1,1,0,0,0,0,0,0,0,0,0,0
120182,1,1,0,27,0,0,0,0,18,0,0,0
120183,1,1,0,0,0,0,0,0,0,17,0,0
120184,1,1,0,0,0,0,0,0,0,0,0,0
120184,2,1,0,0,0,0,0,0,0,0,0,0
120185,1,1,0,0,0,0,0,0,0,0,0,0
120186,1,1,9,10,20,19,8,17,0,0,0,0
120186,2,1,16,0,5,0,9,0,0,6,0,0
120187,1,1,15,9,26,14,36,15,4,25,14,9
120188,1,1,0,0,0,0,0,0,0,0,0,0
120188,2,1,0,0,0,0,0,0,0,0,0,0
120189,1,1,0,0,0,0,0,0,0,0,0,0
120189,2,1,0,0,0,0,0,0,0,0,0,0
120189,3,1,0,0,0,0,0,0,0,0,0,0
120190,1,1,0,0,0,0,0,0,0,0,0,0
120190,2,1,3,3,3,3,3,3,3,3,3,3
120191,1,1,0,0,0,0,0,0,0,0,0,0
120191,2,1,22,22,22,22,22,22,22,22,22,22
120192,1,1,0,0,0,0,0,0,0,0,0,0
120193,1,1,26,26,26,26,26,26,26,26,26,26
120193,2,1,0,0,0,0,0,0,0,0,0,0
120193,3,1,0,0,0,0,0,0,0,0,0,0
120193,4,1,0,0,0,0,0,19,0,0,0,0
120194,1,1,0,0,0,0,0,0,0,0,0,0
120194,2,1,0,0,0,0,0,0,0,0,0,0
120195,1,1,0,0,0,0,0,0,21,0,0,13
120195,2,1,0,5,18,0,32,27,25,19,21,11
120196,1,1,0,0,0,0,0,0,0,0,0,0
120197,1,1,0,0,0,0,0,0,0,0,0,0
120198,1,1,0,0,0,0,0,0,0,0,0,0
120198,2,1,0,0,0,0,0,0,0,0,0,0
120198,3,1,0,0,0,0,0,0,17,0,0,0
120198,4,1,0,0,0,0,5,0,0,0,0,20
120199,1,1,0,0,0,0,0,0,0,0,0,0
120200,1,1,0,0,0,16,0,6,13,7,0,27
120201,1,1,0,0,0,0,0,0,0,0,0,0
120202,1,1,0,0,0,0,0,18,0,0,0,0
120202,2,1,18,18,18,18,18,18,18,18,18,18
120203,1,1,0,0,0,0,0,0,0,0,0,0
120203,2,1,0,0,0,0,0,0,0,0,0,0
120204,1,1,0,0,0,0,0,0,0,0,0,0
120204,2,1,0,0,0,0,0,0,15,0,0,0
120205,0,1,0,26,22,0,0,0,36,0,0,0
120205,1,1,0,0,23,0,0,0,0,0,0,0
120205,2,1,0,0,0,0,0,19,0,0,0,0
120205,3,1,0,22,0,0,0,0,0,0,0,0
120205,4,1,0,0,0,0,0,0,0,0,0,0
120207,1,1,0,0,0,0,0,0,0,0,0,0
120208,1,1,6,19,10,21,0,13,9,10,0,22
120208,2,1,19,0,0,0,0,0,0,0,0,0
120209,1,1,0,0,0,0,0,0,0,0,0,0
120209,2,1,0,0,0,0,0,0,0,0,0,0
120210,1,1,5,5,5,5,5,5,5,5,5,5
120212,1,1,0,0,0,0,0,0,0,0,0,0
120212,2,1,0,0,0,0,0,0,0,0,0,0
120214,1,1,0,0,0,0,0,0,0,0,0,0
120215,1,1,0,0,0,0,0,0,0,0,0,0
120215,2,1,20,20,20,20,20,20,20,20,20,20
120216,1,1,0,0,6,0,0,0,0,0,0,0
120216,2,1,0,0,0,0,0,0,0,0,0,0
120216,3,1,0,0,0,0,0,0,0,0,0,0
120217,1,1,0,0,0,0,0,0,0,0,0,0
120218,1,1,0,0,0,0,0,0,0,0,0,0
120220,1,1,0,0,0,0,0,0,0,0,0,0
120220,2,1,0,0,0,0,0,0,0,0,0,0
120220,3,1,0,0,0,0,0,0,0,0,0,0
120221,1,1,0,0,0,0,0,0,0,0,0,0
120221,2,1,0,0,0,0,0,0,0,0,0,0
120222,1,1,24,24,24,24,24,24,24,24,24,24
120223,1,1,0,0,0,0,0,0,0,0,0,0
120224,1,1,0,0,0,0,0,0,0,0,0,0
120224,2,1,0,0,0,0,0,0,0,0,0,0
120225,1,1,24,24,24,24,24,24,24,24,24,24
120226,1,1,0,0,0,0,0,0,0,0,0,0
120226,2,1,0,0,0,0,0,0,0,0,0,0
120227,1,1,0,0,0,0,0,0,0,0,0,0
120227,2,1,0,0,0,0,0,0,0,0,0,0
120229,1,1,0,0,0,0,0,0,0,0,0,0
120229,2,1,0,0,0,0,0,0,0,0,0,0
120230,1,1,16,16,16,16,16,16,16,16,16,16
120231,1,1,11,11,11,11,11,11,11,11,11,11
120231,2,1,18,19,0,0,0,0,0,0,0,0
120232,1,1,27,27,27,27,27,27,27,27,27,27
120233,1,1,0,0,0,0,0,0,0,0,0,0
120233,2,1,0,0,0,12,0,0,0,0,7,0
120234,1,1,0,0,0,0,0,0,0,0,0,0
120236,1,1,0,0,0,0,0,0,0,0,0,0
120237,1,1,0,0,0,3,0,0,0,0,0,0
120237,2,1,0,0,0,0,0,0,0,0,0,0
120238,1,1,0,0,0,0,0,24,0,0,0,0
120238,2,1,0,0,0,0,0,0,0,0,0,0
120239,1,1,0,0,0,0,0,0,0,0,0,0
120239,2,1,0,0,0,0,0,0,0,0,0,0
120240,1,1,0,0,0,0,0,0,0,0,0,0
120241,1,1,18,18,18,18,18,18,18,18,18,18
120241,2,1,0,0,0,0,0,0,0,0,0,0
120242,1,1,0,0,0,0,0,0,0,0,0,0
120242,2,1,0,7,0,0,0,11,0,0,0,0
120242,3,1,0,0,0,0,0,0,0,0,0,0
120243,1,1,0,0,0,0,29,0,21,0,40,34
120244,1,1,14,14,14,14,14,14,14,14,14,14
120246,1,1,0,0,0,0,0,0,0,0,0,0
120246,2,1,4,0,0,0,0,20,0,0,0,0
120247,1,1,8,8,8,8,8,8,8,8,8,8
120248,1,1,26,26,26,26,26,26,26,26,26,26
120248,2,1,13,0,22,0,0,12,0,0,0,0
120249,1,1,20,20,20,20,20,20,20,20,20,20
120250,1,1,0,0,0,0,0,0,0,0,0,0
120250,2,1,0,0,0,0,0,0,0,0,0,0
120250,3,1,0,0,0,0,0,0,0,0,0,0
120251,1,1,11,11,11,11,11,11,11,11,11,11
120251,2,1,0,0,0,0,0,0,0,0,0,0
120251,3,1,0,0,0,0,0,0,0,0,0,0
120252,1,1,0,0,0,0,0,0,0,0,0,0
120252,2,1,21,21,21,21,21,21,21,21,21,21
120253,1,1,15,15,15,15,15,15,15,15,15,15
120253,2,1,12,11,0,0,0,0,2,0,0,0
120254,1,1,24,24,24,24,24,24,24,24,24,24
120254,2,1,0,0,0,0,0,0,0,0,0,0
120255,1,1,0,0,0,0,0,0,0,0,0,0
120258,1,1,3,0,0,0,0,0,0,20,0,6
120258,2,1,0,0,0,0,0,0,0,0,0,0
120259,1,1,0,0,0,0,0,0,0,0,0,0
120259,2,1,0,0,0,0,0,0,0,0,0,0
120260,1,1,0,0,0,0,0,0,0,0,0,0
120260,2,1,0,0,0,0,0,14,0,0,0,12
120261,1,1,0,0,0,27,27,18,0,31,0,16
120262,1,1,37,37,37,37,37,37,37,37,37,37
120264,1,1,22,22,22,22,22,22,22,22,22,22
120264,2,1,0,0,0,0,0,0,0,0,0,0
120265,1,1,16,16,16,16,16,16,16,16,16,16
120266,1,1,0,0,0,0,0,0,0,0,0,0
120267,1,1,0,0,0,0,0,0,0,0,0,0
120267,2,1,0,0,0,0,0,0,0,0,0,0
120268,1,1,0,0,0,0,16,0,0,0,0,0
120268,2,1,0,0,0,0,0,0,0,0,0,0
120269,1,1,9,9,9,9,9,9,9,9,9,9
120269,2,1,0,0,0,0,0,14,0,0,0,0
120269,3,1,22,6,0,0,21,0,0,0,0,0
120271,1,1,6,6,6,6,6,6,6,6,6,6
120271,2,1,0,23,0,0,0,0,5,15,15,0
120272,1,1,11,35,15,16,11,30,23,29,8,13
120273,1,1,7,0,20,17,0,0,0,2,0,0
120273,2,1,0,0,0,0,0,0,7,0,0,15
120276,1,1,0,0,0,0,0,39,0,0,0,0
120276,2,1,0,0,0,0,0,0,0,11,0,0
120277,1,1,0,0,0,0,0,0,0,0,0,0
120277,2,1,0,0,0,17,0,0,0,0,14,0
120277,3,1,0,0,0,0,0,0,0,5,0,0
120278,1,1,7,7,7,7,7,7,7,7,7,7
120278,2,1,0,0,0,0,0,13,0,0,0,0
120278,3,1,0,0,7,0,0,0,0,0,0,0
120278,4,1,0,0,0,0,0,0,0,0,0,0
120279,1,1,23,23,23,23,23,23,23,23,23,23
120280,1,1,23,23,23,23,23,23,23,23,23,23
120281,1,1,0,0,0,0,0,0,0,0,0,0
120282,1,1,32,10,8,8,9,34,12,16,17,25
120282,2,1,0,0,0,0,0,0,0,0,30,0
120283,1,1,5,5,5,5,5,5,5,5,5,5
120284,1,1,0,0,0,0,0,0,0,0,0,0
120284,2,1,0,0,0,0,0,0,0,0,0,0
120285,1,1,0,0,0,0,0,0,0,0,0,0
120285,2,1,0,0,0,0,0,0,0,0,0,0
120285,3,1,0,0,0,0,0,0,0,7,0,0
120287,1,1,19,0,12,0,20,0,9,0,0,27
120287,2,1,0,0,0,0,0,0,0,0,0,0
120287,3,1,0,0,0,0,0,0,0,0,0,0
120288,1,1,0,0,0,0,19,0,6,0,0,0
120288,2,1,0,0,0,0,0,0,0,0,0,0
120289,1,1,0,0,34,0,0,8,0,0,26,0
120290,1,1,31,21,0,21,4,0,14,25,14,0
120291,1,1,24,24,24,24,24,24,24,24,24,24
120292,1,1,15,15,15,15,15,15,15,15,15,15
120292,2,1,0,0,3,0,0,0,0,0,0,24
120293,0,1,0,0,0,0,0,0,0,0,0,0
120293,1,1,0,0,0,0,0,0,0,0,0,0
120294,1,1,19,7,28,14,24,5,11,5,16,6
120294,2,1,0,0,0,0,0,0,0,0,0,0
120295,1,1,0,0,0,0,0,0,0,0,0,0
120296,1,1,0,0,0,0,0,0,0,0,0,0
120297,1,1,41,0,0,17,0,19,0,7,24,7
120299,1,1,0,0,0,0,0,0,0,0,0,0
120299,2,1,26,26,26,26,26,26,26,26,26,26
120300,1,1,0,0,0,0,0,0,0,0,0,0
120300,2,1,0,0,0,0,0,0,0,0,0,0
120300,3,1,0,0,0,0,0,0,0,0,0,0
120300,4,1,0,0,0,0,0,0,0,0,0,0
120300,5,1,0,0,0,0,0,0,0,0,0,0
120300,6,1,0,0,0,0,0,0,0,0,0,0
120301,1,1,0,0,0,0,0,0,0,0,0,0
120301,2,1,0,18,0,7,0,0,29,13,0,0
120302,1,1,1,1,1,1,1,1,1,1,1,1
120302,2,1,0,0,0,0,0,0,0,0,0,0
120303,1,1,3,3,3,3,3,3,3,3,3,3
120304,1,1,27,27,27,27,27,27,27,27,27,27
120304,2,1,0,0,0,0,0,0,0,0,0,0
120304,3,1,0,0,16,0,0,0,0,0,0,0
120305,1,1,0,20,0,0,0,15,0,20,16,0
120305,2,1,0,0,0,0,0,0,0,0,0,0
120306,1,1,22,4,18,14,11,16,7,21,33,17
120307,1,1,0,0,0,0,0,0,0,0,0,0
120307,2,1,0,0,0,0,0,0,0,0,0,0
120308,1,1,14,14,14,14,14,14,14,14,14,14
120308,2,1,16,0,0,0,0,0,0,0,0,0
120309,1,1,0,0,0,0,0,0,0,0,0,0
120309,2,1,0,0,0,0,0,0,0,0,0,0
120310,1,1,11,11,11,11,11,11,11,11,11,11
120311,1,1,0,0,0,0,0,0,0,0,0,0
120311,2,1,0,0,0,23,0,0,0,0,0,0
120311,3,1,0,0,0,0,0,0,0,0,0,0
120312,1,1,21,27,0,0,0,0,8,11,8,10
120313,1,1,5,0,22,15,17,12,9,4,11,19
120314,1,1,0,0,6,0,0,23,0,0,0,0
120314,2,1,0,0,3,0,0,0,0,0,0,0
120315,1,1,24,29,8,0,19,0,0,0,22,0
120316,1,1,19,0,15,0,0,36,0,0,0,0
120317,1,1,0,0,14,0,0,0,0,0,0,0
120317,2,1,0,0,0,0,0,0,0,0,9,0
120318,1,1,36,18,0,22,0,12,0,27,23,18
120319,1,1,0,23,0,8,0,0,0,0,0,0
120319,2,1,11,0,0,0,0,0,0,0,0,0
120321,1,1,0,0,0,0,0,0,0,0,0,0
120321,2,1,0,0,0,0,0,0,0,0,0,0
120322,0,1,0,0,0,0,7,0,0,0,0,0
120322,1,1,0,0,0,0,0,0,0,19,0,0
120323,1,1,0,0,0,43,0,0,0,0,0,0
120323,2,1,0,0,0,0,0,0,0,0,0,0
120323,3,1,0,0,0,0,0,0,0,0,0,0
120324,1,1,0,0,0,40,0,0,0,0,0,0
120324,2,1,0,0,0,0,0,0,0,0,0,0
120325,1,1,0,11,0,22,20,0,0,16,0,0
120326,1,1,0,0,0,0,0,0,0,15,0,0
120326,2,1,0,0,0,0,0,6,15,0,0,0
120327,1,1,0,14,0,0,0,0,0,0,19,0
120327,2,1,0,0,0,0,0,0,0,0,0,0
120328,1,1,14,29,18,19,7,5,32,13,10,6
120329,1,1,14,0,0,0,0,0,0,0,0,0
120329,2,1,0,0,0,0,0,0,0,0,0,0
120331,1,1,0,0,0,0,0,0,0,0,0,0
120332,1,1,0,0,0,0,0,0,0,0,0,0
120332,2,1,0,0,0,0,0,0,0,0,0,0
120333,1,1,0,0,0,0,0,0,0,0,0,0
120333,2,1,0,0,0,0,0,0,0,0,0,0
120334,1,1,17,20,0,30,16,30,0,17,0,30
120334,2,1,0,0,0,0,0,0,0,0,0,0
120335,1,1,21,31,7,23,0,14,0,9,23,39
120335,2,1,0,0,0,0,0,0,0,0,0,0
120337,1,1,0,0,0,0,0,0,0,0,0,0
120337,2,1,0,0,0,0,0,0,0,0,0,11
120338,1,1,0,0,0,0,0,0,0,0,0,0
120339,1,1,0,5,0,9,19,0,0,0,0,0
120340,1,1,27,27,27,27,27,27,27,27,27,27
120341,1,1,0,0,0,0,0,0,0,0,0,0
120341,2,1,0,10,0,14,12,0,0,0,0,0
120342,1,1,0,0,0,0,0,0,0,0,0,0
120342,2,1,0,0,0,16,0,0,0,0,0,0
120343,1,1,0,0,0,0,0,0,0,0,0,0
120344,1,1,0,0,0,0,0,0,6,0,0,0
120345,1,1,30,30,8,0,0,29,0,0,0,22
120346,1,1,0,30,0,0,0,18,8,14,21,0
120347,1,1,0,0,0,0,0,0,0,0,0,0
120347,2,1,9,9,9,9,9,9,9,9,9,9
120348,1,1,20,20,20,20,20,20,20,20,20,20
120349,1,1,19,9,0,0,0,0,0,0,0,0
120350,1,1,12,0,3,12,17,0,0,0,9,15
120350,2,1,0,0,0,0,0,0,0,0,3,0
120351,1,1,0,0,0,0,0,0,0,0,0,0
120351,2,1,0,0,0,0,0,0,0,0,0,0
120352,1,1,19,19,19,19,19,19,19,19,19,19
120352,2,1,0,0,0,0,0,0,0,0,0,0
120353,1,1,16,0,0,0,0,0,0,0,0,19
120355,1,1,19,19,19,19,19,19,19,19,19,19
120355,2,1,0,0,0,0,0,0,0,0,0,0
120355,3,1,0,0,0,0,0,0,0,0,0,0
120356,1,1,0,9,0,0,0,0,0,0,0,0
120357,1,1,0,0,21,15,9,29,0,0,17,12
120358,1,1,0,0,0,0,0,0,0,0,0,0
120358,2,1,0,0,0,0,0,0,16,0,0,0
120359,1,1,32,32,32,32,32,32,32,32,32,32
120360,1,1,13,13,13,13,13,13,13,13,13,13
120360,2,1,0,0,0,0,0,0,0,0,0,0
120361,1,1,0,0,0,0,0,0,0,0,0,0
120361,2,1,0,0,0,0,0,0,0,0,0,0
120361,3,1,0,0,0,0,0,0,0,0,0,0
120362,1,1,21,21,21,21,21,21,21,21,21,21
120362,2,1,0,0,0,0,0,0,0,0,0,0
120363,1,1,23,23,23,23,23,23,23,23,23,23
120364,1,1,0,0,0,0,0,0,0,17,0,0
120365,1,1,0,0,0,0,0,0,0,0,0,0
120365,2,1,22,0,0,0,0,6,0,0,0,0
120366,1,1,18,18,18,18,18,18,18,18,18,18
120366,2,1,0,0,0,0,0,0,0,0,0,0
120367,1,1,17,17,17,17,17,17,17,17,17,17
120368,1,1,0,0,0,15,0,0,0,0,0,0
120369,1,1,0,0,15,0,0,0,0,0,14,0
120370,1,1,0,0,0,0,0,0,0,0,0,0
120370,2,1,0,0,0,0,0,0,0,0,0,0
120370,3,1,0,0,0,0,0,0,0,0,0,0
120371,1,1,0,0,0,0,0,0,0,0,0,0
120371,2,1,0,7,4,0,0,0,0,0,0,0
120372,1,1,29,18,0,0,0,0,0,0,0,0
120373,1,1,0,0,0,0,0,0,0,0,0,0
120373,2,1,0,0,0,0,0,0,0,0,0,0
120374,1,1,0,0,0,0,0,0,0,0,0,0
120374,2,1,0,0,0,0,0,0,0,0,0,0
120375,1,1,17,17,17,17,17,17,17,17,17,17
120376,1,1,6,6,6,6,6,6,6,6,6,6
120377,1,1,0,0,0,0,0,0,0,0,0,0
120377,2,1,0,0,0,0,0,0,0,0,0,0
120377,3,1,0,0,0,0,0,0,0,0,0,0
120378,1,1,17,17,17,17,17,17,17,17,17,17
120380,1,1,0,0,0,0,0,0,0,16,0,0