ST_CASE,VEH_NO,PER_NO,P1,P2,P3,P4,P5,P6,P7,P8,P9,P10
120656,1,1,20,0,0,0,0,0,0,0,0,0
120658,1,1,0,25,13,12,10,5,19,0,8,14
120658,2,1,11,0,9,0,5,0,0,0,0,0
120659,1,1,21,21,21,21,21,21,21,21,21,21
120660,1,1,6,10,7,10,15,14,7,20,22,6
120661,1,1,0,0,0,0,0,0,0,0,0,0
120661,2,1,0,0,0,0,0,0,0,0,0,0
120662,1,1,0,0,0,0,0,0,0,0,0,0
120662,2,1,0,0,0,0,0,0,0,0,0,0
120663,0,1,0,0,0,0,0,0,0,0,0,0
120663,1,1,0,0,0,0,0,0,0,0,3,0
120665,0,1,0,0,0,0,0,0,0,0,16,0
120665,0,2,0,0,0,0,0,0,0,0,0,0
120665,0,3,0,0,0,0,0,0,0,0,0,0
120665,0,4,0,0,0,0,0,0,0,0,0,0
120665,1,1,0,50,0,0,0,0,0,0,0,0
120666,1,1,0,0,0,0,0,0,0,0,0,0
120666,2,1,0,0,0,0,0,0,3,0,0,0
120667,1,1,0,0,0,0,0,0,0,0,0,0
120667,2,1,0,0,0,0,0,0,0,0,0,0
120668,1,1,0,0,0,0,0,0,0,0,0,0
120669,1,1,0,0,0,0,0,0,0,0,0,0
120670,1,1,22,22,22,22,22,22,22,22,22,22
120670,2,1,0,0,0,0,0,0,0,0,0,30
120671,1,1,0,0,0,0,0,0,0,0,0,0
120671,2,1,0,0,0,0,0,0,0,0,0,0
120672,1,1,25,25,25,25,25,25,25,25,25,25
120672,2,1,0,0,0,0,0,0,0,0,0,0
120672,3,1,0,0,0,0,0,0,0,0,0,0
120672,4,1,10,0,0,0,0,0,0,0,0,0
120673,1,1,0,0,0,0,0,0,0,0,0,0
120673,2,1,0,0,0,0,0,0,0,0,0,19
120675,1,1,0,0,0,0,0,0,0,0,0,7
120675,2,1,0,0,0,0,0,16,0,0,0,0
120676,0,1,0,0,0,0,0,16,0,0,0,0
120676,1,1,25,25,25,25,25,25,25,25,25,25
120677,1,1,7,7,7,7,7,7,7,7,7,7
120677,2,1,0,0,0,0,0,0,0,0,0,0
120678,1,1,13,37,15,6,8,9,16,26,14,12
120678,2,1,0,0,0,8,0,17,0,0,31,0
120679,1,1,0,0,0,0,0,0,0,0,0,0
120679,2,1,0,0,0,0,0,0,0,0,0,0
120680,1,1,0,0,0,0,0,0,0,0,0,0
120681,1,1,22,22,22,22,22,22,22,22,22,22
120681,2,1,0,0,0,0,0,0,10,17,0,0
120681,3,1,0,0,0,0,0,0,20,0,0,0
120682,1,1,0,21,0,0,0,0,0,0,0,0
120683,1,1,0,0,0,11,0,0,0,0,0,0
120683,2,1,0,0,21,0,0,0,0,0,0,0
120684,1,1,0,0,0,0,0,0,0,0,0,0
120684,2,1,0,0,0,0,0,0,0,0,0,0
120685,1,1,0,0,0,0,0,0,0,0,0,0
120685,2,1,0,0,0,0,0,0,0,0,0,0
120686,1,1,0,0,0,0,0,0,10,0,0,0
120686,2,1,0,0,0,0,0,0,0,0,0,15
120687,1,1,42,0,0,0,0,0,16,0,0,0
120688,1,1,0,0,0,6,0,0,0,0,0,0
120688,2,1,5,0,22,0,0,0,0,0,0,0
120689,1,1,0,23,0,0,0,0,0,0,0,0
120690,1,1,0,0,0,15,0,0,7,0,0,0
120691,1,1,0,11,0,0,0,17,23,0,0,0
120691,2,1,8,8,8,8,8,8,8,8,8,8
120692,1,1,29,29,29,29,29,29,29,29,29,29
120692,2,1,0,0,0,0,0,0,0,0,0,0
120693,1,1,12,24,25,17,22,4,15,21,14,17
120693,2,1,18,16,13,11,0,0,0,0,0,0
120693,3,1,0,0,0,0,0,0,0,0,0,0
120694,1,1,11,11,11,11,11,11,11,11,11,11
120694,2,1,7,16,18,37,5,25,36,14,20,35
120695,1,1,25,25,25,25,25,25,25,25,25,25
120696,1,1,0,0,0,0,0,0,0,0,0,0
120696,2,1,0,0,0,0,0,0,8,0,0,0
120697,1,1,0,0,0,0,0,0,0,0,0,0
120698,1,1,0,0,0,0,0,0,0,0,0,0
120698,2,1,0,0,0,0,0,0,0,0,0,0
120699,1,1,0,0,0,0,0,0,0,0,0,0
120699,2,1,0,0,0,4,0,0,6,0,0,0
120700,1,1,25,0,0,0,0,0,0,0,0,0
120700,2,1,0,0,0,0,0,0,0,0,0,0
120701,1,1,18,18,18,18,18,18,18,18,18,18
120702,1,1,0,0,0,0,0,0,0,0,0,0
120702,2,1,20,0,0,0,0,0,0,0,0,0
120702,3,1,0,0,0,0,0,0,0,0,0,0
120703,0,1,28,28,28,28,28,28,28,28,28,28
120703,1,1,0,0,0,0,0,0,0,0,0,0
120704,1,1,0,0,0,0,0,0,0,0,18,0
120704,2,1,0,18,0,0,0,0,0,0,0,0
120706,1,1,0,0,17,21,0,0,0,0,0,0
120707,1,1,0,0,0,0,0,0,0,0,0,0
120707,2,1,0,0,0,0,0,0,0,0,0,0
120709,1,1,0,0,0,0,0,9,14,0,0,0
120709,2,1,0,0,0,0,0,0,0,0,0,15
120710,1,1,0,0,7,0,0,0,18,0,0,0
120710,2,1,0,0,0,0,0,0,0,0,0,0
120711,0,1,3,0,23,0,22,12,0,9,0,14
120711,1,1,0,0,0,0,0,0,0,0,0,0
120712,1,1,9,9,9,9,9,9,9,9,9,9
120712,2,1,0,0,0,0,0,0,0,0,0,0
120713,1,1,0,0,0,0,0,0,0,0,0,0
120713,2,1,0,0,0,0,0,0,0,0,0,0
120714,0,1,0,10,0,0,0,0,0,0,0,0
120714,1,1,0,0,0,0,0,0,18,0,0,0
120715,1,1,0,0,0,0,32,0,0,0,0,0
120715,2,1,0,0,8,0,0,0,0,0,0,0
120715,3,1,0,0,0,0,0,0,0,0,0,0
120715,4,1,0,0,0,0,0,0,0,0,0,0
120715,5,1,0,0,0,0,0,0,0,0,0,0
120716,0,1,27,27,27,27,27,27,27,27,27,27
120716,1,1,27,27,27,27,27,27,27,27,27,27
120717,0,1,0,0,0,0,0,0,0,0,0,0
120717,1,1,0,0,0,0,0,10,0,0,0,0
120718,1,1,0,0,0,0,0,0,0,0,0,0
120719,1,1,15,15,15,15,15,15,15,15,15,15
120720,1,1,3,3,3,3,3,3,3,3,3,3
120720,2,1,5,5,5,5,5,5,5,5,5,5
120720,3,1,0,0,0,0,0,0,0,0,0,0
120721,1,1,0,0,0,0,0,0,0,0,0,0
120721,2,1,0,0,0,0,14,0,0,0,0,0
120722,1,1,0,0,0,0,0,0,0,0,0,0
120722,2,1,0,0,0,0,0,0,0,0,0,0
120723,1,1,27,27,27,27,27,27,27,27,27,27
120724,1,1,0,0,0,0,0,0,0,0,0,0
120725,1,1,0,0,0,0,0,0,0,0,0,0
120726,1,1,0,0,0,0,0,0,0,0,0,0
120727,1,1,20,20,20,20,20,20,20,20,20,20
120728,0,1,0,0,0,0,0,0,0,0,0,0
120728,1,1,0,0,0,0,0,0,0,0,0,0
120729,1,1,0,0,19,7,0,0,0,0,0,0
120729,2,1,0,0,0,0,0,0,0,7,0,0
120730,1,1,0,0,0,0,0,0,0,0,0,27
120730,2,1,0,0,0,0,0,0,0,0,0,0
120731,1,1,9,0,0,0,0,0,18,0,0,0
120731,2,1,0,0,0,0,0,0,0,0,0,0
120731,3,1,0,0,0,0,0,0,0,0,0,0
120732,1,1,38,20,0,0,0,0,0,21,0,0
120732,2,1,2,2,2,2,2,2,2,2,2,2
120733,1,1,36,0,0,0,8,0,0,0,19,0
120734,1,1,0,0,0,0,0,0,0,0,0,0
120735,1,1,0,0,0,0,0,0,0,0,0,0
120735,2,1,0,0,0,0,0,0,0,0,0,0
120736,1,1,0,0,30,0,0,17,10,0,6,0
120736,2,1,0,0,0,0,0,0,0,0,0,0
120737,1,1,0,0,0,0,0,0,0,0,0,0
120738,1,1,0,0,0,0,0,0,0,0,0,0
120738,2,1,0,0,0,0,0,0,0,0,0,0
120739,0,1,0,0,0,0,0,0,0,0,0,0
120739,1,1,0,0,0,19,0,0,0,0,5,0
120740,0,1,0,0,4,10,11,26,0,0,0,0
120740,1,1,0,0,0,5,0,14,16,0,0,0
120742,0,1,0,23,11,6,14,34,18,0,0,0
120742,1,1,0,0,0,0,0,0,0,0,0,16
120743,1,1,14,0,0,0,23,0,0,0,0,0
120744,1,1,0,0,0,0,0,0,0,0,0,0
120744,2,1,0,7,0,32,0,0,0,0,0,11
120745,1,1,0,0,0,0,0,0,0,0,0,0
120745,2,1,0,0,0,0,0,0,0,0,0,0
120745,3,1,0,0,0,0,0,0,0,0,0,0
120745,4,1,0,0,0,0,0,0,0,0,0,0
120746,1,1,0,0,0,0,0,0,0,0,0,0
120746,2,1,0,0,0,0,0,0,0,0,0,10
120747,0,1,11,0,0,0,0,25,48,8,0,0
120747,1,1,0,0,7,0,0,0,0,0,0,0
120748,1,1,0,0,0,0,0,0,0,0,0,0
120748,2,1,0,0,0,0,0,0,0,0,0,0
120749,0,1,14,0,11,22,7,31,9,35,19,12
120749,1,1,0,0,0,0,0,0,0,0,0,0
120750,0,1,0,0,23,23,0,0,0,0,0,0
120750,1,1,0,0,0,0,0,0,0,0,0,0
120751,0,1,0,0,0,0,0,0,0,0,0,0
120751,1,1,0,0,0,0,0,23,0,0,0,0
120753,1,1,0,0,0,0,0,0,0,0,0,0
120753,2,1,0,0,0,0,0,0,0,0,0,0
120754,1,1,0,0,0,0,0,0,0,0,0,0
120755,1,1,0,0,0,0,0,0,31,0,16,0
120755,2,1,4,0,0,0,18,0,0,15,0,0
120755,3,1,0,4,0,0,5,0,0,0,0,0
120756,1,1,0,0,0,0,0,0,0,0,0,0
120756,2,1,0,0,0,0,0,0,0,0,0,0
120757,0,1,0,12,0,0,23,19,35,0,18,0
120757,1,1,0,0,0,0,0,0,0,0,0,0
120758,1,1,0,0,0,0,0,0,0,0,0,0
120758,2,1,21,21,21,21,21,21,21,21,21,21
120759,0,1,0,13,0,0,0,0,0,0,0,0
120759,1,1,0,4,0,0,0,0,0,0,0,0
120760,1,1,0,0,0,0,0,0,0,0,0,0
120761,1,1,0,0,0,0,0,0,0,0,0,0
120761,2,1,0,0,0,0,0,0,0,0,0,0
120761,3,1,0,0,0,0,0,0,0,0,0,0
120762,1,1,15,15,15,15,15,15,15,15,15,15
120763,0,1,25,12,29,21,24,23,11,29,11,27
120763,1,1,0,0,0,22,0,0,0,0,0,38
120764,1,1,30,30,30,30,30,30,30,30,30,30
120765,1,1,19,19,19,19,19,19,19,19,19,19
120765,2,1,0,0,0,0,0,0,0,0,0,0
120766,1,1,0,0,0,0,0,0,0,0,0,0
120767,1,1,0,0,0,0,0,0,0,0,0,0
120768,0,1,0,0,0,0,0,0,0,0,0,0
120768,1,1,0,0,0,0,5,0,0,0,0,0
120769,1,1,0,0,0,0,0,0,0,0,0,20
120770,1,1,21,21,21,21,21,21,21,21,21,21
120771,1,1,19,19,19,19,19,19,19,19,19,19
120771,2,1,0,0,0,0,0,0,0,0,0,0
120772,0,1,0,0,0,0,0,0,0,0,0,0
120772,1,1,0,0,0,9,0,0,0,0,0,0
120772,2,1,0,0,0,0,0,0,0,0,0,0
120772,3,1,0,0,0,0,0,0,0,0,0,0
120773,1,1,0,0,0,0,0,0,0,0,0,0
120773,2,1,0,0,0,0,0,0,0,0,0,0
120774,1,1,0,21,16,0,19,26,12,0,18,0
120775,1,1,0,0,0,0,11,0,12,0,0,0
120775,2,1,0,0,0,0,0,35,0,0,0,0
120776,1,1,0,0,0,0,0,0,0,0,0,0
120776,2,1,0,0,0,0,0,0,0,0,0,0
120777,0,1,0,0,0,0,0,0,0,0,0,0
120777,0,2,0,0,0,0,0,0,0,0,0,0
120777,1,1,0,0,0,0,0,0,0,0,0,0
120778,1,1,0,0,0,0,0,0,0,0,0,0
120778,2,1,0,0,0,0,0,0,0,0,0,0
120779,1,1,0,0,0,0,0,0,0,0,0,0
120779,2,1,0,0,0,0,0,0,0,0,0,0
120780,1,1,0,0,0,0,0,0,0,0,0,0
120780,2,1,0,0,0,0,11,0,0,0,0,0
120781,1,1,0,0,0,0,0,0,27,41,0,0
120781,2,1,0,0,0,0,0,0,0,0,12,0
120781,3,1,0,0,0,0,0,0,0,0,0,0
120781,4,1,21,0,0,0,0,0,0,0,0,0
120782,1,1,0,0,19,0,0,0,0,23,0,0
120783,1,1,0,0,0,0,0,0,0,0,0,0
120784,1,1,19,19,19,19,19,19,19,19,19,19
120784,2,1,11,0,8,6,12,0,7,6,16,26
120785,1,1,0,0,0,0,0,0,0,0,0,0
120786,1,1,0,0,0,0,0,0,0,0,0,0
120786,2,1,22,0,0,0,8,0,0,0,0,0
120786,3,1,0,0,0,0,0,0,0,0,0,0
120786,4,1,0,0,0,13,0,0,0,0,0,21
120787,1,1,22,22,22,22,22,22,22,22,22,22
120787,2,1,0,0,0,0,0,0,0,0,0,0
120788,0,1,23,23,23,23,23,23,23,23,23,23
120788,1,1,0,17,6,0,0,0,0,0,0,0
120789,0,1,20,20,20,20,20,20,20,20,20,20
120789,1,1,6,0,16,0,0,14,0,0,10,12
120790,1,1,28,28,28,28,28,28,28,28,28,28
120791,0,1,0,0,0,0,0,0,0,0,0,0
120791,1,1,10,10,10,10,10,10,10,10,10,10
120793,1,1,24,24,24,24,24,24,24,24,24,24
120793,2,1,0,0,0,0,12,0,0,0,0,0
120794,1,1,0,0,0,0,0,0,0,14,0,0
120794,2,1,0,0,0,0,0,0,0,0,0,0
120795,1,1,0,0,0,0,0,0,0,3,0,0
120795,2,1,0,0,0,6,0,0,0,0,27,0
120796,1,1,13,0,0,0,0,0,0,22,20,0
120797,0,1,0,0,0,0,0,0,0,0,0,0
120797,1,1,0,0,0,0,0,0,0,0,0,0
120798,1,1,0,0,36,0,37,0,29,7,0,0
120798,2,1,0,0,0,0,0,0,0,0,0,0
120799,0,1,10,10,10,10,10,10,10,10,10,10
120799,0,2,0,0,0,0,0,42,0,0,0,0
120799,1,1,0,0,0,0,14,0,0,0,0,0
120799,2,1,0,0,0,0,0,0,0,0,0,0
120800,1,1,21,21,21,21,21,21,21,21,21,21
120801,1,1,0,0,0,0,0,0,0,0,0,0
120802,1,1,0,0,0,0,0,0,0,0,0,0
120803,1,1,0,0,0,0,0,0,0,0,0,0
120803,2,1,0,0,0,0,0,0,0,0,0,0
120804,1,1,0,0,0,18,0,0,0,5,0,9
120804,2,1,0,0,0,0,0,0,0,0,0,0
120806,1,1,4,15,17,17,4,3,42,8,8,28
120807,1,1,0,0,0,0,0,0,0,0,0,0
120807,2,1,0,0,0,0,0,0,0,0,0,0
120808,1,1,0,0,0,0,0,0,0,0,0,0
120809,1,1,20,20,20,20,20,20,20,20,20,20
120810,1,1,0,0,0,0,0,0,0,0,0,0
120810,2,1,0,0,0,0,0,0,0,0,0,0
120810,3,1,0,0,0,0,0,0,15,0,10,0
120810,4,1,0,0,0,0,0,0,0,0,0,0
120811,0,1,0,0,0,0,0,0,0,0,0,0
120811,1,1,0,0,0,0,0,0,0,0,0,0
120812,1,1,19,19,19,19,19,19,19,19,19,19
120812,2,1,7,7,7,7,7,7,7,7,7,7
120813,1,1,0,0,0,0,0,0,0,25,0,0
120813,2,1,0,0,0,0,0,0,0,0,0,0
120814,1,1,19,19,19,19,19,19,19,19,19,19
120815,0,1,0,0,0,0,0,0,0,0,0,0
120815,1,1,0,0,0,0,0,0,0,5,0,0
120815,2,1,15,0,0,0,0,0,0,0,0,0
120815,3,1,0,0,0,0,0,0,0,0,0,0
120815,4,1,0,0,0,0,0,0,0,0,0,0
120815,5,1,0,0,0,0,0,28,0,0,0,0
120815,6,1,0,0,0,0,0,0,0,0,0,0
120815,7,1,0,0,0,0,0,0,0,0,0,0
120815,8,1,0,0,0,17,0,0,0,0,0,0
120815,9,1,0,0,0,0,0,0,0,0,0,0
120815,11,1,0,0,0,0,0,0,0,0,0,0
120816,1,1,7,7,7,7,7,7,7,7,7,7
120817,1,1,26,26,26,26,26,26,26,26,26,26
120818,1,1,0,7,0,8,6,34,0,6,0,26
120819,1,1,13,17,27,33,15,45,11,23,33,10
120820,1,1,11,35,0,28,28,11,33,7,0,0
120821,1,1,20,20,20,20,20,20,20,20,20,20
120821,2,1,20,20,20,20,20,20,20,20,20,20
120821,3,1,0,0,0,0,0,0,0,0,0,0
120822,1,1,0,0,0,0,0,0,0,0,0,0
120823,1,1,0,0,0,0,0,0,0,0,0,0
120823,2,1,0,0,0,0,0,0,0,0,0,0
120824,1,1,0,0,0,0,0,0,0,0,0,0
120825,1,1,0,0,0,0,0,0,0,0,0,0
120825,2,1,0,0,0,0,0,0,0,0,0,0
120826,1,1,0,0,0,0,0,0,0,0,0,0
120826,2,1,0,0,0,0,0,0,0,0,0,0
120827,1,1,21,21,21,21,21,21,21,21,21,21
120827,2,1,27,27,27,27,27,27,27,27,27,27
120828,0,1,12,0,12,0,0,43,30,30,4,12
120828,1,1,0,0,0,0,0,0,14,0,7,0
120828,2,1,0,31,8,0,0,0,0,0,0,0
120829,0,1,7,0,25,46,17,36,22,14,40,27
120829,1,1,0,0,0,0,0,0,0,0,0,33
120829,2,1,0,0,0,0,0,0,0,0,0,0
120830,1,1,17,17,17,17,17,17,17,17,17,17
120831,1,1,0,5,0,0,0,0,0,0,0,0
120832,1,1,44,28,0,34,0,0,0,17,12,0
120833,1,1,17,17,17,17,17,17,17,17,17,17
120833,2,1,0,0,0,0,0,0,0,12,0,0
120834,1,1,0,0,0,0,0,0,0,0,0,0
120835,1,1,0,0,0,0,0,0,0,0,0,0
120836,0,1,0,16,10,17,27,24,11,11,0,26
120836,1,1,0,0,0,4,0,0,0,0,0,0
120837,1,1,0,0,0,0,0,0,0,0,0,0
120837,2,1,15,15,15,15,15,15,15,15,15,15
120838,1,1,0,15,0,15,0,0,7,0,0,0
120838,2,1,0,0,0,0,0,0,0,0,0,0
120839,0,1,0,0,0,13,0,0,19,6,42,0
120839,1,1,0,0,0,0,0,0,0,47,0,0
120840,0,1,10,0,0,0,9,23,38,29,18,0
120840,1,1,0,61,0,0,0,0,0,0,0,0
120841,1,1,0,0,0,0,0,0,0,0,0,0
120841,2,1,0,0,0,0,0,0,0,0,0,0
120842,1,1,14,28,0,16,15,21,7,8,18,7
120842,2,1,0,17,0,0,9,0,0,0,0,0
120843,1,1,13,13,13,13,13,13,13,13,13,13
120844,1,1,0,0,0,0,0,0,0,0,0,0
120845,1,1,0,0,0,0,0,0,0,0,0,0
120845,2,1,0,0,0,12,16,18,6,0,0,0
120846,1,1,0,0,0,0,0,0,0,0,0,0
120846,2,1,0,0,0,0,0,0,0,0,0,0
120847,1,1,0,0,0,0,0,0,0,16,0,20
120847,2,1,0,0,0,0,0,0,0,0,0,0
120847,3,1,0,0,0,0,0,0,0,0,0,0
120848,0,1,35,35,35,35,35,35,35,35,35,35
120848,1,1,0,0,0,0,0,0,0,0,0,0
120849,0,1,0,0,0,0,16,27,0,0,0,13
120849,1,1,0,0,0,0,0,0,0,0,4,4
120850,1,1,0,0,0,0,0,0,0,0,0,0
120850,2,1,0,0,0,0,0,0,0,0,0,0
120851,0,1,0,0,0,0,0,0,0,0,0,0
120851,1,1,0,0,0,0,0,0,0,19,0,0
120852,0,1,32,16,0,0,16,0,0,0,13,0
120852,1,1,0,0,0,0,0,0,0,0,0,0
120852,2,1,0,0,0,0,14,13,11,0,0,0
120853,1,1,0,0,0,0,0,0,0,0,0,0
120853,2,1,0,0,0,0,0,0,0,0,0,0
120854,1,1,19,19,19,19,19,19,19,19,19,19
120854,2,1,0,0,0,0,0,0,0,0,0,0
120855,0,1,0,0,0,0,0,0,0,0,0,0
120855,1,1,0,0,0,23,0,0,0,0,0,0
120856,1,1,0,0,0,0,0,0,0,0,0,0
120856,2,1,0,0,0,0,0,0,0,0,0,0
120856,3,1,0,0,0,0,0,0,0,0,0,0
120857,0,1,0,0,0,0,0,0,0,16,0,0
120857,1,1,0,0,13,25,13,21,17,12,18,12
120858,0,1,0,0,0,0,0,0,0,0,0,0
120858,1,1,11,0,0,0,0,0,0,0,0,0
120859,0,1,4,4,4,4,4,4,4,4,4,4
120859,1,1,0,0,0,0,0,0,0,0,0,0
120860,1,1,0,0,0,0,0,0,0,0,0,0
120860,2,1,0,0,0,0,0,0,0,0,0,0
120861,1,1,2,2,2,2,2,2,2,2,2,2
120862,1,1,0,0,0,13,0,0,0,0,0,0
120862,2,1,0,0,0,0,0,3,0,0,0,0
120862,3,1,0,0,0,0,0,35,0,0,0,0
120863,0,1,23,0,0,0,0,0,0,0,0,0
120863,1,1,0,0,0,0,0,0,0,0,0,0
120864,1,1,0,0,0,0,0,0,10,0,0,0
120864,2,1,11,0,0,0,0,0,0,0,0,0
120865,0,1,0,0,0,0,0,0,0,26,0,0
120865,1,1,0,0,0,0,0,0,0,0,0,1
120866,1,1,0,0,0,0,0,0,0,0,0,0
120866,2,1,0,0,0,0,0,0,0,0,0,0
120867,1,1,21,21,21,21,21,21,21,21,21,21
120868,0,1,0,0,0,0,0,0,0,0,0,0
120868,1,1,20,0,19,0,0,0,0,0,0,0
120869,1,1,0,0,0,0,0,0,0,0,0,0
120869,2,1,2,2,2,2,2,2,2,2,2,2
120870,0,1,28,28,28,28,28,28,28,28,28,28
120870,1,1,0,0,0,0,0,0,0,0,0,0
120871,1,1,0,0,0,0,0,0,0,0,0,0
120871,2,1,0,0,0,0,0,0,0,0,0,0
120872,1,1,0,0,0,0,0,0,0,0,0,0
120872,2,1,0,0,0,0,0,0,0,0,0,0
120873,0,1,0,0,0,0,0,0,0,0,0,0
120873,1,1,0,0,0,0,0,0,0,0,0,0
120873,2,1,0,5,0,0,0,0,0,0,0,0
120874,1,1,32,32,32,32,32,32,32,32,32,32
120875,0,1,0,0,0,0,0,0,0,0,0,0
120875,1,1,0,0,0,0,0,0,0,0,0,0
120876,0,1,0,0,0,0,0,0,0,0,0,0
120876,0,2,0,0,0,0,0,0,0,0,0,0
120876,1,1,0,0,0,0,0,0,0,0,0,0
120877,0,1,25,25,25,25,25,25,25,25,25,25
120877,1,1,7,19,0,0,16,18,0,0,0,24
120878,1,1,28,28,28,28,28,28,28,28,28,28
120878,2,1,0,0,0,0,0,0,0,0,0,0
120879,1,1,0,0,0,0,0,0,0,0,0,0
120880,0,1,0,0,0,0,0,0,0,0,0,0
120880,1,1,0,0,18,0,0,0,0,0,0,0
120881,1,1,0,0,0,0,0,0,0,0,0,0
120881,2,1,0,0,0,0,0,0,0,0,0,0
120882,0,1,0,0,0,0,0,0,0,0,0,0
120882,1,1,0,0,0,0,0,0,0,0,0,0
120883,1,1,15,15,15,15,15,15,15,15,15,15
120884,1,1,13,13,13,13,13,13,13,13,13,13
120885,1,1,20,20,20,20,20,20,20,20,20,20
120885,2,1,0,17,0,0,0,0,29,0,23,0
120885,3,1,0,7,0,0,0,0,0,0,0,0
120886,0,1,0,0,0,0,0,0,0,0,0,0
120886,1,1,0,0,0,0,0,0,0,18,0,0
120887,1,1,0,24,0,11,0,11,8,10,26,0
120888,1,1,12,12,12,12,12,12,12,12,12,12
120888,2,1,0,0,0,0,0,0,0,0,0,0
120889,0,1,0,0,0,0,0,0,19,0,0,0
120889,1,1,0,5,0,0,0,0,10,0,0,0
120890,0,1,0,0,0,0,0,0,0,0,0,0
120890,1,1,0,0,0,0,0,0,0,0,0,0
120891,1,1,17,17,17,17,17,17,17,17,17,17
120892,0,1,0,0,0,0,0,0,0,0,0,0
120892,1,1,0,0,0,0,0,0,0,0,0,0
120893,1,1,0,0,4,0,0,0,0,0,0,0
120893,2,1,16,28,5,30,18,23,21,15,8,12
120895,1,1,30,30,30,30,30,30,30,30,30,30
120896,0,1,0,0,0,0,0,0,0,0,0,0
120896,1,1,0,0,0,0,0,0,0,0,0,0
120897,1,1,0,0,0,0,0,0,0,0,0,0
120897,2,1,0,7,0,0,0,0,0,0,0,0
120898,1,1,0,0,0,0,0,0,0,0,0,0
120899,1,1,0,0,0,0,0,11,0,15,17,0
120899,2,1,0,0,0,0,0,0,0,0,25,19
120900,1,1,0,16,14,0,21,13,16,0,0,25
120901,1,1,0,20,0,0,0,0,15,0,0,0
120902,0,1,32,18,0,0,0,0,31,0,0,0
120902,1,1,0,0,0,0,0,0,0,0,0,0
120902,2,1,0,0,0,0,0,0,0,0,0,0
120902,3,1,0,0,0,0,0,0,0,0,0,0
120903,0,1,0,0,0,0,0,0,0,0,0,0
120903,1,1,0,0,0,0,0,0,0,0,0,0
120904,1,1,0,0,0,0,0,0,0,0,0,0
120904,2,1,0,0,0,0,0,0,0,0,0,0
120905,1,1,18,18,18,18,18,18,18,18,18,18
120905,2,1,0,0,0,0,0,0,0,0,0,0
120906,1,1,0,0,0,0,0,0,0,0,0,0
120906,2,1,0,15,0,0,0,0,0,0,0,0
120907,1,1,0,0,0,0,0,0,0,0,0,0
120909,1,1,21,16,18,0,7,21,0,10,22,0
120910,1,1,0,0,0,0,0,0,0,0,0,0
120910,2,1,0,0,0,0,0,0,0,0,0,0
120911,1,1,20,15,31,43,13,8,11,12,29,13
120911,2,1,0,0,0,0,14,0,17,0,0,0
120911,3,1,0,0,0,0,12,0,0,0,0,0
120912,1,1,15,15,15,15,15,15,15,15,15,15
120912,2,1,0,0,0,0,0,0,0,0,0,0
120913,1,1,21,21,21,21,21,21,21,21,21,21
120914,0,1,0,0,0,0,0,0,0,0,0,0
120914,0,2,0,0,0,0,0,0,0,0,0,0
120914,1,1,0,0,0,0,0,0,0,0,0,0
120915,1,1,0,0,0,0,0,0,0,0,0,0
120915,2,1,0,0,0,0,0,0,0,0,0,0
120916,1,1,0,0,6,0,0,5,0,0,41,0
120917,1,1,0,0,0,0,0,0,0,0,0,0
120918,1,1,0,0,0,0,0,0,0,0,0,0
120918,2,1,0,0,0,0,0,0,0,0,0,0
120919,1,1,21,21,21,21,21,21,21,21,21,21
120919,2,1,0,13,0,0,0,19,0,0,0,0
120921,0,1,0,0,0,0,0,0,0,0,0,0
120921,1,1,0,0,0,0,0,0,18,0,0,0
120922,1,1,0,0,0,0,0,0,0,0,0,0
120922,2,1,0,0,0,0,0,0,0,0,0,0
120923,0,1,0,0,0,0,0,0,0,0,0,0
120923,1,1,0,0,0,0,0,0,0,0,0,0
120924,1,1,0,6,0,8,0,0,0,17,0,17
120924,2,1,0,0,0,0,0,0,0,0,0,0
120924,3,1,12,0,5,0,0,0,0,0,12,0
120924,4,1,0,0,14,0,0,0,0,0,0,0
120924,5,1,0,3,0,0,0,0,0,0,0,0
120925,1,1,27,27,27,27,27,27,27,27,27,27
120927,1,1,16,16,16,16,16,16,16,16,16,16
120928,1,1,0,0,6,0,0,0,0,0,0,0
120928,2,1,0,0,0,0,0,0,0,0,0,0
120929,1,1,0,0,0,0,0,0,0,0,0,0
120930,1,1,0,0,0,0,0,0,0,0,0,0
120930,2,1,0,0,0,0,0,0,0,0,0,0
120932,1,1,0,0,0,0,0,0,0,0,0,0
120932,2,1,0,0,0,0,0,0,0,0,0,0
120933,1,1,6,6,6,6,6,6,6,6,6,6
120934,1,1,12,11,10,35,0,26,11,0,0,9
120935,1,1,0,0,0,0,0,0,0,0,0,0
120936,1,1,0,0,0,0,0,0,0,0,0,0
120937,1,1,22,22,22,22,22,22,22,22,22,22
120939,1,1,0,0,9,0,24,0,0,0,0,0
120939,2,1,0,0,0,0,0,0,0,0,0,0
120940,0,1,27,27,27,27,27,27,27,27,27,27
120940,1,1,0,0,0,0,6,0,0,0,0,0