ST_CASE,VEH_NO,PER_NO,P1,P2,P3,P4,P5,P6,P7,P8,P9,P10
121228,2,1,0,0,0,0,0,0,0,0,0,0
121228,3,1,0,0,0,0,13,0,0,0,0,0
121228,4,1,0,0,0,0,0,0,0,0,0,16
121228,5,1,0,0,0,0,0,0,0,0,0,0
121229,0,1,0,0,0,0,23,0,0,0,8,20
121229,1,1,0,0,0,0,0,0,0,0,0,0
121230,1,1,0,0,0,0,0,0,0,0,0,0
121231,0,1,5,10,16,0,15,18,26,4,0,0
121231,1,1,12,0,18,14,13,29,26,26,0,16
121232,1,1,0,0,0,0,0,17,0,0,0,0
121232,2,1,0,0,0,0,0,0,0,0,0,0
121233,0,1,0,0,28,0,16,40,0,9,32,0
121233,1,1,0,0,4,0,0,0,0,0,0,0
121234,0,1,0,0,0,0,0,0,0,0,0,0
121234,1,1,0,0,0,0,0,5,0,0,0,0
121234,2,1,0,0,0,0,0,0,0,0,0,0
121235,1,1,0,0,0,0,0,0,0,0,0,0
121236,1,1,0,0,30,0,0,0,0,0,6,0
121237,1,1,0,0,0,0,0,0,0,0,0,0
121238,0,1,0,0,0,0,0,0,0,0,0,0
121238,1,1,0,0,0,0,0,0,0,0,0,12
121239,0,1,25,25,25,25,25,25,25,25,25,25
121239,1,1,0,0,0,0,0,0,0,0,0,0
121240,1,1,16,0,0,14,0,0,0,0,0,0
121240,2,1,0,0,0,0,0,0,0,0,0,0
121241,1,1,24,24,24,24,24,24,24,24,24,24
121241,2,1,0,0,0,0,0,0,0,3,0,0
121242,0,1,25,25,25,25,25,25,25,25,25,25
121242,1,1,0,0,0,0,0,0,0,0,0,0
121243,0,1,5,5,5,5,5,5,5,5,5,5
121243,1,1,0,0,0,0,0,0,0,0,0,0
121244,1,1,0,0,0,0,0,0,0,0,0,0
121244,2,1,0,0,0,0,0,0,0,0,0,24
121245,1,1,0,0,0,0,0,0,0,0,0,0
121245,2,1,0,0,0,0,0,0,0,0,0,0
121246,1,1,0,0,0,0,0,0,0,0,0,0
121246,2,1,0,0,0,0,0,0,0,0,0,0
121246,3,1,0,0,0,0,0,0,0,0,0,0
121246,4,1,0,0,0,0,0,0,0,0,0,0
121246,5,1,0,0,0,0,0,0,0,0,0,0
121247,0,1,31,31,31,31,31,31,31,31,31,31
121247,1,1,0,0,0,20,0,0,0,18,0,0
121247,2,1,0,0,0,0,0,0,0,11,0,0
121248,1,1,7,7,7,7,7,7,7,7,7,7
121248,2,1,0,0,0,0,0,0,0,0,0,0
121249,0,1,21,21,21,21,21,21,21,21,21,21
121249,1,1,0,0,0,0,0,0,0,0,0,0
121249,2,1,0,0,0,0,12,0,16,0,0,18
121250,0,1,0,0,0,0,0,0,0,0,0,0
121250,1,1,0,0,0,0,0,0,0,0,0,0
121251,1,1,0,0,0,0,0,0,0,16,0,0
121251,2,1,0,0,0,0,0,0,0,0,0,0
121252,0,1,0,0,0,0,0,0,0,0,0,0
121252,1,1,0,0,0,0,0,0,0,0,0,0
121253,0,1,0,0,0,0,0,0,0,0,0,0
121253,1,1,0,0,0,0,0,0,0,0,20,0
121254,1,1,17,0,0,8,0,0,0,0,0,0
121254,2,1,0,0,0,0,0,0,0,0,0,0
121254,3,1,0,0,0,0,0,0,0,0,0,0
121254,4,1,0,0,0,0,0,0,0,0,0,0
121255,1,1,0,0,0,0,0,0,0,0,0,0
121256,1,1,0,15,0,0,0,0,0,22,0,7
121256,2,1,0,0,0,0,0,0,11,41,11,0
121257,1,1,0,0,0,0,0,0,0,0,0,0
121257,2,1,0,0,0,0,0,0,0,0,0,0
121258,1,1,0,13,19,0,0,24,12,0,0,0
121258,2,1,0,0,0,0,0,16,0,0,0,0
121259,1,1,0,0,0,0,0,0,0,0,0,0
121259,2,1,0,0,0,0,0,0,0,0,0,0
121259,3,1,0,0,0,0,0,0,0,0,0,0
121260,1,1,0,0,0,21,0,0,26,16,0,0
121262,1,1,0,0,0,0,22,0,30,0,0,0
121262,2,1,15,15,15,15,15,15,15,15,15,15
121263,0,1,0,0,0,0,0,0,0,0,0,0
121263,1,1,0,0,0,0,0,0,0,0,0,0
121264,1,1,0,0,0,0,0,0,0,0,0,0
121264,2,1,0,0,0,0,0,0,0,0,0,0
121265,1,1,0,0,0,0,0,0,4,0,0,0
121265,2,1,0,0,0,0,30,0,0,0,0,0
121265,3,1,0,0,0,0,0,0,0,0,0,0
121266,0,1,31,0,0,0,0,0,0,0,0,0
121266,1,1,0,0,0,17,0,0,0,0,0,0
121267,0,1,0,0,0,0,0,44,0,2,8,0
121267,1,1,0,0,0,0,0,0,0,0,0,0
121268,0,1,0,0,5,0,34,25,25,28,3,0
121268,1,1,14,0,0,0,0,0,0,0,0,0
121269,0,1,21,0,13,0,0,0,17,19,0,0
121269,1,1,0,5,15,0,28,0,0,0,0,0
121270,1,1,0,0,0,0,0,0,0,0,0,0
121270,2,1,0,20,0,0,0,17,0,13,0,0
121271,1,1,0,0,0,0,0,0,0,0,0,0
121272,1,1,0,0,0,0,0,0,0,0,0,0
121272,2,1,0,0,0,0,0,0,0,0,0,0
121273,0,1,0,0,35,0,0,0,0,18,0,0
121273,0,2,30,17,0,15,0,7,0,0,33,0
121273,1,1,20,20,20,20,20,20,20,20,20,20
121274,0,1,0,0,0,0,0,0,0,0,0,0
121274,1,1,0,0,0,0,0,0,0,0,0,0
121275,1,1,0,0,0,0,0,0,0,0,0,0
121275,2,1,0,0,0,0,0,0,0,0,0,0
121276,1,1,11,7,14,19,10,37,0,13,9,2
121276,2,1,0,0,0,12,0,0,0,0,0,17
121277,1,1,0,16,0,0,0,18,0,0,0,0
121278,1,1,0,0,0,16,0,0,0,0,0,0
121279,1,1,0,0,0,0,0,0,0,0,0,0
121280,1,1,0,0,0,0,0,0,0,0,0,0
121281,1,1,0,0,15,0,0,0,0,0,18,0
121281,2,1,0,0,0,13,0,0,0,0,0,0
121281,3,1,0,0,0,0,0,0,0,0,0,0
121281,4,1,0,0,0,0,0,0,9,0,0,0
121282,0,1,0,0,0,0,0,0,0,0,0,0
121282,1,1,0,5,0,0,0,0,0,0,0,0
121283,1,1,0,0,0,0,0,0,0,0,2,11
121284,1,1,10,10,10,10,10,10,10,10,10,10
121285,1,1,12,12,12,12,12,12,12,12,12,12
121286,1,1,7,7,7,7,7,7,7,7,7,7
121287,1,1,0,0,0,0,0,0,0,0,0,0
121287,2,1,0,0,0,0,0,0,0,0,0,0
121288,0,1,22,22,22,22,22,22,22,22,22,22
121288,1,1,0,0,0,0,0,0,0,0,0,10
121289,0,1,7,7,7,7,7,7,7,7,7,7
121289,1,1,0,0,20,0,0,0,0,0,0,0
121290,1,1,20,20,20,20,20,20,20,20,20,20
121291,0,1,0,0,0,0,0,0,11,0,0,0
121291,1,1,0,0,0,0,0,6,0,0,0,0
121292,0,1,27,15,8,17,16,29,6,22,29,46
121292,1,1,0,0,0,0,0,12,0,0,0,0
121293,1,1,27,27,27,27,27,27,27,27,27,27
121294,1,1,0,0,16,0,0,0,0,0,0,0
121295,1,1,0,0,0,0,0,0,0,0,0,0
121296,1,1,12,14,9,13,17,27,11,8,3,8
121297,0,1,0,0,0,0,0,0,0,0,0,0
121297,0,2,11,0,0,0,0,0,0,0,0,0
121297,2,1,0,0,0,0,0,0,0,0,0,0
121298,1,1,0,0,0,0,0,0,0,0,0,0
121299,0,1,9,9,9,9,9,9,9,9,9,9
121299,1,1,0,0,3,15,0,0,0,0,0,0
121299,2,1,0,5,0,0,0,0,0,0,0,0
121300,0,1,16,16,16,16,16,16,16,16,16,16
121300,1,1,0,9,0,0,0,0,0,0,0,0
121302,0,1,30,28,16,0,30,24,21,30,18,17
121302,1,1,0,0,0,0,0,0,0,0,0,0
121303,1,1,6,37,0,0,17,0,0,8,0,0
121303,2,1,0,0,0,0,0,0,0,0,0,0
121304,0,1,0,0,0,0,0,0,0,0,0,0
121304,1,1,9,12,0,6,14,6,16,14,13,32
121305,1,1,0,27,0,15,0,0,0,0,0,0
121305,2,1,0,0,0,0,0,0,0,0,0,0
121306,1,1,0,0,0,0,0,0,0,0,0,0
121307,1,1,0,0,0,0,0,0,0,7,0,0
121307,2,1,0,0,0,0,0,0,0,24,0,0
121308,1,1,3,3,3,3,3,3,3,3,3,3
121310,0,1,33,33,33,33,33,33,33,33,33,33
121310,1,1,0,0,0,0,42,0,0,0,0,0
121311,1,1,0,0,0,0,0,0,0,0,0,0
121311,2,1,0,0,0,0,0,0,0,0,0,0
121312,1,1,0,0,0,0,0,0,0,0,0,0
121312,2,1,0,0,0,0,0,0,0,0,0,0
121313,1,1,0,11,0,0,0,0,0,0,0,0
121314,1,1,14,19,0,0,15,0,7,0,9,4
121315,1,1,0,0,0,0,0,0,0,0,0,0
121315,2,1,0,0,0,0,0,0,0,0,0,0
121316,1,1,0,0,0,0,0,0,0,0,0,0
121317,1,1,16,16,16,16,16,16,16,16,16,16
121317,2,1,0,0,0,13,0,0,0,0,0,0
121318,1,1,23,0,10,29,0,0,30,0,0,0
121319,1,1,4,4,4,4,4,4,4,4,4,4
121319,2,1,0,13,0,0,0,0,0,5,0,0
121320,1,1,15,4,23,0,0,7,10,12,0,0
121320,2,1,0,0,31,0,0,0,0,16,0,0
121321,1,1,0,0,0,0,0,0,0,0,0,0
121321,2,1,0,0,0,0,0,0,0,0,0,0
121322,1,1,0,0,0,0,0,0,0,0,0,0
121322,2,1,0,0,0,0,0,17,0,0,0,0
121323,1,1,23,23,23,23,23,23,23,23,23,23
121324,1,1,19,19,19,19,19,19,19,19,19,19
121325,1,1,11,11,11,11,11,11,11,11,11,11
121326,1,1,0,0,0,0,0,0,0,0,0,0
121326,2,1,0,0,0,0,0,0,0,0,0,0
121327,1,1,0,0,0,0,0,0,0,0,0,0
121327,2,1,0,0,0,0,0,0,0,0,0,0
121328,0,1,0,0,0,0,0,0,0,0,0,0
121328,1,1,4,4,4,4,4,4,4,4,4,4
121329,1,1,0,0,0,0,0,0,0,0,0,0
121329,2,1,0,0,0,0,0,0,0,0,0,0
121329,3,1,0,0,0,0,0,0,0,0,0,0
121330,0,1,9,9,9,9,9,9,9,9,9,9
121330,1,1,16,0,0,0,0,0,0,0,0,0
121331,1,1,0,0,0,0,0,0,0,0,0,0
121331,2,1,13,13,13,13,13,13,13,13,13,13
121332,1,1,0,0,0,0,0,0,0,0,0,0
121333,0,1,26,26,26,26,26,26,26,26,26,26
121333,1,1,13,0,0,0,0,0,0,0,0,0
121334,0,1,0,0,0,0,0,0,0,0,0,0
121334,1,1,0,0,0,0,0,0,0,0,0,0
121335,1,1,0,0,0,0,0,0,0,0,0,0
121335,2,1,0,0,0,0,0,9,0,0,0,0
121335,3,1,0,0,0,0,0,0,0,0,0,0
121335,4,1,0,0,0,0,0,0,17,0,0,0
121336,1,1,0,0,0,0,0,0,0,0,0,0
121337,1,1,0,0,0,0,0,0,0,0,0,0
121337,2,1,0,0,0,0,0,0,0,0,0,0
121337,3,1,0,0,0,0,0,0,0,0,0,0
121337,4,1,0,0,0,0,0,0,0,0,0,0
121337,5,1,0,0,0,0,0,0,0,0,0,0
121337,6,1,0,0,0,0,0,0,0,0,0,0
121337,7,1,0,0,0,0,0,0,0,0,0,0
121338,1,1,0,0,0,0,0,0,0,0,0,0
121339,0,1,0,0,0,0,0,0,0,0,0,0
121339,1,1,0,0,0,0,0,0,0,0,0,0
121340,1,1,13,13,13,13,13,13,13,13,13,13
121341,0,1,17,17,17,17,17,17,17,17,17,17
121341,1,1,0,0,0,0,0,0,0,0,0,0
121342,0,1,0,0,12,0,0,0,0,0,0,0
121342,1,1,0,0,0,0,0,0,0,0,0,0
121343,1,1,17,17,17,17,17,17,17,17,17,17
121344,0,1,13,13,13,13,13,13,13,13,13,13
121344,1,1,0,0,0,0,0,0,0,0,0,0
121345,1,2,0,12,0,0,26,23,14,21,13,16
121346,0,1,11,11,11,11,11,11,11,11,11,11
121346,1,1,14,0,0,0,0,0,0,0,16,0
121347,1,1,28,28,28,28,28,28,28,28,28,28
121348,1,1,13,13,13,13,13,13,13,13,13,13
121349,1,1,0,0,0,0,0,0,0,0,0,0
121349,2,1,0,0,0,0,0,0,0,0,0,0
121350,0,1,0,0,38,23,15,18,0,0,0,0
121350,1,1,0,0,19,17,0,0,0,0,0,0
121351,1,1,0,0,0,0,0,0,0,0,0,0
121351,2,1,0,0,0,0,0,0,0,0,0,0
121352,1,1,0,0,0,0,0,0,0,0,0,0
121352,2,1,0,0,0,0,0,0,0,0,0,0
121353,1,1,0,0,0,0,0,0,0,0,0,0
121353,2,1,0,0,0,0,0,0,0,0,0,0
121355,1,1,19,19,19,19,19,19,19,19,19,19
121356,0,1,0,0,0,0,0,0,0,0,0,0
121356,1,1,0,0,0,0,0,0,0,0,0,0
121357,1,1,0,0,18,0,0,0,0,15,0,13
121358,1,1,0,0,0,9,0,28,0,0,0,12
121358,2,1,0,0,0,0,0,0,0,0,0,0
121359,1,1,0,0,0,0,0,0,0,0,0,0
121359,2,1,0,0,0,0,0,0,0,0,0,0
121360,1,1,11,18,14,19,23,15,27,14,14,14
121361,1,1,0,0,0,0,0,18,0,0,0,0
121361,2,1,0,0,0,0,0,0,0,0,0,0
121362,1,1,19,10,12,6,5,13,11,12,5,24
121362,2,1,0,0,0,0,22,0,0,0,0,0
121363,1,1,18,18,18,18,18,18,18,18,18,18
121364,1,1,0,0,0,0,0,0,0,0,0,0
121364,2,1,0,0,0,0,0,13,0,0,21,22
121364,3,1,0,0,0,0,12,0,0,0,0,0
121365,1,1,0,0,0,0,0,0,0,0,0,0
121366,1,1,7,7,7,7,7,7,7,7,7,7
121366,2,1,0,0,0,0,0,0,0,0,0,0
121367,1,1,15,14,26,22,14,5,17,20,11,0
121368,1,1,0,0,0,0,0,0,0,0,0,0
121369,1,1,0,19,0,0,0,0,0,0,0,0
121369,2,1,0,0,0,12,0,0,0,13,24,0
121370,1,1,0,0,0,0,0,0,0,0,0,0
121370,2,1,0,0,0,0,0,0,0,0,0,0
121371,1,1,0,0,0,0,0,0,0,0,0,0
121372,1,1,25,25,25,25,25,25,25,25,25,25
121373,1,1,0,0,0,0,0,0,0,0,0,0
121373,2,1,0,0,0,0,0,0,0,0,0,0
121374,1,1,0,0,0,0,0,0,0,0,0,0
121375,0,1,0,0,0,0,0,0,0,0,0,0
121375,1,1,0,0,0,0,0,0,0,0,0,0
121376,1,1,0,28,0,0,0,0,0,0,0,0
121376,2,1,0,0,0,0,0,0,0,6,0,0
121377,1,1,20,20,20,20,20,20,20,20,20,20
121378,0,1,0,0,0,0,0,0,0,0,0,0
121378,1,1,11,11,11,11,11,11,11,11,11,11
121379,1,1,0,0,0,0,0,0,0,0,0,0
121379,2,1,0,0,0,0,17,0,0,0,0,0
121380,0,1,34,34,34,34,34,34,34,34,34,34
121380,1,1,0,0,0,0,36,0,0,0,0,7
121381,1,1,5,5,5,5,5,5,5,5,5,5
121382,1,1,13,12,11,18,9,10,19,16,8,0
121383,1,1,0,0,0,0,0,0,0,0,0,0
121384,0,1,15,15,15,15,15,15,15,15,15,15
121384,1,1,0,29,0,0,7,0,0,0,0,0
121385,1,1,0,0,0,0,5,0,16,0,0,0
121385,2,1,0,0,0,0,0,9,0,0,0,0
121386,1,1,0,0,0,0,0,0,0,0,0,0
121387,1,1,25,25,25,25,25,25,25,25,25,25
121388,1,1,0,0,0,0,0,0,0,0,0,0
121388,2,1,0,0,0,0,0,0,0,0,25,0
121389,1,1,0,0,0,0,0,0,0,0,0,0
121389,2,1,0,0,0,0,0,0,0,0,0,0
121390,1,1,0,0,0,0,0,0,0,0,0,0
121390,2,1,0,0,0,0,0,0,0,0,0,0
121391,1,1,3,3,3,3,3,3,3,3,3,3
121391,2,1,0,0,0,0,0,0,0,0,0,0
121391,3,1,0,0,0,0,0,0,0,0,0,0
121391,4,1,0,0,0,0,0,0,0,0,0,0
121392,1,1,0,0,0,0,0,15,0,0,0,0
121393,1,1,0,0,0,0,0,0,0,0,0,0
121394,1,1,0,0,0,0,0,0,0,0,0,0
121395,1,1,0,0,0,0,0,0,0,0,0,0
121395,2,1,0,0,0,0,0,0,20,0,7,0
121396,1,1,0,0,0,0,0,0,0,0,0,0
121396,2,1,0,0,0,0,0,0,0,0,0,0
121397,1,1,0,0,0,0,0,0,0,0,0,0
121397,2,1,0,0,0,0,0,0,0,0,0,0
121398,0,1,0,0,0,0,0,0,0,0,0,0
121398,1,1,19,19,19,19,19,19,19,19,19,19
121399,1,1,0,0,0,0,0,0,0,0,0,0
121399,2,1,13,13,13,13,13,13,13,13,13,13
121399,3,1,0,0,7,0,0,0,0,0,0,0
121399,4,1,0,0,0,0,0,0,0,0,0,16
121400,1,1,0,0,0,0,0,0,0,0,0,0
121400,2,1,0,0,13,0,0,0,0,0,0,0
121401,0,1,25,25,25,25,25,25,25,25,25,25
121401,1,1,0,0,0,0,0,0,0,0,0,0
121402,1,1,0,0,0,0,0,0,0,0,0,0
121402,2,1,0,0,0,0,0,0,0,0,0,0
121403,0,1,0,0,0,0,0,0,0,0,0,0
121403,1,1,21,21,21,21,21,21,21,21,21,21
121404,1,1,18,18,18,18,18,18,18,18,18,18
121404,2,1,0,0,0,0,0,0,0,0,0,0
121405,1,1,0,38,3,0,7,9,16,0,0,0
121405,2,1,0,28,18,0,12,15,40,34,0,16
121406,1,1,0,0,0,0,0,0,0,0,0,0
121406,2,1,0,0,0,0,0,0,0,0,0,0
121406,3,1,0,0,0,0,0,0,0,0,0,0
121406,4,1,0,0,0,0,0,0,0,0,0,4
121407,0,1,18,18,18,18,18,18,18,18,18,18
121407,1,1,0,0,29,0,0,0,0,0,0,0
121407,2,1,0,0,0,0,0,0,0,0,0,14
121407,3,1,0,0,0,0,0,0,0,9,0,0
121408,1,1,26,26,26,26,26,26,26,26,26,26
121409,1,1,0,10,0,0,0,0,0,0,0,0
121412,1,1,0,0,0,0,0,0,0,0,0,0
121412,2,1,0,0,0,0,0,0,0,0,0,0
121412,3,1,0,0,0,0,0,0,0,0,0,0
121412,4,1,9,0,0,0,0,0,0,0,0,0
121413,1,1,17,10,0,0,13,12,0,0,0,0
121414,1,1,36,0,0,0,0,0,0,0,27,0
121415,1,1,0,13,0,12,0,33,18,0,0,5
121416,1,1,0,20,0,0,0,8,5,0,0,0
121416,2,1,0,0,0,0,0,0,0,33,0,0
121417,1,1,0,0,0,0,0,0,0,0,0,0
121417,2,1,0,0,0,0,0,0,0,0,0,0
121418,1,1,0,0,0,0,0,0,0,0,0,0
121419,1,1,0,0,0,0,0,0,0,0,0,0
121419,2,1,0,0,0,0,0,0,0,0,0,0
121420,0,1,0,0,0,0,0,0,0,0,36,0
121420,1,1,0,0,0,0,0,0,0,0,0,0
121421,1,1,16,16,16,16,16,16,16,16,16,16
121422,0,1,11,11,11,11,11,11,11,11,11,11
121422,1,1,0,0,0,0,0,0,12,0,0,0
121423,0,1,0,0,0,0,0,0,0,0,0,0
121423,1,1,0,0,0,0,0,0,0,0,0,0
121424,1,1,0,0,0,0,0,0,0,5,0,32
121425,1,1,16,0,0,0,0,0,0,0,0,0
121425,2,1,0,0,0,0,0,0,24,0,32,0
121426,1,1,0,0,0,0,0,24,0,9,8,10
121427,1,1,0,21,0,0,0,0,0,0,0,0
121427,2,1,0,0,0,0,0,0,0,11,0,0
121427,3,1,0,0,0,0,0,0,0,15,0,0
121428,0,1,0,11,26,32,14,11,24,0,0,19
121428,1,1,0,0,0,0,0,0,0,0,0,16
121430,1,1,19,19,19,19,19,19,19,19,19,19
121431,0,1,0,0,0,0,0,0,0,0,0,0
121431,1,1,0,0,0,0,0,0,0,0,0,0
121432,0,1,0,0,0,0,0,0,0,0,0,0
121432,1,1,0,0,0,0,0,0,0,0,0,0
121433,1,1,0,0,0,0,0,0,0,0,0,0
121433,2,1,0,0,0,0,0,0,7,0,0,0
121433,3,1,0,0,0,0,0,0,0,0,0,0
121434,0,1,0,0,0,0,0,0,0,0,0,0
121434,1,1,0,0,0,0,0,0,0,0,0,0
121435,1,1,0,0,0,0,0,0,0,0,0,0
121436,1,1,0,0,0,0,0,0,0,0,0,0
121436,2,1,0,0,0,0,0,0,0,0,0,0
121436,3,1,0,0,0,0,0,0,0,0,0,0
121437,0,1,0,0,0,0,0,0,0,0,0,0
121437,1,1,0,0,0,0,0,0,0,0,0,0
121438,0,1,0,0,0,0,0,0,0,0,0,0
121438,1,1,0,0,0,0,0,0,0,0,14,0
121439,1,1,0,0,0,0,0,0,0,0,0,0
121440,1,1,0,0,0,0,0,0,0,0,0,0
121441,1,1,0,0,0,0,0,0,0,0,0,0
121443,1,1,0,0,0,16,0,0,0,0,0,0
121444,1,1,15,0,0,0,0,0,0,0,0,0
121444,2,1,0,0,0,0,0,0,0,0,0,0
121445,1,1,0,0,0,0,0,0,0,0,0,0
121445,2,1,0,0,0,0,0,0,0,0,0,0
121445,3,1,0,0,0,0,0,0,0,0,0,0
121446,0,1,20,20,20,20,20,20,20,20,20,20
121446,1,1,0,0,0,0,0,0,0,0,0,0
121447,1,1,0,0,0,0,0,0,0,0,0,0
121447,2,1,0,0,0,0,0,0,0,0,0,0
121447,3,1,0,0,0,0,0,0,0,0,0,0
121448,1,1,0,0,0,0,0,0,0,0,0,0
121448,2,1,0,0,0,0,0,0,0,0,0,0
121448,3,1,0,0,0,0,18,0,0,0,0,0
121449,0,1,0,0,12,0,0,0,11,0,16,10
121449,1,1,0,0,0,0,0,0,0,0,0,0
121450,0,1,0,0,0,0,0,0,0,0,0,0
121450,1,1,22,8,21,10,9,0,30,0,5,5
121451,1,1,0,0,37,0,0,0,0,0,0,0
121452,1,1,32,32,32,32,32,32,32,32,32,32
121453,1,1,0,0,0,0,0,0,0,0,0,0
121454,0,1,7,27,0,0,20,0,0,13,0,0
121454,1,1,0,0,0,0,0,0,0,0,0,0
121455,0,1,19,19,19,19,19,19,19,19,19,19
121455,1,1,0,0,0,0,0,0,0,0,15,25
121458,1,1,23,0,0,12,0,30,0,0,0,0
121458,2,1,0,0,0,0,0,0,0,0,0,0
121459,0,1,0,0,0,0,0,0,0,0,0,0
121459,1,1,0,0,0,0,0,0,0,0,0,0
121460,1,1,0,0,0,10,21,0,11,0,19,12
121460,2,1,7,7,7,7,7,7,7,7,7,7
121461,1,1,24,24,24,24,24,24,24,24,24,24
121462,1,1,0,0,0,0,0,0,0,0,0,0
121462,2,1,0,0,0,0,0,0,0,0,0,0
121463,1,2,14,32,0,28,20,0,28,0,0,0
121465,1,1,0,0,0,0,0,0,0,0,0,0
121467,1,1,0,0,0,0,0,0,0,0,32,0
121468,1,1,0,21,0,18,0,11,6,0,0,0
121469,0,1,0,19,0,9,19,18,28,19,0,31
121469,1,1,0,0,0,0,0,0,0,0,0,0
121470,1,1,0,0,0,0,0,0,0,0,0,0
121471,1,1,0,0,0,0,0,0,0,0,0,0
121471,2,1,0,0,0,0,0,0,0,0,0,0
121472,1,1,8,8,8,8,8,8,8,8,8,8
121473,1,1,18,18,18,18,18,18,18,18,18,18
121474,1,1,18,18,18,18,18,18,18,18,18,18
121475,1,1,0,0,0,0,0,0,0,0,0,0
121475,2,1,0,0,0,0,0,0,0,0,0,0
121476,1,1,0,5,0,0,0,5,0,11,34,43
121477,1,1,0,0,0,0,0,0,0,30,0,0
121477,2,1,0,0,0,8,14,0,0,0,0,0
121478,0,1,1,1,1,1,1,1,1,1,1,1
121478,1,1,0,0,8,0,0,0,0,0,0,9
121479,1,1,16,16,16,16,16,16,16,16,16,16
121480,1,1,0,20,0,0,0,0,0,0,25,0
121480,2,1,0,10,7,0,9,0,0,0,0,0
121481,1,1,0,0,0,0,0,0,0,0,0,0
121482,1,1,0,0,0,0,0,0,0,0,0,0
121482,2,1,0,0,0,0,0,0,0,0,0,0
121483,1,1,0,0,0,0,0,0,0,0,24,0
121483,2,1,0,0,0,6,9,0,0,0,0,0
121485,1,1,0,0,0,0,0,0,0,0,0,0
121485,2,1,0,0,0,0,0,0,0,0,0,0
121486,1,1,0,0,0,0,0,0,7,0,0,0
121487,1,1,24,24,24,24,24,24,24,24,24,24
121488,1,1,0,20,0,0,0,0,0,0,0,0
121490,1,1,0,0,0,0,0,0,0,0,0,0
121490,2,1,0,0,0,0,0,0,0,0,0,0
121490,3,1,0,0,0,0,0,0,0,0,0,0
121491,0,1,0,0,0,0,0,0,0,0,0,0
121491,1,1,0,0,0,0,0,0,0,0,0,0
121492,1,1,0,0,17,0,0,0,0,5,0,0
121492,2,1,0,0,0,0,0,0,0,0,0,0
121492,3,1,0,0,0,0,0,0,0,24,0,0
121492,4,1,0,0,0,0,0,0,0,0,0,0
121492,5,1,0,0,0,0,0,0,0,0,0,0
121493,1,1,0,0,17,0,0,19,0,0,0,0
121493,2,1,0,0,0,0,0,0,0,0,0,0
121494,0,1,0,0,19,0,0,0,0,0,0,0
121494,1,1,0,0,0,0,0,0,0,0,0,0
121495,1,1,0,0,0,0,0,0,0,0,0,0
121495,2,1,20,11,12,5,0,12,2,0,0,0
121495,3,1,0,0,0,0,0,0,0,0,0,0
121496,1,1,0,0,0,1,0,0,0,0,0,0
121496,2,1,0,4,9,0,0,0,0,23,0,0
121497,1,1,0,0,0,0,0,0,0,0,0,0
121497,2,1,0,0,0,0,0,0,0,0,0,0
121498,1,1,5,5,5,5,5,5,5,5,5,5
121499,0,1,0,0,0,0,0,0,0,0,0,0
121499,1,1,0,0,0,0,0,0,0,0,0,0
121500,1,1,16,16,16,16,16,16,16,16,16,16
121500,2,1,0,0,0,0,0,0,0,0,0,0
121501,0,1,0,0,0,0,0,0,0,0,0,0
121501,1,1,0,0,0,9,0,0,0,0,0,0
121502,1,1,15,0,0,0,27,0,0,0,0,0
121503,0,1,0,0,0,0,0,0,0,0,0,0
121503,1,1,0,0,0,0,0,0,7,0,0,0
121504,1,1,1,1,1,1,1,1,1,1,1,1
121505,1,1,0,15,0,0,0,0,0,0,19,0
121505,2,1,14,30,15,14,23,16,0,6,6,9
121506,0,1,27,0,51,0,27,14,0,10,3,9
121506,1,1,0,0,0,0,0,0,15,15,0,0
121506,2,1,0,0,0,0,18,0,0,0,0,0
121507,1,1,0,0,0,0,0,0,0,0,0,0
121509,1,1,0,0,0,0,0,0,0,0,0,0
121509,2,1,0,0,0,0,0,0,0,0,0,0
121510,1,1,25,25,25,25,25,25,25,25,25,25
121510,2,1,0,0,0,0,0,0,0,0,0,0
121511,0,1,0,26,12,0,0,0,0,0,0,0
121511,1,1,0,0,0,0,0,0,0,0,0,0
121512,1,1,0,0,0,0,0,0,0,0,0,0
121513,0,1,11,21,22,0,35,33,0,0,0,14
121513,1,1,0,0,0,0,0,0,0,0,0,0
121514,1,1,16,0,9,7,13,0,18,22,24,10
121515,1,1,0,0,13,0,0,0,0,0,0,0
121515,2,1,0,3,8,22,23,8,0,0,0,15
121516,1,1,0,0,10,0,10,0,12,0,15,5
121517,1,1,0,0,0,0,0,0,0,0,0,0
121519,1,1,0,0,0,0,0,17,0,0,0,0
121520,0,1,0,0,0,0,0,0,0,0,0,0
121520,1,1,0,0,0,0,0,0,0,0,0,0
121521,0,1,0,0,0,0,19,0,0,0,13,0
121521,1,1,6,0,0,0,0,0,0,4,0,0
121522,1,1,0,0,0,0,0,0,0,0,0,0
121522,2,1,0,0,0,0,0,0,0,0,0,0
121523,1,1,0,0,0,0,0,0,0,0,0,0
121523,2,1,0,0,0,0,0,0,0,0,0,0
121524,1,1,0,0,12,16,0,0,0,0,0,0
121524,2,1,0,0,0,0,0,0,0,0,0,0
121525,1,1,0,0,0,0,0,0,0,0,0,0