ST_CASE,VEH_NO,PER_NO,P1,P2,P3,P4,P5,P6,P7,P8,P9,P10
121525,2,1,0,0,0,0,0,0,0,0,0,0
121526,1,1,10,24,0,11,16,10,11,0,8,12
121526,2,1,17,10,24,14,7,11,13,6,2,6
121527,1,1,35,35,35,35,35,35,35,35,35,35
121528,1,1,27,27,27,27,27,27,27,27,27,27
121528,2,1,0,0,0,0,0,0,0,0,0,0
121529,1,1,0,0,0,0,0,0,0,0,0,0
121529,2,1,0,0,0,0,0,0,0,0,0,0
121529,3,1,0,0,0,0,0,0,0,0,0,0
121530,0,1,0,0,0,0,0,0,0,0,0,0
121530,1,1,0,0,0,0,0,0,0,0,0,0
121531,1,1,0,0,0,0,0,0,0,0,14,0
121531,2,1,0,0,0,0,0,0,0,0,0,0
121532,1,1,0,0,0,0,0,0,0,0,0,0
121533,0,1,19,19,19,19,19,19,19,19,19,19
121533,1,1,0,20,0,0,0,0,0,0,0,0
121535,1,1,16,16,16,16,16,16,16,16,16,16
121536,1,1,0,0,0,0,0,0,0,0,0,0
121536,2,1,0,0,0,0,0,0,0,0,0,0
121536,3,1,0,0,0,0,0,0,0,0,17,0
121537,1,1,14,14,14,14,14,14,14,14,14,14
121537,2,1,0,0,0,0,0,0,0,0,0,0
121538,1,1,17,17,17,17,17,17,17,17,17,17
121539,1,1,0,0,0,0,0,0,0,0,0,0
121540,1,1,11,0,0,0,32,0,17,5,16,0
121540,2,1,0,0,0,0,0,0,0,0,19,0
121541,1,1,1,1,1,1,1,1,1,1,1,1
121542,0,1,36,36,36,36,36,36,36,36,36,36
121542,1,1,0,0,0,20,0,0,0,0,0,0
121543,1,1,25,25,25,25,25,25,25,25,25,25
121544,1,1,0,0,0,0,0,0,0,0,0,0
121545,1,1,17,17,17,17,17,17,17,17,17,17
121545,2,1,0,0,0,0,0,0,0,0,0,0
121546,1,1,0,0,0,0,0,0,0,0,0,0
121546,2,1,0,11,0,0,0,0,0,0,0,0
121547,1,1,0,0,0,0,0,0,0,0,0,0
121548,1,1,1,1,1,1,1,1,1,1,1,1
121549,0,1,25,25,25,25,25,25,25,25,25,25
121549,1,1,0,0,0,0,0,8,0,0,0,0
121550,1,1,0,0,0,0,0,0,0,0,0,0
121550,2,1,0,0,0,0,0,0,0,0,0,36
121551,1,1,30,30,30,30,30,30,30,30,30,30
121552,1,1,9,9,9,9,9,9,9,9,9,9
121553,0,1,15,0,10,17,0,0,0,0,0,0
121553,1,1,0,0,0,0,0,0,0,0,0,0
121554,1,1,0,0,16,22,0,3,9,11,23,0
121555,1,1,0,0,0,0,0,0,0,0,0,0
121556,1,1,0,0,0,0,0,0,0,0,25,0
121556,2,1,0,0,0,0,0,0,0,0,0,0
121556,3,1,9,8,0,0,0,13,10,0,0,0
121556,4,1,7,17,0,0,0,0,0,8,0,0
121556,5,1,0,0,16,0,0,0,0,8,0,0
121557,1,1,21,19,24,14,8,11,10,10,17,13
121557,2,1,0,0,0,0,0,0,0,0,0,0
121557,3,1,0,0,0,0,8,0,0,12,0,0
121557,4,1,0,0,0,0,0,13,0,0,0,0
121558,1,1,0,0,0,0,0,0,0,13,0,0
121559,1,1,0,0,0,0,0,0,0,0,0,0
121560,1,1,0,0,0,0,0,0,0,0,0,0
121560,2,1,25,0,0,0,0,0,0,0,0,0
121561,1,1,0,0,0,0,0,0,0,0,0,0
121561,2,1,0,0,0,0,0,0,0,0,0,0
121562,0,1,0,0,0,0,0,0,0,0,0,0
121562,1,1,0,0,0,0,0,0,0,0,0,0
121564,1,1,0,0,0,0,0,0,0,0,0,0
121564,2,1,0,0,0,0,0,0,0,0,0,0
121565,1,1,21,19,17,24,8,13,6,7,24,19
121565,2,1,35,0,0,8,0,0,0,0,14,0
121565,3,1,13,0,0,0,0,0,0,25,0,0
121566,1,1,11,27,28,0,0,16,0,0,0,14
121567,0,1,0,0,14,0,0,0,0,0,0,0
121567,1,1,0,10,0,0,0,0,0,0,0,10
121568,1,1,24,24,24,24,24,24,24,24,24,24
121569,1,1,15,0,0,10,0,0,0,0,0,0
121569,2,1,0,0,0,0,0,0,0,0,0,0
121569,3,1,0,0,0,0,0,20,0,0,0,0
121570,1,1,0,0,0,0,0,0,0,0,0,0
121571,0,1,0,0,0,0,0,0,0,0,0,0
121571,1,1,0,0,0,0,0,0,0,0,0,0
121572,1,1,0,0,0,0,0,0,0,0,0,0
121572,2,1,0,0,0,0,0,0,0,0,0,0
121573,1,1,0,0,0,0,0,0,0,0,0,0
121573,2,1,0,0,0,0,0,0,0,0,0,0
121574,1,1,16,16,16,16,16,16,16,16,16,16
121574,2,1,0,0,0,0,0,0,0,0,0,0
121575,1,1,0,0,0,0,18,0,0,26,0,0
121576,1,1,0,0,0,0,0,0,0,0,0,0
121576,2,1,0,0,0,0,0,0,0,0,0,0
121577,0,1,0,0,0,0,0,0,0,0,0,0
121577,1,1,0,0,0,0,0,0,0,0,0,0
121578,1,1,0,0,0,0,0,11,0,0,0,0
121579,1,1,0,0,0,0,0,0,0,0,0,0
121579,2,1,0,0,0,0,0,0,0,0,0,0
121580,0,1,0,0,0,0,0,0,0,0,0,0
121580,1,1,0,0,0,0,0,0,0,0,0,0
121581,1,1,0,0,0,0,0,0,0,0,0,0
121582,0,1,16,16,16,16,16,16,16,16,16,16
121582,1,1,0,0,0,0,0,0,0,0,0,0
121583,1,1,0,0,0,0,0,0,0,0,0,0
121583,2,1,0,0,0,0,0,0,0,0,23,0
121584,0,1,0,0,0,0,0,0,0,0,0,0
121584,1,1,0,0,0,0,0,0,0,0,0,0
121585,1,1,0,0,0,0,0,0,0,0,13,0
121585,2,1,0,0,0,0,0,0,0,0,0,0
121586,1,1,0,15,0,0,0,0,0,23,0,16
121587,1,1,0,0,0,0,0,0,0,21,27,0
121588,1,1,27,27,27,27,27,27,27,27,27,27
121589,0,1,0,0,26,0,0,0,0,0,0,15
121589,1,1,0,0,9,0,0,0,0,0,0,0
121590,0,1,0,0,0,0,0,0,0,0,0,0
121590,1,1,0,0,0,0,0,0,0,0,0,0
121591,0,1,0,0,0,0,0,0,0,0,0,0
121591,1,1,0,0,0,0,0,0,0,0,0,0
121592,1,1,0,0,0,0,0,0,0,0,0,0
121593,1,1,13,13,13,13,13,13,13,13,13,13
121593,2,1,0,0,0,0,0,0,0,0,0,4
121594,1,1,0,0,0,0,0,0,0,0,0,0
121594,2,1,0,0,0,0,0,0,0,0,0,0
121595,1,1,0,0,0,0,0,0,0,0,0,0
121596,1,1,7,0,0,0,0,0,0,16,0,0
121597,1,1,7,16,10,3,8,0,7,17,18,13
121598,1,1,13,19,0,7,10,0,3,0,0,12
121598,2,1,0,0,0,0,0,0,0,0,0,0
121598,3,1,0,23,0,0,16,0,0,0,0,0
121599,1,1,0,0,0,0,0,0,0,0,0,0
121599,2,1,0,0,0,0,0,0,8,0,0,0
121600,1,1,0,0,0,0,0,0,0,0,0,0
121600,2,1,0,0,0,0,0,0,0,0,0,0
121600,3,1,0,0,0,0,0,0,0,0,0,0
121601,1,1,0,33,0,0,0,29,0,9,0,0
121601,2,1,0,0,0,13,14,0,0,2,0,0
121602,0,1,0,0,0,0,0,0,0,0,0,0
121602,1,1,0,0,0,0,26,0,0,0,0,0
121603,0,1,0,0,0,0,0,0,0,0,0,0
121603,1,1,0,0,0,0,0,0,0,0,0,0
121604,1,1,24,0,0,0,0,0,0,0,0,0
121604,2,1,0,0,0,0,8,0,0,0,0,0
121605,1,1,0,0,0,0,0,0,0,0,0,0
121606,0,1,0,0,0,20,0,0,0,0,0,0
121606,1,1,3,0,0,0,13,0,6,0,0,0
121607,1,1,0,0,0,0,0,0,0,0,0,0
121607,2,1,0,0,17,0,0,0,0,0,0,0
121608,1,1,0,0,0,0,0,0,0,0,0,0
121608,2,1,0,0,0,0,0,0,13,0,0,0
121609,1,1,15,0,0,0,0,15,0,17,0,13
121610,1,1,0,0,0,0,0,0,0,0,0,0
121610,2,1,0,0,0,0,0,0,0,0,0,0
121612,1,1,22,32,0,0,10,18,0,0,0,11
121613,1,1,28,28,28,28,28,28,28,28,28,28
121614,1,1,0,0,0,0,0,0,0,0,0,0
121614,2,1,0,0,0,0,0,0,0,0,0,0
121615,0,1,0,0,13,0,0,29,0,0,0,0
121615,1,1,13,5,0,0,21,0,0,9,0,0
121616,1,1,0,0,0,0,0,0,0,0,0,0
121616,2,1,0,0,0,0,0,0,0,0,0,0
121617,1,1,0,0,0,0,0,0,0,0,0,0
121617,2,1,0,0,0,0,0,0,0,0,0,0
121618,0,1,0,0,3,0,5,0,18,18,0,0
121618,1,1,0,0,0,0,0,0,0,0,0,0
121619,1,1,0,0,0,0,0,0,0,0,0,0
121620,1,1,0,0,0,0,0,0,0,0,0,0
121621,0,1,0,0,0,0,0,0,0,0,0,0
121621,1,1,0,0,0,0,0,0,0,0,0,0
121622,1,1,35,35,35,35,35,35,35,35,35,35
121623,0,1,18,44,0,6,0,0,0,18,0,17
121623,1,1,0,0,0,0,0,0,0,0,0,0
121624,1,1,0,0,0,0,0,0,0,0,0,0
121625,1,1,12,4,0,0,0,0,0,0,0,0
121625,2,1,0,0,0,0,0,0,0,0,5,0
121626,0,1,0,0,0,0,0,0,0,0,0,0
121626,1,1,0,0,0,0,0,0,0,0,0,0
121627,1,1,30,30,30,30,30,30,30,30,30,30
121628,1,1,0,0,17,22,18,14,9,15,11,23
121628,2,1,0,0,0,8,0,0,0,0,0,6
121628,3,1,0,0,0,0,0,0,0,0,0,0
121629,1,1,0,0,0,0,0,29,0,0,0,0
121629,2,1,0,0,0,0,0,21,0,0,0,0
121630,1,1,0,9,0,0,0,0,0,20,0,0
121631,0,1,0,0,0,0,0,0,0,0,0,0
121631,1,1,0,0,0,0,0,0,0,0,0,0
121632,1,1,18,0,0,8,0,0,0,0,0,0
121633,1,1,0,0,0,0,0,0,0,0,0,0
121634,1,1,0,0,0,0,0,0,0,0,0,0
121635,1,1,18,18,18,18,18,18,18,18,18,18
121636,1,1,0,0,0,0,0,0,0,0,0,0
121636,2,1,0,0,0,0,0,0,0,0,0,0
121638,1,1,18,18,18,18,18,18,18,18,18,18
121639,1,1,0,0,0,0,0,0,0,0,0,0
121639,2,1,0,0,0,0,0,0,0,0,0,0
121640,0,1,13,11,16,14,25,14,25,22,6,18
121640,1,1,0,0,0,0,0,0,0,0,0,0
121641,1,1,0,0,0,0,0,16,0,0,0,0
121641,2,1,0,0,0,0,0,0,0,0,0,0
121642,1,1,0,0,0,0,0,0,0,0,0,0
121643,1,1,15,15,15,15,15,15,15,15,15,15
121644,1,1,3,3,3,3,3,3,3,3,3,3
121644,2,1,0,0,0,0,0,0,0,0,0,0
121645,0,1,0,0,0,0,0,0,0,0,0,0
121645,1,1,0,0,0,0,0,0,0,21,0,0
121646,0,1,6,6,6,6,6,6,6,6,6,6
121646,1,1,8,0,0,0,0,0,0,0,0,0
121647,1,1,0,9,6,0,24,0,0,22,0,0
121647,2,1,0,0,0,0,0,0,0,0,0,0
121648,0,1,0,0,0,0,0,0,0,0,0,0
121648,1,1,0,0,0,0,0,0,0,0,0,20
121649,1,1,16,11,38,15,0,12,22,19,2,20
121649,2,1,0,0,0,0,0,0,0,0,0,0
121650,1,1,0,0,0,0,0,0,0,0,0,0
121650,2,1,0,0,0,0,0,13,0,0,0,0
121651,1,1,0,0,0,0,0,0,0,0,0,0
121651,2,1,9,0,0,0,0,0,0,0,0,11
121652,1,1,0,0,0,0,0,0,0,0,0,0
121653,1,1,0,0,0,0,0,0,0,0,0,4
121654,1,1,0,0,0,0,0,0,0,0,0,0
121654,2,1,11,0,0,0,0,0,0,0,0,0
121655,0,1,6,6,6,6,6,6,6,6,6,6
121655,1,1,0,0,0,0,0,0,0,0,0,17
121655,2,1,0,2,0,0,16,0,0,0,0,0
121656,1,1,23,23,23,23,23,23,23,23,23,23
121656,2,1,0,0,0,0,0,0,0,0,0,0
121657,1,1,0,0,0,0,0,0,0,0,0,0
121657,2,1,0,0,0,0,0,0,0,0,24,0
121657,3,1,0,0,0,25,0,0,0,0,0,0
121658,1,1,0,0,0,13,12,0,32,0,14,18
121659,0,1,0,0,0,0,0,0,0,0,0,0
121659,1,1,0,0,0,0,0,0,0,0,0,0
121660,0,1,0,0,0,0,0,13,0,0,0,0
121660,1,1,0,0,0,0,0,0,0,0,0,0
121661,0,1,0,0,0,0,0,0,0,0,0,0
121661,1,1,0,0,0,0,0,19,0,0,0,0
121662,1,1,0,0,0,0,0,0,0,0,0,0
121662,2,1,0,0,0,0,0,0,0,0,0,0
121663,1,1,0,0,0,0,0,0,0,0,0,0
121663,2,1,0,0,0,0,0,0,0,0,0,0
121663,3,1,0,0,0,0,0,0,0,0,0,0
121664,1,1,14,14,14,14,14,14,14,14,14,14
121664,2,1,0,14,0,0,0,0,0,0,0,26
121665,1,1,0,0,0,0,0,0,0,0,0,0
121666,0,1,0,0,0,0,22,0,0,0,0,33
121666,1,1,0,0,0,0,0,0,10,0,0,0
121667,0,1,27,23,0,0,0,0,0,4,18,15
121667,1,1,0,0,0,0,0,0,0,0,0,0
121670,1,1,0,0,0,0,0,0,0,0,0,0
121670,2,1,0,0,0,0,0,0,0,0,0,0
121671,1,1,15,26,10,17,10,21,16,5,10,20
121671,2,1,20,0,0,0,0,0,0,0,21,0
121672,0,1,0,5,0,0,0,14,22,0,0,21
121672,1,1,0,0,0,0,0,0,0,0,0,0
121673,0,1,37,16,25,0,0,10,57,0,43,19
121673,1,1,0,0,0,0,0,0,0,0,0,0
121674,1,1,0,0,0,0,0,0,0,0,0,0
121674,2,1,0,0,0,0,0,0,0,0,0,0
121675,0,1,0,0,0,0,0,0,0,0,0,20
121675,1,1,0,0,0,0,0,0,0,0,0,0
121676,1,1,0,0,0,0,0,0,0,0,0,0
121676,2,1,0,0,0,0,0,0,0,0,0,0
121677,1,1,0,15,0,0,0,7,0,0,0,0
121677,2,1,0,0,0,0,0,0,0,0,0,0
121678,1,1,0,0,0,0,0,0,0,0,0,0
121679,0,1,0,23,0,0,0,10,29,0,15,0
121679,1,1,0,0,0,0,0,0,0,0,0,0
121680,1,1,0,0,0,0,10,0,0,18,17,13
121682,1,1,11,0,0,0,0,0,0,0,0,6
121683,1,1,13,13,13,13,13,13,13,13,13,13
121684,1,1,30,30,30,30,30,30,30,30,30,30
121685,1,1,0,0,0,0,0,0,0,0,0,0
121686,1,1,12,12,12,12,12,12,12,12,12,12
121687,0,1,19,19,19,19,19,19,19,19,19,19
121687,1,1,27,0,14,18,30,0,14,8,15,16
121688,0,1,40,40,40,40,40,40,40,40,40,40
121688,1,1,0,0,0,0,0,22,0,0,0,0
121689,1,1,0,0,0,0,0,0,0,0,0,0
121689,2,1,0,0,0,0,0,0,0,0,0,0
121690,1,1,0,8,0,0,0,0,0,0,0,10
121690,2,1,0,0,0,0,0,0,0,0,0,0
121691,0,1,0,0,0,0,0,0,0,0,0,0
121691,1,1,0,0,0,0,0,0,0,0,0,0
121692,1,1,12,0,14,15,11,0,16,24,26,17
121693,0,1,0,0,0,0,0,0,0,0,0,0
121693,1,1,0,0,0,0,0,0,0,0,0,0
121694,0,1,24,0,0,13,0,0,23,0,24,0
121694,1,1,0,0,0,0,0,0,0,16,0,0
121695,1,1,0,0,0,0,0,0,0,0,0,0
121695,2,1,0,0,0,0,0,0,0,0,0,0
121696,1,1,0,0,0,0,0,12,0,0,0,0
121697,1,1,0,0,0,0,0,0,0,0,19,19
121698,1,1,22,0,0,0,0,0,0,0,0,0
121698,2,1,0,0,11,0,6,0,0,28,0,0
121699,1,1,13,13,13,13,13,13,13,13,13,13
121700,0,1,0,12,0,0,24,0,0,15,0,0
121700,1,1,0,0,0,0,0,0,0,0,0,10
121701,1,1,22,22,22,22,22,22,22,22,22,22
121702,1,1,0,0,0,0,0,0,0,0,0,0
121703,1,1,14,14,14,14,14,14,14,14,14,14
121703,2,1,20,0,0,0,0,0,0,0,0,0
121704,1,1,0,0,0,0,18,0,15,0,0,0
121704,2,1,0,0,0,0,0,0,0,0,0,0
121704,3,1,0,0,0,0,0,0,0,0,0,0
121705,1,1,16,16,16,16,16,16,16,16,16,16
121706,0,1,0,0,0,0,0,0,0,0,0,0
121706,1,1,0,22,0,0,0,0,0,0,0,0
121707,1,1,0,0,0,0,0,0,25,0,0,0
121707,2,1,0,0,0,0,0,0,0,0,0,0
121707,3,1,0,0,0,0,0,0,0,0,0,0
121708,0,1,0,0,0,0,0,0,0,0,0,0
121708,1,1,0,20,0,0,0,0,0,13,0,0
121710,1,1,6,0,12,3,0,8,7,0,9,0
121710,2,1,0,0,0,0,0,0,0,0,0,0
121711,1,1,18,18,18,18,18,18,18,18,18,18
121711,2,1,0,0,0,4,0,9,0,0,14,0
121711,3,1,0,0,0,0,0,0,0,0,0,0
121712,0,1,0,23,7,0,0,0,0,0,30,0
121712,1,1,0,0,0,0,18,0,0,0,0,0
121713,0,1,0,0,0,0,0,0,0,0,0,0
121713,1,1,0,0,0,0,0,0,0,0,0,0
121714,1,1,0,0,0,0,0,0,0,0,0,0
121714,2,1,0,0,0,0,0,0,0,0,0,0
121715,1,1,26,26,26,26,26,26,26,26,26,26
121715,2,1,0,0,0,0,0,0,0,0,0,0
121716,1,1,0,0,0,11,0,16,0,0,0,0
121716,2,1,0,0,0,0,0,0,0,0,0,0
121717,1,1,0,0,0,0,0,0,0,0,0,0
121717,2,1,0,0,47,21,0,0,0,0,0,0
121718,1,1,0,0,0,0,0,0,12,0,0,0
121718,2,1,15,15,15,15,15,15,15,15,15,15
121719,0,1,0,0,0,0,0,0,0,0,0,0
121719,1,1,0,0,0,0,0,0,0,11,0,0
121720,1,1,0,0,0,0,0,0,0,0,0,0
121720,2,1,0,0,0,0,0,10,0,0,0,0
121721,1,1,0,0,0,0,0,0,0,10,0,0
121721,2,1,0,0,0,0,0,0,0,0,0,0
121721,3,1,0,0,0,0,0,0,0,0,0,0
121722,0,1,19,19,19,19,19,19,19,19,19,19
121722,1,1,0,12,0,0,22,0,0,0,0,0
121723,1,1,28,28,28,28,28,28,28,28,28,28
121724,1,1,0,0,0,0,0,0,0,0,0,0
121725,1,1,17,17,17,17,17,17,17,17,17,17
121726,1,1,17,17,17,17,17,17,17,17,17,17
121727,1,1,2,2,2,2,2,2,2,2,2,2
121727,2,1,0,0,0,0,0,0,0,0,0,0
121728,1,1,7,7,7,7,7,7,7,7,7,7
121728,2,1,0,0,0,0,0,0,0,13,6,27
121729,1,1,0,0,0,0,0,0,0,0,0,0
121730,1,1,0,0,0,0,0,0,0,0,0,0
121731,1,1,0,0,0,0,0,0,0,0,0,0
121731,2,1,0,0,0,0,0,0,0,0,0,0
121732,1,1,0,15,0,0,0,0,0,0,15,0
121732,2,1,0,0,0,0,16,0,0,0,0,0
121733,1,1,8,0,0,0,0,0,0,0,0,0
121733,2,1,0,0,0,0,0,0,0,0,0,0
121734,1,1,0,0,0,0,0,0,0,0,0,0
121735,1,1,22,22,22,22,22,22,22,22,22,22
121735,2,1,0,0,0,0,0,0,0,0,0,0
121736,1,1,0,22,34,0,19,0,0,0,13,17
121736,2,1,0,23,0,0,13,6,0,19,0,23
121737,1,1,0,0,0,0,0,0,0,12,12,0
121737,2,1,0,0,0,0,0,0,0,0,0,0
121738,1,1,8,31,18,7,20,9,11,5,14,11
121740,1,1,0,0,0,0,0,0,0,0,0,0
121740,2,1,0,0,0,0,0,0,0,0,0,0
121741,1,1,0,0,0,0,0,0,0,0,0,0
121742,1,1,0,0,0,0,0,0,0,0,0,0
121742,2,1,0,31,0,0,0,0,0,0,0,0
121742,3,1,0,0,0,0,0,0,0,0,0,0
121744,0,1,0,0,17,32,0,0,0,14,17,35
121744,1,1,0,0,0,0,0,0,0,0,0,0
121745,0,1,0,0,0,0,0,0,0,0,0,0
121745,1,1,0,0,0,0,0,0,0,0,0,0
121746,1,1,0,0,0,0,0,0,0,0,0,0
121746,2,1,0,0,0,0,0,0,0,0,0,0
121746,3,1,0,0,0,21,0,0,0,18,0,0
121747,1,1,0,0,0,20,0,0,7,0,0,0
121748,1,1,17,17,17,17,17,17,17,17,17,17
121749,1,1,17,0,5,12,10,34,0,9,21,18
121750,1,1,31,14,8,25,0,17,25,0,0,0
121751,1,1,0,0,0,0,0,0,11,0,0,31
121752,1,1,0,0,0,9,0,0,0,0,0,0
121752,2,1,0,0,0,0,0,0,0,0,0,0
121753,0,1,0,0,9,0,0,0,0,9,11,16
121753,1,1,0,22,0,0,15,0,0,0,0,0
121754,1,1,18,0,0,0,0,13,0,16,0,0
121756,0,1,0,0,29,13,0,36,0,18,26,27
121756,1,1,0,0,0,0,6,0,0,0,0,0
121757,0,1,0,0,0,0,0,0,0,0,0,0
121757,1,1,0,0,0,0,4,0,0,0,0,0
121758,1,1,0,0,0,0,0,0,0,0,0,0
121758,2,1,0,0,0,0,0,0,0,0,0,0
121759,1,1,0,0,0,0,0,0,0,0,0,0
121759,2,1,0,0,0,0,0,0,0,0,0,0
121760,1,1,13,13,13,13,13,13,13,13,13,13
121761,0,1,4,4,4,4,4,4,4,4,4,4
121761,1,1,0,0,0,0,0,0,0,0,0,0
121762,1,1,0,0,0,0,2,0,0,0,0,21
121763,0,1,0,13,0,0,0,0,0,0,0,0
121763,1,1,0,0,0,0,0,0,0,0,0,0
121764,1,1,0,0,0,0,0,0,0,0,0,0
121764,2,1,0,0,0,0,0,0,0,0,0,0
121765,0,1,11,0,22,62,0,12,0,23,0,12
121765,1,1,0,0,0,26,0,0,0,0,0,0
121766,0,1,17,3,19,28,25,14,24,35,18,12
121766,1,1,0,0,28,0,0,0,0,10,0,0
121767,0,1,0,0,0,0,0,0,0,0,0,0
121767,1,1,0,0,0,0,0,0,0,0,18,0
121769,1,1,5,5,5,5,5,5,5,5,5,5
121770,1,1,0,0,0,0,0,0,0,0,0,0
121772,0,1,0,0,0,0,0,0,0,0,0,0
121772,1,1,0,0,0,0,0,0,0,0,0,0
121773,1,1,0,13,0,0,0,0,0,0,0,0
121773,2,1,0,0,0,0,8,0,0,0,0,14
121774,1,1,0,0,0,0,0,0,0,0,0,0
121775,0,1,24,24,24,24,24,24,24,24,24,24
121775,1,1,0,0,0,0,0,0,0,0,0,0
121776,1,1,0,0,0,0,0,0,0,0,0,0
121776,2,1,0,0,0,0,0,0,0,0,0,0
121777,0,1,0,0,0,0,0,0,0,0,0,0
121777,1,1,0,0,0,0,0,0,0,0,0,0
121778,0,1,0,0,0,0,0,0,0,0,0,0
121778,1,1,0,0,0,0,0,15,17,0,0,0
121778,2,1,0,0,0,19,0,0,0,0,0,0
121779,1,1,0,0,0,0,0,0,0,0,0,0
121779,2,1,0,0,0,0,0,0,0,0,0,0
121779,3,1,0,0,0,0,0,0,0,0,0,0
121780,1,1,9,9,9,9,9,9,9,9,9,9
121781,0,1,27,27,27,27,27,27,27,27,27,27
121781,1,1,0,0,0,0,0,0,0,0,0,0
121782,1,1,11,11,11,11,11,11,11,11,11,11
121782,2,1,0,0,0,0,0,0,0,0,0,0
121783,1,1,0,0,0,0,0,0,0,0,0,0
121784,1,1,0,5,13,0,4,0,0,0,0,0
121785,0,1,0,0,0,0,0,0,0,0,0,0
121785,1,1,17,0,0,0,0,0,0,0,0,0
121786,1,1,27,14,0,0,0,0,0,19,0,0
121787,0,1,0,0,0,0,0,0,0,0,0,0
121787,1,1,0,0,0,0,0,0,0,0,0,0
121789,1,1,0,0,0,0,0,0,0,0,0,0
121789,2,1,0,0,0,0,0,0,0,0,5,0
121790,1,1,0,0,17,0,29,13,7,0,0,16
121790,2,1,19,19,19,19,19,19,19,19,19,19
121791,0,1,0,0,10,19,0,0,0,0,8,0
121791,1,1,0,0,0,0,0,7,0,0,11,0
121792,0,1,14,0,0,14,0,0,0,24,0,0
121792,1,1,0,0,0,0,0,0,0,0,0,0
121793,0,1,27,27,27,27,27,27,27,27,27,27
121793,1,1,0,0,0,0,0,0,0,0,0,0
121794,0,1,0,0,0,0,0,0,0,0,0,0
121794,1,1,13,0,0,0,15,0,20,0,0,13
121795,1,1,0,0,0,0,0,0,0,0,0,0
121795,2,1,0,0,0,0,0,0,0,0,0,0
121796,1,1,0,10,0,0,0,0,0,0,0,0
121796,2,1,10,10,10,10,10,10,10,10,10,10
121797,1,1,0,0,0,0,6,0,0,0,0,0
121798,1,1,0,0,0,0,0,0,0,0,0,0
121798,2,1,0,0,0,0,0,8,0,0,0,0
121799,1,1,30,6,0,0,0,0,0,0,0,0
121799,2,1,0,0,0,0,0,0,19,0,0,14
121800,0,1,0,0,0,0,0,0,0,0,0,0
121800,1,1,0,0,0,0,0,0,0,0,0,0
121801,1,1,13,7,0,0,0,0,0,0,0,0
121801,2,1,0,0,0,0,0,0,0,0,0,0
121802,1,1,0,0,0,0,0,0,0,0,0,0
121802,2,1,0,0,0,0,0,0,0,0,0,0
121802,3,1,0,0,0,0,0,0,0,0,0,0
121803,1,1,0,20,0,0,17,14,23,0,0,0
121803,2,1,20,12,18,4,3,12,8,22,19,9
121804,0,1,0,0,20,0,0,0,25,0,0,30
121804,1,1,0,0,0,0,0,0,0,0,0,7
121805,1,1,0,0,0,0,0,0,0,0,0,0
121805,2,1,0,0,0,0,0,0,0,0,0,0
121806,1,1,21,21,21,21,21,21,21,21,21,21
121807,1,1,0,0,0,0,0,0,0,0,0,0
121809,0,1,31,31,31,31,31,31,31,31,31,31
121809,1,1,0,0,0,0,0,0,0,0,0,0
121810,0,1,9,11,0,0,0,12,0,0,20,0
121810,1,1,0,0,0,0,0,0,0,0,0,0
121811,0,1,0,0,0,0,0,0,0,0,0,0
121811,1,1,0,0,0,0,0,0,12,0,0,0
121812,1,1,31,0,0,13,12,0,16,15,0,0
121813,1,1,0,0,0,0,0,0,47,0,12,0
121813,2,1,0,0,0,0,0,0,0,0,0,0
121814,1,1,24,24,24,24,24,24,24,24,24,24
121815,1,1,0,0,0,0,0,0,0,0,0,0
121816,1,1,17,17,17,17,17,17,17,17,17,17
121817,1,1,0,0,0,0,0,0,0,0,0,0
121817,2,1,0,0,0,0,0,0,0,0,0,0
121818,0,1,21,9,35,29,24,8,15,20,6,16
121818,1,1,0,0,0,10,0,0,0,0,0,0
121819,0,1,24,25,19,12,7,29,25,17,17,9
121819,1,1,0,0,0,0,0,0,0,14,0,0
121820,1,1,20,20,20,20,20,20,20,20,20,20
121821,1,1,0,0,0,0,0,0,0,0,0,0
121822,1,1,20,20,20,20,20,20,20,20,20,20
121823,1,1,0,0,0,30,0,12,16,25,0,16
121823,2,1,0,0,0,0,0,0,0,0,0,3
121824,1,1,0,0,0,0,0,0,0,0,0,0
121825,1,1,0,0,6,0,0,0,0,0,0,0
121825,2,1,0,0,0,0,0,0,0,0,0,0
121826,1,1,0,0,0,0,0,0,0,0,0,0
121826,2,1,0,0,0,0,0,0,0,0,0,0
121826,3,1,0,0,0,14,0,0,0,0,0,0
121827,1,1,0,0,0,0,0,0,0,0,0,0
121827,2,1,0,0,0,0,0,0,0,0,0,0
121829,0,1,19,19,19,19,19,19,19,19,19,19
121829,1,1,0,0,0,0,0,0,0,0,0,0
121830,1,1,3,28,14,6,20,8,26,9,38,26
121830,2,1,0,20,0,0,9,0,31,0,0,24
121831,1,1,14,14,14,14,14,14,14,14,14,14
121832,0,1,0,0,0,0,0,0,0,0,0,0
121832,1,1,0,0,0,0,0,0,0,0,0,0
121833,1,1,14,19,13,28,26,0,17,0,7,16
121835,0,1,0,0,0,0,0,0,0,0,0,0