ST_CASE,VEH_NO,PER_NO,P1,P2,P3,P4,P5,P6,P7,P8,P9,P10
122140,2,1,0,0,0,0,0,0,0,0,0,0
122141,1,1,0,0,0,0,0,0,0,0,0,0
122142,1,1,0,0,0,0,0,0,0,0,0,0
122143,0,1,0,0,0,0,0,0,0,0,0,0
122143,1,1,0,0,0,0,0,0,0,0,0,0
122144,1,1,0,0,0,0,0,0,0,0,0,0
122145,1,1,8,8,8,8,8,8,8,8,8,8
122145,2,1,0,6,0,0,0,0,0,0,0,30
122146,1,1,32,32,32,32,32,32,32,32,32,32
122147,0,1,0,0,0,0,0,0,0,0,0,0
122147,1,1,0,0,0,0,0,0,0,0,0,0
122147,2,1,0,0,0,0,0,0,0,0,0,0
122148,0,1,7,13,0,0,0,0,0,34,0,0
122148,1,1,0,0,0,0,25,0,0,0,0,0
122149,0,1,0,0,0,0,0,0,0,0,0,0
122149,0,2,0,0,0,0,0,0,0,0,0,0
122149,1,1,0,0,0,0,0,0,0,0,0,0
122149,2,1,0,0,0,0,0,0,0,0,0,0
122150,0,1,0,0,0,0,0,0,0,0,0,0
122150,1,1,0,5,0,0,0,0,0,0,0,0
122151,0,1,0,0,0,0,12,0,0,15,0,0
122151,1,1,0,0,0,0,0,0,0,0,0,15
122152,0,1,50,16,47,15,17,28,21,16,12,16
122152,1,1,0,0,0,0,0,0,0,0,0,0
122153,1,1,5,0,0,0,0,0,0,0,0,0
122154,1,1,13,0,0,0,0,0,0,0,0,0
122155,0,1,29,29,29,29,29,29,29,29,29,29
122155,1,1,0,0,0,0,0,0,0,5,0,0
122156,1,1,0,0,0,20,0,0,9,0,20,0
122156,2,1,0,24,0,0,0,0,0,23,0,0
122157,1,1,0,0,0,0,0,0,0,0,0,0
122157,2,1,0,0,0,0,0,0,0,4,0,0
122160,1,1,0,0,0,0,12,0,0,0,0,0
122161,1,1,0,0,0,0,0,0,0,0,0,0
122161,2,1,0,0,0,0,0,0,0,0,0,0
122162,1,1,0,0,0,0,0,0,0,0,0,0
122162,2,1,0,0,0,0,0,0,0,0,0,0
122163,1,1,0,0,0,0,0,0,0,0,7,0
122163,2,1,0,0,0,0,0,0,0,0,0,0
122164,0,1,10,0,0,27,0,0,0,15,0,0
122164,1,1,0,0,15,0,0,12,12,0,20,0
122165,1,1,11,20,12,11,0,24,28,29,0,0
122166,1,1,7,0,0,0,0,0,0,0,0,0
122166,2,1,0,0,0,0,0,0,0,0,0,0
122166,3,1,0,0,0,0,0,0,0,0,0,0
122167,1,1,0,0,0,0,0,0,0,14,0,0
122167,2,1,0,0,0,0,0,0,0,0,0,0
122168,1,1,0,0,0,0,0,25,12,15,0,0
122169,0,1,31,0,22,0,0,18,0,24,24,0
122169,1,1,0,0,0,0,0,0,0,24,0,0
122170,1,1,10,10,10,10,10,10,10,10,10,10
122171,0,1,30,9,0,0,8,0,0,0,36,13
122171,1,1,0,0,0,0,11,0,0,0,0,0
122172,0,1,16,0,0,0,0,0,0,26,0,0
122172,1,1,0,0,7,0,0,0,0,0,0,0
122172,2,1,0,0,0,0,0,0,0,0,0,0
122174,1,1,18,18,18,18,18,18,18,18,18,18
122174,2,1,0,0,0,0,0,16,0,0,0,0
122175,1,1,0,0,0,0,13,0,0,16,0,0
122176,1,1,0,0,0,0,0,0,0,0,0,0
122177,1,1,8,8,8,8,8,8,8,8,8,8
122177,2,1,0,0,0,0,0,0,0,8,0,0
122178,0,1,27,27,27,27,27,27,27,27,27,27
122178,1,1,0,9,0,0,0,0,0,0,0,0
122179,1,1,0,0,0,0,0,0,0,0,0,0
122179,2,1,0,0,0,0,5,16,0,0,0,0
122180,1,1,0,0,0,0,0,0,0,0,0,0
122180,2,1,0,0,0,0,9,0,12,0,0,8
122180,3,1,0,0,0,0,0,0,0,0,0,0
122181,0,1,28,0,0,11,0,15,0,5,8,0
122181,1,1,0,10,0,0,0,0,0,0,0,0
122182,0,1,0,0,0,0,0,0,20,20,0,0
122182,1,1,0,0,0,0,2,0,13,0,0,0
122184,1,1,0,0,0,0,0,0,0,0,0,0
122184,2,1,0,0,16,0,0,0,0,0,21,0
122185,1,1,0,0,0,7,0,0,0,0,0,0
122185,2,1,0,0,0,0,0,0,0,0,0,0
122186,1,1,0,0,0,0,0,0,0,0,3,0
122186,2,1,0,0,0,0,0,0,0,0,0,0
122187,1,1,0,0,0,0,0,0,0,0,0,0
122187,2,1,0,0,0,0,0,0,0,21,0,0
122187,3,1,0,0,0,0,0,0,0,0,0,0
122188,0,1,0,0,0,0,0,0,0,0,0,0
122188,1,1,0,0,0,0,0,0,0,0,0,0
122189,1,1,23,23,23,23,23,23,23,23,23,23
122190,1,1,0,15,0,0,0,0,0,17,0,0
122191,1,1,11,7,7,12,7,12,9,13,0,8
122191,2,1,0,0,0,0,0,0,0,0,0,0
122191,3,1,0,0,0,0,0,0,9,0,0,0
122191,4,1,0,0,0,0,0,0,0,0,0,0
122192,1,1,16,0,10,0,14,0,17,17,0,0
122193,0,1,0,0,15,29,22,15,17,7,0,0
122193,1,1,0,0,0,0,0,0,7,0,0,0
122194,1,1,20,10,29,20,0,9,10,12,7,21
122195,1,1,0,0,0,0,0,0,0,0,0,0
122196,0,1,33,7,0,2,12,0,0,0,0,27
122196,1,1,10,6,16,15,14,34,11,17,6,8
122197,1,1,5,0,11,0,17,0,14,18,0,30
122198,1,1,9,9,9,9,9,9,9,9,9,9
122199,1,1,6,6,6,6,6,6,6,6,6,6
122200,0,1,0,0,0,0,0,0,0,0,0,0
122200,1,1,18,18,18,18,18,18,18,18,18,18
122201,1,1,0,0,0,0,0,0,0,0,0,0
122202,1,1,0,0,0,0,0,0,0,0,0,0
122202,2,1,0,0,0,0,0,0,0,0,0,0
122203,1,1,0,0,0,0,0,0,0,0,19,0
122203,2,1,24,0,0,0,0,46,0,0,0,0
122204,1,1,0,0,0,0,0,0,0,0,0,0
122204,2,1,0,0,3,0,0,0,0,0,0,0
122204,3,1,0,0,0,0,0,0,0,0,0,0
122206,1,1,11,11,11,11,11,11,11,11,11,11
122206,2,1,0,0,0,0,0,0,0,0,0,0
122207,0,1,0,0,0,0,0,0,0,0,0,0
122207,1,1,0,0,0,0,0,0,0,0,0,0
122208,1,1,14,0,0,0,11,0,14,6,0,17
122209,0,1,17,0,0,31,11,0,0,22,0,0
122209,1,1,0,0,0,0,22,0,14,0,0,0
122210,1,1,0,0,9,0,0,0,0,0,0,0
122210,2,1,0,0,6,0,0,0,0,0,0,18
122211,0,1,24,4,28,12,14,28,16,23,24,41
122211,1,1,20,31,13,6,19,7,29,18,24,3
122212,0,1,0,0,0,0,0,0,0,0,0,0
122212,1,1,0,0,0,0,0,0,16,10,0,0
122212,2,1,0,0,0,0,0,0,0,0,8,0
122213,1,1,13,9,11,24,19,0,12,3,22,20
122214,1,1,8,8,8,8,8,8,8,8,8,8
122215,1,1,0,0,0,0,0,0,0,0,0,0
122215,2,1,0,0,0,0,0,0,0,0,0,0
122216,0,1,0,0,0,0,0,0,0,0,0,0
122216,1,1,0,0,0,55,0,0,0,0,0,0
122217,1,1,0,0,0,0,0,19,0,0,0,0
122217,2,1,0,20,0,0,0,0,6,0,0,0
122218,0,1,0,0,0,0,0,0,0,0,0,0
122218,1,1,0,0,0,0,0,0,0,0,0,0
122219,1,1,0,0,0,0,0,0,0,0,0,0
122219,2,1,0,0,0,0,0,0,0,0,0,0
122220,1,1,0,0,0,0,0,0,0,0,0,0
122220,2,1,0,0,0,0,0,0,0,0,0,0
122220,3,1,0,0,0,10,0,0,0,0,0,0
122221,1,1,24,24,24,24,24,24,24,24,24,24
122221,2,1,0,0,0,0,0,0,0,0,0,0
122222,1,1,6,6,6,6,6,6,6,6,6,6
122222,2,1,0,0,0,0,0,0,0,0,0,0
122222,3,1,0,0,0,0,0,0,0,0,0,0
122223,1,1,0,0,0,0,0,0,0,0,0,0
122223,2,1,0,0,0,0,0,0,0,0,0,0
122223,3,1,0,17,0,0,0,0,17,0,0,0
122224,0,1,0,0,0,0,0,0,0,0,0,0
122224,1,1,0,0,0,0,0,0,30,0,0,0
122225,1,1,12,0,0,0,0,0,0,0,0,0
122226,0,1,0,0,25,0,0,0,0,0,0,0
122226,1,1,0,0,11,0,0,0,0,0,0,0
122228,1,1,0,0,14,0,0,0,0,0,0,0
122228,2,1,0,0,0,0,0,0,0,0,0,0
122229,0,1,0,0,0,0,0,0,0,0,0,0
122229,1,1,0,0,0,0,0,0,0,0,0,0
122230,1,1,0,0,0,0,0,0,0,0,0,0
122230,2,1,0,0,0,0,6,0,0,0,0,0
122231,1,1,0,0,0,0,0,0,0,0,0,0
122231,2,1,0,0,0,0,0,0,0,0,0,0
122232,1,1,0,12,0,8,0,12,16,0,0,16
122233,1,1,7,0,0,9,0,14,12,0,6,4
122233,2,1,0,0,0,0,0,0,32,0,0,0
122234,0,1,0,0,0,15,0,0,0,13,0,0
122234,1,1,0,0,0,38,0,0,0,5,0,11
122235,1,1,0,0,0,0,0,0,0,0,0,0
122235,2,1,0,9,0,13,0,0,0,0,0,0
122236,1,1,0,0,0,0,0,0,0,0,0,0
122236,2,1,0,0,0,0,0,0,0,0,0,0
122237,0,1,0,0,0,0,0,0,0,0,0,0
122237,1,1,0,0,0,0,0,0,0,0,0,0
122238,1,1,18,18,18,18,18,18,18,18,18,18
122239,0,1,0,0,0,0,0,0,0,0,0,0
122239,1,1,0,0,0,0,0,0,0,0,0,0
122240,1,1,0,0,0,0,0,0,0,0,0,0
122240,2,1,0,0,0,0,0,0,0,0,0,0
122241,1,1,0,0,0,0,0,0,25,0,0,0
122242,0,1,0,0,0,0,0,0,0,0,0,0
122242,1,1,0,0,0,0,0,0,0,0,0,0
122243,1,1,23,23,23,23,23,23,23,23,23,23
122244,1,1,19,19,19,19,19,19,19,19,19,19
122244,2,1,0,0,0,0,0,0,0,12,0,0
122245,1,1,22,22,22,22,22,22,22,22,22,22
122246,1,1,0,0,0,0,0,0,0,10,0,0
122247,1,1,0,0,0,7,0,0,24,0,0,28
122247,2,1,10,0,0,0,19,0,10,0,16,0
122248,0,1,10,45,19,17,13,13,28,7,25,17
122248,1,1,0,0,0,0,0,0,0,0,0,0
122248,2,1,0,4,0,0,0,0,0,0,0,0
122249,1,1,0,12,19,17,30,14,30,0,0,32
122250,1,1,0,0,0,0,0,0,0,0,0,0
122250,2,1,0,0,0,0,0,0,0,0,0,0
122250,3,1,0,0,0,0,0,0,0,0,0,0
122251,1,1,0,0,0,0,0,0,0,0,0,0
122252,1,1,26,10,11,4,11,19,9,16,36,11
122253,0,1,34,34,34,34,34,34,34,34,34,34
122253,1,1,0,0,0,0,0,0,0,0,0,0
122254,1,1,0,23,0,0,0,0,0,0,5,0
122254,2,1,0,0,0,0,0,0,0,0,0,15
122255,0,1,32,23,0,0,0,0,0,0,19,10
122255,1,1,0,0,20,0,0,0,5,0,0,0
122256,1,1,0,0,0,0,0,0,0,0,0,0
122257,1,1,0,0,0,0,0,0,0,0,0,0
122257,2,1,0,0,0,0,0,0,0,0,0,0
122258,1,1,0,0,0,0,0,0,0,0,0,0
122258,2,1,0,0,0,0,0,0,0,0,0,0
122259,1,1,0,0,0,0,0,0,0,0,0,0
122259,2,1,0,0,0,0,0,0,0,0,0,0
122260,1,1,0,0,0,0,0,0,14,0,0,0
122261,1,1,28,18,0,4,17,8,15,11,16,6
122262,1,1,0,0,0,0,0,0,0,0,0,0
122263,1,1,18,0,22,16,14,16,9,9,15,10
122263,2,1,0,0,0,0,0,9,0,0,0,0
122264,1,1,0,0,0,0,6,0,0,0,0,0
122264,2,1,0,0,0,0,0,0,0,0,0,0
122265,1,1,2,2,2,2,2,2,2,2,2,2
122265,2,1,14,0,0,0,12,0,0,0,0,0
122265,3,1,0,0,0,0,0,0,0,0,0,0
122266,0,1,0,0,0,0,0,0,0,0,0,0
122266,1,1,0,0,13,0,0,0,0,0,0,0
122267,1,1,0,0,0,17,0,0,0,10,14,11
122267,2,1,0,0,0,0,0,0,0,0,0,0
122268,1,1,0,0,0,0,0,0,0,0,0,0
122268,2,1,0,0,0,0,0,0,0,0,0,0
122269,1,1,0,0,0,0,0,0,0,0,0,0
122269,2,1,0,0,0,0,0,0,0,0,0,0
122270,1,1,0,0,0,12,0,0,0,0,0,0
122270,2,1,0,0,0,0,0,0,0,16,0,0
122271,0,1,0,0,0,0,0,0,0,0,0,0
122271,1,1,0,0,0,0,0,0,0,0,0,0
122272,1,1,0,0,0,0,0,0,0,0,0,0
122272,2,1,5,5,5,5,5,5,5,5,5,5
122273,1,1,0,0,0,0,0,0,0,0,0,0
122273,2,1,0,0,0,0,0,0,0,0,0,0
122274,1,1,15,15,15,15,15,15,15,15,15,15
122276,1,1,0,0,0,0,0,0,0,0,0,0
122277,1,1,0,0,0,0,0,0,0,0,16,0
122277,2,1,0,0,0,0,0,0,0,0,0,0
122278,1,1,5,0,0,24,25,0,0,0,0,0
122278,2,1,0,0,14,0,0,0,0,25,13,0
122279,0,1,49,49,49,49,49,49,49,49,49,49
122279,1,1,13,0,0,0,0,0,0,0,0,15
122279,2,1,0,0,0,0,22,0,0,0,0,0
122280,0,1,26,26,26,26,26,26,26,26,26,26
122280,1,1,0,0,0,0,0,0,0,0,0,0
122281,1,2,0,0,24,0,0,6,0,0,39,0
122282,1,1,0,0,0,0,0,4,0,0,0,0
122282,2,1,0,0,0,0,0,0,0,0,6,0
122283,1,1,0,0,0,0,0,0,0,0,0,0
122283,2,1,0,0,0,0,0,0,0,0,0,0
122283,3,1,0,0,0,0,0,0,0,0,0,0
122283,4,1,0,0,0,0,0,0,0,0,0,0
122284,0,1,0,0,0,0,0,0,0,0,0,0
122284,0,2,0,0,0,0,0,0,0,0,0,0
122284,1,1,0,0,0,0,0,0,0,0,0,0
122285,1,1,0,0,0,0,0,0,0,0,0,0
122285,2,1,0,0,0,0,0,0,0,0,0,0
122286,1,1,0,0,0,0,0,0,0,0,0,0
122286,2,1,0,0,0,0,0,0,0,0,0,0
122287,1,1,18,18,18,18,18,18,18,18,18,18
122288,1,1,0,0,0,0,0,0,0,0,0,0
122288,2,1,0,0,0,0,0,0,0,0,0,0
122289,0,1,0,0,0,0,24,0,0,0,0,9
122289,1,1,0,0,0,0,0,0,0,0,0,0
122290,0,1,0,0,0,0,0,0,0,0,0,0
122290,1,1,0,0,0,0,0,0,0,0,0,0
122291,1,1,0,0,0,0,0,0,0,14,0,0
122291,2,1,0,0,0,0,0,0,0,0,0,0
122292,1,1,0,0,0,0,0,0,0,0,0,0
122292,2,1,12,9,0,0,0,0,35,0,0,0
122293,0,1,0,0,0,21,26,34,17,19,0,0
122293,1,1,16,0,8,0,0,0,35,24,0,15
122294,1,1,0,0,0,0,0,0,0,0,0,0
122294,2,1,0,0,0,20,0,0,0,0,8,0
122295,1,1,0,0,0,0,0,0,0,26,0,0
122295,2,1,0,0,0,0,0,0,0,0,0,0
122295,3,1,0,0,0,0,0,0,0,0,0,0
122296,1,1,0,0,0,0,0,0,0,0,0,0
122296,2,1,0,0,0,0,0,0,0,0,0,0
122296,3,1,0,0,0,0,0,0,0,0,0,0
122297,1,1,20,13,14,16,9,77,11,47,10,26
122298,1,1,0,0,0,0,0,0,0,0,0,0
122299,1,1,0,0,0,0,0,0,0,0,0,0
122299,2,1,0,0,0,0,0,0,0,0,17,0
122299,3,1,0,0,0,0,0,0,0,0,0,0
122300,1,1,0,0,21,0,0,0,0,0,0,8
122301,1,1,0,7,0,15,15,16,18,6,36,18
122301,2,1,0,0,0,0,0,0,0,0,0,0
122301,3,1,12,0,0,0,0,13,0,0,0,0
122302,1,1,0,0,0,0,0,0,0,0,0,0
122302,2,1,12,7,0,0,0,0,0,28,13,0
122304,0,1,13,13,13,13,13,13,13,13,13,13
122304,0,2,4,4,4,4,4,4,4,4,4,4
122304,1,1,9,9,9,9,9,9,9,9,9,9
122304,3,1,0,0,0,0,0,0,0,0,0,32
122305,1,1,16,22,5,0,8,0,23,12,20,0
122306,0,1,0,13,0,24,31,0,0,0,41,3
122306,1,1,16,15,0,10,28,0,15,8,23,20
122307,1,1,0,0,0,0,0,0,0,0,0,0
122307,2,1,0,0,0,0,0,0,0,0,0,0
122308,1,1,4,18,15,19,26,24,33,0,11,18
122308,2,1,0,5,0,0,0,0,0,0,0,0
122309,1,1,0,0,0,0,0,0,0,0,0,0
122309,2,1,0,0,0,0,0,0,0,0,0,0
122310,0,1,0,0,0,0,0,0,0,0,0,0
122310,1,1,0,0,0,0,0,0,0,0,0,0
122311,1,1,22,22,22,22,22,22,22,22,22,22
122311,2,1,0,0,0,0,33,0,0,0,0,12
122312,1,1,0,0,40,0,0,0,0,0,0,0
122312,2,1,0,0,0,0,0,0,0,0,0,0
122312,3,1,0,0,0,0,0,0,0,0,0,0
122313,1,1,19,19,19,19,19,19,19,19,19,19
122314,1,1,0,0,0,0,0,0,9,0,0,0
122314,2,1,0,9,0,0,0,0,0,9,0,0
122314,3,1,0,30,0,0,0,0,0,0,0,0
122315,1,1,0,0,0,0,0,0,0,0,0,0
122315,2,1,0,0,0,0,0,0,0,0,0,0
122316,0,1,0,11,0,17,0,22,0,0,0,0
122316,1,1,0,0,0,0,9,0,0,0,0,0
122317,1,1,0,0,0,0,0,0,0,0,0,0
122317,2,1,0,0,0,0,0,0,0,0,0,0
122318,0,1,26,26,26,26,26,26,26,26,26,26
122318,1,1,0,0,0,0,12,0,0,0,0,0
122318,2,1,0,0,0,0,0,0,0,0,0,0
122319,1,1,0,0,0,0,0,0,0,0,12,0
122319,2,1,0,0,0,0,0,0,8,0,0,0
122320,0,1,0,7,0,0,17,0,0,0,0,0
122320,1,1,0,17,0,0,0,0,0,0,0,0
122321,0,1,0,0,0,0,0,0,0,0,0,0
122321,1,1,0,0,0,0,0,0,0,0,0,0
122322,1,1,0,10,31,0,0,14,0,14,19,23
122323,1,1,22,22,22,22,22,22,22,22,22,22
122323,2,1,0,0,0,0,0,0,0,0,0,0
122324,1,1,10,0,0,0,0,17,0,11,0,0
122324,2,1,0,0,0,0,0,0,0,0,0,0
122324,3,1,0,0,0,26,0,0,0,0,0,0
122325,1,1,0,0,0,0,0,0,23,9,0,0
122326,1,1,0,0,0,0,0,0,0,0,0,0
122328,1,1,6,8,6,31,16,13,12,23,22,27
122329,0,1,0,0,15,0,30,20,0,12,0,0
122329,1,1,23,0,0,0,0,0,0,0,0,0
122330,1,1,0,0,0,0,0,0,0,0,0,0
122330,2,1,0,0,0,0,0,0,0,0,0,0
122331,1,1,0,0,0,0,0,0,0,0,0,0
122331,2,1,0,0,0,0,0,0,0,0,0,0
122332,1,1,30,0,0,0,0,0,0,0,0,0
122333,0,1,35,0,8,46,17,0,22,19,22,20
122333,1,1,0,0,0,0,0,0,0,0,0,0
122334,1,1,16,16,16,16,16,16,16,16,16,16
122335,0,1,0,0,15,0,0,0,0,0,0,0
122335,1,1,0,0,0,0,0,0,0,0,0,0
122335,2,1,0,0,0,0,0,0,24,0,0,0
122335,3,1,0,0,0,0,0,0,0,0,0,0
122336,1,1,0,0,0,0,0,0,0,0,0,0
122337,1,1,0,0,0,0,0,0,0,0,0,0
122337,2,1,0,0,0,0,0,0,0,0,0,14
122337,3,1,0,0,0,0,0,0,0,0,0,0
122338,0,1,0,0,0,0,0,0,9,0,28,0
122338,1,1,0,0,0,0,0,0,0,0,0,0
122339,1,1,0,0,0,0,0,0,0,0,0,0
122339,2,1,0,0,0,0,0,0,0,0,0,0
122340,1,1,0,0,0,0,0,0,0,0,0,0
122341,0,1,25,25,25,25,25,25,25,25,25,25
122341,1,1,13,0,14,0,15,7,0,0,2,18
122342,1,1,6,0,0,0,0,0,0,0,0,0
122342,2,1,2,2,2,2,2,2,2,2,2,2
122343,1,1,0,0,0,0,0,0,0,0,0,0
122343,2,1,0,0,0,0,0,0,0,0,0,0
122345,0,1,19,19,19,19,19,19,19,19,19,19
122345,1,1,19,0,26,0,0,0,25,0,0,8
122346,1,1,24,24,24,24,24,24,24,24,24,24
122347,1,1,10,11,0,0,0,0,0,15,0,0
122348,1,1,0,0,0,0,0,0,0,0,0,0
122348,2,1,0,0,0,0,0,0,0,0,0,0
122349,1,1,24,24,24,24,24,24,24,24,24,24
122350,1,1,0,0,0,0,0,0,0,0,0,0
122350,2,1,0,0,0,0,0,0,0,0,0,0
122351,1,1,0,13,0,0,0,0,0,0,0,0
122351,2,1,0,0,0,0,0,0,0,0,0,0
122351,3,1,0,0,0,0,0,0,0,0,0,0
122352,1,1,0,0,0,0,0,0,0,0,0,0
122352,2,1,0,0,0,0,0,0,0,0,0,0
122353,1,1,19,19,19,19,19,19,19,19,19,19
122354,1,1,0,0,0,0,0,0,0,0,0,0
122354,2,1,0,0,0,0,0,0,0,0,0,0
122355,1,1,26,26,26,26,26,26,26,26,26,26
122356,1,1,0,0,0,0,0,0,0,0,0,0
122356,2,1,0,0,8,0,0,0,0,0,0,0
122356,3,1,0,11,0,0,0,0,17,0,0,0
122356,4,1,0,0,0,0,0,0,0,0,0,0
122356,5,1,0,0,0,0,0,0,0,0,0,0
122357,1,1,0,0,0,0,0,0,0,0,0,0
122357,2,1,0,0,0,0,0,0,0,0,0,0
122358,1,1,15,24,0,0,0,0,8,0,0,10
122359,1,1,0,0,0,0,0,0,0,0,0,0
122360,1,1,6,6,6,6,6,6,6,6,6,6
122361,0,1,0,12,0,0,0,0,0,0,0,0
122361,1,1,0,0,0,0,0,0,0,0,0,0
122363,0,1,0,0,0,0,0,0,0,0,0,0
122363,1,1,0,0,0,0,0,0,0,0,0,0
122364,1,1,0,0,0,0,0,0,0,0,0,0
122364,2,1,0,0,27,0,0,0,0,0,0,0
122365,0,1,0,0,0,0,0,0,0,0,0,0
122365,1,1,0,0,0,0,0,0,0,0,0,0
122366,1,1,14,0,0,0,0,0,29,4,33,0
122366,2,1,0,0,0,0,20,0,0,16,0,0
122367,1,1,9,9,9,9,9,9,9,9,9,9
122367,2,1,0,0,0,0,0,0,0,0,0,0
122368,1,1,0,0,0,0,0,0,0,0,0,0
122369,0,1,0,0,0,0,0,0,0,0,0,0
122369,1,1,0,0,0,0,0,0,0,0,16,0
122370,1,1,0,0,0,0,0,0,0,0,0,0
122370,2,1,0,0,0,0,0,0,0,0,0,0
122371,1,1,22,22,22,22,22,22,22,22,22,22
122372,1,1,0,0,26,0,0,0,0,0,0,0
122372,2,1,0,0,0,0,0,0,0,0,0,0
122373,1,1,0,0,0,0,0,0,0,0,0,0
122373,2,1,0,0,0,0,0,0,0,0,0,0
122374,0,1,0,6,0,0,29,14,27,0,0,18
122374,1,1,0,0,0,0,0,0,0,0,0,0
122375,1,1,0,0,0,0,0,0,0,0,0,0
122375,2,1,0,16,12,0,27,0,0,0,21,0
122375,3,1,0,0,0,0,0,0,0,0,0,0
122375,4,1,0,16,0,0,0,0,35,0,0,0
122375,5,1,0,5,16,0,0,0,0,0,12,0
122376,0,1,0,16,0,0,0,0,5,0,0,0
122376,1,1,0,0,0,0,15,16,0,0,0,0
122377,1,1,0,20,0,0,0,14,20,0,0,22
122378,1,1,0,0,0,0,0,0,0,0,0,0
122379,1,1,0,0,0,0,0,0,0,0,0,0
122379,2,1,17,0,0,0,0,0,0,0,0,0
122380,1,1,0,0,0,0,0,0,0,0,0,0
122380,2,1,0,0,0,0,0,0,0,0,0,0
122381,1,1,1,1,1,1,1,1,1,1,1,1
122382,0,1,30,30,30,30,30,30,30,30,30,30
122382,1,1,10,0,0,0,0,0,0,0,0,0
122383,0,1,0,0,0,0,0,0,0,0,0,0
122383,1,1,0,0,0,0,0,0,0,0,0,0
122384,1,1,0,0,0,0,0,0,0,0,0,0
122385,0,1,0,0,0,0,0,0,0,0,0,0
122385,1,1,0,0,0,0,0,0,0,0,0,0
122386,0,1,9,0,20,22,0,25,0,26,0,0
122386,1,1,0,0,0,0,0,4,0,0,0,0
122387,1,1,26,26,26,26,26,26,26,26,26,26
122389,0,1,0,0,0,0,0,8,0,0,0,0
122389,1,1,0,0,0,0,0,0,0,0,0,0
122390,1,1,0,0,0,0,0,0,0,0,0,0
122390,2,1,0,18,0,0,0,0,0,0,0,0
122391,1,1,0,0,0,19,0,0,0,0,0,0
122391,2,1,0,0,0,0,0,0,0,0,0,0
122392,1,1,0,0,0,0,0,0,0,0,0,0
122392,2,1,0,0,0,0,0,0,0,0,0,0
122392,3,1,0,0,0,0,0,0,0,0,0,0
122392,4,1,0,0,0,0,0,0,0,0,0,0
122392,5,1,0,0,0,0,0,0,0,0,0,0
122392,6,1,0,0,0,0,0,0,0,0,0,0
122392,7,1,0,0,0,0,0,0,0,0,0,0
122392,8,1,0,0,0,0,0,0,0,0,0,0
122392,9,1,0,0,0,0,0,0,0,0,0,0
122392,10,1,0,0,0,0,0,0,0,0,0,0
122393,0,1,0,0,8,27,17,26,9,16,37,0
122393,1,1,0,0,0,0,0,0,0,20,0,22
122394,0,1,0,0,0,0,0,0,0,0,0,0
122394,1,1,0,0,0,0,0,0,0,0,0,0
122395,1,1,0,0,0,0,0,0,0,0,0,0
122396,1,1,0,0,0,0,0,0,0,0,0,0
122397,1,1,19,19,19,19,19,19,19,19,19,19
122398,1,1,16,24,20,14,23,31,21,10,15,9
122399,0,1,0,0,0,0,0,0,0,0,0,0
122399,1,1,0,0,5,0,0,0,11,0,0,8
122400,1,1,0,0,0,0,0,0,0,0,0,0
122400,2,1,0,0,0,0,0,0,0,0,0,0
122401,1,1,0,0,0,0,0,0,0,0,0,0
122401,2,1,0,0,0,0,0,0,6,0,0,0
122402,1,1,0,0,0,0,0,0,0,0,0,0
122402,2,1,8,0,0,0,0,0,0,0,0,29
122403,1,1,0,0,10,0,0,0,0,0,0,0
122403,2,1,0,0,0,0,0,0,0,0,0,0
122404,1,1,0,0,0,0,0,27,0,0,0,0
122404,2,1,0,0,0,0,0,0,0,0,0,0
122406,1,1,0,0,0,0,0,24,0,12,0,0
122407,1,1,9,9,9,9,9,9,9,9,9,9
122408,0,1,0,0,0,0,0,0,0,0,0,0
122408,1,1,0,0,0,0,0,0,0,0,0,0
122408,2,1,0,0,0,0,0,0,0,0,0,0
122409,1,1,0,0,10,0,0,0,0,0,0,0
122410,1,1,0,0,0,0,0,0,0,0,0,0
122410,2,1,0,0,0,0,0,0,0,0,0,0
122411,1,1,19,19,19,19,19,19,19,19,19,19
122412,1,1,21,21,21,21,21,21,21,21,21,21
122412,2,1,0,0,0,0,0,0,0,0,0,0
122413,1,1,0,0,0,11,0,0,0,0,0,0
122413,2,1,0,0,0,0,0,0,0,0,6,0
122414,1,1,0,0,9,0,0,0,0,0,27,0
122415,1,1,0,0,0,0,0,0,0,0,0,0
122415,2,1,0,0,0,0,0,0,0,0,0,0
122416,0,1,26,26,26,26,26,26,26,26,26,26
122416,1,1,0,0,0,0,0,0,0,8,0,0
122417,1,1,0,0,0,0,0,0,10,0,0,0
122418,1,1,0,0,10,9,13,0,16,0,0,38
122419,0,1,0,16,0,31,0,0,7,0,0,0
122419,1,1,0,0,21,0,0,0,0,15,0,24
122420,0,1,0,0,0,0,0,0,0,0,0,0
122420,1,1,0,0,0,0,0,0,0,0,0,0
122421,1,1,19,0,7,10,0,8,13,8,14,17
122422,0,1,0,0,0,0,0,0,0,8,0,0
122422,1,1,0,0,0,0,0,0,0,0,0,0
122423,1,1,26,19,15,12,21,11,13,21,15,23
122425,1,1,0,0,0,11,0,18,35,22,13,0
122425,2,1,24,26,0,10,0,0,0,6,0,28
122426,1,1,10,22,9,28,14,11,4,10,19,11
122426,2,1,0,0,0,0,17,0,0,0,0,0
122427,0,1,22,22,22,22,22,22,22,22,22,22
122427,1,1,0,0,0,0,0,0,0,39,0,0