ST_CASE,VEH_NO,PER_NO,P1,P2,P3,P4,P5,P6,P7,P8,P9,P10
122428,1,1,0,0,0,0,0,0,0,0,0,0
122428,2,1,0,0,0,0,0,0,0,0,0,0
122429,1,1,0,0,0,0,10,0,0,0,0,0
122430,1,1,21,18,25,34,4,17,29,10,12,12
122431,0,1,0,0,12,0,0,0,0,0,0,0
122431,1,1,0,0,0,0,0,0,0,0,0,0
122432,0,1,16,16,16,16,16,16,16,16,16,16
122432,1,1,0,0,0,0,0,0,0,0,0,0
122433,1,1,0,18,0,4,0,0,0,14,0,0
122434,1,1,0,0,0,0,0,0,0,0,0,0
122434,2,1,0,0,0,0,11,0,0,8,0,0
122435,0,1,8,8,8,8,8,8,8,8,8,8
122435,1,1,0,20,0,0,0,0,0,0,0,5
122436,1,1,10,0,14,10,0,12,9,0,0,10
122436,2,1,0,0,0,0,17,0,0,0,0,0
122437,1,1,0,0,0,0,0,0,0,0,0,0
122438,1,1,0,0,0,0,0,0,0,0,0,0
122439,1,1,0,0,0,0,0,0,0,0,0,0
122439,2,1,0,0,0,0,0,0,0,0,0,0
122440,1,1,10,10,10,10,10,10,10,10,10,10
122440,2,1,0,0,0,0,0,0,0,0,0,0
122441,1,1,7,21,15,12,12,17,21,32,13,11
122442,0,1,19,19,19,19,19,19,19,19,19,19
122442,1,1,6,0,0,0,0,0,21,0,0,0
122443,1,1,0,0,0,0,0,0,0,0,0,0
122443,2,1,0,0,0,0,0,0,0,0,0,0
122444,1,1,0,0,0,0,0,0,0,0,0,19
122445,1,1,0,0,0,0,0,12,19,0,0,0
122445,2,1,0,0,0,16,0,0,0,3,0,0
122446,1,1,0,0,0,0,0,0,0,0,0,0
122447,0,1,35,35,35,35,35,35,35,35,35,35
122447,1,1,0,0,0,10,0,0,0,0,0,0
122449,1,1,0,0,0,0,0,0,0,0,0,0
122449,2,1,0,0,0,0,0,0,0,0,0,0
122450,1,1,0,0,0,0,0,0,0,0,0,0
122450,2,1,0,0,0,0,0,0,0,0,0,0
122452,1,1,0,0,0,0,18,0,0,26,0,0
122453,1,1,0,0,0,0,0,0,0,0,0,0
122453,2,1,0,0,0,0,0,0,0,0,0,0
122454,0,1,23,23,23,23,23,23,23,23,23,23
122454,1,1,0,0,0,0,0,0,0,0,0,0
122455,0,1,0,0,0,0,0,0,0,0,0,0
122455,1,1,0,0,0,0,0,0,0,0,0,0
122456,0,1,42,9,41,12,15,21,22,18,28,10
122456,1,1,0,0,0,0,0,0,0,0,0,0
122457,0,1,17,14,0,0,0,0,0,0,0,0
122457,1,1,0,0,0,0,7,0,0,0,0,0
122458,1,1,0,0,0,0,0,0,0,12,0,0
122458,2,1,0,0,0,0,0,0,0,0,0,0
122459,0,1,23,8,12,0,21,43,17,9,12,13
122459,1,1,0,0,12,0,0,0,0,24,0,0
122459,2,1,0,24,0,0,14,14,0,0,0,0
122461,1,1,0,0,0,0,0,0,0,0,0,0
122462,0,1,9,9,9,9,9,9,9,9,9,9
122462,0,2,15,0,29,0,0,0,0,0,0,0
122462,0,3,0,0,0,0,0,0,0,0,0,0
122462,1,1,0,0,0,0,0,8,0,0,0,0
122463,0,1,23,28,33,8,0,12,0,6,0,0
122463,1,1,19,0,0,21,0,0,0,0,21,0
122464,1,1,7,19,10,9,21,9,22,4,7,19
122465,0,1,20,30,29,0,34,0,0,0,0,0
122465,1,1,0,0,0,0,0,0,0,0,22,0
122466,1,1,0,0,0,0,0,0,0,0,0,0
122466,2,1,0,0,0,0,0,0,0,0,0,0
122467,1,1,10,0,14,9,17,11,7,0,8,30
122467,2,1,6,0,0,0,0,0,0,32,0,0
122468,1,1,26,26,26,26,26,26,26,26,26,26
122469,1,1,16,16,16,16,16,16,16,16,16,16
122470,1,1,0,0,23,18,0,0,0,0,0,0
122471,1,1,19,0,0,0,0,0,0,0,0,0
122472,1,1,0,0,0,0,0,0,0,0,0,0
122472,2,1,0,0,0,0,0,0,0,0,0,0
122472,4,1,0,0,0,0,0,0,15,0,0,0
122473,0,1,0,0,0,0,0,0,0,0,0,0
122473,1,1,0,0,0,0,0,0,0,0,0,0
122474,0,1,32,32,32,32,32,32,32,32,32,32
122474,1,1,0,0,0,0,0,0,0,0,11,0
122475,1,1,0,0,0,0,0,0,0,0,0,0
122475,2,1,0,0,0,0,0,0,0,0,15,0
122476,0,1,10,19,0,14,0,0,17,0,26,23
122476,1,1,0,0,0,0,0,11,0,20,0,28
122477,1,1,17,17,17,17,17,17,17,17,17,17
122478,0,1,0,0,0,0,0,0,0,0,0,0
122478,1,1,0,0,0,0,0,0,0,0,0,0
122479,1,1,13,13,13,13,13,13,13,13,13,13
122480,1,1,0,0,0,10,0,0,0,0,0,0
122480,2,1,0,15,0,0,3,13,0,0,0,17
122481,1,1,28,28,28,28,28,28,28,28,28,28
122482,1,1,0,0,0,0,0,0,0,0,0,0
122483,0,1,9,9,9,9,9,9,9,9,9,9
122483,1,1,0,0,0,0,0,0,0,0,0,0
122484,0,1,0,0,0,0,0,0,0,0,0,0
122484,1,1,0,0,0,0,20,0,0,0,21,0
122485,1,1,0,0,0,19,0,3,8,9,38,0
122486,0,1,0,0,0,0,0,0,0,0,0,0
122486,1,1,4,4,4,4,4,4,4,4,4,4
122487,1,1,28,28,28,28,28,28,28,28,28,28
122488,1,1,3,0,0,0,0,0,0,0,0,0
122488,2,1,0,0,0,0,0,0,0,0,0,0
122488,3,1,0,0,0,0,0,0,0,22,0,0
122488,4,1,0,0,0,0,0,0,0,0,0,0
122489,1,1,18,18,18,18,18,18,18,18,18,18
122489,2,1,0,0,20,0,0,0,0,0,0,0
122490,1,1,5,5,5,5,5,5,5,5,5,5
122490,2,1,0,0,0,0,0,0,0,0,0,0
122491,1,1,14,0,0,31,0,0,0,0,0,0
122492,0,1,39,39,39,39,39,39,39,39,39,39
122492,1,1,0,21,0,0,0,0,0,0,0,0
122492,2,1,0,0,0,0,0,0,0,15,25,3
122493,0,1,0,0,0,0,0,0,0,0,0,0
122493,1,1,0,0,0,0,0,0,0,0,0,0
122494,1,1,0,0,0,0,0,0,0,14,16,0
122495,0,1,12,0,0,0,0,0,0,0,0,0
122495,1,1,0,0,0,0,0,0,0,0,0,0
122496,1,1,0,0,0,0,0,0,0,0,0,0
122496,2,1,0,15,0,0,18,0,21,19,7,9
122496,3,1,24,0,0,0,0,0,0,0,0,0
122497,1,1,0,0,0,0,0,0,0,0,0,0
122497,2,1,0,0,0,0,0,0,0,0,0,0
122500,0,1,5,0,0,28,0,0,0,7,22,0
122500,1,1,0,0,0,0,13,0,0,0,0,0
122501,0,1,0,0,0,0,0,0,0,0,0,0
122501,1,1,0,0,0,0,0,0,0,0,0,0
122502,1,1,0,0,0,12,0,17,0,0,0,9
122503,1,1,0,0,0,0,0,0,0,0,0,0
122503,2,1,0,0,0,0,0,0,0,0,0,0
122503,3,1,0,0,0,0,0,0,0,0,0,0
122504,1,1,0,0,0,0,0,0,0,0,0,0
122506,1,1,0,0,0,0,0,0,0,0,0,0
122506,2,1,0,0,0,0,0,0,0,0,0,0
122507,1,1,29,0,18,0,0,0,0,21,0,0
122507,2,1,0,0,0,0,0,0,0,0,0,0
122508,1,1,12,12,12,12,12,12,12,12,12,12
122508,2,1,0,0,0,0,0,0,0,0,0,0
122509,1,1,0,0,0,0,0,0,0,0,0,0
122509,2,1,0,9,18,0,0,0,0,0,0,0
122509,3,1,0,0,0,0,0,0,0,0,0,0
122509,4,1,0,0,0,0,0,0,0,0,0,0
122510,1,1,0,0,0,0,0,0,0,0,0,0
122510,2,1,0,0,0,0,0,0,0,0,0,0
122510,3,1,0,0,19,0,13,0,0,0,0,0
122511,1,1,0,0,0,0,0,0,0,0,0,0
122511,2,1,0,0,0,0,0,0,0,0,0,0
122511,3,1,0,0,0,0,0,0,0,0,0,0
122511,4,1,0,0,0,0,0,0,0,0,0,0
122512,1,1,0,0,0,0,0,0,15,0,0,0
122512,2,1,0,0,0,0,0,0,0,0,0,0
122513,1,1,9,11,23,15,31,15,5,9,30,5
122513,2,1,0,0,0,0,3,0,0,0,0,0
122514,0,1,23,35,2,0,0,0,0,5,0,14
122514,1,1,11,11,11,11,11,11,11,11,11,11
122515,1,1,0,0,0,0,0,19,31,0,0,0
122515,2,1,0,0,0,0,0,0,0,0,0,0
122516,1,1,31,31,31,31,31,31,31,31,31,31
122516,2,1,0,0,0,0,0,0,0,15,0,0
122517,0,1,0,23,0,0,8,0,0,0,0,0
122517,1,1,0,0,0,0,0,0,0,0,0,0
122518,1,1,0,28,0,6,0,0,0,21,4,0
122519,0,1,19,19,19,19,19,19,19,19,19,19
122519,1,1,0,0,0,0,0,0,0,0,0,0
122519,2,1,0,0,0,0,0,0,0,0,0,0
122519,3,1,0,0,0,0,8,0,0,0,0,0
122520,1,1,0,0,0,0,0,0,0,0,0,0
122520,2,1,0,0,0,0,0,0,0,0,0,0
122520,3,1,0,0,0,0,0,0,0,0,0,0
122521,1,1,0,0,0,0,0,0,0,0,0,0
122521,2,1,0,16,0,0,0,0,0,0,0,0
122522,1,1,0,0,0,0,0,0,0,0,0,0
122522,2,1,0,0,0,0,0,0,0,0,0,0
122522,3,1,0,0,0,0,0,0,0,0,0,0
122523,1,1,0,0,0,0,0,0,0,0,0,0
122523,2,1,0,0,0,0,5,0,9,0,0,0
122524,1,1,23,23,23,23,23,23,23,23,23,23
122525,1,1,5,5,5,5,5,5,5,5,5,5
122525,2,1,0,0,0,0,0,0,0,0,0,0
122527,1,1,22,22,22,22,22,22,22,22,22,22
122527,2,1,0,0,0,0,0,0,0,0,0,0
122528,1,1,0,0,0,0,0,0,0,0,0,0
122528,2,1,0,0,0,0,0,0,0,0,0,0
122529,1,1,0,0,0,0,0,0,0,0,0,0
122529,2,1,0,0,0,0,0,3,0,0,0,0
122530,0,1,14,14,14,14,14,14,14,14,14,14
122530,1,1,0,0,0,0,0,7,0,0,0,0
122531,1,1,0,0,0,0,0,0,0,0,0,0
122531,2,1,0,0,0,0,0,0,0,0,0,0
122531,3,1,0,0,0,0,0,0,0,0,0,0
122532,0,1,0,0,0,0,0,18,17,0,0,0
122532,1,1,0,0,0,0,0,0,0,0,0,0
122533,0,1,0,0,0,0,0,0,0,0,0,0
122533,1,1,0,0,0,0,4,0,0,0,0,0
122533,2,1,0,0,0,0,15,0,0,23,0,0
122534,1,1,14,0,7,25,16,14,23,4,28,17
122534,2,1,0,0,0,0,0,0,0,0,0,0
122534,3,1,0,0,0,0,0,0,0,0,0,0
122535,1,1,0,0,0,0,0,0,0,0,0,0
122535,2,1,0,0,0,0,0,17,0,0,0,0
122536,1,1,0,0,0,0,0,0,0,0,0,0
122536,2,1,0,0,0,0,0,0,0,0,0,0
122537,1,1,0,0,0,0,0,0,0,5,0,10
122538,1,1,16,16,16,16,16,16,16,16,16,16
122539,0,1,19,14,43,28,22,16,42,19,0,0
122539,1,1,0,0,0,0,0,0,0,0,0,0
122540,0,1,0,0,0,0,11,0,0,0,0,0
122540,1,1,0,0,0,0,16,0,0,0,0,0
122541,1,1,19,37,5,13,0,11,6,0,10,16
122541,2,1,0,0,0,5,0,22,0,0,0,0
122542,1,1,0,0,0,0,0,0,0,0,7,0
122542,2,1,0,0,0,0,0,0,0,0,0,0
122543,1,1,0,0,0,0,0,0,0,0,0,0
122544,1,1,0,0,0,24,11,0,0,10,5,0
122545,1,1,0,0,0,0,0,0,0,0,0,0
122545,2,1,0,0,0,0,0,0,0,0,0,0
122546,0,1,0,0,0,0,0,0,0,0,0,0
122546,1,1,0,0,0,0,0,0,0,0,0,0
122548,1,1,0,0,8,11,0,24,35,16,15,29
122549,0,1,44,44,44,44,44,44,44,44,44,44
122549,1,1,0,0,0,13,2,0,0,0,0,0
122550,1,1,0,0,0,0,0,0,0,0,0,0
122550,2,1,0,0,0,4,0,0,0,0,0,0
122551,1,1,0,0,0,0,0,0,0,0,16,0
122551,2,1,0,0,0,0,0,0,0,0,0,0
122553,1,1,0,0,0,0,0,0,0,0,0,0
122554,0,1,6,6,6,6,6,6,6,6,6,6
122554,1,1,0,0,0,0,0,0,0,0,0,0
122555,1,1,0,0,0,0,0,0,0,0,0,0
122555,2,1,0,0,0,0,0,0,0,0,0,0
122556,0,1,0,0,0,0,0,0,0,0,0,0
122556,1,1,0,0,0,0,0,0,0,0,0,0
122557,1,1,0,0,0,0,0,0,0,0,0,0
122557,2,1,0,0,21,0,0,0,0,0,0,0
122558,1,1,8,8,8,8,8,8,8,8,8,8
122559,1,1,0,0,0,0,0,0,0,0,0,0
122559,2,1,0,0,0,0,0,0,0,0,0,0
122560,1,1,0,8,0,0,20,0,16,13,7,23
122561,0,1,22,22,22,22,22,22,22,22,22,22
122561,1,1,0,0,0,0,0,0,0,0,0,0
122562,1,1,18,18,18,18,18,18,18,18,18,18
122563,1,1,0,0,0,0,0,0,0,0,0,0
122563,2,1,0,0,0,0,0,0,0,0,0,13
122563,3,1,0,0,0,0,0,0,0,0,0,0
122563,4,1,0,0,0,0,0,0,0,0,0,0
122564,1,1,0,0,0,7,0,0,23,18,2,0
122565,1,1,0,0,0,0,0,0,0,0,0,0
122565,2,1,0,0,0,0,0,0,0,0,0,0
122567,1,1,0,0,0,14,0,0,0,0,0,0
122568,0,1,0,31,0,0,0,13,0,25,0,41
122568,1,1,0,17,13,29,8,10,28,0,0,12
122570,1,1,0,0,0,0,0,0,0,0,0,0
122571,1,1,0,16,0,0,0,0,0,0,28,0
122572,1,1,0,0,0,0,0,0,0,0,0,0
122572,2,1,0,0,0,0,0,0,0,0,0,0
122573,1,1,30,30,30,30,30,30,30,30,30,30
122575,0,1,0,0,0,0,0,0,0,0,7,0
122575,1,1,0,0,0,0,0,0,0,0,0,15
122576,0,1,0,0,0,0,0,0,0,0,0,0
122576,1,1,29,14,22,0,0,9,16,9,0,0
122577,1,1,0,0,0,0,0,0,0,0,0,13
122577,2,1,0,0,0,0,0,0,0,0,0,0
122578,1,1,0,0,0,0,0,0,0,0,0,0
122578,2,1,0,0,0,0,0,0,0,0,0,0
122579,1,1,0,0,0,0,6,16,0,35,0,0
122580,1,1,0,0,0,0,0,0,0,0,0,0
122581,1,1,0,0,0,0,0,0,0,0,0,0
122581,2,1,16,12,0,10,23,9,14,0,7,7
122582,0,1,0,0,0,0,0,0,0,0,0,0
122582,1,1,0,0,0,0,0,0,0,0,0,0
122583,1,1,0,0,0,0,0,0,0,0,0,0
122583,2,1,0,0,0,0,0,0,0,0,0,0
122583,3,1,0,0,0,0,0,0,0,0,0,0
122584,1,1,0,0,0,0,0,0,0,0,0,0
122584,2,1,0,0,0,0,0,0,0,0,0,0
122585,1,1,0,0,0,0,0,0,0,0,0,0
122585,2,1,20,0,0,0,0,0,0,0,16,0
122586,0,1,31,0,0,21,3,16,26,25,16,16
122586,1,1,0,0,0,0,0,0,0,0,0,0
122587,0,1,17,11,0,33,0,12,11,13,22,7
122587,1,1,0,0,0,14,0,0,0,0,0,0
122588,1,1,0,0,0,0,0,0,0,0,0,0
122589,1,1,0,0,0,0,0,0,0,0,0,0
122589,2,1,0,0,0,0,0,0,0,0,0,0
122589,3,1,0,0,0,0,0,0,0,0,0,0
122590,1,1,0,0,0,0,0,0,0,0,0,0
122590,2,1,12,12,12,12,12,12,12,12,12,12
122590,3,1,0,0,0,0,0,0,0,0,0,0
122590,4,1,0,0,0,0,0,0,0,0,0,0
122591,1,1,0,0,0,0,0,0,0,19,0,0
122591,2,1,0,0,0,15,28,0,21,0,9,0
122592,1,1,0,0,0,0,0,0,0,0,8,0
122593,0,1,0,0,0,0,0,0,0,0,0,0
122593,0,2,0,0,0,0,0,0,0,0,0,0
122593,0,3,0,0,0,0,0,0,0,0,0,0
122593,1,1,0,0,0,0,0,0,1,0,0,0
122595,1,1,3,21,0,0,7,0,0,0,0,0
122596,1,1,0,0,0,0,0,0,0,0,0,0
122596,2,1,0,0,0,0,0,0,0,0,0,0
122597,1,1,0,0,0,0,0,0,0,0,0,0
122597,2,1,0,0,0,0,0,0,0,0,0,0
122598,1,1,13,13,13,13,13,13,13,13,13,13
122599,1,1,0,0,0,0,0,0,11,0,0,0
122600,1,1,32,32,32,32,32,32,32,32,32,32
122602,1,1,32,32,32,32,32,32,32,32,32,32
122602,2,1,0,4,11,0,0,0,0,0,9,0
122603,1,1,0,0,0,0,0,0,0,0,0,0
122603,2,1,0,0,0,8,0,0,0,0,0,0
122605,1,1,0,0,0,0,0,0,0,0,0,0
122605,2,1,0,0,0,0,0,0,0,0,0,0
122606,1,1,0,0,0,8,0,0,0,0,0,0
122606,2,1,0,0,0,0,0,0,0,0,0,0
122607,0,1,14,0,0,0,37,0,10,17,0,0
122607,1,1,0,12,0,0,0,13,0,0,0,0
122608,1,1,0,0,0,0,0,0,0,0,0,0
122608,2,1,0,0,0,0,0,0,0,0,0,0
122610,1,1,26,7,5,8,12,28,14,11,11,8
122611,1,1,0,0,0,0,39,15,0,0,0,33
122612,1,1,0,0,0,26,0,35,17,0,16,0
122613,1,1,14,14,14,14,14,14,14,14,14,14
122613,2,1,0,0,0,45,0,0,0,0,0,0
122614,1,1,0,0,0,0,0,0,0,0,17,0
122615,1,1,16,16,16,16,16,16,16,16,16,16
122615,2,1,0,0,0,0,0,0,0,0,0,0
122616,1,1,0,0,0,0,0,0,0,0,0,0
122616,2,1,0,0,8,0,0,0,0,0,0,0
122617,0,1,0,0,0,11,0,0,0,0,5,0
122617,1,1,0,0,0,0,0,0,23,0,0,0
122618,1,1,0,0,0,0,0,0,0,0,0,0
122620,0,1,0,0,17,0,0,0,0,0,0,0
122620,1,1,0,0,0,0,0,0,0,0,0,0
122620,2,1,0,0,0,0,0,0,0,0,0,0
122620,3,1,0,0,0,0,0,0,0,0,0,0
122621,1,1,24,24,24,24,24,24,24,24,24,24
122622,1,1,0,19,0,0,0,23,33,0,28,0
122623,1,1,0,0,0,0,0,0,0,0,0,0
122623,2,1,0,0,0,0,0,0,0,0,0,0
122624,0,1,0,0,0,0,0,0,0,0,0,0
122624,1,1,0,0,0,0,0,0,0,0,0,0
122626,1,1,0,0,0,0,0,0,6,0,0,0
122627,0,1,0,0,0,0,0,5,0,0,0,0
122627,1,1,0,0,0,0,0,0,0,0,0,0
122627,2,1,0,0,0,0,0,0,0,0,0,0
122628,0,1,0,0,0,0,0,0,0,29,0,0
122628,1,1,0,14,0,0,0,0,0,0,0,0
122629,0,1,0,0,25,0,0,22,0,0,23,12
122629,1,1,0,0,0,0,15,0,0,0,0,0
122631,1,1,0,0,0,0,0,0,0,0,0,0
122631,2,1,0,0,0,0,0,0,0,0,0,0
122632,1,1,0,0,0,0,0,0,0,0,0,0
122632,2,1,0,0,0,0,0,0,0,0,0,0
122633,1,1,0,0,0,0,0,0,0,0,0,0
122633,2,1,0,11,0,0,0,0,0,0,0,0
122633,3,1,0,0,0,0,0,0,0,0,0,0
122634,1,1,0,0,0,0,0,0,0,0,0,0
122635,1,1,9,20,7,33,24,22,10,9,17,20
122636,1,1,0,0,0,0,0,0,0,0,0,0
122636,2,1,0,0,0,0,0,0,0,0,0,0
122637,1,1,14,14,14,14,14,14,14,14,14,14
122637,2,1,0,0,0,0,0,0,0,0,0,0
122638,1,1,15,15,15,15,15,15,15,15,15,15
122639,1,1,0,0,0,0,0,0,12,0,0,0
122639,2,1,0,0,0,0,0,0,0,0,0,0
122640,1,1,0,0,0,0,0,0,0,0,0,0
122640,2,1,0,0,0,0,20,0,0,0,0,0
122641,1,1,25,25,25,25,25,25,25,25,25,25
122641,2,1,0,17,0,0,0,0,0,0,0,0
122642,0,1,0,0,0,0,0,0,0,0,0,0
122642,1,1,0,0,0,0,0,0,24,0,0,0
122642,2,1,0,0,0,0,0,0,0,0,0,0
122643,1,1,0,0,0,0,0,0,0,0,0,0
122643,2,1,0,0,3,0,0,0,0,0,0,0
122644,1,1,0,0,8,0,0,10,0,0,0,0
122644,2,1,0,0,0,0,0,0,0,0,0,0
122644,3,1,0,0,0,0,0,0,0,21,0,0
122644,4,1,0,0,0,0,0,0,0,0,0,0
122644,5,1,0,0,0,0,0,0,0,0,0,0
122645,1,1,0,0,0,0,0,0,0,0,0,0
122645,2,1,0,0,0,0,0,0,0,0,0,0
122646,1,1,0,0,0,0,0,0,0,0,0,0
122646,2,1,0,0,0,0,0,0,0,0,0,0
122647,0,1,0,0,0,0,0,0,0,0,0,17
122647,1,1,11,0,0,0,0,0,0,0,0,0
122648,1,1,10,17,30,15,28,10,35,32,12,9
122649,1,1,0,0,0,0,0,0,0,0,0,0
122649,2,1,0,0,0,0,0,0,0,0,0,0
122650,0,1,0,0,0,0,0,0,0,0,0,0
122650,0,2,0,0,0,0,0,0,0,0,0,0
122650,1,1,0,0,9,0,0,0,0,0,0,0
122652,1,1,0,6,0,0,0,0,0,7,0,0
122652,2,1,0,0,0,24,0,0,0,0,0,0
122653,1,1,0,0,0,0,0,0,0,0,0,0
122654,1,1,0,0,0,0,0,0,0,0,0,0
122654,2,1,0,8,0,0,0,0,0,0,19,0
122655,1,1,12,12,12,12,12,12,12,12,12,12
122655,2,1,0,0,0,0,0,0,0,0,0,0
122656,0,1,0,0,0,0,18,0,0,0,30,0
122656,1,1,0,15,0,0,0,0,0,0,0,0
122657,1,1,0,0,0,0,0,0,0,0,0,0
122657,2,1,0,0,0,0,0,0,0,0,0,0
122657,3,1,0,0,0,0,0,0,0,0,0,0
122658,1,1,0,0,0,0,0,0,0,13,0,0
122658,2,1,0,0,0,0,0,0,0,0,0,0
122659,1,1,0,0,0,0,0,0,0,0,0,0
122659,2,1,0,0,0,0,4,0,0,0,0,0
122660,0,1,0,0,0,0,0,0,0,0,0,0
122660,1,1,0,0,0,0,0,0,0,0,0,0
122660,2,1,0,0,0,0,0,0,0,0,0,0
122661,1,1,0,0,15,0,0,0,0,0,0,0
122661,2,1,0,0,0,0,0,0,0,0,0,0
122661,3,1,0,0,0,0,0,0,0,0,0,0
122662,1,1,21,0,0,0,0,0,0,0,0,22
122662,2,1,0,0,0,0,0,0,0,0,0,0
122663,0,1,0,0,7,20,0,0,0,0,23,0
122663,1,1,0,14,11,0,0,0,23,0,0,0
122664,1,1,1,1,1,1,1,1,1,1,1,1
122664,2,1,0,0,0,0,0,0,0,0,15,0
122665,1,1,0,0,0,0,0,0,0,0,0,0
122665,2,1,0,0,0,0,0,0,0,0,0,18
122666,1,1,0,0,0,0,0,0,0,0,0,0
122667,1,1,0,0,0,0,0,0,0,0,0,11
122667,2,1,0,0,0,0,0,0,0,0,0,0
122668,1,1,0,14,22,15,0,4,15,0,17,0
122668,2,1,0,0,0,0,0,0,0,0,0,0
122669,1,1,26,0,0,0,16,0,0,0,0,13
122670,1,1,0,0,0,0,0,0,0,0,0,0
122670,2,1,0,0,0,0,0,0,0,0,0,0
122671,1,1,0,0,0,0,0,0,0,21,0,0
122671,2,1,0,0,0,0,0,0,0,0,20,0
122672,1,1,0,0,0,0,0,0,6,0,0,0
122672,2,1,0,0,7,0,0,0,0,12,10,0
122673,1,1,0,0,0,0,0,14,0,15,24,8
122673,2,1,0,0,0,0,0,0,0,0,17,0
122675,0,1,12,12,12,12,12,12,12,12,12,12
122675,1,1,0,34,0,27,0,0,0,0,0,0
122675,2,1,0,0,0,0,0,4,0,0,0,0
122678,0,1,37,0,0,20,0,0,0,0,0,0
122678,1,1,0,0,0,0,0,0,0,0,0,0
122679,0,1,24,0,0,12,29,39,0,0,0,0
122679,1,1,0,0,0,0,0,0,0,0,0,0
122680,1,1,0,0,0,0,0,0,0,0,0,0
122680,2,1,0,0,0,0,0,0,0,0,0,0
122680,3,1,0,0,0,0,0,0,0,0,0,0
122681,0,1,5,5,5,5,5,5,5,5,5,5
122681,1,1,0,0,0,0,0,0,0,0,0,0
122683,1,1,0,0,0,0,0,0,0,0,0,0
122683,2,1,0,0,0,0,0,0,0,0,0,0
122685,1,1,35,17,16,21,6,0,3,12,0,0
122686,0,1,0,0,0,0,0,0,0,0,0,0
122686,1,1,0,0,0,0,0,0,0,0,0,0
122687,1,1,6,6,6,6,6,6,6,6,6,6
122687,2,1,0,0,0,0,19,0,0,16,22,0
122688,0,1,0,0,0,0,0,0,0,0,0,28
122688,1,1,0,0,22,0,0,0,19,0,0,0
122688,2,1,0,0,0,0,0,0,0,21,0,0
122688,3,1,19,0,0,0,0,0,0,0,0,13
122689,0,1,29,29,29,29,29,29,29,29,29,29
122689,1,1,16,16,16,16,16,16,16,16,16,16
122690,1,1,0,0,0,0,0,0,0,0,0,0
122690,2,1,0,0,0,0,0,0,0,0,0,0
122691,1,1,19,19,19,19,19,19,19,19,19,19
122691,2,1,0,0,0,0,0,0,0,0,0,0
122692,1,1,0,0,0,0,0,0,0,0,0,0
122692,2,1,0,0,0,0,0,0,0,16,0,0
122693,1,1,0,0,0,0,0,0,0,0,0,0
122694,1,1,0,0,0,0,0,0,0,0,0,0
122694,2,1,0,0,0,0,0,0,0,0,0,0
122695,1,1,0,0,0,0,0,0,0,0,0,0
122695,2,1,0,0,0,0,0,0,0,0,0,0
122696,0,1,0,0,0,0,0,0,0,0,0,0
122696,1,1,0,0,0,0,0,0,0,0,0,0
122697,1,1,0,0,0,0,0,0,0,0,0,0
122697,2,1,0,0,0,0,0,0,0,0,0,0
122698,1,1,0,0,0,0,0,0,0,0,0,0
122698,2,1,0,0,0,0,0,0,0,0,0,0
122699,1,1,0,0,0,13,3,0,0,0,8,13
122700,1,1,15,15,12,24,13,12,22,9,17,9
122701,1,1,0,0,0,0,0,0,0,0,0,0
122701,2,1,0,0,7,0,0,21,0,0,0,0
122702,1,1,0,0,0,0,0,0,0,0,0,0
122703,1,1,0,10,0,0,0,0,0,3,0,24
122703,2,1,0,0,0,0,0,0,0,0,0,0
122704,0,1,0,0,0,0,0,0,0,0,0,0
122704,1,1,0,0,0,0,0,0,0,0,0,0
122705,0,1,0,0,0,14,0,0,0,0,17,0
122705,1,1,0,0,0,0,0,0,0,14,0,6
122706,0,1,13,13,13,13,13,13,13,13,13,13
122706,1,1,0,0,0,0,0,0,0,18,0,0
122707,1,1,7,0,0,0,0,0,0,0,0,0
122707,2,1,0,0,0,0,0,0,0,0,0,0
122708,1,1,13,13,13,13,13,13,13,13,13,13
122709,1,1,0,0,0,0,0,0,0,0,0,0
122711,1,1,20,20,20,20,20,20,20,20,20,20
122711,2,1,0,0,0,0,0,0,0,16,0,14
122712,0,1,0,25,0,0,0,0,0,18,0,19
122712,1,1,3,34,24,21,10,11,2,16,0,11
122713,0,1,15,0,0,0,0,0,0,20,23,0
122713,1,1,0,6,0,0,0,0,0,0,0,22
122714,0,1,0,0,0,13,0,0,0,0,0,26
122714,1,1,0,0,11,0,0,0,0,22,27,0
122715,1,1,0,0,0,0,0,0,0,0,0,0
122715,2,1,0,0,0,0,0,0,0,0,13,0
122716,1,1,28,18,21,15,23,17,0,29,15,17
122717,0,1,0,43,0,0,0,0,0,0,0,0
122717,1,1,0,0,0,0,0,0,0,0,0,0
122718,1,1,17,4,0,13,0,0,0,0,0,0
122719,0,1,3,0,0,9,0,0,0,0,0,0
122719,1,1,0,0,0,0,0,0,0,0,0,0
122721,1,1,0,0,0,0,0,0,0,0,0,0
122721,2,1,1,1,1,1,1,1,1,1,1,1
122722,1,1,0,0,0,0,0,0,0,0,0,0
122722,2,1,0,0,0,0,0,0,0,0,0,0
122723,0,1,29,29,29,29,29,29,29,29,29,29
122723,1,1,8,8,8,8,8,8,8,8,8,8
122724,0,1,22,22,22,22,22,22,22,22,22,22
122724,1,1,0,0,0,0,0,0,0,0,0,0
122725,1,1,0,0,0,0,0,0,0,0,0,0