ST_CASE,VEH_NO,PER_NO,P1,P2,P3,P4,P5,P6,P7,P8,P9,P10
122725,2,1,0,0,0,0,11,0,0,0,0,0
122726,1,1,0,0,0,0,0,0,0,0,0,0
122726,2,1,0,16,0,7,0,12,0,0,14,0
122727,1,1,0,0,0,0,0,0,0,0,0,0
122727,2,1,0,0,0,0,0,0,0,0,0,0
122728,1,1,0,0,17,0,15,5,0,16,0,0
122728,2,1,0,22,10,0,0,0,0,0,0,0
122728,3,1,0,0,0,0,0,0,0,0,0,0
122728,4,1,0,0,0,0,0,0,0,29,0,0
122730,0,1,6,0,0,25,32,0,16,3,0,11
122730,1,1,6,0,0,0,0,0,0,0,0,0
122731,1,1,0,0,0,0,0,18,0,0,0,0
122732,1,1,31,0,11,28,0,0,8,17,11,0
122733,1,1,0,0,0,0,0,0,0,0,0,0
122734,0,1,0,0,0,0,0,0,0,0,0,0
122734,1,1,0,0,0,0,0,0,16,0,0,0
122735,0,1,0,0,0,0,0,0,0,0,0,0
122735,1,1,0,0,0,0,0,0,0,0,0,0
122736,0,1,13,0,0,0,0,0,0,0,0,0
122736,1,1,0,0,0,0,0,0,0,0,0,0
122736,2,1,0,0,0,0,0,0,0,0,0,0
122737,1,1,0,0,0,0,0,0,0,0,0,0
122737,2,1,0,0,0,0,0,6,0,0,0,0
122738,1,1,0,8,19,0,29,0,0,0,0,0
122739,1,1,13,0,0,0,0,0,0,0,12,0
122739,2,1,0,0,0,0,0,0,0,0,0,0
122740,0,1,0,20,0,0,0,22,0,0,0,0
122740,1,1,0,0,0,0,0,0,0,0,0,0
122741,1,2,0,0,0,0,0,0,0,0,0,0
122741,2,1,15,0,0,0,0,0,0,0,0,0
122741,3,1,0,0,0,0,0,0,0,0,0,0
122742,0,1,0,0,0,0,0,0,0,0,36,0
122742,0,2,0,0,18,14,7,0,20,37,0,0
122742,1,1,13,22,0,7,0,0,0,0,0,0
122743,1,1,0,0,0,0,0,0,0,0,0,0
122744,1,1,0,0,0,0,0,0,0,0,0,0
122744,2,1,0,0,0,0,0,0,0,0,0,0
122745,1,1,0,0,0,0,0,0,0,0,0,0
122745,2,1,0,0,0,0,0,0,0,0,0,0
122745,3,1,32,0,0,0,0,0,0,0,0,0
122745,4,1,0,0,12,0,0,0,0,0,0,0
122745,5,1,31,0,0,0,0,0,0,0,0,0
122746,1,1,15,15,15,15,15,15,15,15,15,15
122746,2,1,0,0,0,0,0,0,0,0,0,0
122747,0,1,0,0,0,0,0,0,0,0,0,0
122747,1,1,0,0,0,0,0,0,0,0,0,0
122748,1,1,22,22,22,22,22,22,22,22,22,22
122749,1,1,0,0,0,0,0,0,0,0,0,28
122749,2,1,33,0,0,0,0,0,0,0,0,0
122750,1,1,0,0,0,0,0,0,0,0,0,0
122750,2,1,0,0,0,0,0,0,0,0,0,0
122751,1,1,22,22,22,22,22,22,22,22,22,22
122751,2,1,0,0,0,0,0,0,0,0,0,0
122752,0,1,0,0,0,0,0,0,0,0,0,0
122752,1,1,0,0,0,0,0,0,17,0,0,0
122753,1,1,0,0,0,0,0,0,0,0,0,0
122753,2,1,0,0,0,0,0,0,0,0,0,0
122754,1,1,0,0,27,0,0,0,0,0,0,0
122754,2,1,0,28,0,0,0,0,0,0,0,0
122755,1,1,0,20,0,0,0,27,0,0,0,15
122755,2,1,0,0,0,0,0,0,0,0,0,0
122756,1,1,0,0,0,0,0,0,0,0,0,0
122757,1,1,18,0,0,0,0,0,0,0,0,0
122759,1,1,0,0,0,0,0,0,0,0,0,0
122760,0,1,0,0,0,0,0,0,0,0,17,0
122760,1,1,0,0,12,0,0,0,0,0,0,0
122760,2,1,0,0,0,0,0,0,0,0,0,0
122761,0,1,0,0,0,0,0,0,0,0,0,0
122761,1,1,0,0,0,0,0,0,0,0,0,0
122762,1,1,0,0,0,0,0,0,0,0,0,0
122763,1,1,23,11,0,15,0,27,0,0,0,9
122764,1,1,15,25,25,0,12,0,13,17,0,29
122765,1,1,17,0,22,16,24,12,12,0,12,8
122765,2,1,0,0,0,17,2,0,0,0,0,0
122765,3,1,8,0,0,0,0,0,0,0,0,0
122766,0,1,0,0,0,0,0,0,0,0,0,0
122766,1,1,0,0,0,5,0,0,0,0,0,23
122767,1,1,10,10,10,10,10,10,10,10,10,10
122768,1,1,0,0,0,0,0,0,0,0,0,0
122768,2,1,0,0,0,0,0,0,0,0,0,0
122769,1,1,2,2,2,2,2,2,2,2,2,2
122769,2,1,0,0,0,0,0,0,0,19,0,0
122769,3,1,0,0,26,0,0,0,0,0,0,0
122770,0,1,0,0,0,0,0,0,0,0,13,0
122770,1,1,0,0,0,0,0,0,0,0,0,0
122772,0,1,0,10,0,0,37,0,0,0,0,0
122772,1,1,0,0,0,0,3,0,0,0,0,0
122773,1,1,0,0,11,27,0,0,0,0,0,0
122773,2,1,0,11,0,29,0,0,0,0,0,0
122774,1,1,23,23,23,23,23,23,23,23,23,23
122776,1,1,11,11,11,11,11,11,11,11,11,11
122776,2,1,0,0,0,0,0,0,0,0,0,0
122777,1,1,0,0,0,0,0,0,0,0,0,0
122777,2,1,0,0,0,0,0,5,0,0,0,0
122778,0,1,0,0,0,0,0,0,0,0,0,0
122778,1,1,0,0,0,0,0,0,0,0,0,0
122779,0,1,27,27,27,27,27,27,27,27,27,27
122779,1,1,0,0,28,0,0,0,0,0,0,0
122781,1,1,0,0,0,0,0,0,0,0,0,0
122781,2,1,0,0,0,0,0,0,0,0,0,0
122781,3,1,0,0,0,0,0,0,0,0,0,0
122782,1,1,3,13,22,7,10,17,17,11,8,7
122782,2,1,0,0,0,0,0,13,0,0,0,0
122782,3,1,0,0,0,0,0,8,0,0,0,0
122783,1,1,13,15,0,0,0,0,0,0,0,0
122783,2,1,0,0,0,0,0,0,0,0,0,0
122784,1,1,14,15,22,6,12,8,32,33,23,14
122785,1,1,0,0,0,0,0,0,0,13,0,11
122786,1,1,0,0,0,0,0,0,0,0,0,0
122786,2,1,13,0,7,17,0,13,0,3,0,0
122787,1,1,3,9,10,14,41,7,19,19,0,8
122787,2,1,42,42,42,42,42,42,42,42,42,42
122789,1,1,0,0,0,0,0,0,0,0,0,0
122790,1,1,0,0,0,0,37,0,0,0,0,0
122790,2,1,0,0,0,0,0,0,0,0,0,0
122791,1,1,0,27,0,0,27,9,0,0,16,8
122791,2,1,0,0,0,0,0,0,0,0,0,0
122792,1,1,0,0,10,0,0,0,0,0,0,5
122793,1,1,0,0,0,0,0,0,0,0,0,0
122794,0,1,29,29,29,29,29,29,29,29,29,29
122794,1,1,0,0,0,0,0,0,0,0,30,14
122795,1,1,0,0,0,0,0,3,0,0,0,0
122795,2,1,0,0,0,0,0,0,0,0,0,0
122796,0,1,19,4,0,0,0,0,0,0,6,25
122796,1,1,0,0,0,0,0,0,0,0,0,0
122797,1,1,16,39,15,0,0,6,6,18,17,12
122797,2,1,0,0,0,0,0,0,0,0,0,0
122798,1,1,0,0,0,0,0,0,0,0,0,0
122799,1,1,0,0,0,0,0,0,0,0,0,0
122800,0,1,0,0,0,0,0,0,0,0,0,0
122800,1,1,15,0,0,0,0,0,0,0,0,0
122801,1,1,0,0,0,0,0,0,0,0,0,0
122801,2,1,0,0,0,0,0,0,0,0,0,0
122802,1,1,18,18,18,18,18,18,18,18,18,18
122802,2,1,0,7,0,0,0,0,0,0,0,0
122803,1,1,0,0,0,0,0,0,0,0,0,0
122804,1,1,0,0,0,0,0,0,0,0,0,0
122804,2,1,0,0,0,0,0,0,0,0,0,0
122805,0,1,0,0,0,0,0,0,0,0,0,0
122805,1,1,0,0,0,0,0,0,0,0,0,0
122806,1,1,13,6,2,16,7,0,11,0,11,4
122806,2,1,0,0,0,17,0,0,0,21,3,12
122807,1,1,6,14,0,0,0,21,15,23,8,0
122808,1,1,0,0,0,0,0,0,0,0,0,0
122808,2,1,0,0,0,0,0,15,0,0,0,0
122808,3,1,0,22,0,0,0,0,0,0,0,0
122808,4,1,0,0,0,0,0,0,0,0,0,0
122809,1,1,13,13,13,13,13,13,13,13,13,13
122810,1,1,0,0,0,0,0,0,0,0,0,0
122811,1,1,0,0,0,0,0,0,0,0,0,0
122812,1,1,0,0,0,0,0,0,0,0,0,0
122812,2,1,0,0,0,0,0,0,0,0,0,0
122813,1,1,16,16,16,16,16,16,16,16,16,16
122813,2,1,0,0,0,0,0,0,0,0,0,0
122813,3,1,0,0,0,0,0,0,0,0,0,0
122814,0,1,0,0,0,0,0,0,0,0,0,0
122814,1,1,0,0,0,0,0,0,0,0,0,0
122815,1,1,4,4,4,4,4,4,4,4,4,4
122816,0,1,0,0,0,0,0,0,0,0,0,0
122816,1,1,0,22,36,22,8,15,8,5,6,7
122817,0,1,0,0,0,0,0,0,0,0,0,0
122817,1,1,0,0,0,0,0,0,0,0,21,0
122818,1,1,0,0,0,0,8,0,0,6,0,0
122818,2,1,4,0,0,0,18,0,0,0,0,0
122819,1,1,0,0,0,0,0,0,0,0,0,0
122819,2,1,0,0,0,0,0,0,0,0,0,0
122820,0,1,23,0,0,0,14,18,0,0,0,9
122820,1,1,0,0,0,0,0,0,0,0,0,0
122821,1,1,0,0,22,0,0,0,0,0,0,0
122821,2,1,15,0,0,0,0,0,0,0,0,0
122822,1,1,0,0,0,0,0,0,0,0,0,0
122822,2,1,19,19,19,19,19,19,19,19,19,19
122823,1,1,0,0,0,0,0,0,0,0,0,0
122824,0,1,0,0,0,0,0,0,0,0,0,0
122824,1,1,0,0,0,0,0,0,0,0,0,0
122825,0,1,6,40,24,11,0,0,0,0,18,0
122825,1,1,0,0,0,0,0,0,16,0,15,0
122826,1,1,0,0,0,0,0,0,0,0,0,0
122826,2,1,0,0,0,0,0,0,0,0,0,0
122828,1,1,0,0,39,0,0,0,0,0,0,0
122828,2,1,0,0,0,0,0,0,0,0,0,0
122829,1,1,0,0,21,0,0,0,0,0,20,0
122830,0,1,0,0,0,0,0,0,0,0,0,0
122830,1,1,0,0,0,0,0,0,0,0,0,0
122831,1,1,0,0,0,23,0,13,0,0,14,16
122831,2,1,0,0,0,0,0,1,0,0,0,0
122832,1,1,19,20,38,14,11,11,28,10,16,28
122832,2,1,0,0,0,0,0,0,0,0,0,0
122833,1,1,0,0,0,0,0,0,0,0,12,0
122833,2,1,0,0,0,0,0,0,0,0,0,0
122834,1,1,0,0,0,0,0,0,0,0,0,0
122834,2,1,0,0,0,0,0,0,0,0,0,0
122834,3,1,0,0,0,0,0,0,0,0,0,0
122835,0,1,0,0,0,0,31,30,0,0,0,0
122835,1,1,0,0,0,0,0,6,24,0,0,0
122835,2,1,0,0,0,0,0,27,0,0,0,16
122836,1,1,0,0,0,0,0,0,0,0,0,0
122837,1,1,0,0,0,0,0,0,0,0,0,0
122837,2,1,0,3,0,0,0,0,0,0,9,0
122838,0,1,0,0,0,0,0,0,0,0,0,0
122838,1,1,0,0,0,0,0,0,0,0,0,0
122838,2,1,0,0,0,0,0,9,0,0,0,0
122839,1,1,0,29,0,0,0,0,0,15,0,0
122839,2,1,0,0,0,0,0,0,0,0,0,0
122840,0,1,0,0,0,20,28,0,0,0,17,0
122840,1,1,0,0,0,0,0,0,0,0,0,0
122841,1,1,0,0,0,0,0,0,0,0,0,0
122841,2,1,0,0,0,0,0,0,0,0,0,0
122842,1,1,0,16,0,0,0,0,0,0,0,0
122842,2,1,0,0,0,0,0,0,0,0,0,0
122843,1,1,0,0,0,0,0,0,0,0,0,0
122843,2,1,0,0,0,0,12,0,0,0,0,0
122843,3,1,0,0,0,0,0,0,0,0,0,0
122844,1,1,6,22,0,3,5,7,5,16,0,12
122844,2,1,0,0,0,0,0,0,0,0,0,0
122844,3,1,0,0,0,0,0,0,0,0,0,0
122845,1,1,0,0,0,0,0,0,0,0,0,0
122845,2,1,0,0,0,0,0,0,0,0,0,0
122846,0,1,15,15,15,15,15,15,15,15,15,15
122846,1,1,0,0,0,0,8,0,0,0,0,6
122846,2,1,0,27,0,0,0,0,19,0,0,28
122847,1,1,0,0,0,0,0,0,0,0,0,0
122847,2,1,0,0,0,0,0,0,0,0,0,0
122848,0,1,0,20,11,0,0,0,0,0,0,8
122848,1,1,0,0,0,0,0,0,0,0,0,0
122849,0,1,20,0,0,0,0,0,0,0,20,0
122849,1,1,0,0,0,0,0,0,13,0,0,0
122849,2,1,0,0,0,0,0,0,0,0,0,0
122849,3,1,0,0,0,0,0,0,0,4,0,0
122850,1,1,17,17,17,17,17,17,17,17,17,17
122851,1,1,18,18,18,18,18,18,18,18,18,18
122851,2,1,0,0,0,0,0,0,0,0,0,0
122852,0,1,0,0,0,0,0,0,0,0,0,0
122852,1,1,0,0,0,0,0,0,0,0,0,0
122852,2,1,0,0,0,0,0,0,0,0,0,0
122853,0,1,0,17,0,0,0,0,0,0,0,0
122853,1,1,18,0,0,0,0,0,0,0,8,0
122854,1,1,0,0,0,0,0,0,0,0,0,14
122854,2,1,0,0,0,0,0,0,0,0,0,0
122855,0,1,0,0,0,0,0,0,24,0,0,0
122855,1,1,0,0,0,0,0,0,0,0,0,0
122856,1,1,10,10,10,10,10,10,10,10,10,10
122857,1,1,0,0,0,0,0,0,0,0,0,0
122857,2,1,0,0,0,0,0,0,0,0,0,0
122857,3,1,0,0,0,0,0,0,0,0,0,0
122858,1,1,0,0,0,0,0,0,0,0,0,0
122858,2,1,0,0,0,0,0,0,0,0,0,0
122859,1,1,0,0,0,0,0,0,0,0,0,0
122859,2,1,0,0,0,0,0,0,0,0,0,0
122860,1,1,0,0,0,0,0,0,0,0,0,0
122860,2,1,0,0,0,0,0,0,0,0,0,0
122860,3,1,0,0,0,0,0,0,0,0,0,0
122861,0,1,0,0,0,0,0,0,0,0,0,0
122861,1,1,0,0,0,0,0,0,0,0,0,0
122862,1,1,0,0,0,0,0,0,0,0,0,17
122863,1,1,0,0,0,0,0,0,0,0,0,0
122864,0,1,0,0,0,31,17,10,0,22,23,29
122864,1,1,0,0,0,0,0,0,0,0,0,0
122865,1,1,0,0,0,0,0,0,0,0,0,0
122865,2,1,0,0,0,19,0,0,0,0,0,0
122866,1,1,37,37,37,37,37,37,37,37,37,37
122867,1,1,27,0,17,28,17,5,20,6,8,20
122867,2,1,0,0,0,0,4,0,0,0,0,0
122869,0,1,0,0,0,0,0,0,0,0,0,0
122869,1,1,0,0,0,0,0,0,0,0,0,0
122870,1,1,0,0,0,0,0,0,0,0,0,0
122870,2,1,0,0,0,0,0,0,0,0,17,0
122871,0,1,0,0,0,0,0,0,0,0,0,0
122871,1,1,0,0,0,0,0,0,0,0,0,0
122872,1,1,0,0,0,0,0,0,0,0,0,0
122872,2,1,0,0,0,0,0,6,0,0,0,0
122873,1,1,0,0,0,0,0,8,0,0,0,0
122873,2,1,0,0,0,0,0,0,0,0,0,15
122873,3,1,0,18,0,0,0,0,0,0,0,0
122874,1,1,0,0,0,0,0,0,0,0,0,0
122874,2,1,2,0,0,0,0,0,0,0,0,0
122874,3,1,0,0,0,0,0,0,0,0,0,0
122875,1,1,0,0,0,0,0,0,0,0,0,0
122875,2,1,0,0,0,0,0,0,0,0,0,0
122876,0,1,0,30,0,0,0,0,17,26,0,0
122876,1,1,6,17,15,6,14,17,8,12,10,27
122877,1,1,0,0,0,0,0,0,0,0,0,0
122880,0,1,22,17,0,0,0,0,0,20,0,0
122880,1,1,0,0,0,0,0,17,0,0,0,0
122882,1,1,0,0,0,0,0,0,0,0,0,0
122882,2,1,0,0,0,0,0,0,0,0,0,0
122883,1,1,0,0,0,0,0,0,0,0,0,0
122883,2,1,0,0,0,0,0,0,7,0,0,0
122884,1,1,9,9,9,9,9,9,9,9,9,9
122884,2,1,0,0,0,0,0,0,0,0,0,0
122885,1,1,0,0,0,0,0,0,0,0,0,0
122886,0,1,0,0,0,0,0,14,0,0,22,0
122886,1,1,0,0,0,0,0,0,0,28,0,29
122887,1,1,0,0,12,0,0,0,7,0,0,0
122887,2,1,0,0,0,0,30,0,7,8,16,0
122888,1,1,12,12,12,12,12,12,12,12,12,12
122889,1,1,0,0,0,0,0,0,0,0,0,0
122889,2,1,0,0,0,0,0,0,0,0,0,0
122890,1,1,0,0,0,0,0,0,0,0,12,0
122890,2,1,16,16,16,16,16,16,16,16,16,16
122891,0,1,0,0,0,0,0,0,0,0,0,0
122891,1,1,0,0,0,0,0,0,0,0,0,0
122892,1,1,0,0,0,11,0,0,16,11,0,7
122892,2,1,0,0,0,0,0,0,0,0,0,0
122893,0,1,0,0,0,0,14,0,0,0,0,0
122893,1,1,0,0,0,0,0,0,0,0,0,0
122894,1,1,24,24,24,24,24,24,24,24,24,24
122895,1,1,0,0,0,0,0,0,0,0,0,0
122895,2,1,0,0,0,12,0,0,0,4,0,0
122896,0,1,28,28,28,28,28,28,28,28,28,28
122896,1,1,0,0,0,19,0,0,0,0,0,0
122897,1,1,11,0,0,0,0,0,0,0,0,0
122897,2,1,0,0,0,0,0,0,0,0,0,0
122898,1,1,0,36,20,11,16,14,4,8,4,18
122899,1,1,20,20,20,20,20,20,20,20,20,20
122899,2,1,7,7,7,7,7,7,7,7,7,7
122900,1,1,0,0,0,0,0,0,0,0,0,0
122900,2,1,0,0,0,0,19,0,27,0,0,0
122901,1,1,0,0,0,0,0,0,0,0,0,0
122901,2,1,0,0,0,0,0,24,0,0,0,27
122902,0,1,0,0,0,0,0,0,0,0,0,0
122902,1,1,0,0,0,0,0,0,0,0,0,0
122903,1,1,0,35,0,0,0,0,10,0,0,0
122903,2,1,0,0,0,0,0,0,0,0,0,14
122904,1,1,0,0,12,0,0,0,0,0,0,0
122904,2,1,0,0,0,0,0,19,9,24,0,14
122905,1,1,0,0,0,0,0,0,0,24,0,0
122905,2,1,0,0,0,0,0,0,0,0,0,0
122906,1,1,0,0,0,0,0,0,0,0,0,19
122906,2,1,0,20,0,0,0,0,0,0,0,0
122907,1,1,0,0,0,0,0,0,0,0,0,29
122908,0,1,0,0,13,0,0,0,0,0,0,0
122908,1,1,0,0,30,0,0,0,4,0,0,0
122909,0,1,0,0,0,0,0,0,0,40,0,0
122909,1,1,0,0,0,0,0,22,0,0,0,0
122910,0,1,0,0,0,0,0,0,0,0,0,0
122910,1,1,0,0,34,0,0,0,0,0,0,0
122911,1,1,29,16,8,0,0,22,23,10,17,15
122912,1,1,0,0,0,0,0,0,0,0,0,0
122912,2,1,0,0,0,0,0,0,0,0,0,0
122913,1,1,0,0,0,0,0,0,0,0,0,0
122913,2,1,0,0,0,0,0,0,6,0,0,0
122914,1,1,0,0,0,0,0,0,0,0,0,0
122914,2,1,0,0,0,0,0,0,0,0,0,0
122915,1,1,0,0,0,0,0,0,0,0,0,0
122915,2,1,0,0,0,0,0,0,0,0,0,0
122915,3,1,0,0,0,0,0,0,0,0,0,0
122916,0,1,0,0,0,0,0,0,0,0,0,0
122916,1,1,0,0,0,0,0,0,0,0,0,0
122917,1,1,0,0,0,0,0,0,0,0,0,0
122917,2,1,0,32,0,0,0,0,0,0,0,0
122917,3,1,0,0,0,0,0,0,0,0,0,0
122917,4,1,0,21,0,0,0,0,0,0,0,0
122918,0,1,20,0,0,13,33,13,0,20,30,21
122918,1,1,0,0,7,6,0,0,0,0,0,0
122919,1,1,0,0,0,0,0,0,0,0,0,0
122920,1,1,0,0,0,0,0,0,0,0,0,0
122920,2,1,0,0,0,0,0,0,0,0,0,0
122921,0,1,21,0,0,21,0,0,38,0,25,8
122921,1,1,0,0,0,0,0,9,0,0,11,0
122923,1,1,0,0,0,0,27,7,0,0,0,0
122923,2,1,0,0,0,0,0,0,16,0,18,0
122924,0,1,11,11,11,11,11,11,11,11,11,11
122924,1,1,0,0,0,0,15,0,0,0,0,0
122925,1,1,18,0,19,3,0,0,0,13,9,0
122926,1,1,0,0,0,0,0,0,0,0,0,0
122926,2,1,0,0,0,0,0,0,0,0,0,0
122926,3,1,0,0,0,0,0,0,0,0,0,0
122926,4,1,0,0,0,0,0,0,0,0,0,0
122927,1,1,0,0,0,0,0,0,0,35,0,0
122927,2,1,0,0,0,0,0,13,0,13,9,0
122928,1,1,0,0,0,0,0,0,0,0,0,0
122928,2,1,0,0,0,0,0,0,0,19,0,0
122929,0,1,0,0,0,0,0,0,0,11,24,0
122929,1,1,0,0,0,0,0,0,0,0,0,0
122930,0,1,0,15,0,0,0,0,8,19,0,7
122930,1,1,0,0,0,0,0,0,0,0,0,0
122932,0,1,0,0,52,0,0,0,0,0,0,0
122932,1,1,0,0,0,0,0,15,8,0,0,0
122933,0,1,18,13,0,0,54,25,23,0,9,8
122933,1,1,0,0,0,0,0,0,21,0,0,0
122934,0,1,18,0,9,0,18,7,17,0,0,0
122934,1,1,0,0,0,0,0,0,0,0,0,0
122935,1,1,0,0,0,19,0,0,0,0,0,0
122935,2,1,0,0,0,0,0,0,0,0,0,0
122936,1,1,25,23,0,0,0,0,0,0,0,0
122936,2,1,0,0,13,0,0,0,5,0,0,0
122937,1,1,11,0,0,0,24,0,17,0,9,0
122938,1,1,0,0,0,0,0,0,0,0,0,0
122938,2,1,0,0,19,10,0,0,0,5,0,0
122940,0,1,9,35,0,11,49,0,47,8,21,16
122940,1,1,0,0,14,0,0,0,0,0,0,0
122941,0,1,0,0,0,0,0,23,0,0,0,7
122941,1,1,0,0,0,0,0,0,0,0,0,0
122942,1,1,0,0,0,0,5,13,0,0,0,17
122943,1,1,0,0,0,0,0,0,0,0,0,6
122943,2,1,0,0,0,0,0,0,0,0,0,0
122944,1,1,0,0,0,0,0,0,0,0,0,0
122944,2,1,0,0,22,0,0,0,0,0,0,0
122945,1,1,0,0,0,0,0,0,0,0,0,0
122946,0,1,16,0,0,0,0,0,0,0,0,0
122946,1,1,0,0,0,0,0,0,0,0,0,0
122948,0,1,0,0,0,0,28,25,0,0,0,0
122948,1,1,0,0,0,0,0,0,0,0,0,0
122949,1,1,0,0,18,0,0,0,0,0,6,0
122950,1,1,11,18,2,16,14,14,12,15,17,4
122950,2,1,0,0,0,0,0,0,0,0,0,0
122950,3,1,0,0,0,0,5,0,0,0,0,23
122951,1,1,0,0,0,0,11,19,6,0,0,0
122951,2,1,16,0,0,0,0,6,0,13,0,0
122952,1,1,14,14,14,14,14,14,14,14,14,14
122952,2,1,0,0,8,0,0,0,0,0,0,0
122953,1,1,0,0,11,0,24,0,13,0,0,0
122953,2,1,0,0,0,0,0,0,0,0,0,10
122954,1,1,0,0,0,13,0,0,0,0,0,14
122955,1,1,0,0,0,0,0,0,0,0,0,0
122955,2,1,0,0,0,0,0,0,0,0,0,0
122956,1,1,0,0,0,0,0,0,0,0,0,0
122957,0,1,0,0,0,0,0,0,16,0,0,0
122957,1,1,19,0,0,0,0,0,0,0,0,0
122958,0,1,11,11,11,11,11,11,11,11,11,11
122958,1,1,0,0,0,0,0,0,0,0,0,0
122959,0,1,0,0,0,0,0,0,0,0,0,0
122959,1,1,0,0,0,0,0,0,0,0,0,0
122960,0,1,0,0,0,0,0,0,26,28,0,0
122960,1,1,0,0,0,0,14,0,0,0,0,0
122961,0,1,0,0,0,0,0,0,6,0,0,0
122961,1,1,0,0,0,0,0,0,0,0,0,0
122962,0,1,0,32,0,29,3,0,22,35,32,0
122962,1,1,0,0,0,0,0,0,9,0,1,0
122963,1,1,0,0,0,0,28,0,0,0,0,0
122964,1,1,0,0,0,0,0,0,0,0,0,0
122965,0,1,0,0,0,0,0,0,0,28,0,0
122965,1,1,0,29,0,0,0,26,0,0,0,0
122966,0,1,9,9,9,9,9,9,9,9,9,9
122966,1,1,0,0,0,0,0,0,0,0,0,0
122967,0,1,0,0,0,17,0,0,0,0,27,0
122967,1,1,19,0,0,0,0,0,0,0,0,0
122968,0,1,0,0,0,0,13,0,0,0,0,0
122968,1,1,0,0,0,0,0,0,0,0,0,0
122969,1,1,0,0,0,8,0,0,19,16,0,0
122970,0,1,0,0,0,0,0,0,0,0,0,0
122970,1,1,0,0,0,0,0,0,0,0,0,0
122971,1,1,10,10,10,10,10,10,10,10,10,10
122972,1,1,0,0,0,0,0,0,0,0,0,21
122972,2,1,0,0,0,0,0,0,0,0,0,0
122973,0,1,13,0,22,0,0,6,0,0,0,0
122973,1,1,0,0,0,0,0,0,0,0,0,0
122974,1,1,0,0,29,0,0,0,0,0,0,0
122974,2,1,0,0,0,0,0,0,0,0,0,0
122974,3,1,0,0,0,0,0,0,0,0,0,0
122975,1,1,0,0,0,0,0,0,0,0,0,0
122975,2,1,0,0,0,0,0,0,0,0,0,0
122976,0,1,0,0,0,0,0,0,0,0,0,0
122976,1,1,0,0,0,0,0,0,0,0,0,0
122977,1,1,0,11,16,12,19,0,9,0,0,20
122978,1,1,0,0,0,0,14,0,0,11,10,30
122979,0,1,0,0,0,0,0,0,0,0,0,0
122979,1,1,0,0,0,0,0,0,0,0,0,0
122980,1,1,15,15,15,15,15,15,15,15,15,15
122980,2,1,0,0,0,0,0,0,0,0,0,0
122981,1,1,0,0,0,0,0,0,0,0,0,0
122981,2,1,0,0,0,0,0,0,0,0,0,0
122982,0,1,30,0,19,27,0,19,0,30,0,22
122982,1,1,0,0,0,0,0,0,0,0,0,0
122983,0,1,0,0,0,0,0,0,0,0,0,0
122983,1,1,0,0,0,0,0,0,0,0,0,0
122984,0,1,0,8,28,37,0,0,0,17,35,19
122984,1,1,0,0,0,0,0,0,0,0,0,0
122985,0,1,0,16,0,0,0,0,0,0,0,0
122985,1,1,0,0,0,0,0,0,12,0,0,0
122986,1,1,0,0,0,0,0,0,0,0,0,0
122986,2,1,0,0,0,0,0,0,0,0,0,0
122987,0,1,0,0,0,0,18,0,0,0,37,0
122987,1,1,0,0,0,0,0,0,0,0,0,0
122988,0,1,0,0,0,0,0,0,0,0,0,0
122988,1,1,0,0,0,0,0,0,0,0,0,0
122989,1,1,17,11,0,10,0,0,0,27,0,0
122989,2,1,19,0,0,0,19,0,0,0,0,0
122990,1,1,0,0,21,0,0,20,0,10,25,0
122991,1,1,0,0,0,0,0,0,0,0,0,0
122991,2,1,12,0,0,0,0,0,0,0,0,0
122991,3,1,0,0,0,0,6,0,0,0,0,0
122992,0,1,0,32,0,0,8,0,18,0,0,0
122992,1,1,14,0,0,0,0,0,0,0,0,0
122993,0,1,0,0,0,0,2,0,0,0,0,0
122993,1,1,0,0,0,0,0,0,8,0,0,0
122994,1,1,0,0,0,0,0,0,0,0,0,0
122995,0,1,0,0,0,0,0,0,0,19,25,0
122995,1,1,0,0,0,0,0,0,0,0,0,0
122996,1,1,15,15,15,15,15,15,15,15,15,15
122996,2,1,0,0,0,0,0,0,0,0,0,0
122997,0,1,25,0,0,0,0,0,0,4,0,0
122997,1,1,0,0,0,0,8,0,0,0,0,0
122998,1,1,0,0,0,0,0,0,6,0,13,0
122998,2,1,16,16,16,16,16,16,16,16,16,16
122999,1,1,7,10,0,3,17,0,0,0,25,0
123000,1,1,14,9,24,0,13,6,16,19,0,22
123002,1,1,12,12,12,12,12,12,12,12,12,12
123002,2,1,51,0,11,15,0,0,0,0,0,0
123002,3,1,0,0,0,0,0,0,0,0,0,0
123003,1,1,0,0,0,0,31,0,11,23,0,0
123004,1,1,0,24,0,0,0,0,0,15,11,0
123005,0,1,0,0,0,39,0,0,0,0,0,0
123005,1,1,0,0,0,0,0,0,0,0,0,0
123006,0,1,0,31,19,14,10,0,23,25,0,27
123006,1,1,0,0,0,1,12,0,0,0,0,0
123007,0,1,0,0,0,0,20,0,0,0,0,23
123007,1,1,0,0,0,0,0,0,0,18,0,0
123008,1,1,15,13,40,15,18,10,12,8,15,9
123009,1,1,0,0,0,0,0,9,0,11,0,0
123010,0,1,0,0,0,0,0,0,0,0,0,0
123010,1,1,9,15,18,6,15,14,3,8,10,15
123011,1,1,10,0,0,0,6,8,8,0,0,11
123012,1,1,0,0,0,0,0,0,0,0,0,0
123012,2,1,0,0,0,0,0,0,0,0,0,0
123013,1,1,8,12,0,0,19,20,22,3,0,0