ST_CASE,VEH_NO,PER_NO,P1,P2,P3,P4,P5,P6,P7,P8,P9,P10
123015,1,1,0,0,0,0,0,0,0,0,0,21
123015,2,1,0,7,0,0,23,13,17,0,0,0
123016,1,1,0,0,0,0,0,0,0,0,0,0
123016,2,1,0,0,0,0,0,0,0,13,0,0
123017,0,1,0,0,0,46,0,0,0,0,0,0
123017,1,1,0,0,10,0,0,0,0,0,0,0
123018,0,1,7,19,33,11,35,10,14,13,14,19
123018,1,1,0,15,0,0,0,0,0,0,0,0
123019,0,1,0,0,0,0,0,0,0,0,0,32
123019,1,1,0,0,0,0,0,0,0,0,0,0
123020,1,1,0,0,0,0,0,0,0,0,0,0
123020,2,1,0,0,0,0,0,0,0,0,0,0
123020,3,1,0,16,0,0,0,0,0,0,0,0
123021,1,1,0,0,0,0,0,0,0,0,0,0
123021,2,1,0,0,0,0,0,0,0,0,26,0
123022,1,1,0,0,0,0,0,0,12,0,0,12
123022,2,1,0,0,5,0,0,0,0,0,0,0
123023,1,1,0,0,0,0,0,0,0,0,0,0
123023,2,1,0,0,0,0,0,0,0,0,0,0
123024,1,1,0,0,0,0,0,0,0,0,0,0
123025,1,1,0,0,0,0,0,0,0,0,0,0
123025,2,1,0,0,0,0,0,0,0,0,0,0
123026,1,1,0,0,0,0,0,0,0,0,0,0
123026,2,1,0,0,0,0,0,0,0,0,0,0
123027,1,1,8,9,0,18,0,0,0,25,0,0
123027,2,1,5,0,0,0,0,0,0,0,0,0
123028,1,1,0,12,0,0,23,11,30,0,0,11
123030,1,1,0,0,0,0,0,0,0,0,0,0
123030,2,1,0,0,0,0,10,0,0,16,13,12
123031,1,1,0,0,0,0,0,0,0,0,0,0
123031,2,1,0,0,0,0,0,0,0,0,0,0
123032,0,1,0,25,0,0,0,0,24,0,0,0
123032,0,2,25,0,0,0,0,0,20,0,0,0
123032,1,1,0,0,0,0,0,0,0,0,0,0
123032,2,1,0,0,0,0,0,0,0,0,0,0
123033,0,1,0,20,0,0,0,0,0,0,0,0
123033,1,1,0,2,0,0,9,0,5,0,0,5
123034,0,1,0,0,43,0,44,32,29,14,0,0
123034,1,1,0,0,0,0,0,0,0,0,0,0
123035,1,1,0,0,0,0,0,0,0,0,0,0
123035,2,1,0,0,0,0,0,0,0,0,0,0
123036,1,1,0,0,0,0,11,0,0,0,0,0
123036,2,1,0,0,0,0,0,0,0,0,0,0
123037,0,1,0,0,0,0,0,0,0,0,0,0
123037,1,1,0,0,15,0,0,0,0,0,0,0
123038,1,1,6,0,20,0,12,19,0,0,0,27
123039,1,1,0,0,0,0,0,0,0,0,0,0
123039,2,1,0,0,0,0,0,0,0,9,0,0
123040,0,1,0,0,23,0,17,0,30,6,30,0
123040,1,1,0,0,0,0,0,0,0,0,0,0
123040,2,1,0,0,0,0,0,0,0,0,0,0
123040,3,1,0,0,0,0,0,0,0,0,0,0
123040,4,1,0,0,0,0,0,0,0,0,0,0
123040,5,1,0,0,0,0,0,0,0,0,0,0
123040,6,1,19,0,0,0,0,0,0,0,0,0
123041,1,1,34,8,13,16,18,18,2,11,11,26
123041,2,1,0,0,6,0,0,0,0,0,15,15
123042,1,1,2,0,0,0,0,0,0,0,0,0
123042,2,1,0,0,0,0,0,9,0,0,0,0
123043,1,1,0,0,0,0,0,0,0,0,0,0
123043,2,1,0,0,0,0,0,7,0,0,0,0
123044,1,1,0,0,0,28,0,0,0,0,17,0
123044,2,1,0,0,0,0,0,0,0,0,0,22
123045,0,1,0,0,0,0,0,28,0,0,26,0
123045,1,1,25,0,0,0,0,0,0,0,0,0
123046,1,1,0,17,17,10,0,14,17,0,24,0
123047,0,1,0,0,0,0,0,0,0,0,0,0
123047,1,1,0,0,0,0,0,0,0,0,0,0
123048,1,1,5,0,0,0,0,0,0,0,0,0
123048,2,1,0,0,0,0,0,0,0,0,0,0
123049,1,1,18,18,18,18,18,18,18,18,18,18
123050,1,1,9,0,0,0,9,0,0,0,21,19
123050,2,1,0,26,0,0,0,0,0,0,0,0
123051,0,1,0,0,0,0,0,0,0,0,0,0
123051,1,1,0,16,0,14,0,25,0,0,0,0
123052,1,1,0,0,0,0,0,0,0,0,0,0
123053,1,1,0,0,0,0,0,0,0,0,0,0
123053,2,1,0,0,0,0,19,0,0,0,13,0
123054,0,1,0,36,16,0,20,0,10,12,0,0
123054,1,1,0,0,0,0,0,0,0,0,0,0
123055,1,1,0,0,0,0,0,0,0,0,0,0
123055,2,1,0,0,0,0,0,0,0,0,0,0
123056,1,1,0,0,0,0,0,0,11,0,0,12
123056,2,1,0,0,0,0,0,0,0,0,0,0
123057,1,1,0,15,0,0,0,0,0,0,0,0
123057,2,1,5,0,0,0,0,0,0,0,0,0
123058,1,1,0,0,0,0,0,0,0,0,0,0
123058,2,1,0,0,0,0,0,0,0,0,0,0
123059,1,1,0,0,0,0,0,0,11,0,0,0
123059,2,1,0,0,8,0,0,0,0,0,0,25
123059,3,1,0,0,0,0,0,0,0,10,0,0
123059,4,1,0,0,0,0,0,0,0,0,0,0
123060,1,1,0,0,0,0,0,15,0,0,12,0
123060,2,1,0,0,0,0,0,0,0,0,0,0
123061,1,1,11,9,12,26,25,16,10,0,10,17
123061,2,1,0,0,13,0,0,0,0,0,0,0
123062,1,1,0,0,0,0,0,0,0,0,0,0
123062,2,1,0,0,0,0,0,0,0,0,0,0
123062,3,1,0,0,0,0,0,0,0,0,0,0
123062,4,1,0,0,0,0,24,0,0,0,0,0
123062,5,1,0,0,0,0,0,0,0,0,0,0
123062,6,1,0,0,0,0,0,0,0,0,0,0
123062,7,1,0,0,0,0,0,0,0,0,0,0
123062,8,1,0,0,0,0,0,0,0,0,0,0
123063,0,1,47,0,17,0,26,0,0,0,0,0
123063,2,1,0,0,0,0,21,10,0,0,0,0
123064,0,1,0,0,0,0,0,0,0,0,0,0
123064,1,1,0,0,0,0,0,0,0,0,0,0
123065,1,1,0,0,0,0,0,0,0,0,0,0
123066,0,1,24,29,0,12,23,7,6,0,28,0
123066,1,1,0,0,0,5,9,0,12,0,0,0
123067,0,1,0,0,0,0,0,0,0,0,0,0
123067,1,1,7,7,7,7,7,7,7,7,7,7
123068,0,1,0,12,0,14,0,24,0,0,0,0
123068,1,1,0,0,0,0,0,0,0,0,0,0
123069,0,1,0,0,0,0,0,0,0,0,0,0
123069,1,1,0,0,0,0,0,0,0,0,0,0
123070,1,1,0,0,0,0,0,0,0,0,0,0
123070,2,1,0,0,0,0,0,0,0,0,0,0
123071,1,1,0,0,0,0,0,0,0,0,0,0
123071,2,1,0,0,0,0,0,0,0,0,0,0
123072,1,1,0,0,29,0,0,0,0,0,16,0
123072,2,1,0,0,0,0,16,0,0,0,0,0
123073,1,1,9,9,9,9,9,9,9,9,9,9
123074,0,1,0,0,0,0,0,0,0,0,0,0
123074,1,1,0,0,0,0,0,0,0,0,14,0
123075,1,1,0,0,20,0,0,0,0,0,0,0
123075,2,1,0,0,0,0,0,0,0,0,0,0
123076,1,1,0,0,0,0,0,0,0,0,0,0
123076,2,1,16,0,0,0,0,0,0,15,21,0
123077,0,1,0,0,0,0,0,0,14,0,13,0
123077,1,1,0,0,0,0,0,0,12,0,0,27
123078,0,1,0,0,0,25,27,0,11,15,22,0
123078,1,1,0,0,0,0,0,0,0,0,0,19
123079,1,1,0,0,0,3,0,0,14,5,0,0
123080,0,1,21,0,4,21,14,11,32,0,14,0
123080,1,1,0,0,0,0,0,0,0,0,0,0
123081,1,1,15,0,0,0,0,0,0,0,0,0
123082,1,1,23,23,23,23,23,23,23,23,23,23
123083,1,1,0,0,0,0,0,0,0,0,0,0
123083,2,1,0,0,0,0,0,10,0,0,0,0
123083,3,1,0,0,0,0,0,0,0,0,0,0
123084,1,1,0,15,0,0,18,0,0,0,11,17
123085,1,1,0,0,0,0,0,0,0,0,0,0
123085,2,1,22,0,0,0,9,0,0,0,7,13
123086,1,1,0,7,27,0,11,0,0,0,0,0
123086,2,1,0,14,0,18,0,0,13,23,0,15
123087,0,1,33,33,33,33,33,33,33,33,33,33
123087,1,1,0,0,0,0,0,0,0,0,0,0
123088,1,1,0,0,0,0,0,0,0,5,0,11
123089,1,1,0,0,0,0,0,0,0,0,0,0
123089,2,1,0,0,0,0,0,0,0,0,0,0
123090,1,1,20,27,3,0,0,7,9,18,28,0
123091,0,1,33,0,18,14,7,0,0,0,21,0
123091,1,1,18,18,18,18,18,18,18,18,18,18
123092,1,1,0,0,0,0,0,0,0,23,8,0
123092,2,1,0,0,0,0,0,0,0,0,0,0
123093,0,1,0,0,0,0,9,9,37,0,0,18
123093,1,1,0,30,0,0,0,0,0,0,0,0
123094,1,1,0,8,0,0,0,7,0,0,0,0
123095,1,1,0,22,0,0,0,0,0,0,0,0
123095,2,1,0,0,0,0,0,0,0,0,0,0
123096,0,1,0,0,0,0,23,0,0,0,0,0
123096,1,1,0,0,0,0,0,6,0,0,0,0
123097,0,1,0,0,0,0,0,15,0,0,0,0
123097,1,1,0,0,0,0,0,0,0,0,0,0
123098,1,1,12,0,13,0,0,0,0,0,0,12
123098,2,1,0,0,11,0,0,0,0,0,0,0
123099,0,1,0,0,0,26,25,19,0,0,0,0
123099,1,1,0,0,0,0,0,0,0,0,0,0
123100,1,1,12,9,15,17,30,0,0,0,11,0
123101,1,1,0,0,0,0,0,0,0,0,0,0
123101,2,1,0,25,26,0,0,0,0,0,0,0
123102,1,1,0,0,0,0,0,0,0,0,0,0
123102,3,1,0,0,0,0,0,0,0,0,0,0
123103,1,1,0,0,0,0,0,0,0,11,0,0
123103,2,1,0,0,0,0,0,0,0,0,0,0
123103,3,1,0,0,0,0,0,0,0,0,0,0
123104,1,1,0,0,0,0,0,22,0,10,0,18
123104,2,1,0,0,0,0,12,0,15,0,0,0
123104,3,1,0,23,0,8,0,0,0,0,0,0
123105,0,1,0,0,0,0,27,0,0,13,39,0
123105,1,1,0,0,0,0,0,0,0,0,0,0
123106,0,1,0,0,28,0,17,0,0,0,0,0
123106,1,1,0,0,0,0,0,2,0,4,0,0
123107,1,1,0,0,0,0,0,0,0,0,0,0
123107,2,1,0,0,0,11,0,0,0,0,0,0
123108,1,1,21,17,0,18,14,0,0,0,22,14
123109,1,1,14,14,14,14,14,14,14,14,14,14
123109,2,1,0,0,0,0,0,0,0,0,0,0
123109,3,1,0,0,0,0,0,0,0,0,0,0
123110,0,1,9,11,15,27,34,26,22,43,0,35
123110,1,1,7,0,0,0,0,0,7,0,0,0
123111,1,1,0,0,0,0,0,0,0,0,0,0
123111,2,1,0,0,0,0,0,0,0,0,0,0
123112,1,1,0,0,0,0,6,0,0,0,0,0
123112,2,1,0,15,0,0,0,23,0,0,0,0
123113,0,1,0,0,0,0,0,0,0,0,22,0
123113,1,1,0,0,0,0,0,0,0,0,0,0
123114,1,1,0,0,12,0,0,0,0,0,0,0
123114,2,1,0,0,7,0,0,0,0,0,0,15
123115,0,1,13,27,5,24,19,8,9,16,44,3
123115,1,1,0,0,0,22,0,0,0,0,0,0
123116,1,1,0,14,0,0,3,0,0,0,0,0
123116,2,1,11,0,0,22,0,0,0,0,0,0
123116,3,1,7,0,0,0,0,0,0,27,0,0
123117,0,1,0,0,0,35,0,0,0,0,0,0
123117,1,1,0,0,0,0,0,0,0,0,0,0
123118,0,1,0,0,0,0,0,0,0,0,0,0
123118,1,1,0,0,0,0,0,0,0,0,0,0
123119,1,1,0,0,0,0,0,0,0,0,0,0
123120,1,1,0,0,0,9,0,0,0,0,0,0
123120,2,1,0,0,0,0,0,0,0,0,0,0
123121,1,1,0,0,0,0,26,0,0,0,0,0
130001,0,1,4,4,4,4,4,4,4,4,4,4
130001,1,1,16,0,0,0,6,0,0,11,0,7
130002,1,1,0,0,0,0,0,0,0,0,0,0
130003,1,1,0,0,13,0,0,0,0,0,0,0
130004,1,1,23,8,18,25,0,12,15,14,8,12
130005,1,1,13,13,13,13,13,13,13,13,13,13
130006,0,1,0,0,0,0,0,0,0,0,0,0
130006,1,1,16,16,16,16,16,16,16,16,16,16
130007,1,1,0,0,0,0,0,0,0,0,0,0
130008,0,1,0,0,0,0,0,0,0,0,0,0
130008,1,1,0,0,0,0,0,0,0,0,0,0
130009,1,1,0,0,0,0,0,0,0,0,0,0
130010,1,1,0,0,0,0,0,0,0,0,0,0
130011,1,1,0,0,0,0,0,0,0,0,0,0
130012,1,1,0,0,0,0,0,0,0,0,0,0
130013,1,1,0,0,0,0,0,0,0,0,0,0
130014,0,1,0,0,0,0,0,22,0,0,0,0
130015,1,1,0,0,0,0,0,0,0,0,0,0
130016,1,1,0,0,0,0,0,0,0,0,0,0
130016,2,1,0,0,0,0,0,0,0,0,0,0
130017,1,1,0,0,0,0,0,0,0,0,0,0
130018,0,1,15,4,23,14,38,0,11,0,0,0
130018,1,1,0,0,0,11,0,0,6,8,0,0
130019,1,1,17,17,17,17,17,17,17,17,17,17
130020,1,1,3,3,3,3,3,3,3,3,3,3
130021,1,1,19,19,19,19,19,19,19,19,19,19
130022,1,1,17,17,17,17,17,17,17,17,17,17
130023,1,1,0,0,0,0,0,0,17,0,0,0
130024,1,1,0,0,0,0,0,0,0,0,0,0
130024,2,1,0,0,0,0,0,0,0,0,0,0
130025,0,1,0,0,0,0,0,0,0,0,0,0
130025,1,1,0,0,0,0,0,0,0,0,0,11
130026,1,1,0,0,0,0,0,0,0,0,0,0
130027,1,1,0,0,0,0,0,0,0,0,0,0
130028,0,1,0,0,0,0,0,0,0,0,0,0
130028,1,1,0,0,0,0,0,0,17,0,0,0
130029,0,1,0,0,0,0,0,0,0,0,0,0
130029,1,1,0,0,0,18,0,0,0,0,0,0
130030,1,1,0,0,0,0,0,0,0,0,0,0
130031,1,1,0,0,0,0,0,0,13,0,0,0
130032,0,1,10,10,10,10,10,10,10,10,10,10
130032,1,1,16,0,0,0,0,0,0,16,0,13
130033,1,1,30,30,30,30,30,30,30,30,30,30
130033,2,1,0,0,0,0,0,0,22,0,0,0
130033,3,1,0,14,0,6,0,0,0,0,0,0
130033,4,1,0,0,0,0,0,0,0,0,0,0
130033,5,1,0,0,0,0,0,0,0,0,13,0
130034,1,1,0,0,0,0,0,0,0,0,0,0
130034,2,1,0,0,0,0,0,0,0,0,0,0
130035,1,1,0,0,12,0,0,0,0,0,0,0
130036,0,1,27,0,0,0,0,0,0,0,0,0
130036,1,1,0,0,0,0,0,0,0,0,0,0
130037,1,1,0,0,0,0,0,0,0,0,0,0
130037,2,1,0,0,0,0,0,0,0,0,0,0
130037,3,1,0,0,0,0,0,0,0,0,0,0
130038,1,1,0,0,14,0,0,0,0,0,0,0
130038,2,1,0,0,0,0,0,0,0,0,14,0
130039,1,1,0,0,0,0,0,0,0,0,0,0
130039,2,1,0,4,16,21,13,20,14,11,14,18
130040,0,1,12,23,0,14,29,23,32,37,14,17
130040,1,1,0,0,0,0,0,0,0,0,0,0
130041,1,1,0,0,0,0,0,0,0,0,0,0
130041,2,1,0,0,0,0,0,0,0,0,0,0
130042,1,1,20,20,20,20,20,20,20,20,20,20
130043,1,1,13,13,13,13,13,13,13,13,13,13
130044,0,1,0,0,0,0,0,14,0,0,0,0
130044,1,1,0,0,0,0,0,0,0,0,0,0
130045,0,1,8,8,8,8,8,8,8,8,8,8
130045,1,1,0,0,0,0,7,0,0,0,0,40
130046,0,1,0,0,0,0,0,0,0,0,0,0
130046,1,1,0,0,28,0,0,17,0,0,0,0
130047,1,1,0,0,0,0,0,0,0,0,0,0
130048,0,1,18,0,0,0,6,0,0,26,0,0
130048,1,1,0,0,19,0,0,0,0,0,0,0
130049,1,1,0,0,0,0,0,0,0,0,0,0
130049,2,1,0,0,0,0,0,0,0,0,0,0
130050,1,1,22,16,10,7,14,17,14,14,26,15
130051,1,1,0,0,0,0,0,0,0,0,0,0
130052,0,1,0,0,0,0,0,0,0,0,0,0
130052,1,1,0,0,0,0,0,0,0,0,0,0
130053,1,1,32,32,32,32,32,32,32,32,32,32
130053,2,1,0,0,0,0,0,0,0,0,0,0
130054,1,1,0,0,38,0,0,0,0,0,0,0
130055,1,1,23,23,23,23,23,23,23,23,23,23
130056,1,1,0,0,0,0,0,0,0,0,0,0
130057,1,1,0,0,0,0,0,23,0,0,0,0
130057,2,1,0,0,0,0,0,0,0,0,0,0
130058,1,1,0,0,0,0,0,0,0,0,0,0
130058,2,1,0,0,0,0,0,0,0,0,0,0
130059,1,1,0,0,0,0,0,0,0,0,0,0
130060,1,1,0,9,0,0,0,0,0,0,0,0
130060,2,1,0,0,0,0,0,0,0,0,0,0
130061,1,1,0,0,0,0,0,0,0,0,0,0
130062,0,1,29,0,0,0,33,0,0,0,0,0
130062,1,1,0,0,26,0,0,0,0,0,29,0
130063,1,1,0,0,0,0,0,0,0,0,0,0
130064,1,1,0,0,0,0,0,0,0,0,0,0
130064,2,1,0,0,0,0,0,0,0,0,0,0
130065,1,1,0,0,0,0,0,0,0,8,0,0
130066,1,1,23,23,23,23,23,23,23,23,23,23
130066,2,1,0,0,17,0,0,0,0,0,0,14
130066,3,1,0,0,0,0,0,0,8,0,0,0
130066,4,1,0,0,0,0,0,0,0,0,0,0
130067,1,1,3,3,3,3,3,3,3,3,3,3
130068,1,1,0,0,0,0,0,0,0,0,0,0
130068,2,1,0,0,0,0,0,0,0,0,0,0
130069,1,1,0,0,0,0,0,0,0,0,0,0
130070,1,1,15,15,15,15,15,15,15,15,15,15
130071,0,1,0,0,30,0,2,0,0,0,0,0
130071,1,1,13,13,13,13,13,13,13,13,13,13
130072,1,1,0,16,3,41,0,15,11,20,19,0
130072,2,1,0,0,0,0,0,0,0,0,0,0
130073,1,1,2,2,2,2,2,2,2,2,2,2
130074,0,1,29,0,0,34,32,0,0,13,25,0
130074,1,1,0,0,0,0,0,0,0,0,0,0
130075,1,1,0,0,0,0,0,0,0,0,0,0
130075,2,1,0,0,0,0,0,3,0,0,0,0
130076,0,1,40,40,40,40,40,40,40,40,40,40
130076,1,1,0,0,0,0,0,0,0,0,0,0
130076,2,1,0,0,0,12,0,0,18,12,5,0
130077,1,1,0,0,0,0,0,0,0,0,0,0
130078,0,1,0,0,0,0,0,0,0,0,0,0
130078,1,1,0,0,0,0,0,0,0,0,0,0
130078,2,1,0,0,0,0,0,0,0,0,0,0
130079,1,1,0,0,0,0,0,0,0,0,0,0
130079,2,1,7,0,0,0,0,0,0,0,0,0
130080,1,1,0,0,0,0,0,0,0,0,0,0
130080,2,1,0,0,0,0,0,0,0,0,0,0
130081,1,1,0,0,0,0,0,0,0,0,0,0
130081,2,1,0,0,0,0,0,0,0,0,0,0
130082,1,1,0,0,0,0,0,0,0,0,0,0
130082,2,1,0,0,0,0,0,0,0,0,0,0
130083,1,1,18,18,18,18,18,18,18,18,18,18
130084,1,1,0,7,0,15,0,0,17,0,0,0
130084,2,1,13,13,13,13,13,13,13,13,13,13
130085,1,1,0,25,0,0,15,0,0,0,0,0
130085,2,1,0,0,0,0,0,0,0,0,0,16
130086,1,1,0,0,0,0,0,0,0,0,0,0
130087,1,1,0,0,0,0,0,0,0,0,0,0
130087,2,1,0,0,0,0,0,0,0,0,0,0
130087,3,1,0,0,0,0,0,0,0,0,0,0
130088,1,1,16,16,16,16,16,16,16,16,16,16
130089,1,1,5,0,0,26,0,21,18,0,0,0
130090,1,1,11,19,10,23,14,4,14,15,31,20
130090,2,1,0,0,0,0,0,0,0,0,0,0
130091,1,1,25,25,25,25,25,25,25,25,25,25
130092,1,1,19,19,19,19,19,19,19,19,19,19
130093,1,1,0,0,0,0,0,0,0,0,0,0
130093,2,1,21,21,21,21,21,21,21,21,21,21
130094,1,1,0,0,0,0,0,0,0,0,0,2
130094,2,1,0,0,0,0,0,0,0,0,0,0
130095,1,1,0,0,0,0,0,0,0,0,0,0
130095,2,1,0,0,0,0,0,0,0,0,0,0
130096,1,1,15,15,15,15,15,15,15,15,15,15
130097,0,1,0,0,0,0,0,0,0,0,0,24
130097,1,1,0,0,0,0,0,0,0,0,0,0
130098,1,1,0,0,0,0,0,0,0,0,0,0
130099,0,1,31,37,0,23,31,0,0,3,23,0
130099,1,1,0,0,0,0,0,0,0,18,0,0
130100,1,1,0,0,0,0,0,0,0,0,0,0
130101,1,1,26,26,26,26,26,26,26,26,26,26
130101,2,1,0,0,0,0,0,0,0,0,0,0
130102,1,1,17,17,17,17,17,17,17,17,17,17
130102,2,1,0,0,0,0,0,0,0,0,0,0
130103,1,1,0,0,0,0,0,0,0,0,0,0
130103,2,1,0,0,0,0,0,0,0,0,0,0
130104,1,1,0,0,0,0,0,0,0,0,0,0
130104,2,1,9,9,9,9,9,9,9,9,9,9
130105,1,1,8,19,15,0,0,21,16,0,0,12
130105,2,1,0,0,21,0,0,0,0,0,0,0
130106,1,1,0,0,0,0,0,0,0,0,0,0
130106,2,1,0,0,0,0,0,0,0,0,0,0
130107,1,1,0,0,0,0,0,0,0,0,0,0
130108,1,1,0,0,24,0,0,0,0,0,0,0
130109,0,1,16,16,16,16,16,16,16,16,16,16
130109,1,1,0,0,0,0,0,0,0,0,0,0
130110,1,1,0,0,0,0,0,0,0,0,0,0
130111,1,1,12,12,12,12,12,12,12,12,12,12
130111,2,1,0,0,0,0,0,0,0,0,0,0
130112,0,1,19,19,19,19,19,19,19,19,19,19
130112,1,1,0,0,28,0,0,0,0,0,0,0
130113,1,1,0,0,0,0,0,0,0,0,0,0
130113,2,1,10,0,0,0,0,0,0,0,0,0
130114,1,1,19,19,19,19,19,19,19,19,19,19
130115,1,1,6,10,15,28,32,38,17,9,3,10
130116,0,1,0,0,0,0,0,0,0,0,0,0
130116,1,1,0,0,0,0,0,0,0,0,0,6
130117,1,1,0,0,0,0,0,0,0,0,0,0
130118,1,1,0,17,0,0,17,0,0,8,0,0
130119,0,1,31,31,31,31,31,31,31,31,31,31
130119,1,1,0,0,7,0,0,0,0,0,0,0
130121,1,1,0,0,0,28,0,0,0,0,17,0
130122,1,1,0,0,0,0,0,0,0,0,0,0
130122,2,1,0,0,0,0,0,0,0,0,0,0
130123,1,1,11,19,14,18,17,20,27,13,17,25
130123,2,1,11,0,0,0,15,9,15,0,0,0
130124,1,1,19,19,19,19,19,19,19,19,19,19
130125,1,1,0,0,0,0,0,0,0,0,0,0
130125,2,1,0,0,0,0,0,0,0,0,0,54
130125,3,1,0,0,0,0,0,0,30,0,0,0
130126,0,1,0,0,0,0,0,0,0,0,0,0
130126,1,1,0,0,0,0,0,0,0,0,0,0
130127,1,1,0,0,0,0,0,0,0,0,0,0
130128,1,1,0,0,0,0,0,0,0,0,0,0
130128,2,1,0,0,0,0,0,0,0,0,0,0
130128,3,1,0,0,0,0,0,0,0,0,0,0
130129,1,1,0,0,0,0,0,0,0,0,0,0
130129,2,1,0,0,0,0,0,0,0,0,0,0
130130,1,1,0,0,0,0,0,0,0,0,0,0
130130,2,1,0,0,0,0,0,0,0,0,0,0
130131,0,1,0,0,0,0,0,0,0,0,0,0
130131,1,1,0,0,0,0,0,0,0,0,0,0
130132,1,1,14,14,14,14,14,14,14,14,14,14
130133,1,1,0,0,0,0,0,0,0,0,0,0
130134,1,1,0,0,0,0,0,0,0,0,0,0
130134,2,1,0,0,0,0,0,0,0,5,0,0
130134,3,1,0,0,0,3,0,0,0,0,0,0
130135,1,1,0,0,0,0,0,0,0,0,0,0
130135,2,1,0,0,0,0,0,4,0,0,0,0
130135,3,1,0,0,0,0,0,0,0,0,0,0
130136,1,1,0,0,0,0,0,0,0,0,0,0
130136,2,1,0,0,0,0,0,0,0,0,0,0
130137,1,1,0,0,0,0,0,0,0,0,0,0
130138,1,1,0,0,0,0,0,0,0,0,0,0
130139,1,1,0,0,0,0,0,0,0,0,0,0
130140,0,1,0,0,0,0,0,9,0,0,22,42
130140,0,2,0,0,0,0,0,0,0,0,0,0
130140,1,1,0,0,0,0,0,0,0,0,0,0
130141,1,1,0,0,0,0,0,0,0,0,0,0
130141,2,1,0,0,0,0,0,0,0,0,0,0
130142,1,1,16,16,16,16,16,16,16,16,16,16
130142,2,1,0,0,0,0,0,0,0,0,0,0
130143,1,1,0,0,0,0,0,0,0,0,0,0
130143,2,1,0,0,0,0,0,0,0,0,0,0
130144,1,1,13,22,0,0,15,0,0,0,11,0
130145,1,1,0,0,0,0,0,0,0,0,22,0
130145,2,1,0,0,0,0,0,0,0,0,0,0
130146,1,1,0,0,0,0,0,0,0,0,0,0
130146,2,1,0,0,0,0,0,0,0,0,0,0
130147,1,1,0,0,0,0,0,0,0,0,0,0
130147,2,1,0,0,0,0,0,0,0,0,0,0
130148,1,1,0,0,0,0,0,0,0,0,0,0
130148,2,1,0,0,0,0,0,0,0,0,0,0
130148,3,1,0,0,0,0,0,0,0,0,0,0
130149,1,1,8,18,0,9,0,0,8,0,0,0
130149,2,1,18,0,0,0,0,0,0,0,0,0
130150,0,1,28,28,28,28,28,28,28,28,28,28
130150,1,1,0,0,0,0,0,0,0,0,0,0
130150,2,1,0,0,0,0,0,0,0,0,0,0
130150,3,1,0,0,0,0,0,0,0,0,0,0
130151,1,1,0,0,0,0,0,0,0,0,0,0
130152,1,1,0,0,0,0,0,0,0,0,0,0
130152,2,1,0,0,0,0,0,0,0,0,0,0
130153,1,1,17,7,0,15,0,0,0,0,0,0
130154,0,1,0,0,0,0,0,0,0,0,0,0
130154,1,1,0,0,0,0,0,30,0,0,0,15
130155,1,1,0,3,0,0,0,0,0,0,0,0
130155,2,1,0,0,0,0,0,0,0,0,0,0
130155,3,1,0,0,0,0,0,0,0,0,0,0
130155,4,1,0,0,0,0,0,0,0,0,0,0
130156,1,1,20,0,0,0,23,0,19,0,30,30
130157,1,1,14,14,14,14,14,14,14,14,14,14
130158,1,1,10,10,10,10,10,10,10,10,10,10
130159,1,1,0,0,0,0,0,0,0,0,0,0
130160,1,1,0,0,0,0,0,0,0,0,0,0
130160,2,1,0,0,0,0,0,0,0,14,0,0
130161,1,1,13,0,0,0,0,24,0,15,0,15
130162,0,1,24,23,15,13,12,7,15,8,8,8
130162,1,1,0,0,0,0,0,0,0,0,0,0
130163,1,1,0,0,0,0,0,0,0,0,0,0
130163,2,1,0,0,0,0,0,0,0,0,0,0
130164,1,1,0,0,0,0,0,0,0,0,0,0
130164,2,1,0,0,0,0,0,0,0,0,0,0
130165,1,1,0,0,0,0,0,0,0,0,0,0
130165,2,1,0,0,0,0,0,0,0,0,0,0
130166,0,1,7,0,0,9,0,0,0,0,8,0
130166,1,1,0,0,0,0,0,0,0,0,0,0
130167,1,1,0,0,0,0,0,0,0,0,0,0
130167,2,1,0,0,0,0,0,0,0,0,0,21
130168,1,1,9,9,9,9,9,9,9,9,9,9
130169,1,1,0,0,0,0,0,0,0,0,0,0
130170,0,1,0,0,0,0,24,0,0,15,0,16
130170,1,1,0,0,0,0,0,0,0,0,0,0
130171,0,1,41,18,0,22,0,0,0,0,0,0
130171,1,1,0,0,0,0,25,0,0,0,0,0
130172,1,1,23,23,23,23,23,23,23,23,23,23
130173,1,1,0,0,0,0,0,0,0,0,0,0
130173,2,1,9,9,9,9,9,9,9,9,9,9
130174,1,1,4,4,4,4,4,4,4,4,4,4
130174,2,1,0,0,0,8,0,0,16,0,0,0
130174,3,1,0,0,0,0,0,0,0,0,0,0
130175,1,1,0,0,0,0,0,0,0,0,0,0
130176,1,1,0,0,0,0,0,0,0,0,0,0
130177,1,1,20,0,15,0,5,16,18,29,17,21
130177,2,1,0,0,0,0,27,0,0,0,0,0
130178,1,1,0,0,25,0,0,20,0,0,0,0
130178,2,1,0,0,0,0,0,13,0,0,0,0
130178,3,1,0,0,0,0,0,0,0,0,0,0
130179,1,1,0,0,0,0,0,0,0,0,0,0
130179,2,1,0,0,0,0,0,0,0,0,0,0