ST_CASE,VEH_NO,PER_NO,P1,P2,P3,P4,P5,P6,P7,P8,P9,P10
130180,1,1,0,0,0,0,0,0,0,0,0,0
130180,2,1,0,0,0,0,0,0,19,0,0,0
130180,3,1,7,0,0,9,11,0,0,0,0,0
130181,1,1,10,0,0,0,0,0,0,0,0,0
130182,0,1,0,0,0,0,0,0,0,0,0,0
130182,1,1,0,0,0,0,0,0,0,0,0,4
130183,0,1,4,0,9,16,0,31,0,26,0,16
130183,1,1,0,0,0,0,0,0,0,0,0,0
130184,1,1,0,0,0,0,0,0,0,0,0,0
130184,2,1,0,0,0,0,0,0,0,0,0,0
130185,1,1,25,25,25,25,25,25,25,25,25,25
130186,1,1,21,21,21,21,21,21,21,21,21,21
130187,1,1,0,0,0,0,0,0,0,0,0,0
130188,1,1,0,0,0,0,0,0,0,0,0,0
130189,1,1,0,0,0,0,26,0,0,0,0,12
130190,0,1,10,13,0,19,24,37,0,9,14,0
130190,1,1,24,0,0,28,0,0,4,8,0,0
130191,1,1,0,0,0,0,0,0,0,0,0,0
130191,2,1,0,0,0,0,0,0,0,0,0,0
130191,3,1,0,0,0,0,0,0,0,0,0,0
130192,1,1,0,8,0,3,0,0,16,3,0,6
130192,2,1,0,0,0,0,0,0,0,0,0,0
130193,0,1,25,25,25,25,25,25,25,25,25,25
130193,1,1,0,0,0,0,0,0,0,0,0,0
130193,2,1,0,0,0,0,12,0,0,0,0,0
130194,1,1,17,17,17,17,17,17,17,17,17,17
130194,2,1,0,0,0,0,0,0,0,0,0,0
130195,1,1,0,0,0,0,0,0,0,0,0,0
130196,0,1,32,32,32,32,32,32,32,32,32,32
130196,1,1,0,0,0,0,0,0,0,0,0,0
130197,1,1,0,0,0,0,0,0,0,0,0,0
130198,0,1,10,7,0,0,0,0,0,21,0,0
130198,0,2,29,0,0,0,0,0,12,0,0,36
130198,1,1,0,0,9,0,5,0,4,6,0,0
130199,1,1,0,0,0,0,0,0,0,0,0,0
130199,2,1,0,0,0,0,0,0,0,0,0,0
130200,1,1,10,22,7,0,31,20,0,0,16,0
130201,1,1,0,0,0,0,0,0,0,0,0,0
130202,1,1,9,9,9,9,9,9,9,9,9,9
130203,1,1,3,3,3,3,3,3,3,3,3,3
130203,2,1,0,0,0,0,0,0,0,0,0,0
130204,1,1,21,21,21,21,21,21,21,21,21,21
130205,1,1,0,0,0,0,0,0,0,0,0,0
130205,2,1,0,0,0,0,0,0,0,0,0,0
130206,1,1,0,0,0,0,0,0,0,0,0,0
130206,2,1,0,0,0,0,0,0,14,0,0,0
130207,0,1,38,0,12,11,32,17,0,26,23,18
130207,1,1,0,0,2,0,0,0,0,0,0,0
130208,1,1,36,36,36,36,36,36,36,36,36,36
130208,2,1,0,0,0,0,0,0,0,0,0,0
130209,1,1,0,0,0,0,0,0,0,0,0,0
130209,2,1,0,0,0,0,0,0,19,0,0,0
130209,3,1,0,0,0,0,0,0,0,0,0,0
130209,4,1,0,0,0,0,3,0,0,0,0,0
130210,0,1,0,0,0,0,0,0,0,0,0,0
130210,1,1,0,0,0,0,0,0,0,0,0,0
130210,2,1,0,0,0,0,0,0,0,0,0,0
130211,1,1,0,0,0,17,0,0,0,0,0,0
130212,1,1,0,0,0,0,0,0,0,0,0,0
130212,2,1,0,0,0,0,0,0,0,0,0,0
130212,3,1,0,0,0,0,22,0,0,0,0,0
130214,1,1,0,0,0,0,0,0,0,0,0,0
130214,2,1,0,0,0,0,0,0,0,0,0,0
130215,1,1,0,0,0,0,0,0,0,0,0,0
130216,1,1,0,0,0,0,0,14,8,0,0,0
130216,2,1,0,0,0,0,0,0,0,0,0,0
130217,1,1,0,0,0,0,0,0,0,0,0,0
130218,1,1,0,0,0,0,0,0,0,0,0,0
130219,1,1,0,0,0,0,0,0,0,0,0,0
130219,2,1,0,0,0,0,0,0,0,0,0,6
130219,3,1,0,0,0,10,0,0,0,0,0,0
130220,1,1,0,0,0,0,0,23,0,15,0,0
130220,2,1,0,0,0,0,0,21,0,0,10,0
130220,3,1,0,6,0,0,0,21,0,0,0,0
130221,1,1,27,27,27,27,27,27,27,27,27,27
130222,1,1,0,0,0,0,0,0,0,0,0,0
130222,2,1,0,0,0,0,0,0,0,0,0,0
130223,1,1,0,0,0,0,0,0,0,0,0,0
130223,2,1,0,0,0,0,13,0,0,0,0,0
130224,1,1,26,26,26,26,26,26,26,26,26,26
130224,2,1,0,0,0,26,0,0,0,0,0,22
130225,1,1,24,24,24,24,24,24,24,24,24,24
130226,1,1,2,2,2,2,2,2,2,2,2,2
130227,1,1,0,0,0,0,0,0,0,0,0,0
130227,2,1,0,0,0,0,0,0,0,0,0,0
130228,1,1,0,0,0,0,0,0,0,0,0,0
130229,0,1,0,0,0,0,0,0,0,0,0,0
130229,1,1,0,0,0,0,0,0,0,0,28,0
130230,0,1,0,0,0,0,0,0,0,0,0,20
130230,1,1,0,0,0,0,0,0,0,0,0,0
130231,1,1,0,0,0,0,0,0,0,0,0,0
130231,2,1,0,0,0,0,0,0,0,0,0,0
130232,1,1,0,0,0,0,0,0,0,0,0,0
130232,2,1,0,0,0,0,0,0,0,0,0,0
130232,3,1,0,0,0,0,0,0,0,0,0,0
130233,1,1,0,0,0,0,0,0,0,0,0,0
130233,2,1,0,0,0,0,0,0,0,0,0,0
130234,1,1,6,0,0,0,0,0,0,0,0,0
130234,2,1,0,0,0,0,0,0,0,0,0,0
130235,1,1,0,0,0,0,0,0,0,0,0,0
130236,1,1,0,0,0,0,0,0,0,0,0,0
130236,2,1,0,0,0,0,0,0,0,0,0,0
130237,1,1,0,0,0,0,0,0,0,0,0,0
130237,2,1,0,0,0,0,0,0,0,0,0,0
130239,1,1,10,0,18,0,0,0,0,0,0,0
130239,2,1,0,0,0,0,0,0,0,0,0,0
130240,1,1,0,0,0,0,0,0,0,24,19,0
130241,0,1,0,0,0,0,4,0,0,0,0,0
130241,1,1,0,0,0,0,0,0,0,0,0,0
130242,1,1,0,0,13,0,0,0,0,0,0,0
130243,1,1,0,0,0,0,0,0,0,0,0,0
130243,2,1,0,0,0,0,0,0,0,0,0,0
130244,1,1,29,29,29,29,29,29,29,29,29,29
130244,2,1,0,0,0,0,0,18,0,0,0,0
130245,1,1,0,0,0,0,0,0,0,0,0,0
130245,2,1,0,0,0,0,0,0,0,0,0,0
130246,1,1,0,0,0,0,0,0,0,0,0,0
130246,2,1,0,0,0,0,0,7,0,19,0,0
130247,1,1,27,20,0,0,0,0,0,0,0,0
130248,1,1,17,17,17,17,17,17,17,17,17,17
130248,2,1,0,0,0,0,0,0,0,0,0,29
130249,1,1,16,16,16,16,16,16,16,16,16,16
130249,2,1,36,36,36,36,36,36,36,36,36,36
130250,1,1,0,0,0,0,0,0,0,0,0,0
130251,1,1,24,24,24,24,24,24,24,24,24,24
130252,1,1,3,3,3,3,3,3,3,3,3,3
130253,1,1,0,0,0,0,16,0,0,0,0,0
130254,0,1,14,0,0,0,0,0,0,0,30,0
130254,1,1,14,0,0,0,0,0,0,0,0,0
130255,1,1,0,0,0,0,0,0,0,0,0,0
130256,1,1,0,0,0,0,0,0,0,0,0,0
130256,2,1,0,0,0,0,0,0,0,0,0,0
130257,1,1,22,0,0,0,0,0,0,0,0,0
130258,0,1,0,8,0,37,0,0,0,0,0,0
130259,1,1,0,0,0,0,0,0,0,0,0,0
130260,1,1,24,21,6,24,15,18,15,42,6,9
130260,2,1,14,14,14,14,14,14,14,14,14,14
130260,3,1,5,0,0,0,0,0,0,0,19,0
130261,1,1,0,0,0,0,0,0,0,0,0,0
130262,1,1,0,0,0,0,0,0,0,0,0,0
130262,2,1,0,0,0,0,0,0,0,0,0,16
130263,1,1,0,0,0,0,0,0,0,0,0,0
130263,2,1,0,0,0,0,0,0,15,0,0,0
130264,1,1,0,0,0,0,0,0,0,0,0,0
130264,2,1,0,0,0,0,0,0,0,0,0,0
130265,1,1,0,0,0,0,0,0,0,0,0,0
130265,2,1,0,0,0,0,0,0,0,0,0,0
130266,1,1,12,12,12,12,12,12,12,12,12,12
130267,1,1,0,0,0,0,0,0,0,0,0,0
130267,2,1,0,0,0,0,0,0,0,0,0,0
130268,1,1,0,0,0,0,0,0,0,0,0,0
130268,2,1,0,0,0,0,0,0,0,0,0,0
130269,0,1,0,0,0,0,0,0,0,0,0,0
130269,0,2,0,0,0,0,0,0,0,0,0,0
130269,0,3,0,24,29,18,0,0,0,0,24,14
130269,1,1,0,0,0,0,0,0,0,17,0,0
130270,1,1,19,19,19,19,19,19,19,19,19,19
130271,1,1,0,0,0,12,0,0,0,0,0,0
130271,2,1,0,0,0,0,0,0,0,0,0,0
130272,1,1,0,0,0,0,0,0,0,0,0,0
130273,1,1,0,0,8,17,14,23,0,0,25,0
130273,2,1,0,0,0,0,0,0,0,0,0,0
130274,1,1,0,0,0,0,0,0,0,0,0,0
130274,2,1,0,0,0,0,0,0,0,0,0,0
130275,1,1,0,0,0,0,0,0,0,0,0,0
130276,1,1,0,0,0,0,0,0,0,0,0,0
130276,2,1,0,0,0,0,0,0,0,0,0,0
130277,1,1,10,0,0,13,5,0,0,0,4,21
130277,2,1,0,0,0,6,0,2,0,0,0,0
130277,3,1,0,0,0,14,0,3,26,0,0,0
130277,4,1,0,0,0,0,0,0,0,0,0,0
130278,1,1,0,0,0,0,0,0,0,0,0,0
130279,1,1,19,19,19,19,19,19,19,19,19,19
130280,1,1,15,0,0,5,0,20,0,0,31,17
130281,1,1,0,0,0,0,0,0,0,0,0,0
130281,2,1,0,0,0,0,0,0,0,0,0,0
130282,1,1,19,19,19,19,19,19,19,19,19,19
130283,1,1,0,0,0,0,0,0,0,0,0,0
130284,0,1,3,3,3,3,3,3,3,3,3,3
130284,1,1,0,0,0,0,0,0,0,0,0,0
130285,0,1,0,0,0,0,0,0,0,0,0,0
130285,1,1,0,0,0,0,0,4,0,0,0,0
130286,1,1,0,0,0,0,0,0,0,0,0,0
130286,2,1,0,0,0,0,0,0,0,0,0,0
130287,1,1,0,0,0,0,0,0,13,0,0,0
130287,2,1,0,0,0,0,0,0,0,0,0,0
130288,0,1,20,20,20,20,20,20,20,20,20,20
130288,1,1,33,0,0,0,32,0,0,0,0,0
130289,1,1,0,0,0,0,0,0,0,0,0,0
130290,1,1,0,0,0,0,0,0,0,0,0,0
130290,2,1,0,0,0,0,0,0,0,0,0,0
130291,1,1,0,0,0,0,0,0,0,0,0,0
130291,2,1,0,22,0,0,0,0,0,0,0,0
130292,1,1,0,0,0,0,0,0,0,0,0,0
130292,2,1,8,0,0,0,0,0,39,0,0,0
130293,1,1,0,0,0,0,0,0,0,0,0,0
130293,2,1,0,0,0,0,0,0,0,0,0,0
130294,1,1,0,0,0,0,0,0,0,0,0,0
130295,1,1,0,0,0,0,0,0,0,0,0,0
130295,2,1,0,5,0,0,0,0,0,0,0,0
130295,3,1,0,0,0,0,0,0,0,0,0,14
130296,1,1,0,0,0,0,0,0,0,0,0,0
130296,2,1,0,0,0,0,0,0,0,0,0,0
130297,1,1,9,9,9,9,9,9,9,9,9,9
130298,1,1,22,33,15,37,19,12,11,13,34,0
130299,1,1,0,0,0,0,0,0,0,0,0,0
130300,1,1,0,0,0,0,0,0,0,0,0,0
130300,2,1,0,0,0,0,0,0,0,0,0,0
130301,1,1,0,0,0,0,0,0,0,0,0,0
130301,2,1,0,0,0,0,0,0,0,0,0,0
130302,1,1,15,15,15,15,15,15,15,15,15,15
130303,1,1,0,0,0,0,0,0,0,0,0,0
130303,2,1,0,0,0,0,0,0,0,0,0,0
130304,1,1,0,0,0,0,0,0,0,0,0,0
130305,1,1,0,0,0,0,0,0,0,0,0,0
130305,2,1,0,0,0,0,0,0,0,0,0,0
130306,1,1,10,10,10,10,10,10,10,10,10,10
130306,2,1,0,0,0,0,0,0,0,0,0,0
130306,3,1,41,0,0,0,20,0,0,15,0,0
130306,4,1,0,0,0,0,13,0,0,0,0,13
130308,1,1,0,0,0,0,0,0,0,0,0,0
130308,2,1,0,0,0,0,0,0,0,0,0,0
130309,0,1,0,0,0,0,0,14,0,0,0,0
130309,1,1,0,0,0,0,2,0,0,0,0,0
130310,1,1,0,0,0,0,0,0,0,0,0,0
130310,2,1,0,0,0,0,0,0,0,0,0,0
130311,1,1,0,0,0,24,0,0,0,0,0,0
130311,2,1,0,0,0,0,0,0,0,0,0,0
130312,1,1,0,0,0,0,0,0,0,0,0,0
130312,2,1,0,0,0,0,0,0,0,0,0,0
130314,1,1,0,0,0,0,0,0,0,0,0,0
130314,2,1,0,0,0,0,0,0,0,0,0,0
130315,1,1,0,0,0,0,0,0,0,0,0,0
130315,2,1,10,10,10,10,10,10,10,10,10,10
130315,3,1,0,0,0,0,0,0,0,0,0,0
130316,1,1,0,0,0,0,0,0,0,0,0,0
130316,2,1,0,0,0,0,0,0,0,0,0,0
130316,3,1,0,0,0,0,0,0,0,0,0,0
130316,4,1,0,0,0,0,0,0,10,0,0,29
130317,1,1,0,0,0,0,0,0,0,0,0,0
130318,1,1,23,23,23,23,23,23,23,23,23,23
130319,0,1,0,0,0,0,0,0,0,0,0,0
130319,1,1,0,0,0,0,0,0,0,0,0,0
130320,1,1,0,0,0,0,0,0,0,0,0,0
130320,2,1,0,0,0,0,0,0,16,0,0,0
130321,1,1,2,2,2,2,2,2,2,2,2,2
130322,1,1,0,0,0,0,0,0,0,0,0,0
130322,2,1,0,0,0,0,0,0,0,0,0,0
130323,1,1,18,0,0,0,0,0,17,0,0,0
130324,1,1,0,0,0,0,0,0,0,0,0,0
130324,2,1,0,0,0,0,0,0,0,0,0,0
130325,1,1,21,21,21,21,21,21,21,21,21,21
130326,1,1,0,0,0,0,0,0,0,0,0,0
130326,2,1,0,0,0,0,0,0,0,0,0,0
130327,1,1,0,0,0,0,0,0,0,0,0,0
130327,2,1,0,0,0,0,0,0,0,0,0,0
130328,1,1,10,10,10,10,10,10,10,10,10,10
130329,1,1,0,0,0,0,0,0,0,0,0,0
130329,2,1,0,0,0,0,0,0,0,0,0,0
130330,0,1,0,0,0,0,0,0,0,0,0,0
130330,1,1,0,0,0,0,0,0,17,0,0,0
130331,1,1,0,0,0,0,0,0,0,0,0,0
130332,1,1,0,0,0,0,0,0,0,0,0,0
130332,2,1,0,0,0,0,0,0,0,0,17,0
130333,1,1,0,0,0,0,0,0,0,0,0,0
130334,1,1,12,12,12,12,12,12,12,12,12,12
130335,1,1,9,9,9,9,9,9,9,9,9,9
130336,1,1,0,0,0,0,0,0,0,0,0,10
130337,1,1,0,0,0,0,0,0,0,0,0,0
130337,2,1,0,0,0,0,0,0,0,0,0,0
130338,1,1,0,0,0,0,0,4,0,0,0,0
130339,1,1,0,0,0,0,0,0,0,0,0,0
130339,2,1,0,0,0,0,0,0,0,0,0,0
130340,1,1,0,0,0,0,0,0,0,0,0,0
130341,1,1,0,15,0,0,0,0,0,9,0,0
130341,2,1,0,0,0,0,0,0,0,0,0,0
130342,0,1,0,0,11,0,0,0,0,0,0,0
130342,1,1,0,0,0,0,0,0,0,0,0,0
130343,1,1,0,0,0,0,0,0,0,0,0,0
130344,0,1,21,21,21,21,21,21,21,21,21,21
130344,1,1,0,0,0,0,0,0,0,0,0,0
130345,0,1,0,0,0,0,0,0,0,0,0,0
130345,1,1,0,12,0,22,0,0,0,0,12,12
130346,0,1,0,0,0,0,0,16,0,0,0,0
130346,1,1,0,0,0,0,0,0,0,0,0,0
130347,1,1,0,0,0,0,0,0,0,0,0,0
130348,1,1,0,0,0,0,0,0,0,0,0,0
130348,2,1,0,0,0,0,0,0,0,0,0,0
130349,1,1,0,0,0,0,0,0,0,0,0,0
130349,2,1,0,0,0,0,0,0,0,0,0,0
130350,1,1,0,0,0,0,0,0,0,0,0,0
130351,1,1,28,28,28,28,28,28,28,28,28,28
130352,0,1,0,0,0,0,17,0,0,0,0,0
130352,1,1,0,0,0,0,0,0,0,0,0,0
130353,1,1,12,15,20,0,10,5,14,12,28,21
130354,1,1,15,0,0,0,0,0,0,0,0,0
130355,1,1,17,17,17,17,17,17,17,17,17,17
130356,1,1,0,0,0,0,0,0,0,0,0,0
130357,1,1,0,0,0,0,0,0,0,0,0,0
130357,2,1,0,0,0,0,0,0,0,0,0,0
130358,1,1,3,3,3,3,3,3,3,3,3,3
130358,2,1,0,0,0,0,0,0,0,0,0,0
130359,1,1,25,25,25,25,25,25,25,25,25,25
130359,2,1,0,0,0,0,0,0,0,0,0,0
130360,1,1,2,2,2,2,2,2,2,2,2,2
130361,1,1,0,0,0,0,0,0,0,0,0,0
130362,1,1,0,0,0,0,0,0,0,0,0,0
130362,2,1,0,0,0,0,0,0,0,0,0,0
130363,1,1,0,0,0,0,0,0,0,0,0,0
130364,0,1,0,0,0,0,0,0,0,0,0,0
130364,1,1,0,0,0,0,0,10,0,0,14,0
130365,1,1,0,0,0,0,0,0,0,0,0,0
130366,0,1,0,0,6,0,0,0,0,15,12,22
130366,1,1,0,0,0,0,0,0,0,0,0,0
130367,1,1,0,0,0,0,0,0,0,0,0,0
130367,2,1,0,0,0,0,0,0,0,0,0,0
130368,0,1,24,24,24,24,24,24,24,24,24,24
130368,1,1,0,0,0,0,0,0,0,0,0,0
130369,1,1,0,0,0,0,0,0,0,0,0,0
130369,2,1,0,0,0,0,0,0,0,0,0,0
130369,3,1,0,0,0,0,0,0,0,0,0,0
130369,4,1,0,0,0,0,0,0,0,0,0,0
130370,1,1,0,0,0,0,0,0,0,0,0,0
130370,2,1,0,0,0,0,0,0,0,0,0,0
130371,1,1,0,0,0,0,0,0,0,0,0,0
130371,2,1,0,0,0,0,0,0,0,0,21,0
130372,1,1,7,11,23,32,22,24,23,35,7,16
130373,1,1,0,0,0,0,0,0,0,0,0,0
130374,0,1,0,13,0,0,0,0,0,0,0,36
130374,1,1,0,0,0,0,0,0,0,0,0,0
130375,1,1,0,0,0,0,0,0,0,0,0,0
130375,2,1,0,0,0,0,0,0,0,0,0,0
130375,3,1,0,0,0,0,0,0,0,0,0,0
130376,1,1,32,0,0,0,11,0,0,27,0,0
130377,0,1,0,0,0,0,0,0,0,0,0,0
130377,0,2,0,0,0,0,0,0,0,0,0,0
130377,0,3,0,0,0,0,0,0,6,0,0,0
130377,1,1,0,0,0,0,0,0,0,0,0,0
130377,2,1,0,18,0,0,0,0,0,0,0,25
130377,3,1,0,0,0,0,23,0,0,0,0,0
130378,0,1,0,0,0,22,0,0,25,0,6,17
130378,1,1,0,16,0,0,0,0,0,0,0,18
130379,0,1,19,0,0,0,22,12,31,0,0,0
130379,1,1,0,0,0,0,12,13,0,0,0,0
130379,2,1,0,0,0,0,0,0,0,0,0,0
130380,1,1,18,12,22,0,11,0,18,7,14,21
130381,1,1,21,21,21,21,21,21,21,21,21,21
130381,2,1,0,0,0,0,0,0,0,0,0,0
130382,1,1,0,20,8,0,0,22,0,0,0,0
130383,1,1,0,0,0,0,0,0,0,0,0,0
130383,2,1,0,0,0,0,0,0,0,0,0,0
130384,1,1,0,0,0,0,0,0,0,0,0,0
130384,2,1,0,0,0,0,0,0,0,0,0,0
130385,0,1,0,0,0,0,0,0,0,0,0,0
130385,1,1,0,0,0,0,0,0,8,0,0,0
130386,1,1,0,0,0,0,0,21,0,0,0,0
130386,2,1,0,0,0,0,0,0,0,0,0,14
130386,3,1,0,0,0,0,14,0,0,0,0,0
130386,4,1,9,9,9,9,9,9,9,9,9,9
130386,5,1,0,0,0,23,0,0,0,0,0,0
130386,6,1,0,0,0,0,0,0,0,0,18,0
130387,1,1,9,9,9,9,9,9,9,9,9,9
130387,2,1,0,0,0,0,0,0,0,0,0,0
130388,1,1,0,0,0,0,0,0,0,0,0,0
130389,1,1,0,0,0,0,0,0,0,0,0,0
130389,2,1,0,0,0,0,0,0,0,0,0,0
130390,0,1,0,0,0,0,0,0,0,0,0,0
130390,1,1,0,12,0,0,0,0,6,0,0,0
130390,2,1,0,0,0,0,0,0,0,0,0,0
130391,1,1,0,0,0,0,0,0,0,0,0,0
130391,2,1,0,0,0,0,0,0,0,0,0,0
130392,1,1,0,0,0,0,0,0,0,0,0,0
130392,2,1,0,0,0,0,0,0,0,0,0,0
130392,3,1,0,0,0,0,0,0,0,0,0,0
130393,1,1,0,0,0,0,0,0,0,0,0,0
130394,1,1,0,0,0,0,0,0,0,0,0,0
130395,1,1,0,0,0,0,0,0,0,0,0,0
130395,2,1,0,0,12,0,0,0,0,0,0,0
130396,1,1,0,0,0,0,13,0,0,0,0,0
130396,2,1,0,0,12,0,0,0,0,0,0,0
130397,1,1,0,0,0,0,0,0,0,0,0,0
130397,2,1,0,0,0,0,0,0,0,0,0,0
130397,3,1,0,0,0,0,0,0,0,0,0,0
130398,1,1,0,0,0,0,0,0,0,0,0,0
130398,2,1,0,0,0,0,0,0,0,0,0,0
130398,3,1,0,0,0,0,0,0,0,0,0,0
130398,4,1,0,0,0,0,0,0,0,0,0,0
130398,5,1,0,0,0,0,0,0,0,0,0,0
130399,1,1,12,12,12,12,12,12,12,12,12,12
130400,1,1,0,0,0,0,0,0,0,0,0,0
130400,2,1,0,0,0,0,0,5,0,0,0,0
130401,1,1,0,0,0,0,0,0,0,0,0,0
130401,2,1,0,0,0,0,0,0,0,0,0,0
130402,1,1,0,0,0,0,0,0,0,0,0,0
130403,1,1,0,0,0,0,0,0,0,0,0,0
130403,2,1,20,0,0,0,0,0,0,0,0,0
130404,0,1,32,32,32,32,32,32,32,32,32,32
130404,1,1,0,0,0,0,0,0,0,0,0,0
130405,0,1,0,0,0,0,0,0,0,0,0,0
130405,1,1,0,0,0,0,0,0,7,0,0,0
130406,0,1,0,0,0,0,0,0,0,0,0,0
130406,0,2,0,0,0,19,0,0,0,0,25,0
130406,2,1,0,0,0,0,0,0,0,0,0,0
130406,3,1,12,13,0,0,0,0,9,0,0,0
130407,1,1,0,0,0,0,0,0,0,0,0,0
130408,1,1,22,15,18,17,21,0,13,0,0,16
130408,2,1,0,0,0,0,0,0,0,0,0,0
130409,1,1,16,16,16,16,16,16,16,16,16,16
130410,1,1,0,0,0,0,0,0,0,0,0,0
130410,2,1,0,0,0,0,0,0,0,0,0,0
130410,3,1,0,0,0,0,0,0,0,0,0,0
130411,1,1,0,0,0,0,0,0,0,12,0,0
130411,2,1,0,0,0,0,0,0,0,0,0,0
130412,0,1,0,0,0,0,0,0,15,0,17,0
130412,1,1,0,0,0,0,0,0,0,0,0,0
130413,1,1,0,0,0,0,0,0,0,0,0,0
130414,1,1,0,0,0,0,0,0,0,0,0,0
130414,2,1,0,0,0,0,0,0,0,0,0,0
130415,1,1,0,0,0,0,0,0,0,0,0,0
130416,1,1,0,0,0,5,0,0,0,0,0,0
130416,2,1,0,0,0,0,0,0,0,0,0,0
130417,1,1,0,0,0,0,0,0,0,0,0,0
130418,1,1,0,0,0,0,0,0,0,0,0,0
130418,2,1,0,0,0,0,0,0,0,0,0,0
130419,1,1,0,0,0,0,0,0,0,0,0,0
130420,1,1,0,0,0,0,0,0,0,0,0,0
130420,2,1,0,0,0,0,0,0,0,0,0,0
130421,1,1,0,0,0,0,0,0,0,0,0,0
130421,2,1,0,0,0,0,0,0,0,0,0,0
130422,1,1,0,0,0,0,0,0,0,0,0,0
130422,2,1,0,0,0,0,0,0,0,0,0,0
130423,0,1,27,27,27,27,27,27,27,27,27,27
130423,1,1,0,0,0,0,0,0,0,0,0,0
130424,1,1,0,0,0,22,0,0,0,19,0,0
130425,1,1,0,0,0,0,0,0,0,0,0,0
130426,0,1,25,15,0,0,0,0,0,12,0,10
130426,1,1,0,0,0,0,0,0,0,0,0,0
130427,1,1,0,0,0,0,0,23,0,0,0,0
130427,2,1,30,30,30,30,30,30,30,30,30,30
130428,1,1,0,0,0,0,17,0,0,0,0,0
130428,2,1,0,0,0,0,0,0,0,0,0,0
130428,3,1,0,0,0,0,0,0,0,0,0,0
130429,1,1,0,0,0,0,0,0,0,0,0,0
130430,1,1,0,0,0,0,0,0,0,0,7,0
130430,2,1,0,0,0,0,0,0,0,0,0,0
130430,3,1,0,0,0,0,0,0,0,0,0,0
130431,0,1,0,0,0,0,0,0,0,0,0,0
130431,1,1,0,0,0,6,0,0,14,0,0,0
130432,0,1,10,18,50,17,27,27,15,8,15,13
130432,1,1,0,0,0,0,0,0,0,0,0,21
130433,1,1,0,0,0,21,0,0,0,8,0,0
130434,1,1,0,0,0,0,0,0,0,0,0,0
130434,2,1,0,0,0,0,0,0,0,0,0,0
130435,1,1,0,0,0,0,11,0,0,0,0,0
130435,2,1,0,0,0,13,0,0,0,0,0,0
130436,1,1,28,28,28,28,28,28,28,28,28,28
130437,0,1,0,0,0,0,0,0,0,0,0,0
130437,1,1,0,0,0,0,0,0,0,0,0,0
130438,1,1,0,0,0,11,0,3,0,0,0,0
130439,1,1,0,0,0,0,0,0,0,0,0,0
130439,2,1,0,0,0,0,0,0,0,0,0,0
130440,1,1,0,0,0,0,0,0,0,0,0,0
130441,1,1,0,0,0,0,0,0,0,0,0,0
130441,2,1,0,0,0,0,0,0,0,0,0,0
130442,0,1,0,0,0,0,0,0,0,0,0,0
130442,1,1,0,0,0,0,0,0,0,0,0,0
130443,1,1,0,0,0,0,0,0,0,0,0,0
130444,1,1,0,0,0,0,0,0,0,0,0,0
130444,2,1,0,0,0,0,0,0,0,0,0,0
130445,1,1,0,0,19,0,18,0,0,0,0,0
130445,2,1,0,0,0,0,0,0,0,0,0,0
130446,1,1,0,0,0,0,0,0,0,0,0,0
130446,2,1,0,0,0,0,0,0,0,0,0,0
130447,1,1,0,0,0,0,0,0,0,0,0,0
130447,3,1,0,0,0,0,0,0,0,0,0,0
130447,4,1,0,0,0,0,0,0,24,0,0,0
130447,5,1,0,0,0,0,0,0,0,0,0,0
130448,1,1,0,0,0,0,5,0,0,0,10,0
130448,2,1,0,0,0,0,0,0,0,0,0,0
130449,1,1,4,29,27,28,17,9,24,17,16,27
130450,1,1,0,0,0,0,0,0,0,0,0,0
130450,2,1,0,0,0,0,0,0,0,0,0,0
130451,1,1,0,0,0,0,0,0,0,0,0,0
130451,2,1,0,0,0,0,0,0,0,0,0,0
130452,0,1,0,0,0,0,0,0,0,0,0,0
130452,1,1,0,0,0,0,0,0,0,0,0,0
130453,1,1,0,0,0,0,0,0,0,0,0,0
130453,2,1,0,0,0,0,0,0,0,2,0,0
130454,1,1,0,0,0,0,0,0,0,0,0,0
130454,2,1,7,7,7,7,7,7,7,7,7,7
130455,1,1,0,0,0,0,0,0,0,0,0,0
130456,1,1,0,7,0,0,11,33,0,10,0,7
130457,1,1,0,0,0,0,0,0,0,0,0,0
130457,2,1,0,0,16,0,0,0,0,0,0,0
130458,1,1,0,19,0,22,0,16,24,0,26,37
130459,1,1,0,5,0,26,0,0,0,0,0,18
130460,1,1,0,0,0,0,0,0,0,0,0,0
130461,1,1,12,24,17,16,14,9,44,13,35,7
130462,0,1,10,10,10,10,10,10,10,10,10,10
130462,1,1,0,0,0,10,9,0,0,0,0,0
130463,1,1,7,7,7,7,7,7,7,7,7,7
130464,1,1,12,12,12,12,12,12,12,12,12,12
130464,2,1,0,0,0,0,0,0,0,0,0,0
130465,1,1,0,0,0,0,0,0,0,0,0,0
130466,1,1,10,10,10,10,10,10,10,10,10,10
130467,1,1,10,10,10,10,10,10,10,10,10,10
130468,1,1,0,22,0,0,14,0,8,23,0,0
130469,0,1,0,0,0,0,0,0,0,0,0,0
130469,1,1,0,0,0,0,0,0,0,0,0,0
130470,1,1,0,0,0,0,0,0,0,0,0,0
130470,2,1,0,0,0,0,0,0,0,0,0,0
130471,1,1,0,0,0,0,0,0,0,0,0,0
130471,2,1,0,0,0,0,0,0,0,0,0,0
130472,1,1,0,0,0,0,0,0,0,0,0,0
130472,2,1,0,0,0,17,0,0,0,0,0,0
130473,1,1,0,0,26,0,0,0,0,0,0,0
130473,2,1,0,0,0,0,0,0,0,0,17,0
130474,1,1,13,13,13,13,13,13,13,13,13,13
130475,1,1,0,0,0,0,0,0,29,0,0,0