ST_CASE,VEH_NO,PER_NO,P1,P2,P3,P4,P5,P6,P7,P8,P9,P10
130775,2,1,0,0,0,0,0,0,0,0,17,0
130776,1,1,0,0,0,0,0,0,0,0,0,0
130777,1,1,18,25,33,15,0,12,25,20,0,0
130778,1,1,0,26,28,0,0,0,24,22,0,0
130779,1,1,0,0,0,20,0,0,0,0,0,0
130779,2,1,0,0,0,0,0,0,0,0,0,0
130780,1,1,0,0,0,0,0,0,0,14,0,0
130781,1,1,0,0,14,0,0,0,0,0,0,0
130781,2,1,0,0,0,0,0,0,0,0,0,0
130782,1,1,0,0,0,0,0,0,0,0,0,0
130783,1,1,0,0,0,0,0,0,0,0,0,0
130783,2,1,0,0,0,0,0,0,0,0,0,0
130784,1,1,0,0,0,0,0,0,0,0,0,0
130784,2,1,0,0,0,13,0,0,0,0,0,0
130784,3,1,0,0,0,0,0,0,0,0,0,0
130785,1,1,0,0,0,0,0,0,0,0,0,0
130785,2,1,0,0,0,0,0,0,0,0,0,0
130786,1,1,0,10,0,0,0,0,0,0,0,0
130786,2,1,0,0,0,0,0,0,0,0,0,0
130787,1,1,0,0,0,0,0,0,0,0,0,0
130788,1,1,0,0,0,0,0,0,0,0,0,0
130789,1,1,0,0,0,0,0,0,0,0,0,0
130790,0,1,0,0,0,0,0,0,0,0,0,0
130790,1,1,16,8,24,4,12,0,4,21,29,13
130790,2,1,0,0,0,3,14,0,0,17,25,12
130791,1,1,20,20,20,20,20,20,20,20,20,20
130792,1,1,0,0,0,0,0,0,0,0,0,0
130792,2,1,0,0,0,0,0,0,0,0,0,0
130792,3,1,0,6,0,0,0,8,0,0,0,0
130793,1,1,0,0,0,0,0,0,0,0,0,0
130793,2,1,0,0,0,0,0,0,0,0,0,0
130794,1,1,0,0,10,0,0,21,17,35,19,15
130795,1,1,0,0,0,0,0,0,0,0,0,0
130795,2,1,0,0,0,0,0,0,0,0,0,0
130796,1,1,0,0,0,0,0,0,0,0,0,0
130797,0,1,0,0,0,0,31,26,3,25,0,8
130797,1,1,0,0,0,0,0,0,0,0,0,0
130798,1,1,0,0,0,0,0,0,0,0,0,0
130798,2,1,0,0,0,0,0,0,0,0,0,0
130798,3,1,0,0,0,0,0,0,0,0,0,0
130799,1,1,0,13,15,0,0,0,0,23,11,0
130799,2,1,0,0,0,0,0,0,0,0,0,0
130800,1,1,0,0,0,0,0,0,0,0,0,0
130800,2,1,0,0,0,0,0,0,0,0,0,0
130801,1,1,8,8,8,8,8,8,8,8,8,8
130801,2,1,0,0,0,0,0,0,0,0,31,0
130802,1,1,0,18,7,6,26,11,15,7,19,18
130803,1,1,25,25,25,25,25,25,25,25,25,25
130804,1,1,0,0,0,0,0,0,0,0,0,0
130804,2,1,5,5,5,5,5,5,5,5,5,5
130805,1,1,5,5,5,5,5,5,5,5,5,5
130806,1,1,20,20,20,20,20,20,20,20,20,20
130806,2,1,0,0,0,0,0,0,0,0,0,0
130807,1,1,0,0,0,0,0,0,0,0,0,0
130808,1,1,0,0,0,0,0,0,0,0,0,11
130809,1,1,0,6,0,0,0,0,0,0,0,0
130809,2,1,0,0,0,0,0,0,0,0,0,0
130810,0,1,19,19,19,19,19,19,19,19,19,19
130810,1,1,0,0,0,0,11,0,0,0,0,7
130811,0,1,0,0,0,0,0,0,0,0,0,0
130811,1,1,0,0,12,0,0,0,0,0,0,0
130811,2,1,0,0,0,0,0,0,0,0,0,18
130812,1,1,0,0,0,0,0,0,0,0,0,0
130812,2,1,0,0,0,0,0,0,0,0,0,0
130813,1,1,3,3,3,3,3,3,3,3,3,3
130814,1,1,21,21,21,21,21,21,21,21,21,21
130815,1,1,15,15,15,15,15,15,15,15,15,15
130816,0,1,0,0,0,0,0,0,0,0,0,0
130816,1,1,0,0,0,0,0,0,0,0,0,0
130817,1,1,0,0,0,0,0,0,0,0,0,0
130818,1,1,0,0,0,0,0,0,0,0,0,0
130818,2,1,0,0,0,0,0,0,0,0,0,0
130819,0,1,0,0,0,0,0,0,0,0,0,0
130819,1,1,0,10,0,15,0,0,0,5,0,0
130820,1,1,0,0,0,0,0,0,0,0,0,0
130821,1,1,0,0,0,0,0,0,0,0,0,0
130821,2,1,0,0,0,0,0,0,0,0,0,0
130822,1,1,13,49,17,10,20,0,3,19,10,24
130823,1,1,0,0,0,0,23,0,0,0,0,0
130823,2,1,0,0,0,0,0,0,0,0,0,0
130824,1,1,0,0,0,0,0,0,13,0,0,14
130824,2,1,15,0,0,0,0,0,0,0,8,0
130824,3,2,0,0,0,0,0,0,0,0,0,10
130825,1,1,0,0,0,0,0,0,0,17,0,0
130825,2,1,12,0,0,0,0,18,19,0,0,0
130826,1,1,0,0,0,0,0,0,0,0,0,0
130827,1,1,0,0,0,0,0,0,0,0,0,0
130827,2,1,14,14,14,14,14,14,14,14,14,14
130828,1,1,0,0,0,0,0,0,0,0,0,0
130829,1,1,0,0,0,0,0,0,0,0,0,0
130829,2,1,0,0,0,0,0,0,0,0,0,0
130830,1,1,0,0,0,0,0,0,0,0,0,0
130831,1,1,24,24,24,24,24,24,24,24,24,24
130831,2,1,0,0,0,0,0,0,0,0,0,0
130832,1,1,9,5,10,5,7,3,0,2,14,20
130833,0,1,20,20,20,20,20,20,20,20,20,20
130833,1,1,0,0,0,0,0,0,0,0,0,0
130834,1,1,0,0,0,0,0,0,0,0,0,0
130835,1,1,0,32,17,17,28,20,0,0,0,0
130836,1,1,0,0,0,0,0,0,0,0,0,0
130836,2,1,0,0,15,0,0,0,0,0,0,0
130837,1,1,0,0,0,0,0,0,0,0,0,0
130838,1,1,0,7,0,0,0,0,14,0,0,8
130838,2,1,0,0,0,0,0,0,0,0,0,0
130839,1,1,0,0,0,0,0,0,0,0,0,0
130839,2,1,0,0,0,0,0,0,0,0,0,0
130840,1,1,0,0,0,0,0,0,0,0,0,42
130841,1,1,0,0,0,0,0,0,0,0,0,0
130841,2,1,0,0,0,0,0,0,0,0,0,0
130841,3,1,0,0,0,0,0,0,0,0,0,0
130841,4,1,0,0,0,0,0,0,0,0,0,0
130842,1,1,0,4,0,0,0,0,0,0,0,0
130842,2,1,0,17,0,0,25,0,0,0,0,0
130843,1,1,12,12,12,12,12,12,12,12,12,12
130844,1,1,0,0,0,0,0,4,0,0,0,0
130844,2,1,6,0,0,0,0,0,7,0,0,0
130844,3,1,0,0,0,0,0,0,23,0,0,0
130845,1,1,0,0,0,0,0,0,0,0,0,0
130846,1,1,0,0,0,0,0,0,0,0,0,0
130846,2,1,0,0,0,14,0,0,0,0,0,0
130847,1,1,21,21,21,21,21,21,21,21,21,21
130848,1,1,0,0,0,0,0,0,0,0,0,0
130848,2,1,18,0,0,0,0,0,0,0,0,0
130849,0,1,18,18,18,18,18,18,18,18,18,18
130849,1,1,0,0,0,0,0,0,0,0,0,0
130850,1,1,0,0,0,0,0,0,0,0,0,0
130851,1,2,11,47,0,8,27,21,7,34,0,13
130852,1,1,0,0,0,0,0,0,0,0,0,0
130852,2,1,0,0,0,0,0,0,0,0,0,0
130853,1,1,0,0,0,0,0,0,0,0,0,0
130853,2,1,0,0,0,0,0,0,0,0,0,0
130854,1,1,0,0,0,0,0,0,0,0,0,0
130854,2,1,0,0,0,0,0,0,0,0,0,0
130854,3,1,0,0,0,0,0,0,0,0,0,0
130855,1,1,11,11,11,11,11,11,11,11,11,11
130856,1,1,0,0,0,0,0,0,0,0,0,0
130857,1,1,0,0,0,0,0,0,0,0,0,0
130858,1,1,0,0,9,0,0,0,4,0,0,0
130858,2,1,0,0,0,0,0,0,0,0,0,0
130858,3,1,0,0,0,0,0,0,0,0,0,0
130858,4,1,8,0,0,0,0,0,0,0,0,0
130858,5,1,0,0,0,0,0,0,19,0,0,0
130858,6,1,0,0,0,0,0,0,0,0,0,0
130858,7,1,0,0,0,0,0,0,0,0,0,0
130859,1,1,0,0,0,0,0,0,0,0,0,0
130859,2,1,3,0,13,0,0,0,0,0,0,0
130860,1,1,0,0,0,0,0,0,0,0,0,0
130861,1,1,0,22,0,0,8,0,0,0,0,16
130862,1,1,0,0,0,0,0,0,0,0,0,0
130863,1,1,17,17,17,17,17,17,17,17,17,17
130863,2,1,0,0,0,0,0,0,0,0,0,0
130863,3,1,0,0,0,0,0,0,0,0,0,0
130863,4,1,0,0,0,0,0,0,0,0,0,0
130864,1,1,26,26,26,26,26,26,26,26,26,26
130865,1,1,0,0,0,0,0,0,0,0,0,0
130865,2,1,0,0,0,0,0,0,0,0,0,0
130866,1,1,40,40,40,40,40,40,40,40,40,40
130867,1,1,29,29,29,29,29,29,29,29,29,29
130868,0,1,0,20,0,9,0,0,28,8,0,0
130868,1,1,0,0,0,18,0,0,0,18,0,0
130869,1,1,0,0,0,0,0,0,0,0,0,0
130869,2,1,0,0,0,0,0,0,0,0,0,0
130870,1,1,0,0,0,0,0,0,0,0,0,0
130870,2,1,0,0,0,0,0,0,0,0,0,0
130870,3,1,0,0,0,0,0,25,0,0,0,0
130871,1,1,13,13,13,13,13,13,13,13,13,13
130872,1,1,0,0,0,0,0,0,0,0,0,0
130872,2,1,0,0,0,0,0,0,0,0,0,0
130872,3,1,0,0,0,0,0,0,0,0,11,0
130873,1,1,0,0,0,0,0,0,0,0,0,0
130874,1,1,0,0,0,0,0,0,0,0,0,0
130875,1,1,13,13,13,13,13,13,13,13,13,13
130875,2,1,19,0,0,24,0,14,0,0,0,19
130875,3,1,8,0,0,11,0,0,0,0,0,0
130876,1,1,0,0,0,0,0,0,0,0,0,0
130876,2,1,0,0,0,0,0,0,0,0,0,0
130877,1,1,0,0,0,0,0,0,0,0,0,0
130877,2,1,0,0,0,0,0,0,0,0,0,0
130877,3,1,0,0,0,0,0,0,0,0,0,0
130878,1,1,0,0,0,0,0,0,0,0,0,0
130879,1,1,16,11,16,9,8,7,11,16,0,10
130879,2,1,0,0,0,0,0,0,0,0,0,0
130880,1,1,0,0,0,0,0,0,0,0,0,0
130881,1,1,0,0,0,0,0,0,0,0,0,0
130882,1,1,20,20,20,20,20,20,20,20,20,20
130883,1,1,0,0,0,0,0,0,0,0,0,0
130883,2,1,15,0,0,0,0,0,0,0,0,0
130884,1,1,0,0,0,0,0,0,0,0,0,0
130884,2,1,0,0,0,0,0,0,0,0,0,0
130885,1,1,0,0,0,0,0,0,0,0,0,0
130885,2,1,0,10,9,16,9,0,8,16,10,9
130886,1,1,0,0,0,0,0,0,0,6,9,0
130886,2,1,0,0,8,0,0,0,0,0,0,0
130887,1,1,0,0,0,0,0,0,0,0,0,0
130887,2,1,0,0,0,0,0,0,0,23,0,0
130888,1,1,0,0,0,0,0,0,0,0,0,0
130888,2,1,0,0,0,0,0,0,0,0,0,0
130889,1,1,0,0,0,0,0,0,0,0,0,0
130889,2,1,0,0,0,0,0,0,0,0,0,0
130890,1,1,0,19,30,0,0,19,20,0,0,0
130891,1,1,0,0,0,0,0,0,0,0,0,0
130892,1,1,0,0,0,0,0,0,0,0,0,0
130894,1,1,20,7,7,12,21,41,5,25,25,24
130895,1,1,17,17,17,17,17,17,17,17,17,17
130896,1,1,21,21,21,21,21,21,21,21,21,21
130896,2,1,0,22,0,0,0,0,0,12,0,0
130897,1,1,0,4,0,0,0,9,0,0,0,0
130897,2,1,0,0,0,0,0,0,0,0,0,0
130898,1,1,0,0,0,0,0,0,0,0,0,0
130898,2,1,0,0,0,0,0,0,0,0,0,0
130899,0,1,0,0,0,0,0,0,0,0,0,0
130899,1,1,0,0,0,0,0,0,0,0,0,0
130900,1,1,0,0,16,0,0,0,0,0,0,0
130900,2,1,0,0,0,0,0,0,0,0,0,0
130901,1,1,36,36,36,36,36,36,36,36,36,36
130902,0,1,31,31,31,31,31,31,31,31,31,31
130902,1,1,30,0,0,0,21,0,0,0,0,0
130903,1,1,0,0,0,0,0,0,0,0,0,0
130903,2,1,0,0,0,0,0,0,0,0,0,0
130904,1,1,21,0,0,0,0,0,0,0,0,0
130904,2,1,0,0,0,0,0,0,0,0,0,0
130904,3,1,0,0,0,0,0,0,0,0,0,0
130904,4,1,0,0,0,0,0,0,0,0,0,0
130904,5,1,0,0,0,0,0,0,0,0,0,0
130905,1,1,0,8,0,20,0,0,15,6,23,0
130906,1,1,0,0,0,0,0,0,0,0,0,0
130906,2,1,0,0,0,0,0,0,0,0,0,0
130907,1,1,15,0,7,0,17,18,0,0,10,0
130908,0,1,0,0,26,0,0,0,16,0,33,0
130908,1,1,21,7,0,10,37,23,11,19,30,25
130909,1,1,0,0,0,0,0,0,0,0,0,0
130909,2,1,14,14,14,14,14,14,14,14,14,14
130910,1,1,0,0,0,0,0,0,0,0,0,0
130910,2,1,0,0,8,0,17,0,0,0,0,0
130911,0,1,0,0,0,0,0,0,0,0,0,0
130911,1,1,0,0,0,0,0,0,9,0,0,0
130912,1,1,0,0,0,31,19,22,0,20,0,0
130912,2,1,0,0,0,0,0,0,0,0,0,0
130913,0,1,0,0,0,0,0,0,0,0,0,0
130913,1,1,0,0,0,16,0,21,0,0,0,0
130914,1,1,0,0,0,0,0,0,0,0,0,0
130914,2,1,0,0,19,0,0,0,0,0,0,0
130915,1,1,26,26,26,26,26,26,26,26,26,26
130915,2,1,0,0,0,0,8,0,0,0,0,0
130916,1,1,0,0,0,0,0,0,0,0,0,0
130917,1,1,0,0,0,0,0,0,0,0,0,11
130917,2,1,0,0,0,0,0,0,0,0,0,0
130918,1,1,0,0,6,0,0,0,5,0,0,9
130918,2,1,13,0,0,0,0,0,0,0,0,0
130919,1,1,22,22,22,22,22,22,22,22,22,22
130920,1,1,19,17,11,11,12,11,10,17,19,28
130921,1,1,0,0,0,0,0,0,0,0,0,0
130921,2,1,0,0,0,0,0,0,0,0,0,0
130922,1,1,14,3,10,27,15,3,0,30,9,7
130923,1,1,12,23,17,16,15,9,19,22,16,8
130924,1,1,0,0,0,0,0,0,0,0,0,0
130924,2,1,0,0,0,0,0,0,0,0,0,0
130924,3,1,0,0,0,0,0,0,0,0,7,0
130925,1,1,28,28,28,28,28,28,28,28,28,28
130926,1,1,0,0,15,15,27,0,21,0,24,13
130926,2,1,0,18,0,0,0,0,0,16,0,27
130927,0,1,0,20,20,17,20,0,0,11,10,0
130927,2,1,17,21,16,11,14,10,16,10,3,22
130928,0,1,0,0,0,0,0,0,0,0,0,0
130928,1,1,9,0,0,0,0,0,0,0,0,0
130929,1,1,0,0,0,6,0,0,0,0,0,0
130930,0,1,22,22,22,22,22,22,22,22,22,22
130930,1,1,5,5,5,5,5,5,5,5,5,5
130931,0,1,20,13,14,28,24,6,39,18,22,21
130931,1,1,0,0,0,0,11,0,0,5,0,0
130932,1,1,20,22,0,20,0,0,0,0,12,0
130932,2,1,0,0,0,0,0,0,0,0,0,0
130933,1,1,0,0,0,0,0,0,0,0,0,0
130933,2,1,0,0,0,0,0,0,0,0,0,0
130934,1,1,0,0,0,0,0,0,0,0,0,0
130935,1,1,0,0,0,0,0,0,0,0,0,0
130935,2,1,0,0,0,0,0,0,0,0,0,0
130936,1,1,0,0,0,0,0,0,0,0,0,0
130936,2,1,0,0,0,0,0,0,0,0,0,0
130937,1,1,0,0,0,0,0,0,0,0,0,0
130937,2,1,0,0,0,0,0,0,0,0,0,0
130937,3,1,0,0,0,0,0,0,0,0,0,0
130938,0,1,0,0,0,0,0,0,0,0,0,0
130938,1,1,0,0,0,0,0,0,0,0,0,0
130939,1,1,0,0,0,0,0,0,0,0,0,0
130939,2,1,0,0,0,0,0,0,0,0,0,0
130940,1,1,0,0,0,0,0,0,0,0,0,0
130940,2,1,0,0,0,0,0,0,0,0,0,0
130941,1,1,0,0,0,0,0,0,0,0,0,0
130941,2,1,0,0,0,0,0,0,0,0,0,0
130942,1,1,0,0,0,0,8,0,0,0,0,0
130942,2,1,0,0,0,0,0,0,0,0,0,0
130943,0,1,0,0,0,23,0,0,0,0,0,0
130943,1,1,0,0,0,0,0,0,0,0,0,0
130944,1,1,0,0,0,0,0,0,0,0,0,0
130945,1,1,0,0,0,0,0,0,0,0,0,0
130945,2,1,0,0,0,0,0,0,0,0,0,0
130946,1,1,25,25,25,25,25,25,25,25,25,25
130947,1,1,0,0,0,0,0,0,0,0,0,0
130947,2,1,0,0,0,0,0,0,0,0,0,0
130948,1,1,0,0,0,0,0,0,0,0,0,0
130949,1,1,0,0,4,0,0,0,0,0,0,0
130949,2,1,0,0,0,0,0,0,0,0,0,0
130950,1,1,6,6,6,6,6,6,6,6,6,6
130951,0,1,0,0,0,0,0,0,0,0,0,0
130951,1,1,0,0,0,0,0,0,0,0,0,0
130952,1,1,23,11,23,19,17,20,23,9,13,18
130952,2,1,0,0,0,0,0,0,0,0,0,7
130953,1,1,0,0,0,0,0,0,0,0,0,0
130955,1,1,13,13,13,13,13,13,13,13,13,13
130956,1,1,14,14,14,14,14,14,14,14,14,14
130957,1,1,0,0,0,0,0,0,0,0,0,0
130957,2,1,0,0,0,0,0,0,0,0,0,0
130958,1,1,21,21,21,21,21,21,21,21,21,21
130958,2,1,0,0,0,0,0,0,0,0,0,0
130959,0,1,0,0,0,0,0,0,0,0,18,0
130959,1,1,0,0,0,0,0,0,0,0,0,0
130960,1,1,0,0,0,0,0,0,0,0,0,0
130961,0,1,0,0,0,0,0,0,0,0,0,0
130961,0,2,0,0,0,0,0,0,0,0,0,0
130961,0,3,0,0,0,9,0,0,0,38,0,0
130961,1,1,0,0,0,0,0,0,0,0,0,0
130962,1,1,0,0,0,0,0,0,0,0,0,0
130962,2,1,0,0,0,0,0,0,0,0,0,0
130964,1,1,14,14,14,14,14,14,14,14,14,14
130965,1,1,0,0,0,0,0,0,0,0,0,0
130965,2,1,0,0,0,0,0,0,0,0,5,0
130965,3,1,0,0,0,0,0,0,0,0,0,0
130966,1,1,0,0,0,0,0,0,0,0,0,0
130966,2,1,0,0,0,0,0,0,0,0,0,0
130967,1,1,0,0,0,0,0,0,0,0,0,0
130967,2,1,0,0,0,0,0,0,0,0,0,0
130968,1,1,0,0,0,0,0,0,0,0,0,0
130969,1,1,0,0,0,0,0,0,0,0,0,0
130970,0,1,0,0,0,13,0,0,0,0,0,7
130970,1,1,0,0,0,0,0,0,0,0,0,0
130971,1,1,0,0,0,0,0,0,0,0,0,0
130971,2,1,0,0,0,0,0,0,0,0,0,0
130972,1,1,0,0,0,0,0,0,0,0,0,0
130972,2,1,0,0,0,0,0,0,0,0,0,0
130973,1,1,0,0,0,0,0,0,0,0,0,0
130973,2,1,0,0,0,0,0,0,17,0,0,0
130973,3,1,0,0,0,0,0,0,0,0,0,0
130974,1,1,0,25,19,0,0,0,47,0,0,21
130975,1,1,0,39,0,0,0,0,0,0,0,0
130975,2,1,0,0,0,0,0,0,0,0,0,0
130975,3,1,0,0,0,0,0,0,0,0,0,0
130975,4,1,0,0,0,0,0,0,0,0,0,0
130976,1,1,18,11,0,0,10,0,0,10,10,15
130977,1,1,0,0,0,0,0,0,29,0,0,0
130978,1,1,0,0,0,0,0,0,0,0,0,0
130978,2,1,0,0,0,0,0,0,0,0,0,0
130979,1,1,0,0,0,0,0,0,0,0,0,0
130979,2,1,0,0,0,0,0,0,0,0,0,0
130980,1,1,0,0,0,0,0,0,0,0,0,0
130980,2,1,0,0,0,0,0,0,0,0,0,0
130981,1,1,0,0,0,0,0,0,0,0,0,0
130981,2,1,0,0,0,0,0,0,0,0,0,0
130982,1,1,0,0,0,0,0,0,0,0,0,0
130983,1,1,0,0,0,0,0,0,0,0,0,0
130983,2,1,0,0,0,0,0,0,0,0,0,0
130984,0,1,0,0,37,0,23,0,0,0,0,24
130984,1,1,0,0,0,9,0,0,0,14,0,0
130985,1,1,12,12,12,12,12,12,12,12,12,12
130986,0,1,0,0,0,0,0,0,0,0,0,0
130986,0,2,0,0,0,0,0,0,0,0,0,0
130986,0,3,0,0,0,0,0,0,0,0,0,0
130986,0,4,0,0,0,0,0,0,0,0,0,0
130986,1,1,0,0,0,0,0,0,0,0,0,0
130987,1,1,18,18,18,18,18,18,18,18,18,18
130988,1,1,0,0,0,0,0,0,0,0,0,0
130989,1,1,17,23,7,14,21,11,17,22,17,16
130990,1,1,0,0,0,0,0,0,0,0,0,0
130991,1,1,0,0,0,0,0,0,0,0,0,0
130991,2,1,0,0,0,0,0,0,0,0,0,0
130992,1,1,0,0,0,0,0,0,0,0,0,0
130993,1,1,14,5,23,22,8,26,11,17,21,11
130994,1,1,0,0,0,0,0,0,0,0,0,0
130995,0,1,10,10,10,10,10,10,10,10,10,10
130995,1,1,0,0,0,0,18,0,0,0,0,0
130996,1,1,0,0,0,0,0,0,0,0,0,0
130996,2,1,0,0,0,0,0,0,0,0,0,0
130997,1,1,0,0,0,0,0,0,0,0,0,0
130998,1,1,0,0,0,0,0,0,0,0,0,0
130999,1,1,14,14,14,14,14,14,14,14,14,14
130999,2,1,0,0,0,0,0,0,0,0,0,0
131000,1,1,0,0,0,0,0,0,0,0,0,0
131000,2,1,0,0,0,0,0,0,0,0,0,0
131001,1,1,30,30,30,30,30,30,30,30,30,30
131002,0,1,19,19,19,19,19,19,19,19,19,19
131002,1,1,0,0,0,0,15,14,0,0,0,0
131003,1,1,15,15,15,15,15,15,15,15,15,15
131003,2,1,0,0,0,0,0,0,0,0,0,0
131004,0,1,23,23,23,23,23,23,23,23,23,23
131004,1,1,0,0,0,0,2,0,0,0,6,0
131005,1,1,0,0,0,0,0,0,0,5,0,0
131005,2,1,0,0,0,0,0,0,0,0,0,0
131006,1,1,0,0,0,0,0,0,0,0,0,0
131006,2,1,0,0,0,0,0,0,0,0,0,0
131007,1,1,0,0,0,0,0,0,0,0,0,0
131007,2,1,0,0,0,0,0,0,0,0,0,0
131008,1,1,0,0,37,0,17,0,0,0,0,23
131008,2,1,0,0,0,0,0,0,0,0,0,0
131009,0,1,0,0,0,0,0,0,0,0,0,0
131009,1,1,0,0,0,0,0,0,0,0,0,0
131010,1,1,0,0,0,0,0,0,0,0,0,0
131010,2,1,0,0,0,0,0,0,0,0,0,0
131011,0,1,0,0,0,0,0,0,0,0,0,0
131011,1,1,0,0,0,0,0,0,0,0,0,0
131012,0,1,0,0,0,0,0,0,0,0,0,0
131012,1,1,0,0,0,0,0,5,0,0,10,0
131013,1,1,0,0,0,0,24,0,0,0,38,0
131014,1,1,0,4,0,0,0,0,6,0,0,0
131014,2,1,0,0,0,0,0,0,0,0,0,0
131015,1,1,0,0,0,0,0,0,0,0,0,0
131016,1,1,3,3,3,3,3,3,3,3,3,3
131017,1,1,0,0,0,0,0,0,0,0,0,0
131018,0,1,0,0,0,0,0,0,0,0,0,0
131018,1,1,0,0,0,0,0,0,0,0,0,0
131019,0,1,9,9,9,9,9,9,9,9,9,9
131019,1,1,0,0,0,0,0,0,0,0,0,0
131020,1,1,0,0,0,0,0,0,0,0,0,0
131020,2,1,0,0,0,0,0,0,0,0,0,0
131021,0,1,0,0,0,0,0,0,0,12,0,0
131021,1,1,0,0,0,0,0,0,0,0,0,0
131022,1,1,32,0,0,0,9,0,18,0,0,0
131023,1,1,0,0,0,0,0,0,0,0,0,0
131023,2,1,0,0,0,0,0,0,0,0,0,0
131024,1,1,0,0,0,0,0,0,0,0,0,0
131025,1,1,0,0,0,37,0,0,0,0,0,2
131025,2,1,0,0,0,0,0,0,0,0,0,0
131026,1,1,0,0,0,0,0,0,0,0,0,0
131027,1,1,0,0,0,0,0,0,0,0,0,0
131028,0,1,15,15,15,15,15,15,15,15,15,15
131028,1,1,0,21,16,0,16,0,0,0,0,0
131029,1,1,0,0,0,0,0,0,0,0,0,0
131030,1,1,2,2,2,2,2,2,2,2,2,2
131030,2,1,5,0,0,0,0,0,0,0,0,0
131031,1,1,0,0,0,0,0,0,0,0,0,0
131032,0,1,23,23,23,23,23,23,23,23,23,23
131032,1,1,0,27,0,11,11,8,0,0,0,0
131033,1,1,0,0,0,0,0,0,0,0,0,0
131034,1,1,0,0,0,0,0,0,0,0,0,0
131034,2,1,0,0,0,0,0,0,0,0,0,13
131035,0,1,35,35,35,35,35,35,35,35,35,35
131035,1,1,0,0,0,0,8,0,0,0,0,0
131036,0,1,0,0,0,0,0,0,0,0,0,0
131036,1,1,0,0,0,0,0,0,0,0,0,0
131036,2,1,0,0,0,0,0,0,0,0,0,0
131037,0,1,0,0,0,0,0,0,0,0,0,0
131037,1,1,0,0,0,0,0,15,0,6,0,0
131038,1,1,0,0,0,0,0,0,0,0,0,0
131038,2,1,0,0,0,0,0,0,0,0,0,0
131039,1,1,0,0,0,0,0,0,0,0,0,0
131039,2,1,4,4,4,4,4,4,4,4,4,4
131040,1,1,0,0,0,0,0,0,0,0,0,0
131040,2,1,0,0,0,0,0,0,0,0,0,0
131041,1,1,29,29,29,29,29,29,29,29,29,29
131042,1,1,0,0,0,0,0,0,0,0,0,0
131042,2,1,0,0,0,0,0,0,0,0,0,0
131043,1,1,0,0,0,0,0,0,0,0,0,0
131043,2,1,11,11,11,11,11,11,11,11,11,11
131044,0,1,0,42,48,11,0,32,5,0,21,12
131044,1,1,0,0,0,0,0,0,0,0,0,0
131045,1,1,0,0,0,0,0,0,0,0,0,0
131046,1,1,0,0,0,0,0,0,7,0,0,0
131046,2,1,0,0,0,0,0,0,0,0,0,0
131047,1,1,0,0,0,0,0,0,0,0,0,0
131048,1,1,0,0,0,0,0,0,0,0,0,0
131049,1,1,15,15,23,19,0,0,0,32,16,31
131049,2,1,0,0,0,0,0,0,0,0,0,0
131050,1,1,0,0,0,0,0,0,19,0,0,24
131051,1,1,0,0,0,0,0,0,0,0,0,0
131052,1,1,0,0,0,0,0,0,0,0,0,0
131052,2,1,0,0,0,0,25,0,0,0,0,0
131053,1,1,14,11,5,10,21,26,30,28,19,11
131054,0,1,0,0,0,0,0,0,0,0,0,0
131054,1,1,0,0,0,0,0,0,0,0,0,0
131055,1,1,9,9,9,9,9,9,9,9,9,9
131056,1,1,16,16,16,16,16,16,16,16,16,16
131057,0,1,0,0,0,0,0,0,0,0,0,0
131057,1,1,0,0,0,0,0,0,0,0,0,3
131058,1,1,13,13,13,13,13,13,13,13,13,13
131059,1,1,0,0,0,0,0,0,0,0,0,0
131060,1,1,0,0,0,0,0,0,0,0,0,0
131060,2,1,0,0,4,0,0,0,12,0,0,0
131060,3,1,0,0,0,0,0,0,0,0,0,0
131061,1,1,0,0,0,0,0,0,0,0,0,0
131061,2,1,0,0,0,0,0,0,0,0,0,0
131062,1,1,12,0,16,10,10,6,0,8,14,15
131063,1,1,0,0,0,0,0,0,0,0,0,0
131063,2,1,0,0,0,0,0,0,0,0,0,0
131064,1,1,15,20,0,0,0,0,0,0,0,0
131065,1,1,0,0,0,0,0,0,0,0,11,0
131065,2,1,0,0,0,0,0,0,0,0,0,0
131066,1,1,0,0,0,0,0,40,19,0,26,9
131067,0,1,14,14,14,14,14,14,14,14,14,14
131067,1,1,0,0,0,0,3,0,0,0,0,0
131068,1,1,0,0,0,0,0,0,0,0,0,0
131069,1,1,0,0,0,0,0,0,0,0,0,0
131070,0,1,14,0,45,19,25,0,9,10,0,0
131070,1,1,0,0,0,0,0,0,0,0,17,0
131071,0,1,0,0,0,0,0,0,0,0,12,0
131071,1,1,0,0,0,0,0,0,0,0,0,0
131072,1,1,0,0,0,0,0,0,0,0,0,0
131072,2,1,0,0,0,0,0,0,0,0,0,0
131072,3,1,0,0,0,0,0,0,0,0,0,0
131073,1,1,0,0,0,0,0,0,0,0,0,0
131073,2,1,0,0,0,0,0,0,0,0,0,0
131074,0,1,0,0,0,0,0,0,0,0,0,0
131074,1,1,0,0,0,0,0,0,0,0,0,0
131075,0,1,8,0,0,0,0,13,4,19,0,18
131075,1,1,25,0,0,0,0,0,0,0,0,0
131076,1,1,0,0,0,0,9,0,0,0,0,0
131078,1,1,7,7,7,7,7,7,7,7,7,7