ST_CASE,VEH_NO,PER_NO,P1,P2,P3,P4,P5,P6,P7,P8,P9,P10
131393,1,1,0,0,0,0,0,0,0,0,0,0
131394,1,1,21,21,7,18,26,4,12,10,21,26
131395,1,1,0,0,0,0,0,0,0,0,0,0
131395,2,1,0,0,12,0,40,14,0,0,0,0
131396,1,1,0,0,0,0,0,0,0,0,0,0
131396,2,1,0,0,0,0,0,0,0,0,0,0
131397,1,1,0,0,0,0,0,0,0,0,0,0
131398,1,1,9,9,9,9,9,9,9,9,9,9
131399,1,1,18,18,18,18,18,18,18,18,18,18
131400,0,1,14,0,0,0,0,19,0,0,27,0
131400,1,1,0,0,0,0,17,3,0,0,0,0
131401,1,1,0,0,0,0,0,7,0,0,0,0
131401,2,1,0,0,0,0,0,0,0,0,0,0
131402,1,1,0,0,0,0,0,0,0,0,0,0
131402,2,1,0,0,0,0,0,0,0,0,0,0
131403,0,1,0,0,4,0,0,18,0,9,0,0
131403,1,1,0,0,0,0,0,0,0,0,0,0
131404,1,1,0,0,0,0,0,0,0,0,0,0
131405,1,1,0,0,0,0,0,0,0,0,0,0
131405,2,1,0,0,0,0,0,0,0,0,0,0
131405,3,1,0,0,0,0,0,0,0,0,0,0
131405,4,1,0,0,0,0,0,0,0,0,0,0
131406,0,1,0,0,0,0,0,0,0,0,0,0
131406,1,1,0,0,0,0,0,0,0,0,0,0
131407,0,1,0,0,0,0,0,0,0,0,0,0
131407,1,1,0,0,0,0,0,0,0,0,0,0
131408,1,1,0,0,0,0,0,0,0,0,0,0
131409,1,1,25,25,25,25,25,25,25,25,25,25
131410,1,1,0,0,0,0,0,0,0,0,0,0
131410,2,1,0,0,0,0,0,0,0,0,0,0
131411,0,1,21,21,21,21,21,21,21,21,21,21
131411,1,1,0,0,0,0,0,0,0,0,0,0
131412,1,1,0,0,14,15,0,0,0,0,0,0
131412,2,1,0,0,0,0,0,0,0,0,14,14
131413,1,1,18,18,18,18,18,18,18,18,18,18
131414,0,1,5,5,5,5,5,5,5,5,5,5
131414,1,1,0,0,0,0,0,0,0,0,0,0
131415,1,1,15,15,14,0,0,18,0,0,0,0
131415,2,1,0,0,0,0,0,0,0,0,0,0
131415,3,1,0,0,0,0,0,0,0,0,0,0
131415,4,1,9,0,0,17,0,0,0,0,0,0
131416,0,1,0,0,0,0,0,0,0,0,0,0
131416,1,1,0,0,0,4,0,0,0,0,0,0
131417,0,1,0,0,0,0,9,0,0,0,0,0
131417,1,1,0,0,0,0,0,0,0,0,0,0
131418,1,1,0,0,0,0,0,0,0,0,0,0
131419,1,1,0,0,0,0,0,0,0,0,0,0
131420,0,1,0,0,0,0,0,0,0,0,0,0
131420,1,1,0,0,0,0,0,0,0,0,0,0
131421,1,1,0,0,0,0,0,0,0,0,0,0
131421,2,1,0,0,0,0,0,0,0,0,0,0
131422,1,1,25,25,25,25,25,25,25,25,25,25
131423,1,1,17,17,17,17,17,17,17,17,17,17
131424,1,1,2,2,2,2,2,2,2,2,2,2
131425,1,1,0,42,0,0,0,0,0,0,0,0
131425,2,1,0,0,0,0,0,0,0,0,0,0
131426,0,1,0,28,0,38,0,0,0,0,0,0
131426,0,2,0,0,0,0,0,0,0,0,0,0
131426,0,3,0,0,0,0,0,0,0,0,0,0
131426,1,1,0,0,0,0,0,0,0,0,0,0
131427,0,1,27,27,27,27,27,27,27,27,27,27
131427,1,1,0,0,0,0,9,0,0,16,0,0
131428,1,1,20,20,20,20,20,20,20,20,20,20
131429,0,1,0,0,0,0,0,15,0,0,6,0
131429,1,1,0,0,0,0,0,0,0,0,0,0
131430,1,1,22,22,22,22,22,22,22,22,22,22
131431,1,1,0,0,0,0,0,0,0,0,0,0
131431,2,1,0,0,0,0,0,0,0,0,0,0
131431,3,1,0,0,0,0,0,0,0,0,0,0
131432,1,1,0,0,41,0,0,0,0,0,13,12
131433,0,1,24,24,24,24,24,24,24,24,24,24
131433,1,1,0,0,0,0,0,0,0,0,0,0
150001,0,1,20,20,20,20,20,20,20,20,20,20
150001,1,1,15,0,0,10,0,0,0,0,0,23
150002,1,1,0,0,0,0,0,0,0,0,0,0
150002,2,1,0,0,0,0,0,0,0,0,0,0
150003,1,1,0,0,0,0,0,0,0,0,0,0
150004,1,1,18,18,18,18,18,18,18,18,18,18
150005,0,1,0,0,0,29,0,0,0,15,0,0
150005,1,1,0,0,0,0,0,14,0,24,7,17
150006,0,1,0,9,49,0,0,30,10,0,12,27
150006,1,1,13,22,0,28,13,0,20,0,10,0
150007,0,1,0,26,0,0,0,0,9,21,20,10
150007,1,1,0,13,0,0,0,0,0,0,0,0
150008,1,1,0,0,0,0,0,0,0,0,0,0
150009,1,1,22,22,22,22,22,22,22,22,22,22
150010,0,1,0,20,0,0,0,0,0,0,8,0
150010,1,1,15,15,15,15,15,15,15,15,15,15
150012,0,1,0,0,0,0,0,0,0,0,0,0
150012,1,1,4,25,4,11,17,0,9,6,13,10
150013,1,1,13,0,0,0,0,5,25,0,0,0
150013,2,1,0,0,0,0,0,0,0,0,0,20
150014,1,1,0,0,0,0,0,0,0,0,0,0
150015,1,1,0,0,0,0,0,0,0,0,0,0
150016,0,1,0,0,0,0,0,0,0,0,0,0
150016,1,1,0,0,0,0,0,0,0,0,0,0
150017,1,1,0,0,0,0,0,0,0,0,0,0
150017,2,1,0,0,0,0,0,0,0,0,0,0
150018,1,1,11,0,5,0,18,12,24,18,31,27
150018,2,1,0,0,0,16,0,0,16,0,0,19
150019,0,1,10,10,10,10,10,10,10,10,10,10
150019,1,1,0,0,0,0,0,0,0,0,0,0
150020,1,1,0,0,0,0,0,0,0,0,0,0
150020,2,1,0,0,0,0,0,0,0,0,0,0
150021,0,1,32,32,32,32,32,32,32,32,32,32
150021,1,1,0,2,0,0,0,0,0,0,0,0
150022,1,1,0,0,0,0,0,0,0,0,0,0
150023,1,1,0,11,0,0,0,0,0,0,0,20
150024,1,1,28,28,28,28,28,28,28,28,28,28
150025,1,1,0,0,0,0,0,0,0,0,0,0
150026,0,1,0,0,0,0,0,0,0,0,0,0
150026,1,1,0,0,0,0,16,0,0,0,0,0
150027,0,1,21,21,21,21,21,21,21,21,21,21
150027,1,1,0,0,0,0,0,0,0,0,0,0
150029,0,1,0,0,0,0,0,0,0,0,0,0
150029,1,1,13,13,13,13,13,13,13,13,13,13
150030,1,1,0,0,0,0,0,0,0,0,0,0
150030,2,1,0,0,0,8,20,0,0,0,0,0
150031,1,1,0,0,0,0,0,0,0,0,0,0
150031,2,1,0,0,0,0,0,0,0,0,0,0
150032,1,1,0,0,0,0,0,0,0,0,0,0
150033,1,1,0,0,0,0,0,0,0,0,0,0
150034,1,1,16,0,0,0,0,0,0,0,0,0
150034,2,1,11,0,0,0,0,0,0,0,0,0
150035,0,1,0,0,0,0,0,0,0,0,0,0
150035,1,1,27,0,0,0,0,0,0,0,0,0
150036,1,1,7,7,7,7,7,7,7,7,7,7
150038,0,1,0,0,0,0,0,0,0,0,0,0
150038,1,1,0,0,0,0,0,0,0,0,0,0
150039,0,1,0,0,0,0,0,20,0,14,0,0
150039,1,1,0,0,0,0,0,0,0,0,0,0
150040,1,1,0,0,0,0,0,0,0,0,0,0
150040,2,1,0,0,0,0,0,0,0,0,0,0
150041,1,1,18,18,18,18,18,18,18,18,18,18
150041,2,1,0,0,0,0,0,0,0,0,0,0
150042,1,1,0,0,0,0,0,0,0,0,0,0
150042,2,1,4,4,4,4,4,4,4,4,4,4
150043,0,1,0,0,0,0,0,0,0,0,0,0
150043,1,1,0,38,40,0,0,0,16,0,0,10
150044,0,1,16,16,16,16,16,16,16,16,16,16
150044,1,1,0,0,13,0,0,0,0,0,0,0
150045,1,1,0,0,0,0,0,0,0,0,0,0
150046,1,1,15,0,0,0,8,16,0,2,0,0
150047,1,1,10,0,0,23,11,6,13,0,8,0
150048,1,1,14,14,14,14,14,14,14,14,14,14
150048,2,1,0,0,0,0,0,0,0,0,0,0
150049,1,1,28,0,0,29,0,0,26,21,12,0
150050,1,1,0,0,0,9,0,0,19,0,0,0
150050,2,1,0,0,0,0,0,0,0,0,0,0
150051,0,1,0,14,0,24,0,16,0,21,30,13
150051,1,1,0,0,0,0,0,0,0,3,0,0
150052,0,1,0,0,0,0,0,0,0,0,0,0
150052,1,1,0,0,0,0,0,0,0,0,0,13
150053,1,1,17,17,17,17,17,17,17,17,17,17
150054,1,1,0,0,0,0,0,0,0,0,0,0
150055,1,1,16,16,16,16,16,16,16,16,16,16
150055,2,1,0,0,16,13,10,11,0,0,0,0
150056,1,1,0,0,25,10,0,18,0,23,0,0
150056,2,1,21,0,0,0,0,14,0,0,0,0
150057,0,1,0,0,0,0,0,0,42,0,0,0
150057,1,1,0,0,0,0,0,0,0,0,0,0
150058,1,1,17,17,17,17,17,17,17,17,17,17
150059,1,1,0,0,0,0,0,0,0,0,0,0
150059,2,1,0,0,0,0,0,0,0,0,0,0
150060,0,1,0,0,0,9,0,0,0,0,0,0
150060,1,1,0,0,0,0,30,9,0,0,0,0
150061,1,1,0,0,0,0,0,0,0,0,0,0
150062,0,1,0,0,0,0,0,0,0,0,0,0
150063,1,1,0,0,0,0,0,0,0,0,0,0
150064,1,1,0,0,0,14,0,0,0,0,0,0
150064,2,1,0,0,0,0,0,0,0,0,0,0
150065,1,1,0,0,0,0,0,0,0,0,0,3
150065,2,1,0,0,0,0,0,0,0,0,0,0
150066,1,1,0,0,0,0,0,0,0,0,0,0
150067,1,1,0,0,0,0,0,0,0,0,0,0
150068,1,1,17,17,17,17,17,17,17,17,17,17
150069,1,1,0,0,0,0,0,0,0,0,0,0
150069,2,1,0,0,0,0,0,0,0,0,0,0
150070,1,1,0,0,10,0,0,0,0,0,0,0
150070,2,1,0,0,0,0,0,0,0,0,0,0
150071,1,1,15,15,15,15,15,15,15,15,15,15
150071,2,1,16,16,16,16,16,16,16,16,16,16
150072,0,1,0,0,0,0,0,0,0,0,0,0
150072,1,1,0,0,0,0,13,0,0,0,0,12
150073,0,1,0,0,0,0,0,0,0,0,0,0
150073,1,1,0,0,0,16,0,0,7,0,4,9
150074,0,1,0,0,0,0,0,0,11,0,0,0
150074,1,1,0,0,0,0,0,0,0,0,0,0
150075,1,1,0,0,0,0,0,0,0,0,0,0
150076,1,1,0,0,0,0,0,0,0,0,0,0
150077,1,1,0,0,0,0,0,0,0,0,0,0
150077,2,1,0,0,0,0,0,0,0,0,0,0
150078,1,1,0,0,0,0,0,0,0,0,0,0
150079,1,1,18,18,18,18,18,18,18,18,18,18
150079,2,1,0,0,0,0,0,0,4,0,0,0
150079,3,1,0,0,0,0,6,21,0,0,0,0
150080,1,1,23,23,23,23,23,23,23,23,23,23
150081,1,1,0,0,0,0,0,0,0,0,0,0
150081,2,1,0,0,0,24,0,0,0,20,0,0
150081,3,1,0,0,0,0,0,0,0,0,0,0
150081,4,1,0,0,0,0,0,0,0,0,0,0
150082,0,1,0,0,0,0,0,0,0,0,0,0
150082,1,1,0,0,0,0,0,0,0,0,0,0
150083,1,1,0,0,0,0,0,0,0,0,0,0
150083,2,1,0,0,0,0,0,0,0,0,0,0
150084,1,1,0,0,20,36,14,0,0,9,28,0
150085,1,1,0,0,4,0,0,18,0,0,12,0
150085,3,1,6,9,12,17,0,4,7,22,9,11
150085,4,1,12,10,12,0,11,6,5,0,0,0
150086,1,1,0,0,0,0,0,0,0,0,0,0
150086,2,1,0,0,0,11,0,0,0,0,0,0
150087,1,1,0,0,0,0,0,0,0,0,0,0
150087,2,1,0,0,0,0,0,0,0,0,0,0
150088,1,1,0,0,0,0,26,0,0,0,0,0
150088,2,1,0,0,0,0,0,0,0,0,0,0
150088,3,1,0,0,0,0,0,0,0,0,0,0
150089,0,1,14,7,0,11,0,0,21,0,0,0
150089,1,1,0,0,0,0,0,15,0,0,0,0
150090,1,1,24,24,24,24,24,24,24,24,24,24
150091,0,1,0,0,0,0,0,0,0,0,0,0
150091,1,1,0,0,0,0,0,0,0,0,0,0
150092,1,1,0,0,0,0,0,0,0,0,0,0
150092,2,1,0,18,0,0,28,8,0,19,0,0
150093,1,1,0,0,0,0,0,0,0,0,0,0
150093,2,1,0,0,0,0,0,0,0,0,0,0
150093,3,1,0,0,0,0,0,0,0,0,0,0
150094,1,1,21,21,21,21,21,21,21,21,21,21
150095,0,1,35,0,0,26,26,24,0,0,13,0
150095,1,1,0,8,0,0,0,13,0,0,10,0
150096,0,1,0,0,0,0,0,0,12,0,0,0
150096,1,1,23,0,0,0,0,0,0,20,14,5
150097,1,1,0,10,0,13,14,0,27,32,0,0
150097,2,1,0,0,0,18,14,0,0,0,6,3
150098,1,1,13,0,5,9,0,0,5,0,26,18
150099,1,1,0,32,19,0,12,0,0,0,0,15
150099,2,1,0,0,0,0,0,0,22,0,0,0
150100,1,1,0,0,0,16,0,0,0,0,0,0
150101,0,1,0,0,0,0,0,0,5,0,0,0
150101,0,2,0,0,0,0,0,0,0,0,0,0
150101,0,3,0,0,0,0,0,0,0,0,0,0
150101,1,1,10,10,10,10,10,10,10,10,10,10
150101,2,1,0,16,15,0,0,9,0,0,0,0
150102,0,1,0,0,0,14,0,0,0,0,0,10
150102,1,1,0,0,13,0,0,0,0,0,0,0
150103,1,1,0,0,0,0,0,7,21,0,0,0
150104,1,1,0,0,0,0,0,0,0,0,0,0
150104,2,1,0,0,0,0,0,0,0,0,0,0
150105,1,1,0,0,0,0,0,0,0,0,0,0
150105,2,1,0,0,0,0,0,0,0,0,0,0
150106,1,1,2,2,2,2,2,2,2,2,2,2
150107,1,1,6,27,25,14,17,8,7,12,15,17
150108,0,1,0,0,0,0,0,12,0,0,12,13
150108,1,1,0,0,0,0,0,0,0,0,0,0
150109,1,1,0,0,0,0,0,0,0,0,0,0
150110,1,1,0,0,0,0,0,0,0,0,0,0
150110,2,1,0,0,0,0,0,0,0,0,0,0
150110,3,1,0,0,0,0,0,21,0,0,0,20
150111,1,1,9,0,0,0,14,17,0,0,12,0
150112,1,1,11,11,11,11,11,11,11,11,11,11
150112,2,1,0,0,0,0,0,0,0,0,0,0
160001,1,1,0,0,0,0,0,0,0,0,0,0
160001,2,1,0,0,0,0,0,0,0,0,0,0
160002,1,1,0,0,0,0,0,0,0,0,0,0
160003,0,1,0,0,0,9,0,0,0,0,0,0
160004,1,1,0,0,0,0,0,0,0,0,0,0
160004,2,1,0,0,0,0,0,0,0,0,0,0
160005,1,1,20,20,20,20,20,20,20,20,20,20
160005,2,1,0,0,0,0,0,0,0,0,0,0
160006,1,1,29,29,29,29,29,29,29,29,29,29
160006,2,1,0,0,0,0,0,0,0,0,0,0
160007,0,1,0,0,20,0,0,0,0,15,0,0
160007,1,1,0,0,9,0,11,0,0,0,0,0
160008,1,1,30,30,30,30,30,30,30,30,30,30
160009,1,1,0,0,0,0,0,0,0,0,0,0
160009,2,1,0,0,0,0,14,0,0,0,0,0
160009,3,1,14,0,0,0,0,0,0,0,0,0
160009,4,1,0,0,0,17,0,0,0,0,7,0
160010,1,1,0,0,0,0,0,0,0,0,29,0
160010,2,1,0,0,0,0,11,0,0,0,0,0
160011,0,1,0,0,0,0,0,0,0,0,0,0
160011,1,1,0,0,0,0,0,0,0,0,0,0
160012,1,1,0,0,0,0,0,0,0,0,0,0
160012,2,1,7,7,7,7,7,7,7,7,7,7
160013,1,1,0,0,0,0,0,0,0,0,0,0
160013,2,1,0,0,0,0,0,0,0,0,0,0
160014,1,1,0,0,0,0,0,0,0,0,0,0
160014,2,1,0,0,0,0,0,0,0,0,0,0
160015,1,1,14,0,0,0,0,0,0,0,0,0
160015,2,1,0,0,0,0,0,0,0,0,0,0
160016,1,1,14,14,14,14,14,14,14,14,14,14
160017,1,1,0,0,0,0,0,0,0,0,0,0
160017,2,1,0,0,0,0,0,0,0,0,0,0
160018,1,1,20,20,20,20,20,20,20,20,20,20
160019,1,2,14,10,0,0,0,0,5,13,24,0
160020,1,1,15,0,0,0,7,0,18,0,25,0
160021,1,1,0,0,0,0,0,0,0,0,0,0
160021,2,1,0,0,0,0,0,0,0,0,0,0
160022,1,1,0,0,0,0,0,0,0,0,0,0
160022,2,1,0,0,0,0,0,0,0,0,0,0
160023,1,1,27,27,27,27,27,27,27,27,27,27
160024,1,1,0,0,0,0,0,0,27,24,10,0
160025,1,1,0,0,0,6,20,6,21,12,0,0
160026,1,1,22,0,0,0,0,0,0,0,0,0
160026,2,1,10,0,0,0,0,0,0,0,0,0
160027,1,1,0,16,0,0,0,24,28,36,0,20
160027,2,1,0,0,18,0,0,0,0,0,0,0
160028,1,1,0,0,0,0,0,0,0,0,0,0
160028,2,1,0,0,0,0,0,0,0,0,0,0
160029,1,1,16,16,16,16,16,16,16,16,16,16
160030,1,1,20,20,20,20,20,20,20,20,20,20
160031,1,1,30,9,5,14,10,26,13,17,14,27
160032,1,1,0,0,0,0,0,0,0,0,0,0
160032,2,1,0,0,0,0,0,0,0,0,0,38
160033,1,1,0,0,0,0,0,0,0,0,0,0
160033,2,1,0,0,0,0,0,0,0,0,0,0
160034,1,1,0,0,0,0,0,0,0,0,0,0
160035,1,1,16,16,16,16,16,16,16,16,16,16
160036,1,1,0,0,0,0,0,0,0,0,24,0
160036,2,1,0,0,0,0,0,0,0,0,0,0
160037,1,1,0,0,0,0,0,0,0,0,0,0
160037,2,1,20,0,32,0,0,0,0,0,0,24
160038,0,1,0,0,0,0,0,0,0,0,0,0
160038,1,1,0,0,0,0,0,0,0,0,0,0
160039,1,1,13,14,2,16,15,12,17,10,3,12
160040,1,1,18,18,18,18,18,18,18,18,18,18
160040,2,1,0,0,0,0,0,0,0,0,0,0
160041,0,1,19,19,19,19,19,19,19,19,19,19
160041,1,1,0,0,0,0,0,0,0,0,0,0
160042,1,1,0,0,0,0,0,0,0,0,0,0
160043,1,1,0,0,0,0,0,0,0,0,0,0
160044,1,1,0,0,0,0,0,0,0,0,0,0
160045,1,1,12,12,12,12,12,12,12,12,12,12
160045,2,1,0,0,0,0,0,0,0,0,0,0
160046,1,1,17,17,17,17,17,17,17,17,17,17
160047,1,1,22,22,22,22,22,22,22,22,22,22
160048,1,1,0,0,0,0,0,0,0,0,0,0
160049,1,1,0,0,0,0,0,0,0,0,0,0
160049,2,1,0,0,0,0,0,0,0,0,0,0
160050,1,1,18,18,18,18,18,18,18,18,18,18
160051,1,1,0,0,0,0,0,0,0,0,0,0
160052,1,1,11,11,11,11,11,11,11,11,11,11
160052,2,1,0,0,0,0,0,0,0,0,0,0
160053,0,1,0,0,0,0,0,0,0,0,0,0
160053,1,1,0,0,0,0,0,0,0,0,0,0
160054,1,1,0,0,0,0,0,0,0,0,0,0
160054,2,1,0,0,0,0,0,0,0,13,0,0
160055,1,1,0,0,0,0,0,0,0,0,0,0
160055,2,1,0,0,0,0,0,0,0,0,0,0
160057,1,1,0,0,0,0,0,0,0,0,0,0
160057,2,1,0,0,0,0,0,0,0,0,0,0
160058,1,1,25,25,25,25,25,25,25,25,25,25
160058,2,1,0,0,0,0,0,0,0,0,0,0
160059,1,1,12,12,12,12,12,12,12,12,12,12
160060,1,1,0,0,0,0,0,0,0,0,0,0
160061,0,1,0,0,0,0,0,0,0,0,0,0
160061,1,1,0,0,0,0,0,0,0,0,0,0
160062,1,1,0,0,0,21,0,0,0,0,0,0
160063,1,1,11,6,29,27,11,11,7,31,11,23
160064,1,1,0,0,0,0,0,0,0,0,0,0
160065,1,1,0,0,0,0,0,0,0,0,0,0
160066,0,1,0,0,0,0,0,0,8,0,0,0
160066,1,1,0,17,0,0,0,0,0,0,0,10
160067,1,1,1,1,1,1,1,1,1,1,1,1
160068,1,1,0,0,0,0,0,0,0,0,0,0
160068,2,1,0,0,0,0,0,0,0,0,0,11
160068,3,1,0,0,0,0,0,0,0,0,0,0
160069,1,1,0,0,0,11,0,0,9,0,0,0
160070,1,1,5,11,16,6,15,11,16,17,26,20
160071,1,1,13,13,13,13,13,13,13,13,13,13
160071,2,1,0,0,0,0,0,0,0,0,0,0
160072,1,1,24,24,24,24,24,24,24,24,24,24
160073,1,1,20,0,0,0,0,0,0,0,0,0
160073,2,1,0,0,0,0,0,0,0,0,0,0
160074,1,1,25,25,25,25,25,25,25,25,25,25
160074,2,1,0,0,0,0,0,0,0,0,0,0
160075,1,1,0,0,0,0,0,0,0,0,0,0
160076,1,1,0,0,0,0,0,0,0,0,0,0
160076,2,1,0,4,0,0,0,0,0,9,0,0
160077,1,1,0,0,0,0,0,0,0,0,0,0
160077,2,1,0,0,0,0,0,0,0,0,0,0
160078,1,1,0,0,0,0,0,17,7,0,0,0
160079,1,1,0,0,0,0,0,0,0,0,0,0
160080,1,1,0,0,0,0,0,0,0,0,0,0
160081,1,1,0,0,0,0,0,0,0,0,0,0
160082,1,1,0,0,0,0,0,0,0,0,0,0
160083,1,1,0,0,0,0,0,0,0,0,0,0
160083,2,1,0,0,0,0,0,0,0,0,0,0
160084,0,1,0,0,0,0,0,0,0,0,0,0
160084,1,1,15,15,20,15,35,0,6,18,0,9
160085,1,1,0,0,0,0,0,0,0,0,0,0
160086,1,1,0,0,0,0,0,0,0,0,0,0
160086,2,1,0,0,0,0,0,0,0,0,0,0
160087,1,1,0,0,0,0,0,0,0,0,0,0
160088,1,1,13,0,18,8,0,6,21,9,11,0
160089,1,1,3,3,3,3,3,3,3,3,3,3
160090,1,1,0,0,0,0,0,0,0,0,0,0
160090,2,1,25,0,0,0,0,0,0,0,0,0
160091,1,1,27,27,27,27,27,27,27,27,27,27
160092,1,1,10,14,16,17,11,0,25,0,16,21
160093,1,1,21,21,21,21,21,21,21,21,21,21
160094,1,1,17,17,17,17,17,17,17,17,17,17
160095,1,1,18,18,18,18,18,18,18,18,18,18
160096,1,1,28,28,28,28,28,28,28,28,28,28
160097,1,1,29,29,29,29,29,29,29,29,29,29
160098,1,1,0,0,0,0,0,0,0,0,0,0
160099,1,1,0,0,0,0,0,0,0,19,0,0
160099,2,1,0,0,0,0,0,0,0,0,0,0
160100,1,1,1,1,1,1,1,1,1,1,1,1
160100,2,1,0,0,0,0,0,0,0,0,32,30
160100,3,1,0,0,0,0,0,0,0,0,0,0
160101,0,1,0,0,0,0,0,0,0,0,0,0
160101,1,1,0,0,0,0,0,0,0,0,0,0
160102,1,1,0,0,0,0,0,0,0,0,0,0
160102,2,1,0,0,0,0,0,0,0,0,0,0
160103,0,1,0,0,0,0,0,0,9,0,0,0
160103,0,2,0,0,0,0,0,0,0,0,0,0
160103,1,1,0,0,0,0,0,0,0,0,0,0
160104,1,1,16,16,16,16,16,16,16,16,16,16
160105,1,1,0,0,0,0,0,0,0,0,0,0
160106,0,1,0,0,0,0,0,0,0,0,0,0
160106,1,1,0,0,0,0,0,0,0,0,0,0
160107,1,1,26,26,26,26,26,26,26,26,26,26
160108,1,1,0,0,0,0,0,0,5,0,0,0
160109,1,1,9,9,9,9,9,9,9,9,9,9
160110,1,1,16,0,0,0,0,0,0,12,0,0
160111,1,1,0,0,0,0,0,0,0,0,0,0
160111,2,1,0,0,0,0,0,0,0,0,0,0
160112,1,1,0,0,11,0,0,0,0,4,0,0
160113,0,1,0,0,0,0,0,0,0,0,0,0
160113,0,2,0,0,0,0,0,0,0,0,0,0
160113,1,1,0,0,0,0,0,0,0,0,0,0
160114,1,1,0,11,0,0,9,0,0,0,0,6
160114,2,1,9,4,10,19,0,10,0,0,0,19
160115,1,1,0,0,0,0,0,0,0,0,0,0
160115,2,1,0,0,0,0,0,0,0,0,0,0
160116,1,1,27,27,27,27,27,27,27,27,27,27
160117,1,1,0,0,0,0,0,0,0,0,0,0
160118,1,1,0,0,0,28,0,0,0,0,0,0
160119,1,1,22,22,22,22,22,22,22,22,22,22
160120,1,1,0,0,0,0,0,0,0,0,0,0
160121,1,1,0,0,0,0,0,0,0,0,0,0
160122,1,1,23,0,0,0,11,25,0,23,18,0
160123,1,1,0,0,0,0,0,0,0,0,0,0
160124,1,1,0,0,33,0,0,0,17,0,0,0
160124,2,1,0,0,0,0,0,0,0,0,0,0
160125,1,1,0,0,0,0,0,0,0,0,0,0
160126,1,1,0,0,0,0,0,0,0,0,0,0
160126,2,1,0,0,0,0,0,0,0,0,0,0
160127,1,1,24,24,24,24,24,24,24,24,24,24
160128,1,1,0,0,0,0,0,0,0,0,0,0
160128,2,1,0,0,0,0,0,0,0,0,0,0
160129,0,1,0,0,0,0,0,0,0,0,0,0
160129,1,1,0,0,0,0,0,0,0,0,0,0
160130,1,1,0,0,0,0,0,0,0,0,0,14
160131,1,1,0,0,0,0,0,12,0,0,0,0
160131,2,1,0,0,0,0,0,12,0,0,0,0
160132,0,1,19,19,19,19,19,19,19,19,19,19
160132,1,1,0,7,0,0,0,0,0,0,0,0
160133,1,1,0,0,0,0,0,13,0,0,0,0
160134,0,1,0,0,0,0,0,0,0,0,0,0
160134,1,1,0,0,16,0,0,0,0,0,37,0
160135,1,1,0,0,0,0,0,0,0,0,0,0
160136,1,1,8,10,0,0,0,0,29,0,25,0
160137,1,1,8,8,8,8,8,8,8,8,8,8
160138,1,1,9,9,9,9,9,9,9,9,9,9
160139,1,1,26,26,26,26,26,26,26,26,26,26
160140,1,1,0,0,0,0,0,9,0,0,0,0
160140,2,1,0,23,0,0,6,0,0,0,0,0
160141,1,1,0,0,0,0,0,0,0,0,0,0
160141,2,1,0,0,0,0,0,0,4,0,0,0
160142,1,1,9,13,11,15,0,19,10,26,10,4
160142,2,1,0,0,0,0,0,0,0,0,0,0
160142,3,1,0,0,6,0,0,0,0,0,0,0
160143,1,1,0,0,0,0,0,0,0,0,0,0
160144,1,1,3,3,3,3,3,3,3,3,3,3
160144,2,1,0,0,0,0,0,0,0,0,0,0
160145,1,1,0,0,0,0,0,0,0,0,0,0
160146,1,1,8,8,8,8,8,8,8,8,8,8
160147,1,1,25,0,0,0,21,0,0,0,4,19
160148,1,1,19,19,19,19,19,19,19,19,19,19
160149,1,1,0,0,0,0,0,0,0,0,0,0
160150,1,1,0,0,0,0,0,0,0,0,0,0
160151,1,1,0,0,0,0,13,0,0,0,0,0
160152,1,3,10,0,0,0,0,0,21,0,0,0
160153,1,1,0,0,0,0,0,0,0,0,0,0
160154,1,1,0,0,0,0,0,0,16,0,0,0
160154,2,1,0,0,0,0,0,0,0,0,0,0
160155,1,1,0,0,0,0,0,0,0,0,0,0
160155,2,1,0,0,0,0,0,0,0,0,0,0
160156,1,1,0,0,0,0,0,0,0,0,0,9
160156,2,1,0,0,0,0,0,0,0,0,0,0
160157,1,1,0,0,0,0,0,0,0,0,0,0
160158,1,1,0,12,0,0,0,0,0,0,0,0
160159,1,1,6,6,6,6,6,6,6,6,6,6
160160,0,1,0,38,0,25,0,0,0,0,0,17
160160,1,1,0,0,0,0,0,12,0,3,6,0
160161,1,1,0,0,0,0,0,0,0,0,0,0
160162,1,1,0,0,0,0,0,0,0,0,0,0
160163,0,1,0,0,0,0,0,0,0,0,0,0
160163,1,1,9,0,22,0,16,8,0,0,0,0
160164,1,1,0,22,0,0,0,0,0,0,0,0
160164,2,1,0,0,0,0,0,0,0,21,0,0
160165,1,1,0,0,0,0,0,0,0,0,0,0
160166,1,1,0,0,0,0,0,0,0,0,0,0
160166,2,1,0,0,0,0,0,0,0,0,0,0
160167,1,2,15,10,15,25,3,12,13,22,13,9
160168,1,1,0,0,0,0,0,0,0,0,0,0