ST_CASE,VEH_NO,PER_NO,P1,P2,P3,P4,P5,P6,P7,P8,P9,P10
160169,1,1,12,22,14,10,4,14,19,25,16,10
160170,1,1,0,0,0,0,0,0,0,0,0,0
160170,2,1,0,9,10,0,0,0,19,0,0,10
160171,1,1,0,0,0,0,0,0,0,0,0,0
160171,2,1,0,0,0,0,0,0,0,0,0,0
160171,3,1,0,0,0,0,0,17,0,0,0,0
160172,1,1,30,30,30,30,30,30,30,30,30,30
160173,1,1,0,0,0,0,0,0,0,0,0,0
160174,1,1,8,0,0,0,20,0,0,0,0,0
160174,2,1,0,0,0,0,0,0,0,0,0,0
160174,3,1,0,0,0,0,5,9,0,0,0,0
160175,1,1,0,0,0,0,0,0,19,0,0,0
160176,1,1,0,0,0,0,0,0,0,0,0,0
160177,1,1,21,14,9,15,22,9,11,22,12,49
160178,1,1,0,0,0,0,0,0,0,0,0,0
160178,2,1,0,0,0,0,0,0,0,0,0,0
160179,1,1,0,0,0,0,0,0,0,0,0,0
160179,2,1,0,0,0,0,0,0,16,23,0,0
160179,3,1,0,0,0,0,0,10,0,0,0,0
160180,1,1,0,0,0,0,0,0,0,0,0,0
160180,2,1,0,0,0,0,0,0,0,0,0,0
160181,0,1,19,19,19,19,19,19,19,19,19,19
160181,1,1,0,0,0,0,0,0,0,0,0,0
160182,1,1,0,0,0,0,0,0,0,0,0,0
160183,1,1,16,0,9,0,0,0,0,0,0,0
160184,1,1,0,0,0,0,0,0,0,0,0,0
160184,2,1,0,0,0,0,0,0,0,0,0,0
160184,3,1,0,0,0,0,0,0,18,8,4,0
160185,1,1,18,18,18,18,18,18,18,18,18,18
160186,1,1,32,32,32,32,32,32,32,32,32,32
160187,1,1,49,49,49,49,49,49,49,49,49,49
160188,0,1,0,0,0,0,0,0,0,0,0,0
160188,0,2,0,0,0,0,0,0,0,0,0,0
160188,0,3,0,0,0,0,0,0,0,0,0,0
160188,1,1,15,9,11,0,0,18,0,29,15,11
160189,1,1,0,0,0,0,0,0,0,0,0,0
160190,1,1,0,0,0,0,0,0,0,0,0,0
160191,1,1,0,0,0,0,0,0,0,0,0,0
160192,1,1,0,0,0,0,0,0,0,0,0,0
160193,1,1,0,0,0,0,0,0,0,0,0,0
160193,2,1,0,0,0,0,0,0,0,0,0,0
160194,1,1,0,0,0,0,0,0,0,0,0,0
160194,2,1,0,0,0,0,0,0,0,0,0,0
160195,1,1,24,24,24,24,24,24,24,24,24,24
160196,1,1,0,0,0,0,0,0,0,0,0,0
160197,1,1,0,0,14,0,19,0,0,0,0,0
160198,1,1,0,0,0,0,0,0,0,0,0,0
160198,2,1,0,0,0,0,0,0,0,0,0,0
160199,1,1,0,0,0,0,0,0,0,0,0,0
160200,1,1,0,0,0,0,0,0,0,0,0,0
160200,2,1,0,0,0,0,0,0,0,0,0,0
160201,0,1,23,23,23,23,23,23,23,23,23,23
160201,2,1,0,0,0,0,0,0,0,0,0,0
160202,1,1,31,0,14,39,20,28,10,18,22,16
160202,2,1,42,19,24,3,20,15,0,17,18,19
160203,1,1,22,12,14,22,11,17,9,7,20,10
160204,1,1,0,0,0,0,0,0,0,0,0,0
160204,2,1,0,0,0,0,0,0,0,0,0,0
160205,1,1,0,0,0,0,0,0,0,0,0,0
160205,2,1,0,0,0,0,0,0,0,0,0,0
160206,1,1,0,0,15,21,0,0,26,0,23,0
160207,1,1,0,0,0,0,0,0,0,0,0,0
160208,1,1,0,0,0,0,12,0,0,19,0,0
160209,1,1,0,0,0,0,0,0,0,0,0,0
160210,1,1,0,0,0,0,0,0,0,0,0,0
160210,2,1,5,0,0,0,0,0,0,0,0,0
160210,3,1,0,0,0,0,0,0,0,0,0,0
160211,1,1,0,0,0,0,0,0,0,0,0,0
160211,2,1,0,0,0,0,0,0,0,0,0,0
160212,1,1,15,15,15,15,15,15,15,15,15,15
160213,1,1,0,0,0,0,0,0,0,0,0,0
160214,0,1,8,0,0,0,0,0,0,0,0,0
160214,1,1,0,0,0,0,0,0,0,0,0,0
160215,1,1,26,26,26,26,26,26,26,26,26,26
160216,0,1,0,0,0,0,0,0,0,0,0,0
160216,1,1,0,0,0,0,0,0,0,0,0,0
160217,1,1,0,0,0,0,0,0,0,0,0,0
160218,0,1,0,23,0,0,0,0,0,0,0,0
160218,1,1,0,15,0,0,0,4,0,0,0,0
160219,1,1,0,0,0,0,0,0,0,0,0,0
160220,1,1,0,0,0,0,0,0,0,19,0,0
160220,2,1,0,0,0,0,7,0,0,0,0,0
160221,1,1,0,0,0,0,0,0,0,0,0,0
160222,1,1,0,16,0,0,0,0,0,0,0,0
160223,1,1,0,0,0,0,0,0,0,0,0,0
160224,1,1,20,0,0,0,10,0,0,0,0,0
160225,1,1,0,0,0,0,27,0,0,0,0,0
160226,1,1,0,0,0,0,0,0,0,0,0,0
160227,1,1,0,0,0,0,0,0,0,0,0,0
160227,2,1,0,0,0,0,0,0,0,0,0,0
160228,1,1,0,0,0,0,0,0,0,0,0,0
160228,2,1,0,0,0,0,0,0,0,0,0,0
160228,3,1,0,4,0,0,0,20,17,0,0,0
160228,4,1,0,0,0,0,0,0,0,0,0,0
160229,1,1,0,0,0,0,0,0,0,0,0,0
160229,2,1,0,0,0,0,0,0,0,0,0,0
160230,1,1,0,0,0,0,0,31,20,7,0,0
160230,2,1,0,0,0,0,0,0,0,0,0,0
160231,1,1,0,0,0,0,0,0,0,0,0,9
160231,2,1,0,0,0,0,0,0,0,0,0,0
160232,1,1,0,0,0,0,0,0,0,0,0,0
160232,2,1,0,7,0,0,0,20,0,0,0,0
160233,1,1,17,17,17,17,17,17,17,17,17,17
170001,1,1,0,0,25,6,12,20,0,0,21,13
170002,1,1,0,0,0,0,0,0,0,0,0,0
170002,2,1,0,0,0,0,0,0,0,0,0,0
170003,1,1,0,0,0,0,0,0,0,0,0,0
170003,2,1,0,0,0,0,0,0,0,0,0,0
170004,1,1,0,0,12,0,0,0,0,0,0,0
170004,2,1,0,0,0,0,12,0,0,0,0,0
170005,1,1,36,33,31,0,18,18,25,28,15,17
170006,1,1,23,23,23,23,23,23,23,23,23,23
170006,2,1,0,0,0,0,0,0,0,0,0,0
170007,1,1,0,0,0,0,0,0,0,0,0,0
170007,2,1,0,0,0,0,0,0,0,0,0,0
170007,3,1,0,0,0,0,0,0,0,0,0,0
170008,1,1,0,0,0,0,0,0,0,0,0,0
170008,2,1,0,0,0,0,0,0,0,0,0,0
170009,1,1,28,28,28,28,28,28,28,28,28,28
170011,1,1,22,38,0,9,0,12,6,10,7,0
170012,1,1,0,0,0,0,0,0,0,0,0,0
170012,2,1,0,0,0,0,0,0,0,0,0,0
170012,3,1,0,0,0,0,0,0,0,0,0,0
170013,0,1,0,0,0,0,0,0,0,0,0,0
170013,1,1,0,0,0,0,8,0,12,0,0,0
170014,1,1,0,0,0,0,0,0,0,0,0,0
170015,1,1,0,0,0,0,0,0,0,0,0,0
170016,1,1,0,0,0,0,0,0,0,0,0,0
170016,2,1,0,0,0,0,0,0,0,0,0,0
170017,1,1,7,7,7,7,7,7,7,7,7,7
170017,2,1,0,0,0,0,0,0,0,0,0,0
170018,1,1,0,0,0,0,0,0,0,0,0,0
170019,1,1,0,0,0,0,0,0,0,0,0,0
170020,1,1,23,23,23,23,23,23,23,23,23,23
170020,2,1,0,0,0,0,0,0,0,0,0,0
170021,0,1,0,0,0,0,0,0,0,0,0,0
170021,1,1,0,0,0,0,0,0,0,0,0,0
170022,1,1,0,0,0,0,0,0,0,0,0,0
170023,1,1,20,20,20,20,20,20,20,20,20,20
170024,1,1,19,19,19,19,19,19,19,19,19,19
170025,1,1,0,0,0,0,0,0,0,0,0,0
170025,2,1,0,0,0,0,0,0,0,0,0,0
170028,1,1,0,0,0,0,0,0,0,0,0,0
170028,2,1,0,0,0,0,0,0,0,0,0,0
170029,0,1,0,0,0,0,0,0,0,0,0,0
170029,1,1,0,0,0,0,0,0,0,0,0,0
170030,1,1,15,15,15,15,15,15,15,15,15,15
170030,2,1,0,0,0,0,0,0,0,0,0,0
170031,1,1,0,0,0,0,0,0,0,0,0,0
170031,2,1,0,0,0,0,0,0,0,0,0,0
170032,1,1,0,0,0,0,0,0,0,0,0,0
170033,1,1,0,0,0,0,0,0,20,0,0,0
170034,1,1,27,27,27,27,27,27,27,27,27,27
170035,1,1,23,23,23,23,23,23,23,23,23,23
170036,1,1,24,24,24,24,24,24,24,24,24,24
170037,1,1,14,14,14,14,14,14,14,14,14,14
170038,1,1,20,20,20,20,20,20,20,20,20,20
170039,1,1,0,0,0,0,0,0,0,0,0,0
170039,2,1,0,0,0,0,0,0,0,0,0,0
170040,1,1,0,0,0,0,0,0,0,0,0,0
170040,2,1,0,0,0,0,0,0,0,0,0,0
170041,1,1,0,0,0,0,0,0,0,0,0,0
170041,2,1,0,0,0,0,0,0,0,0,13,0
170043,0,1,0,0,0,0,0,0,0,0,0,0
170043,1,1,0,0,0,0,0,0,0,0,0,0
170044,1,1,0,0,0,0,0,0,0,0,0,0
170044,2,1,0,0,0,0,0,0,0,0,0,0
170045,0,1,34,34,34,34,34,34,34,34,34,34
170045,1,1,0,0,0,0,0,0,0,0,0,0
170046,0,1,18,18,18,18,18,18,18,18,18,18
170046,1,1,0,0,0,0,0,0,0,0,0,0
170047,1,1,0,0,0,0,0,0,0,0,0,0
170047,2,1,0,0,0,0,0,13,5,0,0,19
170047,3,1,0,0,0,0,0,6,0,7,0,0
170047,4,1,0,0,0,0,11,0,0,0,0,16
170048,0,1,8,8,8,8,8,8,8,8,8,8
170048,1,1,0,0,0,0,0,0,0,0,0,0
170049,0,1,0,0,0,0,0,0,0,0,0,0
170049,1,1,0,0,0,0,0,0,0,0,0,0
170050,0,1,0,0,0,0,0,0,0,0,0,0
170050,1,1,0,0,0,0,0,0,0,0,0,0
170052,1,1,14,14,14,14,14,14,14,14,14,14
170053,1,1,15,15,15,15,15,15,15,15,15,15
170054,1,1,0,0,0,0,0,0,0,0,0,0
170054,2,1,0,0,0,0,0,0,0,0,0,0
170055,1,1,0,0,0,0,0,0,0,0,0,0
170055,2,1,0,0,0,0,0,0,0,0,0,0
170056,1,1,15,15,15,15,15,15,15,15,15,15
170057,1,1,0,0,0,0,0,0,0,0,0,0
170057,2,1,0,0,0,0,0,0,0,0,0,0
170058,1,1,25,25,25,25,25,25,25,25,25,25
170059,1,1,14,14,14,14,14,14,14,14,14,14
170060,1,1,17,17,17,17,17,17,17,17,17,17
170061,1,1,19,19,19,19,19,19,19,19,19,19
170062,1,1,25,25,25,25,25,25,25,25,25,25
170063,0,1,0,0,0,0,0,0,0,0,0,0
170063,1,1,0,0,0,0,0,0,0,0,0,0
170064,1,1,0,0,0,0,0,0,0,0,0,0
170064,2,1,0,0,0,0,0,0,0,0,0,0
170065,1,1,2,2,2,2,2,2,2,2,2,2
170066,1,1,0,0,0,0,0,0,0,0,0,0
170068,1,1,19,19,19,19,19,19,19,19,19,19
170069,1,1,0,0,0,0,0,0,0,0,0,0
170069,2,1,0,0,0,0,0,0,0,0,0,0
170069,3,1,0,0,0,0,0,0,0,0,0,0
170070,1,1,0,0,0,0,0,0,0,0,0,0
170070,2,1,0,0,0,0,7,15,17,0,0,0
170070,3,1,0,0,6,0,0,0,0,0,0,0
170071,1,1,0,0,0,0,0,0,0,0,0,0
170071,2,1,0,0,0,0,0,0,0,0,0,0
170072,1,1,0,0,0,0,0,0,0,12,0,0
170073,1,1,0,0,0,0,0,0,0,0,0,0
170073,2,1,0,0,0,0,0,0,0,0,0,0
170074,1,1,0,0,0,0,0,0,0,0,0,0
170074,2,1,0,0,0,0,0,0,0,0,0,0
170075,1,1,0,0,0,0,0,0,0,0,0,0
170076,1,1,13,13,13,13,13,13,13,13,13,13
170077,0,1,0,0,0,0,0,0,0,0,0,0
170077,1,1,0,0,0,0,0,0,0,0,0,0
170078,1,1,0,20,0,0,0,0,0,0,0,0
170080,1,1,14,14,14,14,14,14,14,14,14,14
170081,1,1,15,21,14,10,3,7,25,14,21,40
170082,1,1,0,0,0,0,0,0,0,0,0,0
170083,1,1,0,9,9,0,0,0,5,0,0,0
170084,1,1,4,4,4,4,4,4,4,4,4,4
170084,2,1,0,0,0,0,0,0,0,0,0,0
170085,0,1,26,26,26,26,26,26,26,26,26,26
170085,1,1,0,0,0,0,0,0,0,0,0,0
170086,1,1,0,0,0,0,0,0,0,0,0,0
170087,1,1,0,0,0,0,0,0,0,0,0,0
170087,2,1,9,0,29,0,22,0,0,0,0,0
170088,1,1,0,0,0,0,0,0,0,0,0,0
170089,1,1,15,15,15,15,15,15,15,15,15,15
170090,1,1,0,0,0,0,0,0,0,0,0,0
170090,2,1,0,0,0,0,0,0,0,0,0,0
170090,3,1,0,0,0,0,0,0,0,0,0,0
170090,4,1,0,0,0,25,0,0,0,0,0,0
170091,1,1,0,0,0,0,0,0,0,0,0,0
170091,2,1,0,0,0,0,0,0,7,10,0,0
170092,0,1,0,0,0,0,0,0,0,0,0,0
170092,1,1,0,0,0,0,0,0,0,0,0,0
170093,1,1,22,22,22,22,22,22,22,22,22,22
170093,2,1,0,0,0,0,0,0,0,0,3,0
170094,1,1,0,0,0,0,0,0,0,0,0,0
170094,2,1,0,0,0,0,0,0,0,0,0,0
170094,3,1,0,0,0,0,0,0,0,0,0,0
170095,1,1,0,0,0,0,0,0,0,0,0,0
170096,0,1,37,20,27,30,19,25,36,7,11,42
170096,1,1,0,0,0,0,0,0,0,0,0,0
170097,1,1,26,26,26,26,26,26,26,26,26,26
170098,0,1,0,0,0,0,0,0,0,0,0,0
170098,0,2,0,0,0,0,0,0,0,0,0,0
170098,0,3,0,0,0,0,0,0,0,0,0,0
170098,1,1,0,8,0,0,0,0,0,0,14,0
170099,1,1,0,0,0,0,0,0,0,0,0,0
170099,2,1,0,0,0,0,0,0,0,0,0,0
170100,0,1,0,0,0,0,0,0,0,0,0,0
170100,1,1,0,0,0,0,0,0,0,0,0,0
170101,1,1,22,22,22,22,22,22,22,22,22,22
170102,1,1,21,21,21,21,21,21,21,21,21,21
170103,1,1,0,0,0,0,0,0,0,0,0,0
170104,1,1,41,41,41,41,41,41,41,41,41,41
170104,2,1,0,0,0,0,0,0,0,0,0,0
170105,1,1,20,20,20,20,20,20,20,20,20,20
170106,1,1,0,0,0,0,0,0,0,0,0,0
170106,2,1,0,0,0,0,0,0,0,0,0,0
170107,1,1,0,0,0,0,0,0,0,0,0,0
170107,2,1,0,0,0,0,0,0,0,0,0,0
170108,1,1,24,24,24,24,24,24,24,24,24,24
170109,1,1,17,17,17,17,17,17,17,17,17,17
170109,2,1,0,0,0,0,0,0,0,0,4,0
170110,1,1,0,0,0,0,0,0,0,0,0,0
170110,2,1,0,0,0,0,0,0,0,0,0,0
170111,1,1,0,0,0,0,0,0,0,0,0,0
170112,1,1,0,0,0,0,0,0,0,0,0,0
170112,2,1,0,0,0,0,0,0,0,0,0,0
170113,0,1,0,0,0,0,0,0,0,0,0,0
170113,1,1,0,0,0,0,0,0,0,0,0,0
170114,1,1,1,1,1,1,1,1,1,1,1,1
170114,2,1,0,0,0,0,0,0,0,0,0,0
170114,3,1,0,0,0,0,0,0,0,0,0,0
170115,1,1,0,0,0,0,0,0,0,0,0,0
170116,0,1,0,0,0,0,0,0,0,0,0,0
170116,1,1,0,0,0,0,0,0,0,0,0,0
170118,0,1,0,0,0,0,0,0,0,0,0,0
170118,1,1,0,0,0,0,0,0,0,0,0,0
170119,1,1,32,32,32,32,32,32,32,32,32,32
170120,1,1,0,0,0,0,0,0,0,0,0,0
170120,2,1,0,0,0,0,0,0,0,0,0,0
170121,1,1,0,0,0,0,0,0,0,0,0,0
170121,2,1,0,0,0,0,0,0,0,0,6,0
170122,0,1,13,13,13,13,13,13,13,13,13,13
170122,1,1,0,0,0,0,0,0,0,0,0,0
170123,1,1,0,0,17,0,0,0,0,0,0,0
170123,2,1,0,0,0,12,0,0,0,0,0,0
170124,1,1,0,5,0,0,0,0,0,0,0,0
170124,2,1,0,0,0,0,0,0,0,0,0,0
170125,1,1,14,14,14,14,14,14,14,14,14,14
170125,2,1,0,0,0,0,0,0,0,0,0,0
170126,1,1,0,15,9,21,14,4,0,13,19,0
170127,1,1,0,0,0,0,0,0,0,0,0,0
170128,0,1,0,0,0,0,0,0,0,0,0,0
170128,1,1,0,0,0,0,0,0,0,0,0,0
170129,1,1,0,0,0,0,0,0,0,0,0,0
170129,2,1,0,0,0,0,0,0,0,0,0,0
170130,1,1,11,11,11,11,11,11,11,11,11,11
170131,1,1,0,0,0,0,0,0,0,0,0,0
170132,1,1,0,0,0,0,0,0,0,0,0,0
170132,2,1,0,0,0,0,0,0,0,0,0,0
170133,1,1,0,0,0,0,0,0,0,0,0,0
170133,2,1,0,0,0,0,0,0,0,0,0,0
170135,1,1,13,13,13,13,13,13,13,13,13,13
170136,1,1,0,0,0,0,0,0,0,0,0,0
170136,2,1,0,0,8,0,0,0,0,25,0,0
170137,1,1,16,16,16,16,16,16,16,16,16,16
170138,1,1,0,0,0,0,0,0,0,0,0,0
170139,1,1,5,0,22,17,0,0,0,0,0,0
170140,1,1,25,25,25,25,25,25,25,25,25,25
170141,1,1,0,0,0,0,0,0,0,0,0,0
170141,2,1,0,0,0,0,0,0,0,0,0,0
170142,0,1,0,0,0,0,0,0,0,0,0,0
170142,1,1,0,0,0,0,0,0,0,0,0,0
170143,1,1,0,0,0,0,0,23,0,0,0,0
170144,1,1,0,0,0,0,0,0,0,0,0,0
170144,2,1,0,10,0,0,0,0,0,0,0,0
170145,0,1,40,0,40,23,0,0,0,0,0,0
170145,1,1,0,0,0,0,0,0,0,0,0,0
170146,1,1,0,0,0,0,0,0,0,0,0,0
170147,1,1,0,20,0,0,0,0,0,0,0,0
170147,2,1,0,0,0,0,0,0,0,0,0,0
170147,3,1,0,0,0,0,0,0,0,0,0,0
170148,0,1,23,23,23,23,23,23,23,23,23,23
170148,1,1,12,0,3,3,0,7,0,17,0,0
170149,1,1,0,0,0,0,0,0,0,0,0,0
170150,0,1,0,0,0,0,0,0,0,0,0,0
170150,1,1,0,0,18,10,0,0,0,0,0,0
170151,1,1,0,0,0,0,0,0,0,0,0,0
170152,1,1,23,23,23,23,23,23,23,23,23,23
170153,0,1,0,0,0,0,0,0,0,0,0,0
170153,1,1,0,0,0,0,0,0,0,0,0,0
170154,1,1,0,0,0,0,0,0,0,0,0,0
170155,1,1,26,26,26,26,26,26,26,26,26,26
170156,1,1,0,0,0,0,15,0,0,0,14,13
170156,2,1,0,0,0,0,0,0,0,0,0,0
170157,1,1,25,25,25,25,25,25,25,25,25,25
170158,0,1,35,35,35,35,35,35,35,35,35,35
170158,1,1,13,0,16,0,19,23,0,22,0,0
170159,1,1,21,21,21,21,21,21,21,21,21,21
170159,2,1,0,0,0,0,0,0,0,0,0,0
170160,1,1,0,0,0,0,0,0,0,0,0,0
170160,2,1,0,0,0,0,6,0,0,0,0,0
170161,0,1,0,0,0,0,0,0,0,0,0,0
170161,1,1,0,0,0,0,0,0,18,0,0,0
170162,1,1,22,22,22,22,22,22,22,22,22,22
170163,1,1,6,6,6,6,6,6,6,6,6,6
170163,2,1,0,0,0,0,0,0,0,0,0,0
170163,3,1,0,0,0,0,0,0,0,0,0,0
170164,1,1,0,0,0,0,0,0,0,0,0,0
170164,2,1,0,0,0,0,0,0,0,0,0,0
170165,1,1,0,0,0,0,0,0,0,0,0,0
170165,2,1,0,0,0,0,0,0,0,0,0,0
170166,1,1,20,20,20,20,20,20,20,20,20,20
170168,1,1,0,0,0,0,0,0,0,0,0,0
170168,2,1,0,0,0,0,0,0,0,0,0,0
170169,1,1,21,20,12,16,8,22,7,7,23,18
170169,2,1,0,0,0,0,0,0,0,0,0,0
170170,1,1,27,27,27,27,27,27,27,27,27,27
170170,2,1,22,32,0,0,5,0,0,15,0,0
170170,3,1,0,0,0,0,0,0,0,0,0,0
170171,1,1,7,7,7,7,7,7,7,7,7,7
170172,1,1,0,0,0,0,0,0,0,0,0,0
170173,1,1,0,12,0,0,0,23,0,19,0,0
170174,1,1,9,9,9,9,9,9,9,9,9,9
170175,1,1,0,0,0,34,0,0,0,0,0,0
170175,2,1,0,0,0,0,0,0,0,0,0,0
170175,3,1,0,0,0,0,0,0,0,7,0,0
170176,1,1,7,7,7,7,7,7,7,7,7,7
170177,1,1,18,18,18,18,18,18,18,18,18,18
170178,1,1,0,0,0,0,0,0,0,0,0,0
170178,2,1,0,0,0,0,0,0,0,0,0,0
170179,0,1,0,0,0,0,0,0,0,0,0,0
170179,1,1,0,0,0,0,0,0,0,0,0,0
170180,1,1,0,0,0,0,0,0,0,0,0,0
170181,1,1,0,0,0,0,0,0,0,0,0,0
170181,2,1,0,0,0,0,0,0,0,0,0,0
170182,1,1,16,16,16,16,16,16,16,16,16,16
170183,0,1,0,0,0,0,0,0,0,0,0,24
170183,1,1,17,11,14,23,18,13,15,15,14,5
170185,0,1,0,0,0,0,0,0,0,0,0,0
170185,1,1,0,0,11,0,0,0,0,0,0,0
170186,1,1,21,21,21,21,21,21,21,21,21,21
170187,0,1,0,14,0,27,0,0,16,0,23,0
170187,1,1,0,0,0,0,0,0,0,0,0,0
170188,1,1,14,14,14,14,14,14,14,14,14,14
170188,2,1,0,0,0,0,0,0,0,0,0,0
170189,1,1,17,17,17,17,17,17,17,17,17,17
170189,2,1,0,0,0,0,0,0,0,0,0,0
170190,1,1,0,0,0,0,0,0,0,0,0,0
170190,2,1,0,0,0,0,0,0,0,0,0,0
170191,1,1,0,0,0,0,0,0,0,0,0,0
170191,2,1,0,0,0,0,0,0,0,0,0,0
170192,1,1,0,0,0,0,0,0,0,0,0,0
170192,2,1,0,0,0,0,0,0,0,18,0,0
170193,1,1,0,0,0,0,0,0,0,0,0,0
170194,1,1,19,19,19,19,19,19,19,19,19,19
170195,1,1,0,0,0,0,0,0,0,0,0,0
170197,1,1,23,23,23,23,23,23,23,23,23,23
170198,1,1,0,0,11,0,25,0,0,0,0,17
170199,1,1,26,26,26,26,26,26,26,26,26,26
170199,2,1,0,0,0,0,0,0,0,0,0,0
170200,1,1,0,0,0,0,0,0,0,0,0,0
170200,2,1,0,0,0,0,0,0,0,0,0,0
170201,1,1,15,15,15,15,15,15,15,15,15,15
170201,2,1,0,0,0,0,0,0,0,0,0,0
170202,1,1,23,23,23,23,23,23,23,23,23,23
170203,1,1,0,0,0,0,0,0,0,0,0,0
170203,2,1,0,0,11,0,0,0,12,0,0,0
170204,1,1,0,0,0,0,0,0,0,0,0,14
170205,1,1,0,0,0,0,0,0,0,0,0,0
170206,1,1,0,30,6,0,0,0,20,0,18,0
170207,1,1,21,21,21,21,21,21,21,21,21,21
170208,1,1,20,20,20,20,20,20,20,20,20,20
170209,1,1,0,0,0,0,0,0,0,0,0,0
170211,1,1,22,22,22,22,22,22,22,22,22,22
170212,1,1,0,0,0,0,0,0,0,0,0,0
170212,2,1,0,0,0,0,0,0,0,15,0,0
170213,1,1,0,0,0,0,0,0,0,0,0,0
170213,2,1,0,0,0,0,0,0,0,0,0,0
170213,3,1,0,0,0,0,0,0,0,0,0,0
170214,1,1,0,0,0,0,0,0,0,30,0,0
170215,1,1,22,0,16,15,33,16,0,0,0,23
170216,1,1,0,0,0,0,0,0,0,0,0,0
170217,1,1,19,19,19,19,19,19,19,19,19,19
170218,1,1,19,19,19,19,19,19,19,19,19,19
170219,1,1,6,0,18,24,32,25,35,15,0,19
170220,1,1,0,23,0,0,0,0,0,20,0,0
170221,1,1,17,17,17,17,17,17,17,17,17,17
170221,2,1,0,0,0,0,0,0,0,0,0,7
170222,1,1,21,21,21,21,21,21,21,21,21,21
170223,0,1,0,0,0,0,0,0,0,0,0,0
170223,1,1,0,0,0,0,0,0,0,0,0,0
170224,1,1,0,0,0,0,0,0,0,0,0,0
170224,2,1,0,0,0,0,0,0,0,0,0,0
170225,1,1,0,0,0,0,0,0,0,3,0,0
170226,1,1,0,0,0,0,0,18,15,0,0,33
170226,2,1,0,0,0,0,0,0,0,0,0,0
170227,1,1,2,2,2,2,2,2,2,2,2,2
170228,1,1,22,22,22,22,22,22,22,22,22,22
170229,1,1,23,23,23,23,23,23,23,23,23,23
170229,2,1,0,0,0,0,0,0,0,0,0,0
170230,1,1,18,18,18,18,18,18,18,18,18,18
170231,0,1,0,0,0,0,0,0,0,0,0,0
170231,1,1,0,0,0,0,0,0,0,0,0,0
170232,1,1,0,0,0,0,0,0,0,0,0,0
170232,2,1,0,0,0,0,0,0,0,0,0,0
170233,1,1,12,12,12,12,12,12,12,12,12,12
170234,1,1,0,0,0,0,0,21,0,0,0,0
170234,2,1,0,0,0,0,0,0,0,0,0,0
170235,1,1,0,0,0,0,0,0,0,0,0,0
170235,2,1,0,0,0,0,0,0,0,0,0,0
170236,0,1,17,17,17,17,17,17,17,17,17,17
170236,1,1,4,4,4,4,4,4,4,4,4,4
170237,1,1,0,0,0,0,0,0,0,0,0,0
170237,2,1,0,0,0,0,0,0,0,0,0,0
170238,0,1,0,0,0,0,37,24,31,20,0,15
170238,1,1,0,0,0,0,0,0,0,0,0,0
170239,1,1,0,0,0,0,0,0,0,0,0,0
170240,1,1,0,0,0,0,0,0,0,0,0,0
170241,1,1,0,0,0,0,0,0,0,0,0,0
170241,2,1,0,0,0,0,0,0,0,0,0,0
170242,0,1,0,16,0,18,7,7,49,13,0,0
170242,1,1,0,0,0,0,0,0,0,0,0,0
170243,1,1,0,0,0,0,0,0,0,0,0,0
170244,1,1,0,0,0,0,0,0,0,0,0,0
170244,2,1,0,0,0,0,0,0,0,0,0,0
170244,3,1,0,0,0,0,0,0,0,0,0,0
170245,1,1,0,0,0,0,0,0,0,0,0,0
170245,2,1,0,0,0,0,0,0,0,0,0,0
170246,0,1,25,25,25,25,25,25,25,25,25,25
170246,1,1,0,0,0,0,0,0,0,0,0,0
170247,1,1,0,0,0,0,0,0,0,0,0,0
170248,1,1,0,0,0,0,0,0,0,0,0,0
170249,1,1,0,0,0,0,0,0,0,0,0,0
170250,1,1,0,0,0,0,0,0,0,0,0,0
170250,2,1,0,0,0,0,0,0,0,0,0,0
170251,1,1,0,0,0,0,0,0,0,0,0,0
170253,1,1,0,0,0,0,0,0,0,0,0,0
170254,1,1,0,0,0,0,0,0,0,0,0,0
170254,2,1,0,0,0,0,0,0,0,0,0,0
170255,1,1,15,15,15,15,15,15,15,15,15,15
170256,1,1,0,0,0,0,0,0,0,0,0,0
170257,1,1,0,10,0,5,4,0,0,0,0,0
170259,1,1,0,0,0,0,0,0,0,0,0,0
170259,2,1,0,0,0,0,0,0,0,0,0,0
170260,0,1,3,3,3,3,3,3,3,3,3,3
170260,0,2,0,11,0,27,0,20,20,0,24,0
170260,1,1,5,5,5,5,5,5,5,5,5,5
170261,1,1,13,0,0,0,0,4,13,0,0,0
170262,1,1,0,0,0,0,0,0,0,0,0,0
170263,1,1,0,0,0,0,0,0,0,0,0,0
170264,0,1,0,0,0,0,0,0,0,0,0,0
170264,1,1,0,0,0,0,0,0,0,0,0,0
170265,1,1,22,22,22,22,22,22,22,22,22,22
170266,1,1,2,2,2,2,2,2,2,2,2,2
170266,2,1,4,4,4,4,4,4,4,4,4,4
170267,1,1,3,3,3,3,3,3,3,3,3,3
170268,1,1,0,0,0,0,0,0,0,0,0,0