ST_CASE,VEH_NO,PER_NO,P1,P2,P3,P4,P5,P6,P7,P8,P9,P10
170875,1,1,0,0,0,0,0,0,0,0,0,0
170876,0,1,19,19,19,19,19,19,19,19,19,19
170876,1,1,0,0,0,0,0,0,0,0,0,0
170877,1,1,22,0,0,0,21,21,0,15,32,18
170878,1,1,0,0,14,0,39,24,18,12,16,0
170879,1,1,0,0,0,3,0,0,11,0,0,0
170880,1,1,15,14,47,15,0,0,0,0,0,23
170881,1,1,18,0,0,0,0,11,0,0,0,0
170883,0,1,0,0,30,0,0,0,24,0,0,23
170883,1,1,0,0,0,0,0,0,0,0,0,0
170884,1,1,0,0,0,0,0,0,0,0,0,0
170884,2,1,0,19,0,0,0,0,0,0,0,0
170885,1,1,0,0,0,0,0,0,0,0,0,0
170885,2,1,0,0,0,0,0,0,0,0,0,0
170886,1,1,0,0,0,0,0,0,0,0,0,0
170886,2,1,0,0,0,0,0,0,0,0,0,0
170887,1,1,18,18,18,18,18,18,18,18,18,18
170888,1,1,0,0,0,0,0,0,0,0,0,0
170888,2,1,0,0,0,0,0,0,0,0,0,0
170889,1,1,0,0,0,0,0,0,0,0,0,0
170889,2,1,0,0,0,0,0,0,0,0,0,0
170889,3,1,0,0,0,0,0,0,0,0,0,0
170890,1,1,0,0,0,0,0,0,0,0,0,0
170890,2,1,0,0,0,0,0,0,0,0,0,10
170890,3,1,0,0,0,0,0,0,0,0,0,0
170890,4,1,0,0,0,0,0,0,0,0,0,0
170890,5,1,0,0,0,0,0,0,0,0,0,0
170890,6,1,0,0,0,0,0,0,0,0,0,0
170891,1,1,0,0,0,0,0,0,0,0,0,0
170891,2,1,0,0,0,0,0,0,0,0,0,0
170892,1,1,12,12,12,12,12,12,12,12,12,12
170894,1,1,15,15,15,15,15,15,15,15,15,15
170894,2,1,0,0,0,0,0,0,0,0,0,0
170895,0,1,0,0,0,0,0,13,31,0,0,0
170895,1,1,0,0,0,0,0,0,0,0,0,0
170896,1,1,0,6,0,0,0,0,23,0,0,0
170896,2,1,0,0,0,10,0,0,0,0,0,0
170897,1,1,25,25,25,25,25,25,25,25,25,25
170898,0,1,0,21,0,0,25,0,0,27,0,10
170898,1,1,0,0,0,6,0,0,0,0,0,0
170899,1,1,29,0,10,12,16,18,0,30,10,12
170900,1,1,0,21,13,0,16,0,0,0,0,22
170900,2,1,0,10,0,0,0,0,6,0,0,0
170901,1,1,0,0,0,0,0,0,0,0,0,0
170901,2,1,9,9,9,9,9,9,9,9,9,9
170902,1,1,0,0,0,0,0,0,0,0,0,0
170903,1,1,0,0,0,0,0,0,0,0,0,0
170903,2,1,0,0,0,0,0,0,0,0,0,0
170904,1,1,13,13,13,13,13,13,13,13,13,13
170905,1,1,21,21,21,21,21,21,21,21,21,21
170906,1,1,0,0,0,0,0,0,0,0,0,0
170906,2,1,0,0,0,0,0,0,0,0,0,0
170906,3,1,0,0,0,0,0,0,0,0,0,0
170907,0,1,0,0,0,17,0,28,0,32,0,0
170907,1,1,0,0,0,0,0,0,0,0,0,0
170908,1,1,0,0,0,0,0,0,0,0,5,0
170909,1,1,16,16,16,16,16,16,16,16,16,16
170910,1,1,0,20,8,0,0,0,0,0,19,0
170910,2,1,0,0,0,0,0,26,0,0,0,0
170911,1,1,0,0,0,0,0,0,0,0,0,0
170912,1,1,0,0,0,0,0,0,0,0,0,0
170913,1,1,0,0,0,0,0,0,0,0,0,0
170914,1,1,0,0,0,0,0,0,0,0,0,0
170915,0,1,0,21,11,25,28,0,1,0,0,10
170915,1,1,0,0,0,0,0,0,0,0,0,15
170916,1,1,0,0,0,0,0,0,0,0,0,0
170916,2,1,0,0,0,0,0,0,0,0,0,7
170917,1,1,20,33,0,0,0,0,21,0,7,27
170917,2,1,0,0,5,0,15,0,0,0,0,0
170918,0,1,0,0,0,0,0,0,0,0,0,0
170918,1,1,0,0,0,0,0,0,0,0,0,0
170919,1,1,0,17,0,0,0,0,0,0,8,0
170919,2,1,0,0,0,0,0,0,0,0,0,0
170920,1,1,3,3,3,3,3,3,3,3,3,3
170921,0,1,0,0,0,0,0,0,0,0,0,0
170921,1,1,0,0,0,0,0,0,0,0,0,0
170922,0,1,18,18,18,18,18,18,18,18,18,18
170922,1,1,0,0,0,0,0,0,0,0,0,0
170923,0,1,27,0,0,15,0,0,28,0,0,0
170923,1,1,0,0,13,0,0,0,0,0,0,0
170924,1,1,0,0,0,0,0,0,0,0,0,0
170925,0,1,42,42,42,42,42,42,42,42,42,42
170925,1,1,0,0,0,0,0,0,0,0,0,0
170926,1,1,22,22,22,22,22,22,22,22,22,22
170927,1,1,0,0,0,0,0,0,0,0,0,0
170928,1,1,0,0,0,0,0,0,0,0,0,0
170929,1,1,17,7,0,10,21,2,0,23,6,6
170930,1,1,18,15,10,0,0,19,35,0,0,7
170931,0,1,0,0,0,0,0,0,0,0,0,0
170931,1,1,0,0,0,11,0,0,0,0,0,0
170932,1,1,25,25,25,25,25,25,25,25,25,25
170933,0,1,0,0,0,0,0,0,0,0,0,0
170933,1,1,0,0,0,0,0,0,0,0,0,0
170934,0,1,0,0,8,0,0,22,27,0,0,0
170934,1,1,0,0,0,0,0,0,0,0,0,0
170935,1,1,0,0,0,0,0,0,0,0,0,0
170936,1,1,31,0,0,0,0,0,0,0,0,0
170937,1,1,0,0,15,0,0,0,0,0,0,0
170938,1,1,0,0,25,0,0,0,0,6,17,23
170938,2,1,0,0,0,0,0,0,0,0,0,0
170939,1,1,4,4,4,4,4,4,4,4,4,4
170942,1,1,0,0,0,0,0,0,0,0,0,18
170942,2,1,0,0,0,0,9,0,0,0,0,0
170943,0,1,31,28,0,0,18,0,40,0,0,12
170943,1,1,0,0,0,0,0,0,0,14,0,0
170944,0,1,0,0,0,0,0,0,0,0,0,0
170944,0,2,23,19,0,0,0,0,0,0,16,0
170944,1,1,0,0,0,0,0,0,0,0,31,0
170945,1,1,0,0,0,0,0,0,0,0,0,24
170946,0,1,8,8,8,8,8,8,8,8,8,8
170946,1,1,0,17,0,0,18,0,0,17,0,0
170946,2,1,0,14,0,0,0,0,0,6,12,0
170946,3,1,30,0,0,0,0,0,0,0,0,0
170947,0,1,0,0,0,0,0,0,0,0,0,0
170947,1,1,0,0,0,0,0,0,0,0,0,0
170948,1,1,0,0,0,0,0,0,0,0,0,0
170948,2,1,0,0,0,0,0,0,0,0,0,0
170948,3,1,0,0,0,0,0,0,0,0,0,0
170949,1,1,0,0,24,18,0,0,0,0,0,0
170949,2,1,0,0,0,0,8,0,11,15,0,0
170950,1,1,24,24,24,24,24,24,24,24,24,24
170951,1,1,0,0,0,0,0,0,0,0,0,0
170951,2,1,0,0,0,0,0,0,0,0,0,0
170952,0,1,0,0,0,0,0,0,0,0,0,0
170952,1,1,21,0,0,0,0,0,0,0,0,0
170953,1,1,0,0,0,0,0,0,0,0,0,0
170953,2,1,0,0,0,0,0,0,0,0,0,0
170954,0,1,0,0,0,0,0,0,0,0,0,0
170954,1,1,0,0,0,22,0,0,0,0,0,0
170955,0,1,0,23,24,11,0,23,40,39,10,0
170955,1,1,0,0,0,0,0,0,0,0,0,0
170955,2,1,0,0,0,9,0,0,0,0,14,0
170955,3,1,0,0,0,17,0,0,0,0,0,0
170956,1,1,0,0,0,0,0,0,0,0,0,0
170956,2,1,0,0,0,0,0,0,0,0,0,0
170957,1,1,4,4,4,4,4,4,4,4,4,4
170957,2,1,0,0,0,0,0,0,4,0,0,0
170958,0,1,26,26,26,26,26,26,26,26,26,26
170958,1,1,0,0,0,0,0,0,0,0,0,0
170959,1,1,0,0,31,14,0,0,0,0,0,14
170959,2,1,0,0,0,0,0,0,0,0,0,0
170959,3,1,0,0,0,0,0,0,0,8,0,0
170960,1,1,0,0,20,0,0,0,0,18,0,0
170961,1,1,0,0,0,0,0,0,0,0,0,0
170961,2,1,0,0,0,0,0,0,0,0,0,0
170964,1,1,34,34,34,34,34,34,34,34,34,34
170965,1,1,0,0,0,0,0,0,0,0,0,0
170965,2,1,0,0,0,0,0,0,0,0,0,0
170966,1,1,16,16,16,16,16,16,16,16,16,16
170968,0,1,30,30,30,30,30,30,30,30,30,30
170968,1,1,16,0,0,0,0,0,0,0,0,17
170969,1,1,0,0,0,0,0,0,0,0,0,0
170969,2,1,0,0,0,0,0,0,0,0,0,0
170970,0,1,0,0,0,0,0,0,0,0,0,0
170970,1,1,5,5,5,5,5,5,5,5,5,5
170971,1,1,0,0,0,0,0,0,0,0,0,0
170971,2,1,0,0,0,0,0,0,0,0,0,0
170971,3,1,0,0,0,0,0,0,0,0,0,0
170972,1,1,4,4,4,4,4,4,4,4,4,4
170972,2,1,0,0,0,0,0,0,0,0,0,0
170973,0,1,0,0,24,29,0,29,0,12,0,0
170973,0,2,12,17,7,29,0,0,0,0,8,0
170973,1,1,0,0,0,24,0,5,0,15,21,0
170974,1,1,17,0,0,0,0,0,0,0,0,0
170975,1,1,23,23,23,23,23,23,23,23,23,23
170975,2,1,0,0,0,0,0,0,0,0,0,0
170976,1,1,15,15,15,15,15,15,15,15,15,15
170976,2,1,24,0,0,0,0,0,0,18,0,0
170977,1,1,0,0,0,0,0,0,0,0,0,0
170977,2,1,0,0,0,0,0,0,18,0,0,0
170978,0,1,37,0,0,0,0,0,0,27,9,0
170978,1,1,0,0,0,0,0,0,0,0,0,0
170979,1,1,2,2,2,2,2,2,2,2,2,2
170981,1,1,0,0,0,0,0,0,0,0,0,0
170981,2,1,0,0,0,0,0,0,0,0,0,5
170981,3,1,0,0,0,0,0,0,0,0,0,0
170982,1,1,13,8,7,16,12,15,20,21,12,11
170982,2,1,0,18,0,12,0,10,0,12,5,0
170982,3,1,13,12,0,0,0,0,0,0,22,0
170983,1,1,5,17,0,0,0,0,11,0,22,0
170983,2,1,0,0,0,0,0,0,0,0,31,0
170984,1,1,3,3,3,3,3,3,3,3,3,3
170985,1,1,0,0,0,0,0,0,0,0,0,0
170985,2,1,0,0,0,0,0,0,0,6,0,8
170986,1,1,12,12,12,12,12,12,12,12,12,12
170986,2,1,0,0,0,0,0,0,0,0,0,3
170987,1,1,0,0,0,0,0,0,0,0,0,0
170987,2,1,0,0,0,0,0,0,0,0,0,0
170988,0,1,0,0,0,0,0,0,15,0,0,0
170988,1,1,0,0,0,0,0,0,0,0,0,0
170989,1,1,0,0,0,0,0,0,0,0,0,0
170989,2,1,0,0,0,0,0,0,0,0,0,0
170990,1,1,11,11,11,11,11,11,11,11,11,11
170990,3,1,0,0,0,0,0,0,0,0,0,0
170991,1,1,9,9,9,9,9,9,9,9,9,9
170992,1,1,0,0,0,0,0,0,0,0,0,0
170992,2,1,0,0,0,0,0,0,0,0,0,0
170993,1,1,5,5,7,0,0,0,0,3,0,0
170994,1,1,0,0,0,0,0,0,0,0,0,0
170995,1,1,0,0,0,0,0,0,0,0,0,0
170997,1,1,11,11,11,11,11,11,11,11,11,11
170998,1,1,10,0,0,0,0,0,0,0,0,0
170998,2,1,0,0,0,0,0,0,0,0,0,0
170999,1,1,11,11,11,11,11,11,11,11,11,11
171000,1,1,0,0,0,0,0,0,0,0,0,0
171000,2,1,0,0,0,0,0,0,0,0,0,0
171002,1,1,0,0,0,0,0,0,0,0,0,0
171003,0,1,0,0,0,0,0,0,0,0,0,0
171003,1,1,0,0,0,0,0,0,0,0,0,0
171004,1,1,0,0,0,0,0,0,0,0,0,0
171005,1,2,0,0,0,0,0,0,0,0,10,0
171006,1,1,10,23,19,17,20,9,22,9,9,23
171007,1,1,0,0,13,0,18,0,0,20,12,0
171008,1,1,0,0,0,0,0,0,0,0,0,0
171009,1,1,0,0,0,0,0,0,12,0,0,0
171009,2,1,0,0,0,0,0,0,0,0,0,0
171010,1,1,0,0,0,0,6,0,0,0,0,0
171010,2,1,0,0,0,0,0,0,0,0,0,0
171011,1,1,15,15,15,15,15,15,15,15,15,15
171011,2,1,5,5,5,5,5,5,5,5,5,5
171012,1,1,0,0,0,0,0,0,0,0,0,0
171013,1,1,0,0,0,0,0,0,0,0,0,0
171014,1,1,0,0,0,0,0,0,0,0,0,0
171014,2,1,2,2,2,2,2,2,2,2,2,2
171015,1,1,0,0,0,0,0,0,0,0,0,0
171015,2,1,0,0,0,0,0,0,0,0,0,0
171015,3,1,0,0,0,0,0,0,0,0,0,0
171015,4,1,0,0,0,0,0,0,0,0,0,0
171016,1,1,18,18,18,18,18,18,18,18,18,18
171016,2,1,0,30,0,0,0,0,0,0,0,0
171017,1,1,0,0,0,0,0,0,0,0,0,0
171017,2,1,0,0,0,0,0,0,0,0,0,0
171018,1,1,0,0,0,0,0,0,16,0,0,24
171018,2,1,0,0,0,0,0,0,0,0,0,0
171019,1,1,0,0,0,0,0,0,0,34,0,0
171020,1,1,20,20,20,20,20,20,20,20,20,20
171020,2,1,0,0,0,0,0,0,0,0,0,0
171021,1,1,0,12,0,0,0,0,0,0,0,18
171021,2,1,0,0,0,0,0,0,0,0,0,0
171022,1,1,0,0,0,0,0,0,0,0,0,0
171022,2,1,0,0,0,0,0,0,0,0,0,0
171023,0,1,12,12,12,12,12,12,12,12,12,12
171023,1,1,0,0,0,0,0,0,0,0,0,0
171024,1,1,0,0,0,0,0,0,0,0,0,0
171024,2,1,0,0,0,0,0,0,0,0,0,0
171025,0,1,0,0,0,0,0,0,0,0,0,0
171025,1,1,0,0,0,0,0,0,0,0,0,0
171026,1,1,0,0,0,0,0,0,0,0,0,0
171026,2,1,0,0,0,0,0,0,0,0,0,0
171027,1,1,10,10,10,10,10,10,10,10,10,10
171028,0,1,19,19,19,19,19,19,19,19,19,19
171028,1,1,0,0,0,0,0,19,0,0,0,0
171029,1,1,0,0,0,0,0,0,0,0,0,0
171030,1,1,0,0,0,0,0,0,0,0,0,0
171030,2,1,0,0,0,0,0,0,0,0,0,0
171031,0,1,16,16,16,16,16,16,16,16,16,16
171031,1,1,0,0,0,0,0,0,0,0,0,0
171032,1,1,15,0,0,4,16,0,14,0,17,0
171033,0,1,0,0,0,22,0,0,17,22,0,12
171033,1,1,0,0,0,0,0,0,0,0,0,0
171034,1,1,0,0,0,0,0,0,0,0,0,0
171034,2,1,0,0,0,10,0,0,0,14,0,0
171034,3,1,0,0,0,0,0,0,0,18,0,0
171035,1,1,0,0,0,0,0,0,0,0,0,0
171036,0,1,0,0,11,0,0,0,0,0,0,0
171036,1,1,0,0,0,0,0,0,0,0,0,0
171037,1,1,0,0,0,0,0,0,10,0,0,0
171037,2,1,0,0,0,0,0,0,0,0,0,0
171038,0,1,0,0,0,18,35,14,0,0,0,14
171038,1,1,0,0,0,0,0,0,0,0,0,0
171039,1,1,25,25,25,25,25,25,25,25,25,25
171039,2,1,0,6,9,0,11,0,0,0,0,0
171040,1,1,0,0,0,0,0,0,0,0,0,0
171040,2,1,10,0,0,0,7,0,7,0,0,34
171041,1,1,13,0,9,14,12,16,14,0,0,11
171042,1,1,0,0,0,0,11,0,0,0,0,0
171042,2,1,0,0,0,0,0,0,0,0,0,0
171043,1,1,0,0,0,0,0,19,0,0,0,0
171043,2,1,0,0,0,0,0,0,0,0,10,0
171044,1,1,16,16,16,16,16,16,16,16,16,16
171044,2,1,0,0,0,0,0,0,0,0,0,0
171045,0,1,0,0,0,0,0,0,0,0,0,0
171045,1,1,0,0,0,0,0,0,0,0,0,0
171046,1,1,0,0,0,0,0,0,0,0,0,0
171046,2,1,0,0,0,0,0,0,0,0,0,37
171047,1,1,0,0,0,0,18,0,0,0,0,15
171047,2,1,0,0,0,0,12,0,0,0,14,0
171048,1,1,0,0,0,0,0,0,0,0,0,0
171049,1,1,0,0,0,0,0,0,0,0,0,0
171049,2,1,0,0,0,0,0,0,0,0,0,0
171050,1,1,0,0,0,0,0,0,0,0,0,0
171051,1,1,24,24,24,24,24,24,24,24,24,24
171052,1,1,0,0,0,0,18,0,0,0,0,16
171053,0,1,0,0,0,0,0,0,0,0,0,0
171053,1,1,14,0,0,0,0,0,27,0,0,0
171054,1,1,15,15,15,15,15,15,15,15,15,15
171054,2,1,0,0,0,0,0,7,0,0,0,0
171054,3,1,0,0,0,0,0,0,0,0,0,0
171055,1,1,0,0,0,0,0,0,0,0,0,0
171055,2,1,0,0,0,0,0,10,0,0,0,0
171055,3,1,0,0,0,0,0,0,0,0,0,0
171055,4,1,19,0,0,0,0,30,0,0,0,0
171056,0,1,2,2,2,2,2,2,2,2,2,2
171056,1,1,0,0,0,0,0,0,0,18,0,0
171057,1,1,14,9,15,13,5,0,8,16,0,15
171058,1,1,1,1,1,1,1,1,1,1,1,1
171058,2,1,0,0,0,0,0,0,0,0,0,0
171059,1,1,0,0,0,0,0,0,0,0,0,0
171060,1,1,0,0,37,18,0,0,0,10,0,0
171060,2,1,0,0,0,0,0,0,0,0,0,19
171060,3,1,0,0,0,0,0,0,0,0,0,0
171061,1,1,0,0,0,0,0,0,0,0,0,0
171061,2,1,0,0,0,0,0,0,0,0,0,0
171062,1,1,13,2,0,11,0,6,18,17,11,6
171062,2,1,2,2,2,2,2,2,2,2,2,2
171063,1,1,0,0,0,0,0,0,0,0,0,0
171064,0,1,0,19,0,21,0,0,0,0,0,0
171064,1,1,0,0,0,0,0,0,0,0,0,0
171065,1,1,0,16,0,9,0,0,22,5,10,0
171066,0,1,0,0,22,16,18,22,16,10,22,13
171066,1,1,0,0,0,0,0,0,0,0,0,0
180001,1,1,0,0,0,0,0,0,0,18,12,0
180002,1,1,0,0,0,0,0,0,0,0,0,0
180003,1,1,27,27,27,27,27,27,27,27,27,27
180004,0,1,0,18,29,2,0,4,0,0,22,0
180004,1,1,0,0,0,0,0,0,0,0,0,0
180005,1,1,0,0,0,0,0,0,0,0,0,0
180005,2,1,0,0,0,0,0,0,0,0,0,0
180005,3,1,0,0,0,0,0,0,0,0,0,0
180006,1,1,0,0,0,0,0,0,0,0,0,0
180007,1,1,0,7,0,0,26,0,0,0,0,0
180007,2,1,0,0,0,0,0,0,0,0,0,0
180007,3,1,0,0,0,0,0,0,0,0,0,0
180008,1,1,15,0,0,0,0,0,0,0,0,0
180009,0,1,0,0,7,0,1,17,20,0,23,0
180009,1,1,0,0,0,0,0,0,0,0,0,0
180010,1,1,0,0,0,0,35,21,24,0,0,0
180011,0,1,20,0,0,0,35,4,0,24,0,10
180011,1,1,0,9,15,3,9,33,5,17,0,15
180012,0,1,0,0,0,0,0,0,0,0,0,0
180012,0,2,0,0,0,0,0,0,0,0,0,0
180012,1,1,0,0,0,0,0,0,0,0,0,0
180013,1,1,0,0,0,0,0,0,0,0,0,0
180013,2,1,0,0,0,0,0,0,0,0,0,0
180014,0,1,0,0,8,28,0,0,0,24,0,0
180014,1,1,9,9,9,9,9,9,9,9,9,9
180015,1,1,0,0,0,0,0,0,15,15,0,0
180018,1,1,0,0,0,0,0,0,0,0,0,0
180018,2,1,0,0,0,0,0,0,17,0,0,0
180019,1,1,0,0,0,0,0,0,0,0,0,0
180020,1,1,20,20,20,20,20,20,20,20,20,20
180021,1,1,0,0,0,0,0,0,0,0,0,0
180022,1,1,14,14,41,24,0,23,0,0,0,23
180022,2,1,10,0,0,0,9,0,0,0,0,0
180023,1,1,0,0,6,28,0,0,0,26,0,0
180024,1,1,0,0,0,0,0,0,0,0,0,0
180024,2,1,0,0,0,0,0,0,0,0,0,0
180025,1,1,0,0,0,0,0,0,0,0,0,0
180026,1,1,0,0,0,22,0,0,0,0,16,0
180026,2,1,0,0,0,0,0,0,0,0,0,0
180026,3,1,0,0,0,0,0,0,0,0,0,0
180026,4,1,0,0,0,0,0,0,0,0,0,0
180027,1,1,8,8,8,8,8,8,8,8,8,8
180027,2,1,0,0,0,0,0,0,0,0,0,0
180028,1,1,0,0,9,0,0,0,0,15,0,0
180029,1,1,0,0,0,0,0,0,0,0,0,0
180029,2,1,0,0,0,0,0,0,0,0,0,0
180030,1,1,0,0,0,0,0,0,0,0,0,0
180030,2,1,0,0,0,0,0,0,0,0,0,0
180031,1,1,17,17,17,17,17,17,17,17,17,17
180032,0,1,0,0,0,0,0,0,0,0,0,0
180032,1,1,10,10,0,0,0,0,0,0,0,0
180033,1,1,21,21,21,21,21,21,21,21,21,21
180034,0,1,0,0,0,0,0,0,0,0,0,0
180034,1,1,0,0,0,0,0,0,0,0,0,0
180035,0,1,0,0,0,0,0,0,0,0,0,0
180035,0,2,0,0,30,0,0,0,0,0,0,0
180035,1,1,0,0,0,0,0,0,0,0,0,0
180036,1,1,0,0,0,0,11,15,16,7,6,0
180037,1,1,20,20,20,20,20,20,20,20,20,20
180037,2,1,0,0,0,0,0,0,0,0,0,0
180039,1,1,0,0,0,0,0,0,0,0,0,0
180039,2,1,0,0,0,0,0,0,0,0,0,0
180040,1,1,0,0,0,0,0,0,0,0,0,0
180040,2,1,0,0,0,0,0,0,0,0,0,0
180041,0,1,35,35,35,35,35,35,35,35,35,35
180041,1,1,35,35,35,35,35,35,35,35,35,35
180042,1,1,0,0,0,0,0,0,0,0,0,0
180043,1,1,0,29,0,0,13,36,0,22,0,0
180044,1,1,0,0,0,0,0,0,0,0,0,0
180044,2,1,0,0,0,0,0,13,0,0,0,0
180045,1,1,0,0,0,0,0,0,0,0,0,0
180046,1,1,0,0,0,0,0,0,0,0,0,0
180046,2,1,0,0,0,0,0,0,0,0,0,0
180047,1,1,17,17,17,17,17,17,17,17,17,17
180048,1,1,0,8,11,0,2,0,8,9,7,0
180048,2,1,0,0,0,0,0,0,0,0,0,0
180048,3,1,0,0,0,0,0,0,0,0,0,0
180048,4,1,0,0,0,0,0,0,0,0,0,0
180049,1,1,0,0,0,0,0,0,0,0,0,0
180050,1,1,0,0,0,0,0,0,0,0,0,0
180050,2,1,0,0,0,0,0,0,0,0,0,9
180050,3,1,0,0,0,0,0,0,0,0,0,0
180050,4,1,0,0,18,0,0,0,0,0,0,0
180051,0,1,34,34,34,34,34,34,34,34,34,34
180051,1,1,0,0,0,0,0,0,0,0,0,0
180052,1,1,0,26,14,15,6,22,10,0,25,7
180053,1,1,0,0,0,0,0,0,0,0,0,0
180053,2,1,0,0,0,0,0,0,0,0,0,0
180054,1,1,4,4,4,4,4,4,4,4,4,4
180055,1,1,15,15,15,15,15,15,15,15,15,15
180056,0,1,0,0,0,0,0,0,0,0,0,0
180056,1,1,49,49,49,49,49,49,49,49,49,49
180057,1,1,20,10,42,0,15,0,0,31,20,0
180058,1,1,0,0,0,0,0,0,0,0,0,0
180059,1,1,0,0,0,0,0,0,0,0,0,0
180059,2,1,0,0,0,0,0,0,0,0,0,0
180060,1,1,0,0,0,0,0,0,0,0,0,0
180060,2,1,0,0,0,0,0,0,0,0,0,0
180060,3,1,0,0,0,0,0,0,0,0,0,0
180061,1,1,35,35,35,35,35,35,35,35,35,35
180062,1,1,29,29,29,29,29,29,29,29,29,29
180063,1,1,0,16,0,0,0,0,23,0,0,0
180063,2,1,0,0,0,0,0,0,0,0,0,0
180063,3,1,0,0,0,0,0,0,0,0,0,0
180064,1,1,0,0,0,0,0,0,0,0,0,0
180064,2,1,0,0,0,0,0,0,0,0,0,0
180065,0,1,0,0,0,0,26,0,0,12,0,0
180065,1,1,0,0,0,0,0,0,0,0,0,0
180066,1,1,0,0,0,0,0,0,0,0,0,0
180066,2,1,0,0,0,0,0,0,0,0,0,0
180067,1,1,0,0,0,0,10,7,0,0,0,0
180067,2,1,0,0,0,0,0,0,0,0,0,0
180068,0,1,0,3,0,0,0,0,18,10,0,9
180068,1,1,0,0,0,0,0,0,0,0,0,0
180069,1,1,19,0,18,13,0,0,0,0,12,0
180070,1,1,0,0,0,0,20,0,16,11,0,0
180071,1,1,0,0,0,0,0,0,0,0,0,0
180072,1,1,16,16,16,16,16,16,16,16,16,16
180072,2,1,0,0,0,0,0,0,0,0,0,0
180073,1,1,0,0,0,0,0,0,0,0,0,0
180074,1,1,0,0,0,0,0,0,0,0,0,0
180075,1,1,0,0,0,0,0,0,0,0,0,0
180075,2,1,0,0,0,0,0,0,0,0,0,0
180075,3,1,0,0,0,0,0,0,0,0,0,0
180076,1,1,0,0,0,0,0,0,0,0,0,0
180076,2,1,0,0,0,0,0,0,0,0,0,0
180077,1,1,30,21,0,0,0,0,0,0,0,0
180077,2,1,0,0,0,25,0,0,0,0,0,0
180077,3,1,0,0,0,0,0,0,0,0,0,0
180078,1,1,10,10,10,10,10,10,10,10,10,10
180079,1,1,0,0,0,0,0,0,0,0,0,0
180079,2,1,0,0,0,0,0,0,0,0,0,0
180080,1,1,14,17,15,13,0,13,0,18,0,0
180081,1,1,0,0,0,0,0,0,0,0,0,0
180081,2,1,0,0,0,0,0,0,0,0,0,0
180082,1,1,0,9,0,0,14,0,0,0,0,0
180083,0,1,0,12,0,0,29,0,21,0,18,13
180083,1,1,0,0,0,0,0,0,0,0,0,0
180084,1,1,0,0,0,0,0,0,0,0,0,0
180085,1,1,15,15,15,15,15,15,15,15,15,15
180086,1,1,0,0,0,0,0,0,0,0,0,0
180087,1,1,0,0,0,0,0,0,0,0,0,0
180087,2,1,0,0,0,0,0,0,0,0,0,0
180088,1,1,25,19,31,0,12,30,0,0,0,0
180089,1,1,0,0,0,0,0,0,21,9,0,21
180090,1,1,0,0,0,0,0,0,0,0,0,0
180090,2,1,0,0,0,0,0,0,0,0,0,0
180091,0,1,35,35,35,35,35,35,35,35,35,35
180091,1,1,0,0,0,0,0,0,0,0,0,0
180092,1,1,0,0,0,0,0,0,0,0,0,0
180093,1,1,18,0,0,0,0,0,0,0,0,0
180094,1,1,17,17,17,17,17,17,17,17,17,17
180094,2,1,0,0,0,0,0,0,0,0,0,0
180095,0,1,25,25,25,25,25,25,25,25,25,25
180095,1,1,0,0,0,0,0,0,0,0,0,0
180096,0,1,0,0,0,0,0,0,0,0,0,0
180096,0,2,0,0,0,0,0,0,0,0,14,0
180096,0,3,0,0,0,18,0,0,0,0,0,23
180096,0,4,0,0,0,0,0,0,0,0,0,0
180096,1,1,11,11,11,11,11,11,11,11,11,11
180097,1,1,12,12,12,12,12,12,12,12,12,12
180098,1,1,0,0,0,0,0,0,0,0,0,0
180098,2,1,0,0,0,0,0,8,0,0,0,0
180099,1,1,7,7,7,7,7,7,7,7,7,7
180100,1,1,14,0,22,28,7,0,0,0,26,0
180101,1,1,0,20,0,11,0,42,50,28,28,15
180102,1,1,14,0,23,0,0,24,0,0,12,0
180103,1,1,0,0,30,0,0,13,15,0,27,0
180103,2,1,0,0,0,0,0,0,0,0,0,0
180104,1,1,0,0,0,20,0,0,0,0,0,0
180104,2,1,0,0,0,0,0,0,0,0,0,0
180105,1,1,0,0,0,0,0,0,0,0,0,0
180106,1,1,0,0,0,0,0,0,16,22,0,0
180106,2,1,0,0,0,0,0,0,0,0,0,0
180107,1,1,0,0,0,0,0,0,0,0,0,0
180109,0,1,0,0,0,10,14,0,18,0,0,0
180109,1,1,0,0,0,0,0,0,0,0,0,0
180110,1,1,0,0,0,0,0,0,0,0,0,0
180111,1,1,0,0,0,24,0,21,27,20,0,0
180112,1,1,13,13,13,13,13,13,13,13,13,13
180112,2,1,0,22,0,0,0,8,0,0,0,0
180112,3,1,0,0,0,0,21,0,0,0,0,0
180113,1,1,0,0,29,17,21,0,17,6,0,0
180114,0,1,0,0,13,0,0,20,0,16,12,0
180114,1,1,0,0,0,0,0,0,0,0,0,0
180115,1,1,0,0,0,0,0,0,0,0,0,0
180116,1,1,9,0,0,15,14,9,15,13,19,19
180117,1,1,0,0,0,0,0,0,0,0,0,0
180118,1,1,21,21,21,21,21,21,21,21,21,21
180119,1,1,0,0,0,0,0,0,0,0,0,0