ST_CASE,VEH_NO,PER_NO,P1,P2,P3,P4,P5,P6,P7,P8,P9,P10
180119,2,1,18,0,0,0,0,0,0,0,0,0
180120,1,1,0,0,0,0,0,0,0,0,0,0
180120,2,1,0,0,0,0,0,0,0,0,0,0
180121,0,1,0,0,46,22,41,19,11,0,13,0
180121,1,1,0,0,0,0,0,0,0,0,0,0
180122,1,1,8,0,0,0,10,0,18,0,0,0
180123,0,1,0,25,42,0,0,11,0,0,0,12
180123,1,1,0,0,12,0,0,15,0,0,23,31
180124,1,1,0,0,0,0,0,0,0,0,0,0
180125,1,1,0,0,0,0,0,0,0,0,0,0
180125,2,1,0,0,0,0,0,0,0,0,0,0
180126,1,1,12,12,12,12,12,12,12,12,12,12
180127,1,1,21,21,21,21,21,21,21,21,21,21
180128,0,1,22,12,0,4,14,0,0,0,0,0
180128,1,1,0,0,0,0,0,0,0,0,0,0
180129,1,1,0,0,0,0,0,0,0,0,0,0
180129,2,1,0,0,0,0,0,0,0,0,0,0
180130,1,1,0,0,0,0,0,0,0,0,0,0
180130,2,1,0,0,0,0,0,0,0,0,0,0
180131,0,1,0,13,26,17,30,0,14,18,26,18
180131,1,1,0,0,0,0,0,0,0,0,0,23
180131,2,1,0,0,0,0,0,12,13,6,0,0
180132,1,1,26,12,0,0,0,0,0,0,0,0
180132,2,1,0,0,0,0,15,0,0,0,0,0
180133,1,1,22,22,22,22,22,22,22,22,22,22
180134,1,1,0,0,0,0,0,0,0,0,0,0
180134,2,1,0,0,0,0,0,0,0,0,0,0
180135,1,1,29,29,29,29,29,29,29,29,29,29
180135,2,1,0,0,11,28,0,0,0,0,20,11
180136,1,1,0,10,0,0,0,18,0,0,0,0
180136,2,1,0,0,0,0,0,0,0,0,0,0
180137,1,1,0,0,0,0,0,0,0,0,0,0
180137,2,1,0,0,0,0,0,0,0,0,0,0
180138,1,1,20,0,0,0,18,0,0,0,0,11
180139,1,1,0,0,0,0,0,0,0,0,0,0
180140,1,1,0,0,0,0,0,0,0,0,0,0
180140,2,1,23,0,12,30,0,7,0,5,0,0
180141,1,1,0,0,0,0,0,0,0,0,0,0
180141,2,1,0,0,0,25,0,0,0,0,16,0
180142,1,1,0,14,27,0,0,0,0,0,0,0
180143,1,1,0,0,0,0,0,0,0,0,0,0
180144,1,1,13,13,13,13,13,13,13,13,13,13
180145,0,1,23,48,9,19,0,0,25,0,15,22
180145,1,1,0,0,0,0,0,0,0,0,0,0
180146,1,1,15,15,15,15,15,15,15,15,15,15
180146,2,1,6,0,0,18,9,0,0,0,34,0
180147,1,1,32,0,23,19,0,0,14,0,0,0
180148,0,1,23,0,0,0,18,20,0,13,0,0
180148,1,1,0,0,0,0,0,0,0,0,0,12
180149,0,1,21,9,0,0,0,0,27,0,0,0
180149,1,1,6,6,6,6,6,6,6,6,6,6
180150,1,1,0,0,0,0,0,0,0,0,0,0
180150,2,1,0,0,0,0,0,0,0,0,9,36
180151,1,1,0,0,28,0,0,0,14,30,0,18
180152,1,1,0,0,0,0,0,19,0,0,0,0
180153,1,1,0,0,0,0,0,0,0,0,0,0
180153,2,1,0,0,0,0,0,0,0,0,0,0
180154,1,1,0,0,0,0,0,0,0,0,0,0
180154,2,1,0,0,0,0,0,0,0,0,0,0
180155,1,1,0,0,0,0,0,0,0,0,0,0
180155,2,1,0,0,0,0,0,0,0,0,0,0
180156,1,1,0,0,0,0,0,0,0,0,0,0
180157,1,1,0,0,0,0,0,0,0,0,0,0
180157,2,1,0,0,0,0,0,0,0,0,0,0
180158,1,1,0,0,0,0,0,0,24,0,11,0
180159,1,1,0,0,0,0,0,0,0,0,0,0
180159,2,1,27,0,0,0,0,0,0,0,0,16
180160,1,1,0,0,0,0,0,0,0,0,0,0
180161,1,1,22,22,22,22,22,22,22,22,22,22
180163,1,1,0,0,0,0,0,0,0,0,29,0
180163,2,1,0,0,0,0,0,0,0,0,0,0
180163,3,1,0,0,0,0,0,0,0,0,0,0
180164,1,1,0,0,0,0,0,0,0,0,0,0
180164,2,1,0,0,0,0,0,0,0,0,0,0
180164,3,1,0,0,0,0,0,0,0,0,0,0
180165,1,1,17,17,17,17,17,17,17,17,17,17
180166,1,1,0,0,0,0,0,0,0,0,0,0
180167,1,1,0,0,0,0,0,0,0,0,0,0
180167,2,1,0,41,0,0,33,0,17,20,13,0
180168,1,1,22,0,0,0,0,0,0,0,17,0
180169,1,1,0,0,28,0,0,0,0,0,0,0
180170,1,1,0,0,0,0,0,6,0,0,0,0
180171,1,1,19,19,19,19,19,19,19,19,19,19
180171,2,1,0,0,0,0,0,0,0,0,0,0
180172,1,1,0,0,0,0,0,0,0,0,0,0
180172,2,1,0,0,0,0,0,0,0,0,0,0
180173,1,1,0,0,0,0,0,0,0,0,0,0
180173,2,1,0,0,0,0,0,0,0,0,0,0
180174,0,1,0,0,0,9,0,0,0,0,0,0
180174,1,1,0,0,0,0,0,0,0,0,0,0
180175,1,1,0,0,0,0,0,0,0,0,0,0
180175,2,1,0,0,0,0,0,0,0,0,0,0
180176,1,1,0,0,0,0,0,0,17,0,24,0
180177,1,1,20,20,20,20,20,20,20,20,20,20
180177,2,1,0,0,30,0,0,0,0,0,12,0
180178,1,1,18,15,18,16,13,7,29,26,13,3
180179,0,1,0,14,25,26,0,0,10,54,0,11
180179,1,1,0,0,0,0,0,0,0,0,0,0
180180,1,1,0,0,0,0,0,0,0,0,0,0
180180,2,1,0,0,0,0,0,0,0,0,0,0
180181,1,1,0,0,0,0,0,0,0,0,0,0
180181,2,1,0,0,0,0,0,0,0,0,0,0
180183,1,1,0,0,0,0,0,0,0,0,0,0
180184,1,1,19,0,0,0,5,9,18,0,0,0
180185,1,1,0,17,9,20,8,9,7,12,12,5
180187,1,1,0,0,0,0,0,0,0,0,0,0
180188,1,1,5,5,5,5,5,5,5,5,5,5
180188,2,1,0,0,16,2,0,11,13,0,13,0
180190,1,1,0,0,0,0,0,0,11,0,0,0
180190,2,1,0,0,0,0,0,0,0,0,0,0
180191,1,1,0,0,0,0,0,0,0,0,0,0
180191,2,1,0,0,0,0,0,0,0,0,0,0
180192,1,1,0,0,0,0,0,0,0,21,0,0
180193,1,1,0,0,0,0,0,0,0,0,0,0
180193,2,1,0,0,0,0,0,0,0,0,0,0
180194,1,1,0,0,0,0,0,0,0,0,0,0
180195,1,1,0,0,15,0,0,4,22,0,14,0
180196,1,1,0,0,0,0,0,0,0,0,0,0
180196,2,1,0,0,0,0,0,0,0,0,0,0
180197,1,1,0,0,0,0,0,0,0,0,0,0
180198,1,1,0,0,0,0,0,0,0,0,0,0
180198,2,1,0,0,0,0,0,0,0,0,0,0
180199,1,1,1,1,1,1,1,1,1,1,1,1
180201,1,1,0,0,0,0,0,0,0,0,0,0
180201,2,1,0,0,0,0,0,0,0,0,0,0
180201,3,1,0,0,0,0,0,0,0,0,0,0
180202,0,1,0,0,0,0,0,9,0,0,0,0
180202,1,1,0,0,0,0,0,0,0,0,0,0
180203,1,1,0,0,0,0,0,0,0,0,0,0
180203,2,1,32,0,0,0,0,25,0,0,0,0
180204,1,1,0,0,0,0,0,0,16,0,0,20
180205,1,1,0,0,0,0,0,0,0,0,0,0
180205,2,1,0,0,0,0,0,0,0,0,0,0
180206,1,1,0,0,0,0,0,0,15,0,0,0
180207,1,1,0,0,0,0,0,0,0,0,0,0
180207,2,1,0,0,0,0,8,0,0,0,15,0
180208,1,1,0,0,0,0,0,0,0,0,0,0
180208,2,1,0,0,0,0,0,0,0,0,0,0
180209,1,1,0,0,0,0,0,0,0,0,0,0
180209,2,1,0,0,0,0,0,0,0,0,0,0
180210,1,1,26,26,26,26,26,26,26,26,26,26
180211,1,1,0,0,0,0,0,0,0,0,0,0
180211,2,1,0,0,0,0,0,0,0,0,0,0
180212,1,1,0,0,0,0,0,0,0,0,0,0
180212,2,1,0,0,0,0,0,0,0,0,0,0
180213,1,1,0,0,0,23,0,0,0,0,0,0
180214,1,1,0,0,0,0,7,0,15,7,22,16
180215,1,1,0,0,0,0,0,0,0,0,0,0
180215,2,1,0,0,0,0,0,0,0,0,0,0
180216,1,1,0,0,0,0,0,0,0,0,0,0
180216,2,1,0,0,0,0,0,0,0,0,0,0
180217,1,1,0,0,0,0,0,0,0,0,0,0
180217,2,1,0,0,0,0,0,0,0,0,0,0
180219,1,1,0,11,0,0,2,25,0,11,0,0
180220,1,1,0,0,0,0,0,0,0,0,0,0
180220,2,1,0,0,0,0,0,0,0,0,0,0
180221,1,1,0,0,0,0,0,10,0,0,0,0
180222,1,1,0,0,0,0,0,0,0,0,0,0
180222,2,1,0,0,0,0,0,0,0,0,0,0
180223,1,1,0,0,0,0,0,0,0,0,0,0
180223,2,1,0,0,0,0,0,0,0,0,0,0
180224,1,1,9,19,0,22,13,16,16,16,15,16
180225,1,1,12,0,7,23,0,22,0,14,0,0
180226,1,1,0,0,16,0,17,0,0,12,0,0
180227,1,1,0,0,0,0,0,0,30,0,0,0
180228,1,1,9,0,0,0,0,0,0,0,0,0
180228,2,1,14,14,14,14,14,14,14,14,14,14
180229,1,1,0,38,0,0,19,0,0,27,0,0
180230,1,1,0,0,0,0,0,0,0,0,0,0
180230,2,1,1,1,1,1,1,1,1,1,1,1
180231,1,1,0,0,0,0,0,0,0,0,12,0
180232,1,1,0,0,0,0,0,0,0,0,0,0
180232,2,1,0,0,0,0,0,0,0,0,0,0
180233,1,1,0,0,0,0,0,0,0,0,0,0
180233,2,1,0,0,0,0,0,0,0,0,0,0
180234,1,1,0,0,0,0,0,0,0,0,0,0
180234,2,1,0,0,0,0,0,0,0,0,0,0
180234,3,1,0,0,0,0,0,0,18,0,0,36
180235,1,1,29,29,29,29,29,29,29,29,29,29
180236,1,1,0,0,0,0,0,0,0,0,0,0
180237,1,1,0,0,0,0,0,0,0,0,0,0
180237,2,1,0,0,0,0,0,0,0,0,0,0
180238,0,1,0,0,0,0,0,0,16,0,0,0
180238,1,1,0,0,0,0,0,0,0,0,0,0
180239,1,1,23,23,23,23,23,23,23,23,23,23
180240,1,1,18,0,0,0,0,0,9,0,0,0
180240,2,1,0,0,14,0,0,0,0,0,0,0
180243,1,1,0,0,0,0,0,0,0,0,0,0
180243,2,1,0,0,0,0,0,0,0,0,0,0
180244,1,1,0,0,0,0,0,0,0,0,0,0
180244,2,1,0,0,0,0,0,0,0,0,0,0
180245,1,1,0,0,0,0,0,0,0,0,0,0
180245,2,1,0,0,0,0,0,0,0,0,0,0
180246,0,1,0,0,0,0,0,0,0,0,0,0
180246,1,1,0,0,0,0,0,0,0,0,0,0
180247,0,1,0,23,0,0,23,0,0,0,0,0
180247,1,1,4,4,4,4,4,4,4,4,4,4
180248,1,1,2,2,2,2,2,2,2,2,2,2
180249,1,1,16,16,16,16,16,16,16,16,16,16
180250,1,1,0,0,0,0,0,0,0,0,0,0
180250,2,1,0,14,10,15,35,0,14,0,22,0
180251,1,1,0,0,0,0,14,0,0,0,0,0
180252,1,1,18,18,18,18,18,18,18,18,18,18
180253,1,1,0,0,0,0,0,0,0,0,0,0
180253,2,1,0,0,0,0,0,0,0,0,0,0
180254,1,1,0,0,0,0,0,0,0,0,0,0
180254,2,1,0,0,0,0,0,0,0,0,0,0
180255,1,1,0,14,0,18,0,0,0,0,0,0
180256,1,1,20,20,20,20,20,20,20,20,20,20
180258,1,1,0,0,0,0,0,0,0,0,0,0
180258,2,1,0,0,0,0,0,0,0,0,0,0
180259,1,1,6,0,6,23,2,14,4,0,3,21
180260,1,1,0,13,0,0,0,0,0,0,16,0
180260,2,1,0,0,0,0,0,0,0,0,0,0
180261,1,1,8,7,9,0,0,0,0,0,0,0
180262,1,1,0,0,0,0,0,0,0,0,0,0
180263,1,1,0,0,0,0,0,0,0,0,0,0
180263,2,1,0,0,0,0,0,0,0,0,0,0
180265,1,1,0,0,11,0,0,0,0,0,0,0
180265,2,1,0,0,0,0,0,0,0,0,0,0
180266,1,1,0,0,0,0,0,0,0,0,0,0
180267,1,1,32,27,12,12,30,25,8,22,0,16
180268,1,1,9,14,9,10,4,0,0,28,0,11
180269,1,1,0,0,0,0,0,0,0,0,0,0
180269,2,1,0,0,0,0,0,0,0,0,0,0
180270,1,1,0,0,0,23,0,0,23,19,12,0
180271,0,1,0,0,0,0,0,0,0,0,0,0
180271,1,1,0,0,0,0,0,0,0,0,0,0
180272,1,1,0,0,0,8,0,0,0,12,0,0
180273,1,1,0,0,0,0,0,0,0,0,0,0
180273,2,1,0,0,0,0,0,0,0,0,0,0
180273,3,1,0,0,0,0,0,8,0,0,0,0
180273,4,1,0,0,0,0,0,0,0,0,0,0
180274,1,1,4,0,0,8,0,0,0,0,0,0
180274,2,1,0,0,0,0,0,0,0,0,0,0
180274,3,1,0,0,0,0,0,0,0,0,0,0
180275,1,1,0,0,0,0,0,0,0,0,0,0
180275,2,1,0,0,0,0,0,0,0,0,0,0
180276,0,1,0,0,26,0,11,0,0,17,12,0
180276,0,2,0,15,0,21,0,0,37,0,0,21
180276,1,1,0,0,0,0,0,0,0,0,0,0
180277,1,1,0,0,0,0,0,0,0,0,0,0
180277,2,1,0,0,5,0,0,0,0,13,0,0
180278,1,1,0,0,0,6,18,0,0,0,0,14
180278,2,1,0,9,0,0,0,0,0,0,0,0
180279,1,1,27,27,27,27,27,27,27,27,27,27
180280,1,1,22,22,22,22,22,22,22,22,22,22
180280,2,1,0,0,0,0,0,0,0,0,0,0
180281,1,1,0,0,0,0,0,0,0,0,0,0
180281,2,1,0,13,0,0,0,0,0,0,0,0
180282,1,1,0,0,0,0,0,0,0,0,0,26
180282,2,1,0,0,0,0,0,0,0,0,0,0
180283,0,1,0,25,0,0,10,0,38,0,0,22
180283,1,1,0,0,0,0,0,0,0,0,0,0
180284,1,1,0,0,0,0,0,0,0,0,0,0
180284,2,1,0,0,0,0,0,0,0,0,0,0
180285,1,1,0,0,0,0,0,0,0,0,0,0
180285,2,1,0,0,0,0,0,0,0,0,0,0
180286,1,1,13,13,13,13,13,13,13,13,13,13
180287,1,1,0,0,0,0,0,0,0,0,0,0
180287,2,1,0,0,0,0,0,0,0,0,0,0
180288,1,1,0,0,0,0,0,0,14,0,0,0
180289,0,1,0,0,0,0,0,0,0,0,0,0
180289,1,1,0,0,0,0,0,0,0,0,0,0
180290,1,1,0,0,0,0,0,0,28,0,0,18
180290,2,1,0,0,0,0,0,0,0,0,0,0
180291,1,1,0,0,0,0,0,0,0,0,0,0
180292,1,1,3,12,6,0,10,12,37,2,20,0
180292,2,1,0,0,0,0,0,0,0,0,10,0
180293,1,1,0,0,0,0,0,0,0,0,0,0
180293,2,1,0,0,0,0,0,0,0,0,0,0
180294,1,1,0,0,0,0,0,0,0,0,0,0
180294,2,1,0,0,0,0,0,0,0,0,0,0
180295,1,1,0,0,0,0,0,5,0,0,0,0
180295,2,1,0,0,0,0,0,0,0,0,0,0
180296,1,1,48,48,48,48,48,48,48,48,48,48
180297,1,1,0,0,0,0,0,0,0,0,0,0
180297,2,1,0,0,0,0,0,0,0,0,0,0
180298,1,1,0,0,5,0,0,0,0,0,0,0
180298,2,1,0,0,0,0,0,0,0,11,0,0
180299,1,1,22,22,22,22,22,22,22,22,22,22
180299,2,1,0,0,0,0,0,0,0,0,0,0
180300,1,1,0,0,28,0,0,0,11,0,12,0
180301,0,1,0,0,0,0,0,0,9,0,31,0
180301,1,1,45,12,15,0,9,0,11,22,0,7
180301,2,1,0,0,0,0,0,0,0,0,0,0
180302,1,1,3,14,17,9,0,0,17,0,0,6
180302,2,1,13,13,13,13,13,13,13,13,13,13
180303,1,1,17,21,12,4,4,6,6,14,24,9
180304,1,1,0,0,0,0,0,0,0,0,0,0
180304,2,1,0,0,0,0,0,0,0,0,0,0
180305,1,1,0,0,0,0,0,0,0,0,0,0
180307,1,1,32,0,20,0,0,0,0,0,0,0
180307,2,1,0,0,0,0,0,0,0,0,0,0
180308,1,1,10,17,22,25,39,30,0,2,21,23
180309,1,1,0,9,0,32,24,10,28,0,0,0
180310,1,1,23,0,0,13,0,18,24,0,0,23
180311,1,1,17,12,12,0,4,0,0,0,0,0
180311,2,1,0,0,0,0,0,0,0,0,0,0
180312,1,1,0,0,0,0,0,0,0,0,0,0
180313,1,1,0,0,0,6,0,0,9,0,0,0
180313,2,1,0,0,0,0,0,0,0,0,0,0
180314,1,1,0,0,0,0,0,0,0,0,0,0
180315,1,1,15,0,4,14,0,0,9,17,11,9
180316,1,1,18,18,18,18,18,18,18,18,18,18
180317,0,1,6,16,0,31,15,0,0,7,0,0
180317,1,1,0,0,0,0,0,0,0,0,0,0
180318,1,1,0,0,0,0,0,0,24,15,0,18
180319,1,1,0,0,0,0,0,0,0,0,0,0
180319,2,1,0,0,0,0,0,0,0,0,0,0
180320,1,1,0,0,0,0,18,0,0,0,6,0
180321,1,1,0,0,0,0,0,0,0,0,0,0
180321,2,1,0,0,0,0,0,0,0,0,0,0
180322,1,1,12,12,12,12,12,12,12,12,12,12
180322,2,1,0,0,0,0,0,0,0,0,0,0
180323,1,1,16,0,0,0,0,0,0,11,0,33
180324,1,1,0,0,0,0,0,0,0,0,0,0
180324,2,1,0,0,0,0,0,0,0,0,0,0
180324,3,1,0,0,0,0,0,0,0,0,0,0
180324,4,1,0,0,0,0,0,0,0,0,0,17
180325,1,1,0,41,24,25,13,14,15,0,19,26
180326,1,1,0,0,0,0,0,0,0,0,0,0
180326,2,1,0,0,0,0,0,0,0,0,0,0
180327,1,1,0,0,0,0,0,0,0,0,0,0
180327,2,1,0,0,0,0,0,0,0,0,0,0
180328,1,1,27,0,0,23,0,0,20,7,13,0
180329,1,1,10,0,0,0,0,0,0,0,0,0
180329,2,1,0,0,0,0,0,0,0,0,0,0
180331,1,1,0,0,0,0,0,0,0,0,0,0
180331,2,1,0,0,0,0,0,0,0,0,0,0
180332,1,1,14,0,24,8,0,0,12,11,0,0
180332,2,1,0,0,0,0,0,0,0,0,0,0
180333,1,1,1,1,1,1,1,1,1,1,1,1
180333,2,1,0,0,0,0,0,0,0,0,0,0
180334,1,1,0,0,0,0,0,0,0,0,0,0
180334,2,1,0,0,0,0,0,0,0,0,0,0
180335,1,1,11,11,11,11,11,11,11,11,11,11
180336,1,1,0,0,0,0,0,0,0,0,22,0
180337,1,1,0,0,0,0,0,0,0,0,0,0
180339,1,1,0,0,0,0,0,0,0,0,0,0
180340,1,1,0,0,0,0,0,13,0,0,0,24
180341,1,1,0,0,0,0,0,0,0,18,0,0
180342,1,1,0,0,0,0,0,0,0,0,0,0
180342,2,1,0,0,0,10,0,10,0,0,0,9
180343,0,1,0,0,0,26,0,0,0,0,0,0
180343,0,2,0,0,0,0,0,0,0,0,0,0
180343,1,1,10,0,0,0,0,0,0,0,0,0
180344,1,1,13,13,13,13,13,13,13,13,13,13
180344,2,1,0,0,0,0,22,20,0,0,0,0
180344,3,1,0,0,0,0,0,0,0,0,0,0
180345,1,1,0,0,0,9,0,0,0,0,0,0
180345,2,1,0,0,0,0,0,0,0,0,0,0
180346,1,1,0,12,8,20,21,20,23,0,0,0
180347,1,1,0,0,29,0,0,0,0,0,12,8
180349,1,1,0,0,0,0,0,0,0,0,0,0
180349,2,1,10,0,0,0,0,0,0,0,0,0
180350,0,1,29,0,14,0,0,8,7,0,31,0
180350,1,1,0,0,0,0,0,0,0,0,0,0
180353,1,1,22,22,22,22,22,22,22,22,22,22
180354,2,1,0,0,20,0,0,0,0,0,0,0
180355,1,1,0,0,0,0,0,0,0,0,0,0
180355,2,1,0,0,0,0,0,0,0,11,0,0
180356,1,1,0,0,15,0,0,0,3,0,0,0
180356,2,1,0,0,0,0,9,0,0,0,0,0
180357,1,1,18,18,18,18,18,18,18,18,18,18
180358,0,1,22,0,25,7,15,0,16,18,0,11
180358,0,2,17,0,0,7,10,42,10,0,0,33
180358,0,3,0,9,26,51,0,15,27,0,0,26
180358,1,1,0,0,0,0,0,0,0,0,0,0
180359,1,1,0,18,19,0,0,0,0,0,0,0
180360,1,1,8,14,11,13,17,8,20,11,7,2
180361,1,1,0,0,0,0,0,0,0,0,0,0
180361,2,1,0,0,0,0,0,0,0,0,0,0
180362,1,1,0,0,0,0,0,0,0,0,0,0
180363,1,1,12,28,19,29,7,19,16,6,8,14
180364,1,1,6,14,10,13,21,11,0,0,0,12
180365,1,1,25,25,25,25,25,25,25,25,25,25
180366,1,1,22,22,22,22,22,22,22,22,22,22
180367,1,1,0,0,0,0,0,0,0,0,0,0
180367,2,1,0,0,0,0,0,0,0,0,0,0
180368,1,1,0,0,0,0,0,0,0,0,0,0
180369,1,1,0,0,0,0,0,0,0,0,0,0
180370,1,1,15,15,15,15,15,15,15,15,15,15
180371,1,1,0,0,0,0,0,0,0,0,0,0
180371,2,1,0,0,0,0,0,0,0,0,0,0
180372,1,1,0,0,0,0,0,0,0,0,0,0
180372,2,1,0,0,0,0,0,0,0,0,0,0
180373,1,1,0,0,0,0,20,0,0,0,29,0
180373,2,1,0,0,0,0,0,0,0,0,0,0
180374,1,1,0,0,0,0,0,0,0,0,0,0
180375,1,1,0,0,0,0,0,0,0,0,0,0
180375,2,1,0,0,0,0,0,0,0,0,0,0
180376,1,1,11,0,0,0,0,0,0,0,0,0
180376,2,1,0,0,0,0,0,0,30,0,0,0
180377,1,1,0,0,0,0,0,0,0,0,0,0
180378,1,1,0,0,18,0,0,0,0,0,0,16
180379,1,1,0,0,0,0,0,0,0,0,0,0
180379,2,1,0,0,0,0,0,0,0,0,0,0
180379,3,1,0,0,0,0,0,0,0,0,0,0
180379,4,1,0,0,0,0,0,0,0,0,0,0
180379,5,1,0,0,0,0,0,0,0,0,0,0
180380,1,1,0,0,0,0,0,0,0,0,0,0
180380,2,1,0,0,0,0,0,0,0,0,0,0
180381,1,1,18,28,7,9,14,13,28,13,7,25
180382,1,1,12,12,12,12,12,12,12,12,12,12
180383,1,1,8,8,8,8,8,8,8,8,8,8
180383,2,1,35,0,0,13,0,19,11,0,0,0
180384,1,1,14,14,14,14,14,14,14,14,14,14
180385,1,1,0,0,0,0,0,0,0,0,0,0
180386,1,1,0,0,6,0,23,30,0,0,0,12
180387,1,1,23,23,23,23,23,23,23,23,23,23
180388,1,1,0,0,0,10,22,0,3,0,0,0
180388,2,1,0,0,0,0,0,0,0,0,0,0
180389,1,1,12,12,12,12,12,12,12,12,12,12
180389,2,1,0,0,0,0,0,0,0,0,0,0
180390,0,1,0,0,0,0,0,0,0,0,14,0
180390,1,1,0,0,0,0,0,0,0,0,0,0
180391,1,1,7,0,0,0,0,0,0,8,0,0
180392,1,1,0,0,0,0,0,0,0,0,0,0
180392,2,1,0,0,0,0,0,0,0,0,0,0
180393,1,1,33,0,0,24,0,0,0,0,0,0
180393,2,1,0,0,0,0,0,0,0,0,0,0
180394,1,1,0,0,0,0,0,0,0,0,0,0
180395,1,1,0,0,0,0,0,0,0,0,0,0
180395,2,1,0,0,0,0,5,0,0,8,0,0
180396,0,1,0,0,0,0,0,0,0,0,0,0
180396,1,1,0,0,0,0,0,0,0,0,0,0
180397,0,1,13,0,16,0,13,10,28,24,20,32
180397,1,1,0,0,0,0,0,0,0,0,0,0
180398,1,1,0,0,0,0,0,0,0,0,0,0
180398,2,1,0,0,0,0,0,0,0,0,0,0
180399,1,1,0,0,0,0,0,0,0,0,0,0
180399,2,1,0,0,0,0,0,0,0,0,0,0
180400,1,1,0,0,0,0,0,0,0,0,0,13
180401,1,1,0,0,0,0,0,0,0,0,0,0
180401,2,1,0,6,0,0,0,0,0,0,0,0
180402,0,1,0,0,9,14,0,10,0,16,29,13
180402,1,1,0,0,0,0,0,0,0,0,0,0
180402,2,1,0,0,0,0,0,0,0,0,0,0
180403,1,1,27,27,27,27,27,27,27,27,27,27
180403,2,1,0,0,0,0,0,0,0,16,0,0
180404,1,1,15,15,15,15,15,15,15,15,15,15
180405,1,1,0,15,0,0,2,0,0,0,0,6
180406,1,1,0,0,0,0,0,0,0,0,0,0
180406,2,1,4,0,0,0,0,0,22,14,6,12
180407,1,1,0,0,0,0,0,0,0,0,0,0
180407,2,1,0,0,0,0,0,0,0,0,0,0
180408,1,1,25,0,0,21,0,0,17,0,0,13
180409,1,1,0,0,0,0,0,0,0,0,0,0
180409,2,1,0,0,0,0,0,0,0,0,0,0
180410,1,1,0,0,0,0,0,0,0,0,0,0
180410,2,1,13,0,0,0,0,0,0,0,0,0
180410,3,1,0,0,0,0,0,0,0,0,0,0
180410,4,1,0,0,0,0,0,0,0,0,0,0
180411,1,1,0,0,22,0,0,14,0,0,0,0
180411,2,1,0,0,0,0,0,0,0,0,0,0
180412,0,1,0,0,16,15,18,0,0,21,17,0
180412,1,1,0,0,0,0,0,0,0,0,0,0
180413,1,1,20,0,8,0,18,0,0,13,14,0
180414,1,1,19,19,19,19,19,19,19,19,19,19
180415,1,1,0,0,0,0,0,0,0,0,0,0
180415,2,1,0,0,0,0,0,0,0,0,0,0
180416,1,1,0,0,0,0,0,0,0,0,0,0
180416,2,1,0,6,0,0,0,0,0,0,0,0
180417,1,1,0,0,0,0,0,0,0,0,0,0
180417,2,1,0,0,0,0,0,0,0,0,0,0
180418,1,1,0,0,0,5,0,0,0,0,0,0
180418,2,1,0,0,0,0,0,0,0,0,0,0
180418,3,1,0,0,0,0,0,0,0,0,0,0
180420,1,1,0,14,0,14,15,0,0,0,11,0
180420,2,1,0,0,0,0,0,12,0,21,0,0
180420,3,1,0,0,0,0,0,0,0,0,0,0
180421,1,1,0,0,0,0,0,0,0,21,0,6
180421,2,1,0,0,0,0,0,0,0,0,0,0
180422,1,1,0,0,0,0,0,0,0,0,0,0
180423,1,1,0,0,0,0,0,0,0,0,0,0
180423,2,1,0,0,0,0,0,0,0,0,0,0
180424,1,1,7,7,7,7,7,7,7,7,7,7
180425,1,1,30,30,30,30,30,30,30,30,30,30
180426,1,1,22,7,7,17,11,8,10,26,40,14
180426,2,1,0,0,0,0,0,0,0,0,0,0
180427,1,1,0,0,0,0,0,0,0,0,0,0
180427,2,1,0,0,0,0,0,0,0,0,0,0
180428,1,1,2,2,2,2,2,2,2,2,2,2
180429,1,1,0,0,0,0,0,0,0,0,0,0
180429,2,1,0,0,0,0,0,0,0,0,0,0
180429,3,1,0,0,0,0,0,0,0,0,0,0
180430,1,1,0,0,0,0,0,0,0,0,0,0
180430,2,1,0,0,0,0,0,0,0,0,0,0
180431,1,1,6,0,0,5,0,10,0,0,0,16
180431,2,1,0,0,0,0,0,17,0,0,0,24
180432,1,1,0,0,15,14,0,0,20,0,0,0
180433,1,1,0,0,0,0,0,0,0,0,0,0
180433,2,1,0,0,0,0,0,0,0,0,0,0
180434,1,1,0,0,0,0,0,0,16,0,12,0
180435,1,1,0,0,0,0,0,0,0,0,0,0
180435,2,1,0,0,0,0,0,0,0,0,0,0
180436,1,1,0,0,0,0,0,0,0,0,0,0
180436,2,1,0,0,0,0,0,0,0,0,0,0
180437,1,1,15,15,15,15,15,15,15,15,15,15
180438,1,1,0,0,0,0,0,0,0,0,0,0
180438,2,1,0,0,0,0,0,0,0,0,0,0
180439,1,1,0,0,0,0,0,0,0,0,0,0
180439,2,1,0,0,0,0,0,0,0,0,0,0
180440,1,1,0,0,0,0,0,0,0,0,0,20
180440,2,1,0,0,0,0,0,0,0,0,0,0
180441,1,1,0,0,0,0,15,16,20,8,0,0
180442,1,1,0,0,0,0,22,3,0,0,0,0
180443,1,1,26,23,18,15,16,10,0,16,10,0
180444,1,1,0,0,0,0,0,0,0,0,0,0
180445,1,1,0,0,0,0,0,0,0,0,0,0
180446,1,1,0,0,0,0,9,0,0,0,10,0
180447,1,1,0,0,0,0,0,0,0,0,0,0
180447,2,1,0,0,0,0,0,0,0,0,0,0