ST_CASE,VEH_NO,PER_NO,P1,P2,P3,P4,P5,P6,P7,P8,P9,P10
180749,1,1,17,17,17,17,17,17,17,17,17,17
180750,1,1,0,0,0,0,0,0,0,0,0,0
180751,1,1,0,11,0,0,0,0,0,0,0,0
180752,1,1,0,0,0,0,0,0,0,0,0,0
180753,0,1,0,0,0,0,0,0,26,32,0,0
180753,1,1,0,7,0,0,0,0,0,0,0,0
180754,1,1,0,0,0,0,0,0,0,0,0,0
180754,2,1,0,0,0,0,0,0,0,0,0,0
180755,1,1,0,0,0,0,0,0,0,0,0,0
180756,1,1,0,0,0,0,0,0,0,0,0,0
180756,2,1,0,0,0,0,0,0,0,0,0,0
180757,1,1,0,0,0,0,0,0,0,0,0,0
180757,2,1,0,0,0,0,0,0,0,0,0,0
180758,0,1,0,0,0,0,0,0,28,14,0,0
180758,1,1,0,0,0,0,0,0,0,0,0,0
180759,0,1,0,0,11,0,0,0,0,0,0,0
180759,1,1,0,0,0,0,0,0,0,10,0,0
180760,1,1,11,0,0,0,0,0,22,0,16,0
180760,2,1,0,0,0,0,0,7,0,0,28,0
180761,1,1,0,0,0,0,0,0,25,0,0,0
180761,2,1,0,0,0,0,0,0,0,0,0,0
180762,0,1,0,0,0,0,0,0,0,0,0,0
180762,1,1,0,0,0,0,0,0,0,0,0,0
180763,1,1,12,0,18,0,10,24,18,7,14,22
180763,2,1,0,0,0,0,0,0,0,0,0,0
180764,1,1,0,0,0,0,0,0,0,0,0,0
180764,2,1,0,0,0,0,0,0,0,0,0,0
180765,1,1,0,33,0,11,22,0,25,18,0,0
180766,1,1,0,0,0,0,0,0,0,0,0,0
180768,1,1,0,0,0,0,0,0,0,4,0,0
180769,1,1,0,0,0,0,0,0,0,0,0,0
180770,1,1,0,0,0,0,30,20,13,0,20,29
180771,1,1,0,0,0,0,0,0,0,0,0,0
180772,1,1,0,0,0,20,0,0,0,0,0,0
180773,1,1,0,0,0,0,0,0,0,0,0,0
180773,2,1,0,0,0,0,0,0,0,0,0,0
180774,1,1,0,0,0,0,0,0,0,0,0,0
180775,1,1,0,27,0,0,0,0,0,0,0,0
180775,2,1,0,0,0,0,0,0,0,0,0,0
180776,1,1,0,0,0,0,0,0,0,0,0,0
180777,1,1,18,0,0,0,0,0,0,0,0,12
180777,2,1,0,0,0,0,0,0,0,0,0,0
180778,1,1,0,0,0,0,0,0,0,0,0,0
180778,2,1,0,0,0,0,0,0,38,0,0,0
180778,3,1,0,0,0,0,0,0,0,0,0,0
180779,0,1,0,0,0,0,16,0,0,0,0,31
180779,1,1,0,0,0,0,0,0,0,0,0,0
180780,1,1,0,18,0,0,0,0,26,0,0,30
180780,2,1,0,0,0,0,0,0,0,0,0,0
180781,1,1,7,0,0,0,0,0,0,0,0,0
180781,2,1,0,0,0,0,0,0,0,0,0,0
180782,0,1,0,0,0,0,0,0,0,0,0,0
180782,3,1,0,0,0,0,0,0,0,0,0,12
180782,4,1,0,0,0,0,0,0,0,0,0,0
180782,5,1,0,0,0,0,0,0,0,0,0,0
180783,1,1,20,20,20,20,20,20,20,20,20,20
180784,1,1,0,0,0,0,0,10,0,14,0,0
180785,1,1,0,0,0,0,0,0,0,0,0,0
180785,2,1,0,0,0,0,0,0,0,0,0,0
180786,1,1,12,12,12,12,12,12,12,12,12,12
180786,2,1,0,0,0,0,0,0,0,0,0,0
180787,1,1,0,14,0,0,6,6,0,4,0,0
180788,1,1,0,0,0,0,0,0,0,26,0,11
180789,1,1,0,0,0,0,0,0,0,0,0,0
180789,2,1,18,0,0,0,0,0,0,0,0,0
180790,1,1,34,0,0,0,0,0,0,0,0,0
180791,1,1,27,0,0,0,24,0,0,0,0,0
180792,1,1,0,0,0,0,0,0,0,0,0,0
180792,2,1,0,0,0,0,0,0,0,0,0,0
180793,1,1,0,0,0,0,0,0,0,0,0,0
180793,2,1,0,0,0,0,0,0,0,0,0,0
180794,0,1,0,0,0,0,0,0,0,0,0,0
180794,1,1,0,0,39,0,0,0,0,0,0,0
180795,1,1,14,15,21,0,16,0,21,20,0,0
180795,2,1,0,0,0,0,0,0,0,0,0,0
180796,1,1,11,0,0,0,0,32,0,0,0,14
180797,1,1,0,0,0,8,0,0,0,0,0,0
180798,1,1,0,0,0,0,0,0,0,0,0,0
180798,2,1,0,0,0,0,0,0,0,0,0,0
180799,1,1,0,0,0,0,0,0,0,0,24,0
180799,2,1,0,0,0,0,0,0,0,0,0,0
180800,1,1,0,0,0,0,21,0,0,0,0,35
190001,1,1,24,24,24,24,24,24,24,24,24,24
190001,2,1,0,0,0,0,0,0,0,0,0,0
190002,1,1,10,10,10,10,10,10,10,10,10,10
190003,1,1,0,12,0,0,0,0,0,0,26,0
190004,1,1,0,0,0,0,0,0,0,0,0,0
190005,1,1,0,0,0,0,0,0,0,0,0,0
190005,2,1,0,0,0,0,0,0,0,0,0,0
190006,1,1,0,0,0,0,0,0,0,0,0,0
190007,0,1,0,0,0,0,0,0,0,0,0,0
190007,1,1,0,0,0,0,0,0,0,0,0,0
190008,1,1,19,19,19,19,19,19,19,19,19,19
190008,2,1,0,0,0,0,0,0,0,0,0,0
190009,1,1,0,0,0,0,0,0,0,0,0,0
190009,2,1,0,0,0,0,0,0,0,0,0,0
190010,1,1,0,0,0,0,0,0,0,0,0,0
190010,2,1,0,0,0,0,0,0,0,0,0,0
190011,1,1,0,0,0,0,0,0,0,0,0,0
190011,2,1,0,0,0,0,0,0,0,0,0,0
190012,1,1,23,23,23,23,23,23,23,23,23,23
190013,1,1,0,0,0,0,0,0,0,0,0,30
190014,0,1,0,0,0,32,8,0,0,0,0,0
190014,0,2,0,17,0,0,0,0,0,0,0,0
190014,1,1,0,0,0,0,0,0,0,0,0,6
190014,3,1,0,0,0,0,0,0,0,3,0,0
190015,1,1,0,0,0,0,0,0,0,0,0,0
190015,2,1,0,0,0,0,0,0,0,0,0,0
190015,3,1,0,0,0,0,0,0,0,0,0,0
190016,1,1,9,9,9,9,9,9,9,9,9,9
190017,1,1,0,0,0,0,0,0,0,0,0,0
190018,1,1,0,0,0,0,0,0,0,0,0,0
190019,1,1,0,0,0,0,0,0,0,0,0,0
190019,2,1,0,0,0,0,0,0,0,0,0,0
190020,1,1,0,0,0,0,0,11,0,0,0,0
190021,1,1,8,8,8,8,8,8,8,8,8,8
190022,1,1,0,0,0,0,0,0,0,0,0,0
190023,0,1,0,0,0,0,32,0,0,0,0,0
190023,1,1,0,0,0,0,0,0,0,0,0,0
190024,1,1,0,4,0,0,0,0,0,0,15,0
190024,2,1,0,33,0,0,15,0,0,17,0,16
190024,3,1,0,0,0,12,0,0,0,0,0,0
190024,4,1,0,0,0,0,0,0,0,0,0,0
190025,1,1,0,0,0,0,0,0,0,0,0,0
190025,2,1,0,0,0,0,0,0,0,0,0,0
190026,1,1,4,4,4,4,4,4,4,4,4,4
190027,1,1,20,20,20,20,20,20,20,20,20,20
190028,1,1,4,0,0,0,0,0,0,0,0,0
190029,1,1,0,0,0,0,0,0,0,0,0,0
190030,1,1,0,0,0,0,0,0,0,0,0,0
190030,2,1,0,0,0,0,0,0,0,0,0,0
190030,3,1,0,0,0,0,0,0,0,0,0,0
190031,1,1,0,0,0,0,0,0,0,0,0,0
190032,1,1,0,0,0,0,0,0,0,0,0,0
190032,2,1,0,0,0,0,0,0,0,0,0,0
190033,1,1,32,32,32,32,32,32,32,32,32,32
190034,1,1,0,0,0,0,0,0,0,0,0,0
190034,2,1,0,14,0,0,0,0,0,0,0,0
190035,1,1,17,17,17,17,17,17,17,17,17,17
190036,1,1,16,16,16,16,16,16,16,16,16,16
190037,1,1,0,0,0,0,0,0,0,0,0,0
190038,1,1,0,0,0,0,0,0,0,0,0,0
190039,0,1,0,0,0,0,0,0,0,0,0,0
190039,1,1,0,0,0,0,0,0,0,0,0,0
190040,0,1,0,0,0,0,0,0,0,0,0,14
190040,1,1,0,0,5,0,0,0,0,21,0,0
190041,1,1,0,0,0,0,0,0,0,0,0,0
190042,1,1,0,7,0,0,4,0,0,8,0,0
190043,1,1,0,0,0,0,0,0,0,0,0,0
190044,1,1,0,0,0,0,0,0,0,0,0,0
190044,2,1,0,0,0,0,0,0,0,0,0,0
190045,1,1,0,0,0,0,0,36,0,0,0,0
190045,2,1,0,0,0,0,0,0,0,0,0,0
190046,1,1,0,0,0,0,0,0,0,0,0,0
190046,2,1,0,0,0,0,0,0,0,0,0,0
190047,1,1,0,0,0,0,40,0,0,0,0,0
190048,1,1,14,14,14,14,14,14,14,14,14,14
190048,2,1,31,31,31,31,31,31,31,31,31,31
190049,1,1,2,2,2,2,2,2,2,2,2,2
190049,2,1,0,0,0,0,0,0,0,0,0,0
190050,1,1,20,20,20,20,20,20,20,20,20,20
190051,1,1,0,0,0,0,0,0,0,0,0,0
190052,1,1,0,0,0,0,0,0,0,0,0,0
190053,1,1,0,0,0,0,0,0,0,0,0,0
190053,2,1,0,0,0,0,0,0,0,0,0,0
190054,1,1,0,0,0,0,0,0,0,0,0,0
190055,1,1,0,0,0,0,0,0,0,0,0,0
190056,1,1,0,0,0,0,0,0,0,0,0,0
190056,2,1,0,0,13,0,0,0,0,0,0,0
190057,1,1,0,0,0,0,0,0,0,0,0,0
190058,1,1,0,0,0,0,0,0,0,13,0,0
190059,1,1,13,13,13,13,13,13,13,13,13,13
190060,1,1,0,0,0,28,0,0,0,0,0,0
190061,1,1,0,0,0,0,0,0,0,0,0,0
190062,1,1,16,16,16,16,16,16,16,16,16,16
190062,2,1,0,0,0,0,0,0,0,0,0,0
190063,1,1,22,22,22,22,22,22,22,22,22,22
190063,2,1,0,0,0,0,0,0,0,0,11,0
190064,0,1,0,44,0,0,38,0,10,0,0,17
190064,1,1,0,0,0,0,0,0,8,0,0,0
190065,1,1,23,23,23,23,23,23,23,23,23,23
190066,1,1,0,0,0,0,0,0,0,0,0,0
190067,1,1,0,0,0,0,0,0,0,0,0,0
190067,2,1,0,0,0,0,0,0,0,0,0,0
190068,1,1,0,0,0,0,12,0,0,0,0,0
190068,2,1,0,0,0,0,0,0,0,0,0,0
190069,1,1,0,0,0,0,0,0,0,0,0,0
190070,1,1,0,0,13,0,0,0,0,0,0,0
190070,2,1,0,0,0,0,0,0,0,0,0,0
190071,1,1,0,0,0,0,0,0,0,0,0,0
190071,2,1,0,0,0,0,0,0,0,0,0,0
190072,0,1,0,0,0,0,0,0,0,0,0,0
190072,1,1,12,0,0,0,0,0,0,0,0,0
190073,1,1,23,23,23,23,23,23,23,23,23,23
190073,2,1,0,0,0,0,0,0,0,0,0,0
190074,1,1,19,19,19,19,19,19,19,19,19,19
190075,1,1,0,0,0,0,0,0,0,0,0,0
190075,2,1,0,0,0,0,20,0,0,19,9,0
190076,0,1,0,0,0,0,0,0,0,0,0,0
190076,2,1,0,0,0,0,0,0,0,0,0,0
190077,1,1,0,0,0,0,0,0,0,0,0,0
190077,2,1,0,0,0,0,0,15,0,0,0,0
190078,0,1,0,0,0,0,0,0,13,0,42,0
190078,2,1,0,0,0,0,0,0,0,0,0,0
190079,1,1,0,0,0,0,0,0,0,0,0,0
190080,1,1,7,7,7,7,7,7,7,7,7,7
190081,1,1,0,0,0,0,0,0,0,0,0,0
190081,2,1,0,0,0,0,0,0,0,0,0,0
190082,1,1,0,0,0,0,0,0,0,0,0,0
190083,1,1,14,14,14,14,14,14,14,14,14,14
190084,1,1,0,0,0,0,0,0,0,0,0,0
190084,2,1,0,0,0,0,0,0,0,0,0,0
190085,1,1,17,17,17,17,17,17,17,17,17,17
190086,0,1,0,0,0,0,0,0,0,0,0,0
190086,1,1,0,0,0,0,0,0,0,0,0,0
190087,1,1,14,14,14,14,14,14,14,14,14,14
190088,0,1,0,0,0,0,0,0,0,0,0,0
190088,1,1,0,0,0,0,0,0,0,0,0,0
190089,1,1,4,4,4,4,4,4,4,4,4,4
190090,1,1,0,0,8,0,0,0,0,27,0,9
190091,1,1,15,15,15,15,15,15,15,15,15,15
190092,1,1,17,17,17,17,17,17,17,17,17,17
190092,2,1,0,0,0,23,0,0,6,0,0,0
190093,1,1,0,0,0,0,0,0,0,0,0,0
190093,2,1,0,0,0,0,0,0,0,0,0,0
190094,1,1,0,0,18,0,0,0,0,0,0,0
190095,1,1,9,9,9,9,9,9,9,9,9,9
190095,2,1,0,0,0,0,0,0,0,15,0,0
190096,1,1,11,11,11,11,11,11,11,11,11,11
190097,1,1,0,0,0,0,0,19,0,0,0,0
190097,2,1,0,0,0,14,0,0,0,0,0,0
190097,3,1,0,0,0,0,0,0,0,0,26,0
190097,4,1,0,0,0,0,0,0,0,0,0,0
190099,0,1,0,0,0,0,16,0,16,0,0,0
190099,1,1,10,10,10,10,10,10,10,10,10,10
190100,1,1,0,0,0,0,0,0,0,0,0,0
190101,1,1,0,0,0,0,0,0,0,0,0,0
190102,1,1,0,0,0,0,0,0,0,0,0,7
190102,2,1,0,0,0,0,0,10,0,12,0,0
190103,1,1,0,0,0,0,0,0,0,0,0,0
190103,2,1,0,0,0,0,0,0,0,0,0,0
190104,1,1,0,0,0,0,0,0,0,0,0,0
190105,1,1,15,15,15,15,15,15,15,15,15,15
190106,1,1,0,0,0,0,0,0,0,0,0,0
190106,2,1,0,0,0,0,0,0,0,0,0,0
190107,1,1,0,0,0,0,0,0,0,18,0,0
190108,1,1,0,0,0,0,0,0,0,0,0,0
190108,2,1,0,0,0,0,0,0,0,6,0,0
190109,1,1,20,20,20,20,20,20,20,20,20,20
190110,1,1,0,0,0,0,0,0,0,0,0,0
190110,2,1,0,0,0,0,0,0,0,0,0,0
190111,1,1,0,0,0,0,0,0,0,0,0,0
190111,2,1,0,0,0,0,0,0,0,0,0,0
190112,1,1,17,17,17,17,17,17,17,17,17,17
190113,1,1,10,10,10,10,10,10,10,10,10,10
190114,1,1,0,0,0,0,0,0,0,0,0,0
190115,1,1,1,1,1,1,1,1,1,1,1,1
190115,2,1,0,0,0,0,0,0,0,0,0,0
190116,1,1,0,0,0,0,0,0,0,0,0,0
190116,2,1,0,0,0,0,0,0,9,0,0,0
190117,1,1,0,0,0,0,0,0,0,0,0,0
190117,2,1,0,0,0,0,0,9,0,0,0,0
190118,1,1,0,0,0,0,0,0,0,0,0,0
190118,2,1,0,0,0,0,0,30,0,0,24,0
190119,1,1,0,0,0,0,0,0,0,0,0,0
190120,1,1,3,3,3,3,3,3,3,3,3,3
190121,1,1,24,24,24,24,24,24,24,24,24,24
190122,1,1,0,0,0,0,0,0,0,0,0,0
190122,2,1,0,0,0,0,0,0,0,0,0,0
190122,3,1,0,0,0,0,0,9,0,0,0,0
190123,0,1,0,0,0,0,0,0,0,0,0,0
190123,1,1,0,0,0,0,0,0,0,0,0,0
190124,1,1,2,2,2,2,2,2,2,2,2,2
190124,2,1,0,0,0,0,0,0,0,20,22,0
190125,0,1,0,0,0,0,0,0,0,0,0,0
190125,1,1,0,0,0,0,0,0,0,0,0,0
190126,1,1,0,0,0,0,0,0,0,0,0,0
190126,2,1,7,0,0,0,0,0,0,0,0,0
190127,0,1,0,0,0,0,0,0,0,0,0,0
190127,1,1,0,0,0,0,0,0,0,0,0,0
190128,1,1,0,0,0,5,5,0,0,0,0,0
190129,1,1,0,0,0,0,0,0,0,0,0,0
190129,2,1,0,0,0,0,0,11,0,0,0,0
190129,3,1,0,0,15,0,0,0,0,0,0,0
190129,4,1,12,12,12,12,12,12,12,12,12,12
190130,1,1,7,7,7,7,7,7,7,7,7,7
190131,1,1,0,0,0,13,0,0,0,0,0,0
190132,1,1,0,0,0,0,0,33,0,0,0,0
190132,2,1,0,0,0,0,0,0,0,0,0,22
190133,1,1,0,0,0,0,0,0,0,0,0,0
190133,2,1,0,0,0,0,0,0,0,0,0,0
190134,1,1,28,28,28,28,28,28,28,28,28,28
190135,1,1,0,0,0,0,0,0,0,16,0,0
190136,1,1,12,12,12,12,12,12,12,12,12,12
190137,1,1,0,0,0,0,0,0,0,0,16,11
190137,2,1,0,0,0,0,0,0,0,0,0,0
190138,1,1,0,0,0,0,0,0,0,0,0,0
190139,1,1,0,0,0,0,0,0,0,0,0,0
190139,2,1,0,0,0,0,0,0,0,0,0,0
190140,1,1,0,0,0,0,0,0,0,0,0,0
190140,2,1,0,0,0,0,0,0,0,0,0,0
190141,1,1,0,0,0,0,10,0,0,0,0,0
190141,2,1,0,0,0,0,0,0,0,0,0,0
190141,3,1,0,0,0,0,0,0,0,0,0,0
190142,1,1,18,27,15,12,21,15,30,18,13,13
190142,2,1,0,0,0,12,0,0,0,0,0,0
190143,1,1,27,27,27,27,27,27,27,27,27,27
190144,1,1,0,0,0,0,0,0,0,0,0,0
190145,1,1,0,0,0,0,0,0,0,0,0,0
190145,2,1,0,0,0,0,0,0,0,0,0,0
190146,1,1,0,0,0,0,0,9,0,0,12,0
190147,1,1,0,0,0,0,0,0,0,0,0,0
190148,1,1,2,0,0,0,0,0,0,0,0,0
190149,1,1,19,19,19,19,19,19,19,19,19,19
190150,1,1,0,0,0,0,0,0,0,0,0,0
190150,2,1,0,0,0,0,0,0,0,0,0,0
190151,0,1,0,0,0,0,0,0,0,0,0,0
190151,1,1,0,9,0,0,0,0,0,0,0,0
190152,1,1,0,0,0,0,0,0,0,0,0,0
190152,2,1,0,0,0,0,0,0,0,0,0,0
190153,1,1,0,0,0,0,0,0,0,0,0,0
190153,2,1,0,0,0,0,0,0,0,0,0,0
190154,1,1,0,0,0,0,0,0,0,0,0,0
190154,2,1,0,0,0,0,0,0,0,0,0,0
190155,1,1,0,0,0,0,0,0,0,0,0,0
190156,1,1,21,21,21,21,21,21,21,21,21,21
190157,1,1,0,9,0,26,0,9,0,0,0,10
190158,1,1,0,0,0,0,0,0,0,0,0,0
190158,2,1,0,0,0,0,0,0,0,0,0,0
190159,1,1,0,0,0,0,0,0,0,0,0,0
190159,2,1,0,0,0,0,0,0,0,0,0,0
190160,1,1,0,0,0,0,0,0,0,0,0,0
190160,2,1,0,0,0,0,0,0,0,0,0,0
190161,1,1,14,14,14,14,14,14,14,14,14,14
190162,1,1,0,0,0,18,0,0,0,0,0,0
190162,2,1,7,7,7,7,7,7,7,7,7,7
190163,1,1,22,22,22,22,22,22,22,22,22,22
190164,1,1,2,2,2,2,2,2,2,2,2,2
190164,2,1,0,0,0,0,4,0,0,0,0,20
190165,1,1,0,0,0,0,0,0,0,0,0,0
190165,2,1,0,0,0,0,0,0,0,0,0,0
190166,1,1,0,0,0,0,0,0,0,0,0,0
190166,2,1,0,0,0,0,0,0,0,0,0,0
190167,1,1,0,0,0,0,0,0,0,0,0,0
190168,0,1,0,0,0,0,0,0,0,0,0,0
190168,1,1,0,0,0,0,0,0,0,0,0,0
190169,1,1,8,8,8,8,8,8,8,8,8,8
190170,1,1,0,0,0,0,0,0,0,0,0,0
190170,2,1,0,0,0,0,0,0,0,0,0,0
190171,0,1,0,0,0,0,0,0,0,0,0,0
190171,0,2,0,0,0,0,0,0,0,0,0,0
190171,1,1,0,0,0,0,0,0,0,0,0,0
190172,1,1,14,14,14,14,14,14,14,14,14,14
190173,0,1,0,0,0,0,0,0,0,0,0,0
190173,1,1,0,0,0,0,0,0,0,0,0,0
190174,0,1,0,0,0,0,5,0,0,0,0,0
190174,1,1,0,0,0,0,0,0,0,0,0,0
190175,1,1,15,15,15,15,15,15,15,15,15,15
190176,1,1,0,0,0,0,0,0,0,0,0,0
190176,2,1,0,0,0,0,0,0,0,0,0,0
190178,1,1,0,0,0,0,0,0,0,23,0,0
190179,1,1,11,11,11,11,11,11,11,11,11,11
190180,1,1,15,15,15,15,15,15,15,15,15,15
190181,1,1,26,26,26,26,26,26,26,26,26,26
190181,2,1,0,0,0,0,0,0,0,8,0,0
190182,1,1,0,0,0,0,0,0,0,0,0,0
190182,2,1,0,0,0,0,0,0,0,0,0,0
190183,1,1,10,10,10,10,10,10,10,10,10,10
190184,1,1,24,7,3,49,16,20,18,6,12,8
190185,1,1,0,0,0,0,0,0,0,0,0,0
190186,1,1,0,0,0,0,0,0,0,0,0,0
190186,2,1,0,0,0,0,0,0,0,0,0,0
190187,1,1,0,0,0,0,0,0,0,0,30,0
190188,1,1,12,12,12,12,12,12,12,12,12,12
190189,1,1,12,27,0,0,0,0,0,0,0,15
190190,1,1,0,0,0,0,0,0,0,0,0,0
190190,2,1,0,0,0,0,0,0,0,0,0,0
190191,1,1,0,0,0,0,0,0,0,0,0,0
190191,2,1,0,0,0,0,0,0,0,0,0,0
190192,1,1,13,14,0,27,0,0,0,21,0,17
190193,1,1,17,17,17,17,17,17,17,17,17,17
190193,2,1,0,0,18,21,0,0,11,0,10,0
190194,1,1,0,0,0,0,0,0,0,0,0,0
190195,1,1,0,0,0,0,0,0,0,0,0,0
190196,1,1,12,12,12,12,12,12,12,12,12,12
190197,1,1,0,0,0,0,0,0,0,0,0,0
190197,2,1,0,0,0,0,0,0,0,0,0,0
190198,1,1,0,0,0,0,0,0,0,0,0,22
190199,1,1,0,0,0,0,0,0,0,0,0,0
190199,2,1,0,0,0,0,0,0,0,0,0,0
190200,1,1,15,15,15,15,15,15,15,15,15,15
190200,2,1,0,0,0,0,0,0,0,0,0,0
190201,1,1,0,10,0,0,0,0,0,0,0,0
190201,2,1,0,0,0,0,0,0,0,0,0,0
190202,1,1,0,0,0,0,0,0,0,0,0,0
190203,1,1,0,0,0,0,0,0,0,0,0,0
190203,2,1,0,0,0,0,0,0,0,0,0,0
190204,1,1,0,0,0,0,0,0,0,0,0,0
190204,2,1,0,0,0,0,0,0,0,0,0,0
190205,1,1,0,0,0,0,0,0,0,0,0,0
190206,1,1,25,0,0,0,0,0,10,0,0,0
190206,2,1,3,3,3,3,3,3,3,3,3,3
190207,1,1,13,13,13,13,13,13,13,13,13,13
190208,1,1,0,0,0,0,0,0,0,0,0,0
190208,2,1,0,0,0,0,0,0,0,0,0,0
190209,1,1,0,0,0,0,0,0,0,0,0,0
190209,2,1,0,0,0,0,0,0,0,0,0,0
190210,1,1,0,0,0,0,0,0,0,0,0,0
190211,1,1,0,0,0,0,0,0,0,16,0,0
190212,1,1,0,0,0,0,0,0,0,0,0,0
190213,1,1,15,15,15,15,15,15,15,15,15,15
190214,1,1,0,0,0,0,0,0,0,0,0,0
190214,2,1,0,0,0,0,0,0,0,0,0,0
190215,1,1,4,0,0,0,15,0,0,0,27,0
190215,2,1,0,0,0,0,0,0,0,0,0,0
190216,1,1,15,15,15,15,15,15,15,15,15,15
190217,1,1,15,0,0,0,0,0,6,0,0,0
190217,2,1,0,0,0,0,0,0,0,0,0,0
190218,1,1,0,0,0,0,0,0,0,0,0,0
190218,2,1,0,0,0,0,0,0,0,0,0,0
190219,1,1,0,0,0,18,0,0,0,0,0,0
190219,2,1,0,0,0,0,0,0,0,0,0,0
190220,1,1,0,0,0,0,0,0,0,0,0,0
190220,2,1,0,0,0,0,10,0,0,0,0,0
190221,0,1,0,0,0,0,0,0,0,0,0,0
190221,1,1,0,0,0,0,0,0,0,0,0,0
190222,1,1,0,0,0,0,0,0,0,0,0,0
190222,2,1,0,0,0,0,0,0,0,0,0,0
190222,3,1,0,0,0,0,0,0,0,0,0,0
190223,0,1,0,0,0,0,0,0,0,0,0,0
190223,1,1,0,0,0,0,0,0,0,21,0,0
190224,1,1,0,0,0,0,0,0,0,0,0,0
190224,2,1,0,0,0,0,0,9,0,14,4,0
190225,1,1,0,0,0,0,0,0,0,0,0,0
190225,2,1,22,0,0,0,0,0,0,0,0,0
190226,1,1,0,0,0,0,0,0,0,0,0,0
190227,1,1,0,0,0,0,0,0,0,0,0,0
190228,1,1,0,0,0,15,0,7,7,0,0,0
190229,1,1,23,23,23,23,23,23,23,23,23,23
190230,1,1,21,21,21,21,21,21,21,21,21,21
190230,2,1,0,0,0,0,0,0,0,0,0,0
190231,1,1,0,13,17,0,0,24,0,9,13,0
190232,1,1,0,0,0,0,0,0,0,0,0,0
190233,1,1,7,7,7,7,7,7,7,7,7,7
190233,2,1,5,19,0,0,0,0,13,0,0,0
190233,3,1,4,0,0,0,0,0,5,10,0,0
190233,4,1,0,0,0,0,20,0,9,0,10,0
190234,1,1,0,0,0,0,0,0,0,0,0,0
190234,2,1,0,0,0,0,0,0,0,0,0,0
190234,3,1,0,0,0,0,0,0,0,0,0,0
190235,1,1,0,0,0,0,0,0,0,0,0,0
190236,1,1,0,0,0,0,0,0,0,0,0,0
190236,2,1,0,0,0,0,0,0,0,0,0,0
190237,1,1,0,19,0,0,0,0,0,0,0,0
190237,2,1,0,0,0,0,11,0,0,0,0,17
190238,1,1,19,0,0,0,4,0,0,0,0,16
190239,1,1,12,12,12,12,12,12,12,12,12,12
190239,2,1,0,0,0,0,0,0,0,0,0,0
190240,1,1,0,0,0,0,0,0,0,0,0,0
190241,1,1,0,0,0,0,0,0,0,0,0,0
190241,2,1,0,0,0,27,0,0,0,0,0,0
190242,1,1,24,24,24,24,24,24,24,24,24,24
190242,2,1,0,0,0,0,0,0,23,0,0,0
190243,1,1,0,0,0,0,0,0,0,0,0,0
190243,2,1,0,0,0,12,10,10,10,11,0,5
190243,3,1,8,0,6,19,25,0,33,0,0,6
190244,1,1,0,0,0,0,7,12,0,0,0,0
190245,1,1,0,0,0,0,0,0,0,0,0,0
190245,2,1,0,0,0,0,0,0,0,0,0,0
190246,1,1,0,0,0,0,0,0,0,0,0,0
190247,1,1,1,1,1,1,1,1,1,1,1,1
190247,2,1,0,0,0,0,0,0,0,0,0,0
190248,0,1,0,15,0,7,0,0,10,0,0,0
190248,1,1,0,0,0,0,0,0,0,0,0,6
190248,2,1,0,0,0,0,0,0,0,0,0,0
190248,3,1,0,0,0,0,0,0,0,0,0,0
190249,1,1,21,21,21,21,21,21,21,21,21,21
190250,1,1,0,0,0,0,0,0,0,0,0,0
190250,2,1,0,0,0,0,0,0,0,0,0,0
190251,1,1,0,0,0,0,0,0,0,0,0,0
190251,2,1,0,0,0,0,0,0,0,0,0,0
190252,1,1,0,0,0,0,0,0,0,0,0,0
190253,1,1,17,17,17,17,17,17,17,17,17,17
190253,2,1,6,0,0,0,7,0,0,0,24,0
190254,1,1,0,0,0,0,0,0,0,0,0,0
190254,2,1,0,0,0,0,0,0,21,0,0,0
190255,1,1,0,0,0,0,0,0,0,0,0,0
190256,1,1,0,0,0,0,0,0,0,0,0,0
190256,2,1,0,0,0,0,0,0,0,0,0,0
190257,1,1,0,0,0,0,0,0,0,0,0,0
190257,2,1,0,0,0,0,0,0,0,0,0,0
190258,1,1,0,0,0,0,0,0,0,0,0,0
190259,1,1,0,0,0,0,0,0,0,0,0,0
190260,1,1,0,0,0,0,0,0,0,9,0,0
190261,1,1,0,0,0,10,6,0,0,0,0,0
190262,1,1,0,0,0,0,0,0,0,0,0,0
190263,1,1,0,10,0,0,0,0,0,0,0,0
190263,2,1,0,0,0,0,0,0,0,0,0,0
190264,1,1,0,0,0,0,0,0,0,0,0,0
190264,2,1,0,0,0,0,0,0,0,0,0,0
190264,3,1,0,0,0,0,0,0,0,0,0,0
190265,1,1,0,0,0,0,0,0,0,0,0,0
190265,2,1,0,0,0,0,0,0,0,0,0,0
190266,1,1,0,0,0,0,0,0,0,0,0,0
190267,1,1,19,19,19,19,19,19,19,19,19,19
190268,1,1,0,0,0,0,0,0,0,0,0,0
190269,1,1,21,17,10,0,6,10,27,15,10,40
190270,1,1,0,0,0,0,0,0,0,0,0,0
190271,0,1,0,0,0,0,0,0,0,0,0,0
190271,1,1,0,0,0,15,0,0,0,0,0,0
190272,1,1,0,0,0,0,0,0,0,0,26,0
190272,2,1,0,0,0,0,0,0,0,0,0,0
190273,1,1,0,0,0,0,0,0,0,0,0,0
190273,2,1,0,0,0,0,0,0,0,0,0,0
190274,1,1,0,0,0,0,0,10,0,0,0,0