ST_CASE,VEH_NO,PER_NO,P1,P2,P3,P4,P5,P6,P7,P8,P9,P10
190275,1,1,0,0,0,0,0,0,0,0,0,0
190276,1,1,0,0,0,0,0,0,0,0,0,0
190276,2,1,0,0,0,0,0,0,0,0,0,0
190277,1,1,19,0,0,0,0,0,0,0,0,0
190278,1,1,0,0,0,0,0,0,0,0,0,0
190278,2,1,0,0,0,0,0,0,0,0,0,0
190279,1,1,0,0,4,0,28,0,0,0,0,0
190280,1,1,0,0,0,0,0,0,0,0,0,0
190280,2,1,0,0,0,0,0,0,0,0,0,0
190281,1,1,0,0,0,0,0,0,0,0,0,0
190281,2,1,0,9,0,8,0,0,0,0,0,0
190282,1,1,0,0,0,0,0,0,5,0,0,0
190282,2,1,0,0,0,0,0,0,0,0,0,0
190283,1,1,0,0,0,0,0,0,0,0,0,0
190284,1,1,0,0,0,0,0,0,0,0,0,0
190284,2,1,0,2,0,0,0,0,0,0,0,0
190285,0,1,0,0,0,0,0,0,0,0,0,0
190285,1,1,0,0,0,0,0,19,0,0,0,0
190286,1,1,0,0,0,0,0,0,0,0,0,0
190286,2,1,0,0,0,0,0,0,0,0,0,0
190287,0,1,0,0,0,0,0,14,0,0,0,0
190287,1,1,0,0,0,0,0,0,0,0,0,0
190288,0,1,0,35,16,17,24,9,6,13,18,16
190288,1,1,15,8,18,14,8,12,12,5,20,26
190289,1,1,0,0,0,0,0,0,0,0,0,0
190289,2,1,0,0,0,0,0,0,0,0,0,0
190290,1,1,0,0,18,0,31,0,0,18,0,0
190291,1,1,16,16,16,16,16,16,16,16,16,16
190292,1,1,2,2,2,2,2,2,2,2,2,2
190293,1,1,0,0,0,0,0,0,0,0,0,0
190293,2,1,0,0,0,0,0,0,0,0,0,0
190294,1,1,20,20,20,20,20,20,20,20,20,20
190295,1,1,0,0,0,0,0,0,0,0,0,0
190295,2,1,0,0,0,0,0,18,0,12,0,0
190296,0,1,0,0,0,0,0,0,0,0,0,0
190296,1,1,0,0,0,0,0,0,0,0,0,0
190297,1,1,7,7,7,7,7,7,7,7,7,7
190298,1,1,0,0,0,7,0,0,0,0,0,0
190298,2,1,30,24,10,19,28,12,16,5,14,21
190299,1,1,29,0,0,0,0,0,0,16,0,0
190299,2,1,0,0,0,0,0,0,0,13,0,0
190300,1,1,0,0,0,0,0,0,0,0,0,0
190300,2,1,0,0,2,0,0,0,0,0,0,0
190301,1,1,0,0,0,0,0,0,0,0,0,0
190301,2,1,0,0,0,0,0,0,0,0,0,0
190302,1,1,22,0,0,26,0,0,0,0,24,0
190303,1,1,17,17,17,17,17,17,17,17,17,17
190304,1,1,24,24,24,24,24,24,24,24,24,24
190305,1,1,0,0,0,0,0,0,0,0,0,0
190306,1,1,0,0,0,0,0,0,0,0,0,0
190306,2,1,0,0,0,0,0,0,0,0,0,0
190307,0,1,0,0,0,0,0,0,0,0,0,0
190307,1,1,0,0,0,0,0,0,0,0,0,0
190308,0,1,0,0,0,0,21,0,0,0,0,0
190308,1,1,0,0,0,0,0,0,0,0,0,0
190309,1,1,0,0,0,0,0,8,0,0,0,0
190309,2,1,0,0,0,0,0,0,0,0,0,0
190310,1,1,0,0,0,0,0,0,0,0,0,0
190310,2,1,0,0,0,0,0,0,0,0,0,0
190311,1,1,0,0,0,0,0,0,0,0,0,28
190312,1,1,14,14,14,14,14,14,14,14,14,14
190313,1,1,0,0,0,0,0,0,0,0,0,0
190314,1,1,20,20,20,20,20,20,20,20,20,20
190315,1,1,0,0,15,21,0,0,12,0,0,0
190316,1,1,0,0,0,0,0,0,0,0,0,0
190317,1,1,0,0,0,0,0,0,0,0,0,0
190318,1,1,0,0,0,0,0,0,0,0,0,0
190318,2,1,0,0,0,0,0,0,0,0,13,0
190319,1,1,0,0,0,0,0,0,0,0,0,0
190319,2,1,0,0,0,0,0,0,0,0,0,0
190319,3,1,0,0,21,0,0,0,0,0,0,0
190320,1,1,0,0,0,0,0,0,0,0,0,0
190321,1,1,11,0,0,0,0,0,0,0,0,0
190321,2,1,0,0,0,0,0,0,0,0,0,0
190322,1,1,0,0,0,0,0,0,0,0,0,0
190322,2,1,0,0,0,0,0,0,0,0,0,0
190322,3,1,0,0,0,0,0,0,18,0,0,0
190323,1,1,0,0,0,0,0,0,0,0,0,0
190324,1,1,8,8,8,8,8,8,8,8,8,8
190324,2,1,0,14,0,0,0,21,0,0,0,0
190325,1,1,0,0,0,0,0,0,0,0,0,0
190325,2,1,0,0,0,0,0,0,0,0,0,0
190326,1,1,0,0,13,0,0,0,15,0,0,0
190326,2,1,0,0,0,0,0,0,0,11,0,0
190327,1,1,0,13,0,0,0,0,0,30,0,0
190327,2,1,0,0,0,0,0,0,0,0,0,0
190328,1,1,0,0,0,0,0,0,0,0,0,0
190329,1,3,25,31,6,4,11,14,0,6,10,0
190330,0,1,0,0,0,0,0,11,0,0,0,0
190330,1,1,0,0,0,0,0,0,0,0,0,0
190331,1,1,0,0,0,0,0,0,0,0,0,0
190332,1,1,0,0,0,0,0,5,0,0,0,0
190332,2,1,0,0,0,0,0,0,0,0,0,0
190333,1,1,0,0,16,0,0,0,0,0,0,0
190333,2,1,0,0,0,0,0,0,0,0,0,0
190334,1,1,19,19,19,19,19,19,19,19,19,19
190334,2,1,0,0,0,0,7,0,0,0,0,0
190335,1,1,0,0,0,0,0,0,0,0,0,0
190335,2,1,0,0,0,0,0,0,0,0,0,0
190335,3,1,0,0,0,2,0,0,0,0,0,0
190336,1,1,0,0,0,4,0,0,0,0,0,0
190336,2,1,0,0,0,0,0,0,0,0,0,0
190336,3,1,0,0,0,0,15,0,0,0,0,0
190336,4,1,0,0,0,0,0,0,0,0,0,0
190336,5,1,0,0,0,0,0,0,0,0,0,0
190337,0,1,0,0,0,0,0,0,0,0,0,0
190337,1,1,0,0,21,0,0,0,0,0,0,0
190338,1,1,0,0,0,0,0,0,0,0,0,0
190338,2,1,0,0,0,0,0,0,0,0,0,0
190339,1,1,10,10,10,10,10,10,10,10,10,10
190340,1,1,0,0,0,0,0,9,0,0,0,0
190341,1,1,0,0,0,0,0,0,0,0,0,0
190342,1,1,0,0,0,0,0,0,0,0,0,0
190343,1,1,0,0,0,0,0,0,0,0,0,0
190343,2,1,0,0,0,0,0,0,0,0,0,0
190344,1,1,0,0,0,0,0,0,0,0,0,0
190344,2,1,0,12,0,0,0,0,0,0,0,0
190344,3,1,0,0,0,0,0,0,0,5,0,0
190345,1,1,0,0,0,0,12,0,0,0,0,0
190345,2,1,0,0,0,0,0,0,0,0,0,0
190346,1,1,12,13,30,0,0,0,0,0,0,0
190347,1,1,0,0,0,0,0,0,0,0,0,0
190347,2,1,0,0,0,0,0,0,0,0,0,0
190348,1,1,0,0,0,0,0,0,0,0,0,0
190349,1,1,0,0,0,0,0,0,0,0,0,0
190349,2,1,0,0,0,0,0,0,0,0,0,0
190350,1,1,19,19,19,19,19,19,19,19,19,19
190350,2,1,0,0,0,0,0,0,0,0,0,0
190351,1,1,0,0,0,0,0,0,0,0,0,0
190351,2,1,0,0,0,0,0,0,0,0,0,0
190351,3,1,0,0,0,0,0,0,0,0,0,0
190351,4,1,0,0,0,0,0,0,0,0,0,0
190352,1,1,0,0,0,0,0,0,0,0,0,0
190353,1,1,0,0,0,0,18,0,0,0,0,0
190354,1,1,0,0,0,0,0,0,0,0,0,0
190354,2,1,0,0,0,0,0,0,0,0,0,0
190354,3,1,0,0,0,6,0,0,0,0,0,0
190355,1,1,0,0,0,0,0,0,0,0,0,0
190355,2,1,0,0,0,0,0,0,0,0,0,0
190356,1,1,16,16,16,16,16,16,16,16,16,16
190356,2,1,0,0,0,0,0,0,0,0,0,0
190357,1,1,15,20,21,14,7,4,25,17,16,9
190357,2,1,0,0,0,0,0,0,0,0,0,0
190360,1,1,0,0,0,0,0,0,0,0,0,0
200001,1,1,32,32,32,32,32,32,32,32,32,32
200002,1,1,0,0,0,16,0,0,0,0,0,0
200002,2,1,0,0,0,0,0,0,0,0,0,0
200003,1,1,0,0,0,0,0,0,0,0,0,0
200003,2,1,0,0,0,0,0,11,0,0,0,0
200004,1,1,0,0,0,0,0,0,0,0,0,0
200004,2,1,0,0,0,0,0,0,0,0,0,0
200005,1,1,0,0,0,0,0,0,0,0,0,0
200006,1,1,0,0,0,0,0,0,0,0,0,0
200007,1,1,0,0,0,0,0,0,0,0,0,0
200007,2,1,9,0,0,0,0,0,0,0,0,13
200007,3,1,0,0,0,0,0,6,0,0,0,0
200008,0,1,0,0,0,0,0,0,0,0,0,0
200008,1,1,0,0,0,0,0,0,0,0,0,0
200009,1,1,0,0,0,0,0,0,0,0,0,0
200009,2,1,0,0,0,0,0,0,0,0,0,0
200010,0,1,0,0,0,0,0,0,0,0,0,0
200010,1,1,0,0,0,0,0,0,0,0,0,15
200011,1,1,0,0,0,13,0,0,0,0,0,0
200012,1,1,30,30,30,30,30,30,30,30,30,30
200013,1,1,0,0,0,0,0,0,0,0,0,0
200014,1,1,0,0,0,0,0,0,0,0,0,0
200015,1,1,0,0,0,0,0,0,0,0,0,0
200015,2,1,0,0,0,0,0,0,0,0,0,0
200016,1,1,0,0,0,0,0,0,0,0,0,0
200016,2,1,0,0,0,0,0,0,0,0,17,0
200016,3,1,0,0,30,0,0,0,0,0,0,0
200017,1,1,0,0,0,0,0,0,0,0,0,0
200017,2,1,0,0,0,0,0,0,0,0,0,0
200018,0,1,0,0,0,0,0,0,0,0,0,0
200018,0,2,0,0,0,0,0,0,0,0,0,0
200018,1,1,0,0,0,0,0,0,0,0,0,0
200019,0,1,0,0,0,0,0,0,0,0,0,0
200019,1,1,0,0,0,0,0,0,0,0,0,0
200020,1,1,1,1,1,1,1,1,1,1,1,1
200020,2,1,0,0,0,0,0,0,0,0,0,0
200021,1,1,0,0,0,0,0,19,0,0,0,0
200021,2,1,12,12,12,12,12,12,12,12,12,12
200022,1,1,0,0,0,0,0,0,0,0,0,0
200023,1,1,0,0,0,0,0,0,0,0,0,0
200023,2,1,0,0,0,0,0,0,0,0,0,0
200024,1,1,3,8,22,0,0,0,0,0,0,0
200025,0,1,21,21,21,21,21,21,21,21,21,21
200025,1,1,0,0,0,0,0,0,0,0,0,0
200026,1,1,0,0,0,0,0,0,0,0,0,0
200027,1,1,26,26,26,26,26,26,26,26,26,26
200028,1,1,22,9,19,10,20,7,28,15,9,17
200029,1,1,0,0,0,0,0,0,0,0,0,0
200030,1,1,19,23,18,46,23,52,13,20,24,25
200031,0,1,12,12,12,12,12,12,12,12,12,12
200031,1,1,0,0,0,0,18,0,0,15,0,0
200032,1,1,0,0,0,0,0,0,0,0,0,0
200032,2,1,0,0,0,0,0,0,9,0,25,19
200033,1,1,0,0,0,0,0,0,0,0,0,0
200034,1,1,0,0,0,0,0,0,0,0,0,0
200035,0,1,0,0,0,0,0,0,0,0,0,0
200035,1,1,0,0,0,0,0,0,0,0,0,0
200036,1,1,0,14,26,0,23,7,11,23,20,32
200037,1,1,0,0,0,0,0,0,0,0,0,0
200037,2,1,0,0,0,0,0,0,0,0,0,0
200038,1,1,0,0,0,0,0,0,0,0,0,0
200038,2,1,0,0,0,0,0,0,0,0,0,0
200039,1,1,0,0,0,0,0,0,0,0,0,0
200039,2,1,0,0,0,0,0,0,0,0,0,0
200039,3,1,0,0,0,0,0,0,0,0,0,0
200040,1,1,0,0,0,0,0,0,0,0,0,0
200040,2,1,0,0,0,0,0,0,0,0,0,0
200041,1,1,0,0,0,0,0,0,0,0,0,0
200042,1,1,17,17,17,17,17,17,17,17,17,17
200042,2,1,13,13,13,13,13,13,13,13,13,13
200043,1,1,0,0,0,0,0,0,0,0,0,0
200043,2,1,0,0,0,0,0,0,0,0,0,0
200044,1,1,0,0,0,0,0,0,0,0,0,0
200044,2,1,0,0,0,0,0,0,0,0,0,0
200045,1,1,0,0,0,0,0,0,0,0,5,0
200045,2,1,0,0,0,0,0,0,0,0,0,0
200046,1,1,0,0,0,0,0,0,0,0,0,0
200046,2,1,0,0,0,0,0,0,0,0,0,0
200047,1,1,0,0,0,0,0,0,0,0,0,0
200048,1,1,8,8,8,8,8,8,8,8,8,8
200048,2,1,0,0,0,0,0,0,0,0,0,0
200049,1,1,0,0,0,0,0,0,0,0,0,0
200049,2,1,0,0,0,0,0,0,0,0,0,0
200050,1,1,0,19,16,0,0,0,0,0,0,0
200050,2,1,0,0,0,0,0,12,0,7,0,0
200050,3,1,0,0,0,0,0,0,0,0,0,0
200052,1,1,0,0,0,0,0,0,0,0,36,0
200052,2,1,0,0,0,0,0,0,0,0,15,0
200053,1,1,0,22,0,0,0,0,0,0,0,0
200054,1,1,30,0,0,0,0,8,21,0,0,0
200055,1,1,0,29,0,0,0,0,0,0,0,0
200056,1,1,0,0,0,0,0,0,0,0,0,0
200056,2,1,15,0,0,0,0,23,0,0,0,0
200057,1,1,0,0,0,0,0,0,0,0,0,0
200058,1,1,0,0,0,0,0,0,0,0,0,0
200058,2,1,0,0,0,0,0,0,0,0,0,0
200059,1,1,10,10,10,10,10,10,10,10,10,10
200060,1,1,3,3,3,3,3,3,3,3,3,3
200061,1,1,0,0,0,0,0,0,0,0,0,0
200062,1,1,0,0,0,0,0,0,0,0,0,0
200062,2,1,0,0,0,0,0,0,0,0,0,0
200063,1,1,0,0,0,0,0,0,0,0,0,0
200063,2,1,0,0,0,0,0,0,0,0,0,0
200063,3,1,0,0,0,0,0,0,0,0,0,0
200064,1,1,0,0,0,0,0,0,0,0,0,0
200064,2,1,0,0,0,0,0,0,0,0,0,0
200065,1,1,0,0,0,0,0,0,0,0,0,0
200066,1,1,0,0,0,0,0,17,0,0,0,0
200066,2,1,0,0,0,0,0,0,0,0,0,0
200067,1,1,6,6,6,6,6,6,6,6,6,6
200068,1,1,0,0,0,0,0,0,0,0,0,0
200068,2,1,14,0,0,7,0,7,0,0,0,0
200069,1,1,0,23,41,0,0,0,0,0,0,0
200071,1,1,0,0,0,0,0,0,0,0,0,0
200071,2,1,0,0,0,0,0,0,0,0,0,0
200072,1,1,0,0,0,0,0,0,0,0,0,0
200073,1,1,0,0,0,0,0,0,0,0,0,0
200073,2,1,0,0,0,0,0,0,0,0,0,0
200074,1,1,0,0,0,0,0,0,21,0,12,0
200075,1,1,0,0,0,0,0,0,0,0,0,0
200076,1,1,0,0,0,0,0,0,0,0,0,0
200076,2,1,0,0,0,0,0,0,0,0,0,0
200077,1,1,0,0,0,0,0,0,0,0,0,0
200077,2,1,0,0,0,0,7,0,0,0,0,0
200078,1,1,0,0,0,0,0,0,0,0,0,0
200078,2,1,0,0,0,0,0,0,0,0,0,0
200079,1,1,20,0,0,0,0,0,11,0,0,0
200080,1,1,0,0,0,0,0,0,0,0,0,24
200081,1,1,5,18,24,5,17,12,34,19,24,21
200082,1,1,0,19,0,0,0,12,0,0,10,0
200083,1,1,0,0,0,0,0,0,0,0,0,0
200084,1,1,22,22,22,22,22,22,22,22,22,22
200085,1,1,0,0,0,0,0,33,0,0,0,0
200086,1,1,8,8,8,8,8,8,8,8,8,8
200087,1,1,8,15,15,3,16,8,16,11,16,15
200087,2,1,0,0,0,0,0,0,0,0,0,0
200088,1,1,0,0,0,0,0,0,0,0,0,0
200089,1,1,0,23,0,0,24,0,0,19,0,0
200089,2,1,0,0,0,0,0,0,0,0,0,0
200090,1,1,0,0,0,0,0,0,0,0,0,0
200090,2,1,0,0,0,0,0,0,0,0,0,35
200091,1,1,0,0,0,0,0,0,0,0,0,0
200091,2,1,0,0,0,0,0,0,16,0,0,0
200092,1,1,27,27,27,27,27,27,27,27,27,27
200093,1,1,0,0,0,0,0,0,0,0,0,0
200094,1,1,12,12,12,12,12,12,12,12,12,12
200094,2,1,0,0,0,0,0,0,0,19,0,0
200095,0,1,0,0,0,0,0,0,0,0,0,0
200095,1,1,0,0,0,0,0,0,0,0,0,0
200096,1,1,23,23,23,23,23,23,23,23,23,23
200097,1,1,19,19,19,19,19,19,19,19,19,19
200098,1,1,17,6,17,13,26,22,13,30,25,27
200099,1,1,17,17,17,17,17,17,17,17,17,17
200099,2,1,0,0,0,0,0,0,12,18,13,0
200100,0,1,7,14,14,26,44,8,23,0,11,28
200100,1,1,0,0,0,0,0,0,0,0,0,0
200101,1,1,11,11,11,11,11,11,11,11,11,11
200102,1,1,0,0,0,0,0,0,0,0,17,0
200103,1,1,26,26,26,26,26,26,26,26,26,26
200104,1,1,0,0,0,0,0,0,0,0,0,0
200105,1,1,0,0,0,0,0,0,0,0,0,0
200105,2,1,0,0,0,0,0,0,0,0,0,0
200106,1,1,0,0,20,0,0,0,0,0,0,0
200106,2,1,0,0,0,0,0,0,0,0,0,0
200107,1,1,0,0,0,18,0,0,0,0,0,0
200107,2,1,0,0,0,0,0,0,0,0,0,0
200108,1,1,0,0,0,0,0,0,0,0,0,0
200108,2,1,0,0,0,0,0,0,0,0,0,0
200108,3,1,0,0,0,0,0,0,0,0,0,0
200109,1,1,0,0,0,0,0,0,0,0,0,0
200109,2,1,0,0,0,0,0,0,0,0,0,0
200110,1,1,0,0,0,0,0,0,0,0,0,0
200111,1,1,0,0,0,0,0,0,0,0,18,0
200111,2,1,0,0,0,0,0,0,0,0,0,0
200112,1,1,0,0,0,0,0,0,0,0,0,0
200113,1,1,23,24,19,10,7,16,2,8,10,23
200114,1,1,0,0,0,0,0,0,0,0,0,0
200114,2,1,0,0,0,0,0,0,0,0,0,0
200115,0,1,0,0,0,0,0,0,0,0,0,0
200115,1,1,0,0,0,0,0,0,0,0,0,0
200116,1,1,12,0,0,0,39,7,11,10,25,21
200117,1,1,0,0,0,20,0,0,0,0,0,0
200118,1,1,16,13,3,15,16,18,11,32,8,11
200118,2,1,41,0,0,0,0,0,0,0,0,0
200119,1,1,0,0,0,0,0,0,0,0,0,0
200119,2,1,0,0,0,0,0,0,0,0,0,0
200120,1,1,14,14,14,14,14,14,14,14,14,14
200121,1,1,35,35,35,35,35,35,35,35,35,35
200122,0,1,0,0,0,0,0,0,0,0,0,0
200122,1,1,0,0,0,0,0,0,0,0,0,0
200123,1,1,0,0,0,0,0,0,0,0,0,28
200124,1,1,0,0,15,0,0,0,0,9,12,46
200125,1,1,0,0,0,0,0,0,0,0,0,0
200126,1,1,0,0,0,0,0,0,16,0,0,0
200126,2,1,0,0,2,0,0,0,0,0,0,0
200127,1,1,0,0,0,0,0,0,0,0,0,0
200128,1,1,14,14,14,14,14,14,14,14,14,14
200128,2,1,0,0,0,0,0,0,0,0,0,0
200129,1,1,0,0,0,0,0,0,0,0,0,0
200129,2,1,0,0,0,0,0,0,0,0,0,0
200130,0,1,0,0,0,0,0,0,0,0,0,0
200130,1,1,0,0,0,17,0,0,0,0,0,0
200131,0,1,0,0,0,0,0,0,0,0,0,0
200131,1,1,0,0,0,0,13,0,0,0,0,0
200132,1,1,0,0,0,0,0,0,0,0,0,0
200132,2,1,0,0,0,0,0,0,0,0,0,0
200133,1,1,0,0,0,0,0,0,0,0,0,0
200134,1,1,0,0,9,0,0,0,0,0,0,0
200135,0,1,0,0,0,0,0,0,0,0,0,0
200136,1,1,0,0,0,0,0,0,0,0,0,0
200136,2,1,0,0,0,0,0,0,0,0,0,0
200137,1,1,36,0,0,0,0,0,0,0,0,0
200138,1,1,31,23,11,29,26,5,18,10,33,5
200139,1,3,0,4,25,0,24,11,0,27,0,42
200140,0,1,0,23,34,28,23,3,28,27,29,4
200140,1,1,0,4,0,0,0,0,0,0,0,7
200141,1,1,0,0,0,0,0,0,0,0,0,0
200141,2,1,0,0,0,0,0,0,0,0,0,0
200142,0,1,0,0,0,0,0,0,0,23,0,0
200142,1,1,0,0,0,0,0,0,0,0,0,0
200143,1,1,0,0,0,0,0,0,0,0,0,0
200143,2,1,0,0,0,0,0,0,0,0,0,0
200144,1,1,0,0,0,0,0,0,0,0,0,0
200144,2,1,0,0,0,0,0,0,0,0,0,0
200145,1,1,0,0,0,0,0,0,0,0,0,0
200145,2,1,0,0,0,0,0,0,0,0,0,0
200146,1,1,0,0,0,0,0,0,0,0,0,0
200146,2,1,0,0,0,0,0,0,0,0,0,0
200147,1,1,23,10,12,12,15,57,14,16,17,3
200148,1,1,0,0,0,0,8,2,0,0,0,0
200149,1,1,17,17,17,17,17,17,17,17,17,17
200150,1,1,24,24,24,24,24,24,24,24,24,24
200151,1,1,0,0,0,0,0,0,0,0,0,0
200151,2,1,0,0,0,0,0,0,0,0,0,0
200151,3,1,0,0,0,0,0,0,0,0,0,0
200152,1,1,0,0,0,0,0,0,0,0,0,0
200152,2,1,0,0,0,0,0,0,0,0,0,0
200153,1,1,0,0,0,0,0,0,0,0,0,0
200154,1,1,0,0,0,0,0,0,0,0,0,0
200155,1,1,0,0,0,0,0,0,0,0,0,0
200156,1,1,0,0,0,0,0,0,0,0,0,0
200156,2,1,0,0,0,0,0,0,0,0,0,0
200157,1,1,21,0,0,0,0,0,0,0,0,0
200158,1,1,18,18,18,18,18,18,18,18,18,18
200159,1,1,0,0,0,0,0,0,0,0,0,0
200159,2,1,0,0,0,0,0,0,4,0,0,0
200160,1,1,13,13,13,13,13,13,13,13,13,13
200161,1,1,0,0,0,0,0,0,0,0,0,0
200161,2,1,0,0,0,0,0,0,0,0,0,0
200162,1,1,2,2,2,2,2,2,2,2,2,2
200162,2,1,0,0,0,0,0,0,0,0,0,0
200163,1,1,0,0,0,0,0,0,0,0,0,0
200164,1,1,0,0,0,0,0,0,0,0,0,0
200164,2,1,17,11,0,0,0,0,0,0,0,0
200165,1,1,0,0,0,0,0,0,0,0,0,0
200165,2,1,0,0,14,0,0,22,0,0,0,0
200166,0,1,0,0,15,0,0,5,14,0,0,0
200166,1,1,0,0,0,0,0,0,0,0,0,0
200167,1,1,0,0,0,0,0,0,0,0,0,0
200167,2,1,0,0,0,0,0,0,0,0,0,0
200168,1,1,20,20,20,20,20,20,20,20,20,20
200169,1,1,0,0,0,0,0,0,0,0,0,3
200170,1,1,0,0,0,0,0,0,0,0,0,0
200171,1,1,0,0,0,0,0,0,0,0,0,0
200171,2,1,0,0,0,0,0,0,0,0,0,0
200171,3,1,0,0,0,0,0,0,0,0,0,0
200172,1,1,0,0,0,0,0,0,0,0,0,0
200172,2,1,0,0,0,0,0,0,0,0,0,0
200173,1,1,0,0,0,0,0,0,0,25,0,0
200174,1,1,0,0,0,0,0,0,0,0,0,0
200175,1,1,0,0,0,0,0,0,0,0,0,0
200176,0,1,0,0,0,0,0,0,0,0,15,0
200176,1,1,18,18,18,18,18,18,18,18,18,18
200177,1,1,0,26,0,0,0,0,0,0,22,0
200178,1,1,0,6,17,0,15,0,9,0,0,0
200179,1,1,15,15,15,15,15,15,15,15,15,15
200180,1,1,0,0,0,0,0,0,0,0,0,0
200180,2,1,0,0,0,0,0,0,0,0,0,0
200181,1,1,0,0,0,0,0,0,0,0,0,0
200182,1,1,9,9,9,9,9,9,9,9,9,9
200183,1,1,0,0,0,0,0,0,43,0,0,0
200183,2,1,0,0,0,0,0,0,0,0,0,0
200184,1,1,0,0,0,0,0,20,0,0,0,0
200184,2,1,0,0,0,0,0,0,0,0,0,0
200185,1,1,0,0,0,0,0,0,0,0,0,0
200185,2,1,0,22,0,0,0,0,0,0,18,0
200186,1,1,0,0,0,0,0,0,0,0,0,0
200186,2,1,0,0,0,0,0,0,0,0,0,0
200187,1,1,0,0,19,0,0,0,0,0,0,0
200187,2,1,0,0,0,0,0,0,0,0,0,0
200188,1,1,0,0,0,0,0,0,0,0,0,0
200188,2,1,0,0,0,0,0,0,0,0,0,0
200189,1,1,18,29,20,20,10,24,6,32,3,21
200190,1,1,20,20,20,20,20,20,20,20,20,20
200191,1,1,0,0,0,0,0,0,0,0,0,0
200191,2,1,0,0,0,0,0,0,0,0,0,0
200192,1,1,12,12,12,12,12,12,12,12,12,12
200192,2,1,0,0,0,0,0,0,0,0,0,0
200193,1,1,6,6,6,6,6,6,6,6,6,6
200194,1,1,0,0,0,0,0,0,0,0,0,0
200194,2,1,0,0,0,0,0,0,0,0,0,0
200195,1,1,0,0,0,0,0,0,0,0,0,0
200195,2,1,0,0,0,0,0,0,0,0,0,0
200196,1,1,0,0,0,0,0,0,0,0,0,0
200196,2,1,0,0,0,0,0,0,0,0,0,0
200197,1,1,0,0,0,0,0,0,0,0,0,0
200197,2,1,0,0,0,0,0,0,0,0,0,0
200197,3,1,0,0,0,0,0,0,0,0,0,20
200198,1,1,0,32,0,15,0,0,0,0,0,0
200198,2,1,0,0,0,0,9,0,0,0,0,0
200199,0,1,0,0,0,0,0,0,0,0,0,0
200199,1,1,0,0,0,0,0,0,0,0,0,0
200200,1,1,0,0,0,0,0,0,0,0,0,0
200200,2,1,0,0,0,0,0,0,0,0,0,0
200201,1,1,0,0,0,0,0,0,0,0,0,0
200202,1,1,11,11,11,11,11,11,11,11,11,11
200203,1,1,0,0,0,0,0,0,0,0,0,0
200204,1,1,0,0,0,0,0,0,0,0,0,0
200204,2,1,0,0,0,0,0,0,0,0,0,0
200205,1,1,0,0,0,0,0,0,0,0,0,0
200206,1,1,0,0,0,0,0,0,0,0,0,0
200207,1,1,0,0,0,0,14,0,0,0,0,0
200207,2,1,0,0,0,0,0,0,0,0,0,0
200208,1,1,0,0,0,0,0,0,0,0,0,0
200209,0,1,15,0,0,0,0,0,0,0,19,0
200209,1,1,3,3,3,3,3,3,3,3,3,3
200210,1,1,0,0,0,0,0,0,0,0,0,0
200210,2,1,0,0,0,0,0,0,0,0,0,0
200211,1,1,0,0,0,0,0,0,0,0,0,0
200211,2,1,0,0,0,0,0,0,0,0,0,0
200212,1,1,0,0,0,0,0,0,0,0,0,0
200212,2,1,0,28,0,0,0,0,0,0,0,0
200213,1,1,0,0,0,0,0,0,0,0,0,0
200214,0,1,0,0,0,0,0,0,0,0,0,0
200214,1,1,0,0,0,0,0,0,0,0,0,0
200215,1,1,0,0,0,0,0,0,0,0,0,0
200215,2,1,0,0,0,0,0,0,0,0,0,0
200216,1,1,0,0,0,0,0,0,0,0,0,0
200217,1,1,18,18,18,18,18,18,18,18,18,18
200217,2,1,0,0,0,0,0,0,0,0,0,0
200218,1,1,0,7,0,0,0,0,0,0,0,0
200218,2,1,0,0,0,0,0,0,0,0,0,0
200219,1,1,0,0,0,0,0,0,0,0,0,0
200219,2,1,0,0,0,0,0,0,0,0,0,0
200220,1,1,4,0,0,16,0,15,0,0,27,0
200221,1,1,0,0,13,0,0,12,0,0,26,0
200222,1,1,0,0,0,0,0,0,0,0,0,0
200222,2,1,0,0,0,0,0,0,0,0,0,0
200223,1,1,0,34,0,0,0,0,0,0,0,0
200223,2,1,3,0,0,0,0,0,31,0,0,0
200224,0,1,0,0,0,0,0,0,0,0,0,0
200224,1,1,0,0,0,0,0,0,0,0,0,0
200225,1,1,0,0,0,0,0,0,0,0,0,0
200225,2,1,0,0,0,0,0,0,0,0,0,0
200226,1,1,0,0,0,0,0,0,0,0,0,0
200226,2,1,0,0,0,0,16,0,0,0,14,0
200227,1,1,0,0,0,0,0,0,0,0,0,0
200227,2,1,0,0,0,0,0,0,0,0,0,0
200228,1,1,0,0,0,0,0,0,0,0,0,0
200229,1,1,0,0,0,0,5,0,0,0,0,0
200230,1,1,27,27,27,27,27,27,27,27,27,27
200230,2,1,0,0,0,0,0,0,0,0,0,0
200231,1,1,17,17,17,17,17,17,17,17,17,17
200232,1,1,0,0,0,0,0,0,0,0,0,0
200232,2,1,0,0,0,0,0,0,0,0,0,0
200233,1,1,0,0,0,0,0,0,0,0,0,0
200234,1,1,0,0,0,0,0,0,0,0,0,0
200234,2,1,0,0,0,0,0,0,0,0,0,0
200235,1,1,0,0,0,0,11,0,0,0,0,0
200235,2,1,0,0,0,0,0,0,0,0,0,0
200236,0,1,17,8,26,17,10,19,26,21,11,20
200236,1,1,0,0,0,5,0,0,0,0,0,0
200237,0,1,0,0,0,0,0,0,0,0,0,0
200237,1,1,0,0,0,0,0,0,0,0,0,0
200238,1,1,0,0,0,0,0,0,0,0,0,0