ST_CASE,VEH_NO,PER_NO,P1,P2,P3,P4,P5,P6,P7,P8,P9,P10
220029,3,1,0,0,0,0,0,0,0,25,0,0
220030,1,1,0,0,0,0,0,0,0,0,0,0
220031,1,1,0,0,0,0,0,0,0,0,0,0
220031,2,1,0,0,0,0,0,0,0,0,0,0
220032,1,1,21,21,21,21,21,21,21,21,21,21
220032,2,1,0,0,0,0,0,0,0,0,0,0
220032,3,1,0,0,0,0,0,0,0,0,0,0
220033,1,1,0,0,0,0,0,0,0,0,0,0
220034,1,1,11,11,11,11,11,11,11,11,11,11
220035,1,1,0,0,0,0,0,0,0,0,0,0
220036,1,1,4,4,4,4,4,4,4,4,4,4
220037,0,1,0,0,0,0,0,0,0,0,0,0
220037,1,1,0,0,0,0,0,0,0,0,0,0
220038,1,1,0,0,0,0,0,0,0,0,0,0
220039,1,1,18,18,18,18,18,18,18,18,18,18
220040,1,1,2,2,2,2,2,2,2,2,2,2
220041,0,1,0,0,0,0,0,0,0,0,0,0
220041,1,1,0,0,0,0,0,0,0,0,0,0
220042,1,1,0,0,0,0,0,0,0,0,0,0
220042,2,1,0,0,0,0,0,0,0,0,0,0
220043,1,1,0,0,0,0,0,0,0,0,0,0
220043,2,1,0,0,0,0,0,0,0,0,0,0
220043,3,1,0,0,0,0,0,0,0,0,0,0
220043,4,1,0,0,0,0,0,0,0,0,0,0
220044,1,1,0,0,0,0,0,0,0,0,0,0
220044,2,1,0,0,0,0,0,0,0,0,0,0
220045,1,1,16,16,16,16,16,16,16,16,16,16
220045,2,1,0,0,0,0,0,0,0,0,0,0
220046,1,1,18,18,18,18,18,18,18,18,18,18
220046,2,1,13,13,13,13,13,13,13,13,13,13
220048,1,1,23,23,23,23,23,23,23,23,23,23
220049,1,1,17,17,17,17,17,17,17,17,17,17
220049,2,1,0,0,0,0,0,0,0,0,0,0
220050,0,1,0,0,0,0,0,0,0,0,0,0
220050,1,1,0,0,0,0,0,0,0,0,0,0
220051,1,1,23,33,10,8,10,13,17,24,23,21
220051,2,1,0,0,0,0,0,0,0,0,0,0
220051,3,1,7,7,7,7,7,7,7,7,7,7
220052,1,1,0,0,0,0,0,0,0,0,0,0
220053,1,1,0,0,0,0,0,23,0,0,0,0
220053,2,1,0,0,0,0,0,0,0,0,0,0
220054,1,1,0,0,0,0,0,0,0,0,7,0
220055,1,1,12,12,12,12,12,12,12,12,12,12
220055,2,1,0,0,0,0,0,0,0,0,0,0
220056,1,1,0,0,0,0,0,0,0,0,0,0
220056,2,1,0,0,0,0,0,0,0,0,0,0
220057,1,1,3,3,3,3,3,3,3,3,3,3
220057,2,1,0,0,0,0,0,0,0,0,0,0
220058,0,1,0,0,0,0,0,0,0,0,0,0
220058,2,1,0,0,0,0,0,0,0,0,0,0
220059,1,1,20,15,20,21,9,6,6,12,17,24
220060,0,1,0,0,0,13,25,0,0,0,0,54
220060,1,1,0,0,0,0,0,0,0,0,0,0
220061,1,1,21,21,21,21,21,21,21,21,21,21
220062,1,1,20,20,20,20,20,20,20,20,20,20
220062,2,1,7,12,17,12,25,8,12,9,7,18
220063,1,1,19,19,19,19,19,19,19,19,19,19
220064,1,1,0,0,19,0,0,0,17,0,0,0
220065,1,1,16,16,16,16,16,16,16,16,16,16
220066,1,1,0,0,0,0,0,0,0,0,0,0
220067,1,1,0,0,0,0,0,0,0,0,0,0
220068,1,1,9,9,9,9,9,9,9,9,9,9
220069,1,1,0,0,0,0,0,0,0,0,0,0
220070,1,1,0,0,0,0,0,0,0,0,0,0
220071,1,1,10,10,10,10,10,10,10,10,10,10
220072,1,1,0,0,0,0,0,0,0,0,0,0
220072,2,1,0,0,0,0,0,0,0,0,0,0
220073,1,1,20,20,20,20,20,20,20,20,20,20
220074,1,1,0,0,0,0,0,0,0,0,0,0
220075,1,1,15,15,15,15,15,15,15,15,15,15
220076,1,1,16,16,16,16,16,16,16,16,16,16
220077,1,1,0,0,0,0,0,0,0,0,0,0
220077,2,1,0,0,0,0,0,0,0,0,0,0
220078,1,1,0,0,0,0,0,0,0,0,0,0
220078,2,1,0,0,0,0,0,0,0,0,0,0
220079,1,1,13,13,13,13,13,13,13,13,13,13
220079,2,1,0,0,0,0,0,0,0,0,0,0
220080,1,1,4,4,4,4,4,4,4,4,4,4
220080,2,1,0,0,0,0,0,0,0,0,0,0
220081,1,1,0,0,0,0,0,0,0,0,0,0
220082,1,1,0,0,0,0,0,0,0,0,0,0
220082,2,1,0,0,0,0,0,0,0,0,0,0
220082,3,1,0,0,0,0,0,0,0,0,0,0
220082,4,1,0,0,0,0,0,0,0,0,0,0
220083,1,1,0,0,0,0,0,0,0,0,0,0
220084,0,1,14,14,14,14,14,14,14,14,14,14
220084,1,1,0,0,0,0,0,0,0,0,0,0
220085,1,1,0,0,0,0,0,0,0,0,0,0
220085,2,1,0,0,0,0,0,0,0,0,0,0
220086,1,1,0,0,0,0,0,0,0,0,0,0
220086,2,1,0,0,0,0,0,0,0,0,0,0
220087,1,1,0,0,0,0,0,0,0,0,0,0
220087,2,1,0,0,0,0,0,0,0,0,0,0
220088,1,1,24,0,0,0,23,12,22,0,22,22
220089,1,1,0,0,0,0,0,0,0,0,0,0
220090,1,1,0,0,0,0,0,0,0,0,0,0
220090,2,1,0,0,0,0,0,0,0,0,0,0
220091,1,1,17,17,17,17,17,17,17,17,17,17
220092,0,1,0,0,0,0,0,0,0,0,0,0
220092,1,1,0,0,0,0,0,0,0,0,0,0
220093,0,1,0,0,0,0,0,0,0,0,0,0
220093,1,1,0,0,0,0,0,0,0,0,0,0
220094,0,1,0,0,0,0,0,0,0,0,0,0
220094,1,1,0,0,0,0,0,0,0,0,0,0
220094,2,1,0,0,0,0,0,0,0,0,0,0
220094,3,1,0,0,0,3,11,25,0,12,0,0
220095,0,1,17,17,17,17,17,17,17,17,17,17
220095,1,1,0,0,0,7,12,0,0,10,0,0
220096,1,1,0,0,0,0,0,0,0,0,0,0
220096,2,1,0,0,0,0,0,0,0,0,0,0
220097,1,1,16,16,16,16,16,16,16,16,16,16
220098,1,1,17,17,17,17,17,17,17,17,17,17
220099,0,1,22,22,22,22,22,22,22,22,22,22
220099,1,1,17,17,17,17,17,17,17,17,17,17
220101,1,1,0,0,0,0,0,0,0,0,0,0
220101,2,1,0,0,0,0,0,0,0,0,0,0
220102,0,1,0,0,0,0,0,0,0,0,0,0
220102,1,1,16,0,14,0,19,29,21,0,0,11
220103,1,1,13,24,13,0,25,22,0,3,20,15
220104,0,1,0,0,0,0,0,0,0,0,0,0
220104,1,1,0,0,0,0,0,0,0,0,0,0
220106,1,1,0,0,0,0,0,0,0,0,0,0
220107,0,1,0,0,0,0,0,0,0,0,0,0
220107,1,1,0,0,0,0,22,0,0,0,0,0
220108,1,1,0,0,0,0,0,0,0,0,0,0
220109,1,1,0,0,0,0,0,0,0,0,0,0
220110,1,1,0,0,0,0,0,0,0,0,0,0
220110,2,1,0,0,0,0,0,0,0,0,0,0
220112,1,1,0,0,0,0,0,0,0,0,0,0
220112,2,1,0,0,0,0,0,0,0,0,0,0
220113,1,1,0,0,0,0,0,0,0,0,0,0
220113,2,1,0,0,0,0,0,0,0,0,0,0
220114,1,1,0,0,0,0,0,0,0,0,0,0
220114,2,1,0,0,0,0,0,0,0,0,0,0
220115,1,1,28,28,28,28,28,28,28,28,28,28
220115,2,1,0,0,0,0,0,0,0,0,0,0
220115,3,1,0,0,0,0,0,0,0,0,0,0
220115,4,1,0,0,0,0,0,0,0,0,0,0
220116,1,1,10,10,10,10,10,10,10,10,10,10
220117,1,1,23,23,23,23,23,23,23,23,23,23
220118,1,1,0,0,0,0,0,0,0,0,0,0
220118,2,1,0,0,0,0,0,0,0,0,0,0
220119,1,1,0,0,0,0,0,0,0,0,0,0
220119,2,1,0,0,0,0,0,0,0,0,0,0
220120,1,1,0,0,0,0,0,0,0,0,0,0
220120,2,1,0,0,0,0,0,0,0,0,0,0
220121,1,1,24,24,24,24,24,24,24,24,24,24
220121,2,1,0,0,0,0,0,0,0,0,0,0
220121,3,1,0,0,0,0,0,0,0,0,0,0
220122,1,1,10,10,10,10,10,10,10,10,10,10
220122,2,1,0,0,0,0,0,0,0,0,0,0
220123,0,1,22,22,22,22,22,22,22,22,22,22
220123,1,1,0,0,0,0,0,0,0,0,0,0
220124,1,1,0,0,0,0,0,0,0,0,0,0
220124,2,1,0,0,0,0,0,0,0,0,0,0
220126,0,1,0,0,0,0,0,0,0,0,0,0
220126,1,1,0,0,0,0,0,0,0,0,0,0
220127,0,1,19,19,19,19,19,19,19,19,19,19
220127,2,1,0,0,0,0,0,0,0,0,0,0
220127,3,1,0,26,0,19,0,21,22,0,0,0
220128,0,1,0,0,0,0,0,0,0,0,40,12
220128,1,1,0,0,0,0,0,0,0,0,0,0
220129,1,1,0,0,0,0,0,0,0,0,0,0
220130,1,1,17,17,17,17,17,17,17,17,17,17
220131,1,1,0,0,0,0,0,0,0,0,0,0
220131,2,1,0,0,0,0,0,0,0,0,0,0
220131,3,1,0,0,0,0,0,0,0,0,0,0
220132,1,1,0,0,0,0,0,0,0,0,0,0
220133,1,1,9,9,9,9,9,9,9,9,9,9
220134,1,1,20,20,20,20,20,20,20,20,20,20
220135,1,1,0,0,0,0,0,0,0,0,0,0
220136,1,1,0,0,0,0,0,0,0,0,0,0
220137,1,1,0,0,0,0,0,0,0,0,0,0
220137,2,1,0,0,0,0,0,0,0,0,0,0
220138,1,1,14,14,14,14,14,14,14,14,14,14
220138,2,1,0,0,0,0,0,0,0,0,0,0
220139,1,1,0,0,0,0,0,0,0,0,0,0
220139,2,1,17,0,0,0,0,0,0,0,10,0
220140,1,1,0,0,0,0,0,0,0,0,0,0
220140,2,1,0,0,0,0,0,0,0,0,0,0
220141,1,1,0,0,0,0,0,0,0,0,0,0
220141,2,1,0,0,0,0,0,0,0,0,0,0
220141,3,1,0,0,12,0,0,0,0,0,0,0
220141,4,1,0,0,0,0,0,0,0,0,0,0
220142,1,1,0,0,0,0,0,0,0,0,0,0
220142,2,1,0,0,0,0,0,0,0,0,0,0
220143,0,1,0,0,0,0,0,0,0,0,0,0
220143,1,1,0,0,0,0,0,0,0,0,0,0
220143,2,1,0,0,0,0,0,0,0,0,0,0
220144,1,1,0,0,0,0,0,0,0,0,0,0
220144,2,1,0,0,0,0,0,0,0,0,0,0
220145,1,1,37,37,37,37,37,37,37,37,37,37
220145,2,1,0,0,0,0,0,0,0,0,0,0
220146,1,1,0,0,0,0,0,0,0,0,0,0
220147,1,1,0,0,0,0,0,15,0,9,20,0
220147,2,1,0,14,0,0,0,0,0,0,0,0
220148,1,1,0,0,0,0,0,0,0,0,0,0
220149,1,1,0,0,0,0,0,0,0,0,0,0
220150,1,1,0,0,0,0,0,0,0,0,0,0
220150,2,1,0,0,0,0,0,0,0,0,0,0
220151,1,1,16,16,16,16,16,16,16,16,16,16
220151,2,1,0,0,0,0,0,0,0,0,0,0
220152,1,1,0,0,0,0,0,0,0,0,0,0
220152,2,1,0,0,14,0,0,0,0,0,8,0
220153,1,1,0,0,0,0,0,0,0,0,0,0
220153,2,1,0,0,0,0,0,0,11,0,0,0
220154,0,1,12,12,12,12,12,12,12,12,12,12
220154,1,1,0,0,0,0,0,0,0,0,0,0
220155,1,1,3,3,3,3,3,3,3,3,3,3
220155,2,1,3,3,3,3,3,3,3,3,3,3
220155,3,1,0,0,0,0,0,0,20,0,0,0
220156,2,1,0,0,0,0,0,0,0,0,0,0
220157,1,1,0,0,0,0,0,0,0,0,0,0
220157,2,1,0,0,0,0,0,0,0,0,0,0
220158,1,1,0,0,0,0,0,0,0,0,0,0
220158,2,1,0,0,0,0,0,0,0,0,0,0
220159,1,1,0,0,0,9,18,0,0,22,16,0
220160,1,1,33,33,33,33,33,33,33,33,33,33
220161,1,1,19,19,19,19,19,19,19,19,19,19
220161,2,1,0,0,0,0,0,0,0,0,0,0
220162,0,1,28,28,28,28,28,28,28,28,28,28
220162,1,1,0,0,0,0,0,0,0,0,0,0
220163,0,1,0,0,0,0,0,0,0,0,0,0
220163,1,1,1,1,1,1,1,1,1,1,1,1
220164,1,1,0,0,0,0,0,0,0,0,0,0
220164,2,1,0,0,0,0,0,0,0,0,0,0
220165,1,1,8,9,0,0,0,0,15,0,14,0
220166,1,1,0,0,0,0,0,0,0,0,0,0
220166,2,1,0,0,0,0,0,0,0,0,0,0
220167,1,1,0,0,0,0,0,0,0,0,0,0
220168,1,1,0,0,0,0,0,0,0,0,0,0
220168,2,1,0,0,0,0,0,0,0,0,0,0
220169,1,1,19,19,19,19,19,19,19,19,19,19
220169,2,1,0,0,0,0,0,0,0,0,0,0
220170,1,1,16,16,16,16,16,16,16,16,16,16
220170,2,1,0,0,0,0,0,0,0,0,0,0
220171,1,1,0,0,0,0,0,0,0,0,0,0
220171,2,1,0,0,0,0,0,0,0,0,0,0
220171,3,1,0,0,0,0,0,0,0,0,0,0
220171,4,1,0,0,0,0,0,0,0,0,0,0
220171,5,1,0,0,0,0,0,0,0,0,0,0
220171,6,1,0,0,0,0,0,0,0,0,0,0
220171,7,1,0,0,0,0,0,0,0,0,0,0
220171,8,1,0,0,0,0,0,0,0,0,0,0
220172,1,1,0,0,0,0,0,0,0,0,0,0
220173,1,1,8,8,8,8,8,8,8,8,8,8
220174,1,1,0,0,0,0,0,0,0,0,0,0
220174,2,1,0,0,0,0,0,0,0,0,0,0
220176,0,1,14,14,14,14,14,14,14,14,14,14
220176,1,1,0,0,0,0,0,0,0,0,0,0
220177,1,1,0,0,0,0,0,0,0,0,0,0
220178,1,1,18,18,18,18,18,18,18,18,18,18
220178,2,1,0,0,0,0,0,0,0,0,0,0
220179,1,1,0,0,0,0,0,0,0,0,0,0
220180,1,1,0,0,0,0,0,0,0,0,0,0
220180,2,1,0,0,0,0,0,0,0,0,0,0
220181,0,1,0,0,0,0,0,0,0,0,0,0
220181,1,1,0,0,0,0,0,5,9,3,0,8
220182,0,1,0,0,0,0,0,0,0,0,0,0
220182,1,1,0,0,0,0,0,0,0,0,0,0
220183,1,1,0,0,0,0,0,0,0,0,0,0
220183,2,1,0,0,0,0,0,0,0,0,0,0
220184,1,1,0,0,0,0,0,0,0,0,0,0
220185,1,1,0,0,0,0,0,0,0,0,0,0
220186,1,1,0,0,0,0,0,0,0,0,0,0
220187,0,1,0,0,0,0,0,0,0,0,0,0
220187,0,2,0,0,0,0,0,0,0,0,0,0
220187,0,3,0,0,0,0,0,0,0,0,0,0
220187,0,4,0,0,0,0,0,0,0,0,0,0
220187,0,5,0,0,0,0,0,0,0,0,0,0
220187,1,1,21,21,21,21,21,21,21,21,21,21
220187,2,1,0,0,0,0,0,0,0,0,0,0
220188,1,1,0,0,0,0,0,0,0,0,0,0
220189,1,1,0,0,0,0,0,0,0,0,0,0
220190,1,1,19,0,18,0,0,0,0,32,0,0
220191,1,1,0,0,0,0,0,0,0,0,0,0
220191,2,1,15,15,15,15,15,15,15,15,15,15
220192,1,1,0,0,0,0,0,0,0,0,0,0
220193,1,1,0,0,0,0,0,0,0,0,0,0
220193,2,1,3,3,3,3,3,3,3,3,3,3
220193,3,1,0,0,0,0,0,0,0,0,0,0
220194,1,1,5,5,5,5,5,5,5,5,5,5
220195,1,1,9,9,9,9,9,9,9,9,9,9
220196,1,1,0,0,0,0,0,0,0,0,0,0
220197,1,1,15,15,15,15,15,15,15,15,15,15
220197,2,1,0,0,0,0,0,0,0,0,0,0
220197,3,1,0,0,0,0,0,0,0,0,0,0
220198,1,1,12,12,12,12,12,12,12,12,12,12
220199,1,1,27,27,27,27,27,27,27,27,27,27
220200,0,1,0,0,0,0,0,0,0,0,0,0
220200,2,1,0,0,0,0,0,0,0,0,0,0
220201,1,1,0,0,0,0,0,0,0,0,0,0
220201,2,1,0,0,0,0,0,0,0,0,0,0
220202,1,1,0,0,0,0,0,0,0,0,0,0
220203,0,1,0,0,0,0,0,0,0,0,0,0
220203,1,1,0,0,0,0,0,0,0,0,0,0
220204,1,1,11,11,11,11,11,11,11,11,11,11
220205,0,1,0,0,0,0,0,0,0,0,0,0
220205,1,1,0,0,0,0,0,0,0,0,0,0
220207,0,1,0,0,0,0,0,0,0,0,0,0
220207,1,1,0,0,0,0,0,0,0,0,0,0
220208,1,1,0,0,0,0,0,0,0,0,0,0
220209,1,1,0,0,0,0,0,0,0,0,0,0
220209,2,1,15,15,15,15,15,15,15,15,15,15
220209,3,1,0,0,15,0,0,0,0,0,0,0
220209,4,1,0,0,0,0,0,0,0,0,0,0
220209,5,1,0,0,0,0,0,0,0,0,0,0
220210,0,1,5,5,5,5,5,5,5,5,5,5
220210,1,1,0,0,0,0,0,0,0,0,0,0
220211,1,1,0,0,0,0,0,0,0,0,0,0
220212,1,1,0,0,0,0,0,0,0,0,0,0
220212,2,1,0,0,0,0,0,0,0,0,0,0
220213,1,1,26,26,26,26,26,26,26,26,26,26
220214,1,1,0,0,0,0,0,0,0,0,0,0
220214,2,1,0,0,0,0,0,0,0,0,0,0
220215,1,1,0,0,0,0,0,0,0,20,0,0
220215,2,1,0,0,0,0,0,0,0,0,0,0
220216,1,1,19,19,19,19,19,19,19,19,19,19
220217,1,1,0,0,0,0,0,0,0,0,0,0
220217,2,1,0,0,0,0,0,0,0,0,0,0
220218,1,1,0,0,0,0,0,0,4,0,0,0
220218,2,1,0,0,0,0,0,0,0,0,0,0
220219,0,1,26,26,26,26,26,26,26,26,26,26
220219,1,1,0,11,0,0,14,22,10,0,13,0
220220,1,1,0,0,0,0,0,0,0,0,0,0
220220,2,1,0,0,0,0,0,0,0,0,0,0
220221,0,1,27,27,27,27,27,27,27,27,27,27
220221,1,1,0,0,0,0,0,0,0,0,0,0
220222,1,1,0,0,0,0,0,0,0,0,0,0
220222,2,1,0,0,0,0,0,0,0,0,0,0
220223,1,1,17,17,17,17,17,17,17,17,17,17
220224,1,1,11,11,11,11,11,11,11,11,11,11
220225,1,1,12,12,12,12,12,12,12,12,12,12
220225,2,1,0,0,0,0,0,0,0,0,0,0
220226,1,1,0,0,0,0,0,0,14,0,0,0
220226,2,1,0,0,0,0,0,0,0,0,0,0
220227,1,1,0,0,0,0,0,0,0,0,0,0
220227,2,1,0,0,0,0,0,0,0,0,0,0
220228,1,1,0,0,0,0,0,0,0,0,0,0
220228,2,1,0,0,0,0,0,0,0,0,0,0
220229,1,1,0,0,0,0,0,0,0,0,0,0
220229,2,1,11,17,7,0,26,0,29,0,0,30
220230,1,1,0,17,0,0,0,14,0,0,0,0
220230,2,1,0,0,0,0,0,0,0,0,0,0
220230,3,1,0,0,0,0,6,0,0,0,0,0
220231,1,1,0,0,0,0,18,0,0,0,0,0
220232,0,1,1,1,1,1,1,1,1,1,1,1
220232,1,1,0,0,0,0,0,0,0,0,0,0
220232,2,1,0,0,0,0,0,0,0,0,0,0
220233,1,1,0,0,0,0,0,0,0,0,0,0
220234,0,1,3,3,3,3,3,3,3,3,3,3
220234,1,1,0,0,0,0,0,11,0,0,0,0
220235,1,1,17,17,17,17,17,17,17,17,17,17
220236,1,1,25,25,25,25,25,25,25,25,25,25
220237,1,1,0,32,0,0,0,11,0,0,35,0
220237,2,1,0,0,0,0,0,0,0,0,0,0
220238,1,1,0,0,0,0,0,0,0,0,0,0
220239,1,1,20,20,20,20,20,20,20,20,20,20
220240,1,1,0,0,0,0,0,0,0,0,0,0
220241,1,1,0,0,0,0,0,0,0,0,0,0
220242,0,1,0,0,0,0,0,0,0,0,0,0
220242,1,1,5,5,5,5,5,5,5,5,5,5
220243,1,1,0,0,0,0,0,0,0,0,0,0
220243,2,1,0,0,0,0,0,0,0,0,0,0
220243,3,1,0,0,0,0,0,0,0,0,22,0
220244,0,1,0,0,0,0,0,0,0,0,0,0
220244,1,1,0,0,0,0,0,0,0,0,0,0
220245,1,1,0,0,0,0,0,0,0,0,0,0
220246,0,1,7,7,7,7,7,7,7,7,7,7
220246,1,1,0,0,0,0,13,0,0,0,26,0
220247,1,1,13,13,13,13,13,13,13,13,13,13
220247,2,1,0,0,0,0,0,0,0,0,0,0
220248,0,1,0,0,0,0,0,0,0,0,0,0
220248,1,1,0,0,0,14,0,22,0,0,0,0
220249,1,1,0,0,0,0,0,0,0,0,0,0
220249,2,1,0,0,0,0,0,0,0,0,0,0
220250,0,1,24,24,24,24,24,24,24,24,24,24
220250,1,1,0,5,0,22,0,0,0,0,0,0
220251,1,1,0,0,0,0,0,0,0,0,0,0
220251,2,1,0,0,0,0,0,0,0,0,0,0
220252,1,1,0,0,0,0,0,0,0,0,0,0
220252,2,1,0,0,0,0,0,0,0,0,0,0
220253,0,1,0,0,0,0,0,0,0,0,0,0
220253,1,1,0,0,0,0,0,0,0,0,0,0
220254,1,1,0,0,0,0,0,0,0,0,0,0
220254,2,1,0,0,0,15,0,0,4,0,0,0
220254,3,1,0,0,0,0,0,0,0,0,0,0
220255,1,1,0,0,16,23,0,0,0,7,17,16
220256,1,1,0,0,0,0,0,16,0,0,0,0
220256,2,1,0,0,0,0,0,0,0,0,0,0
220257,1,1,0,0,0,0,0,0,0,0,0,0
220257,2,1,0,0,0,0,0,0,0,0,0,0
220258,1,1,0,0,0,0,0,0,0,0,0,0
220259,1,1,0,0,0,0,0,0,0,0,0,0
220259,2,1,0,0,0,0,0,0,12,0,0,0
220259,3,1,0,0,0,0,0,0,0,0,20,0
220259,4,1,0,24,12,29,0,0,0,0,0,10
220260,0,1,37,37,37,37,37,37,37,37,37,37
220260,1,1,22,22,22,22,22,22,22,22,22,22
220260,2,1,4,4,4,4,4,4,4,4,4,4
220261,1,1,0,0,0,0,0,0,0,0,0,0
220261,2,1,0,0,0,0,0,0,0,0,0,0
220262,1,1,0,0,0,0,0,0,0,0,0,0
220262,2,1,0,0,0,0,0,0,0,0,0,0
220263,1,1,0,0,0,0,0,0,0,0,0,0
220263,2,1,0,0,0,0,0,0,0,0,0,0
220264,1,1,0,0,0,0,0,0,0,0,0,0
220265,1,1,0,0,0,0,0,0,0,0,0,0
220265,2,1,0,0,0,0,0,0,0,0,0,0
220266,1,1,0,0,0,0,0,0,0,0,0,0
220267,0,1,31,0,0,0,0,0,0,0,0,8
220267,1,1,0,0,0,0,0,0,0,0,0,0
220268,1,1,26,26,26,26,26,26,26,26,26,26
220269,1,1,9,17,0,23,2,0,0,0,17,0
220269,2,1,0,0,0,0,0,0,0,0,0,0
220269,3,1,0,0,0,0,0,0,0,0,0,0
220270,1,1,0,0,0,0,0,0,0,0,0,0
220271,1,1,0,0,0,0,0,0,0,0,0,0
220272,1,1,24,24,24,24,24,24,24,24,24,24
220273,1,1,0,0,0,0,0,0,0,0,0,0
220274,1,1,21,21,21,21,21,21,21,21,21,21
220275,1,1,29,29,29,29,29,29,29,29,29,29
220276,1,1,20,20,20,20,20,20,20,20,20,20
220277,0,1,0,0,0,0,0,0,0,0,0,0
220277,1,1,0,0,0,0,0,0,0,0,0,0
220278,1,1,0,0,0,0,0,0,0,0,0,0
220278,2,1,23,23,23,23,23,23,23,23,23,23
220279,1,1,0,0,0,0,0,0,0,0,0,0
220280,1,1,0,0,0,0,0,0,0,0,0,0
220281,1,1,7,7,7,7,7,7,7,7,7,7
220282,1,1,17,17,17,17,17,17,17,17,17,17
220283,1,1,21,21,21,21,21,21,21,21,21,21
220283,2,1,0,0,0,0,0,0,0,0,0,0
220284,0,1,27,27,27,27,27,27,27,27,27,27
220284,1,1,0,0,0,0,0,0,0,0,0,0
220285,1,1,0,0,9,0,0,0,0,19,10,0
220286,1,1,0,0,0,0,0,0,0,0,0,0
220286,2,1,0,0,0,0,0,0,0,0,0,0
220287,0,1,22,22,22,22,22,22,22,22,22,22
220287,1,1,0,0,0,18,12,0,0,0,14,0
220287,2,1,0,0,0,0,0,0,0,18,20,0
220288,0,1,0,0,0,0,0,0,0,0,0,0
220288,1,1,0,0,0,0,0,0,0,0,0,0
220289,1,1,0,0,0,0,0,0,0,0,0,0
220289,2,1,0,0,0,0,0,0,0,0,0,0
220290,1,1,0,0,0,0,0,0,0,0,0,0
220290,2,1,0,0,0,0,0,0,0,0,5,0
220290,3,1,0,0,0,3,0,0,0,0,0,0
220290,4,1,0,0,0,0,0,0,0,0,0,0
220291,0,1,0,0,0,0,0,0,0,0,0,0
220291,1,1,6,6,6,6,6,6,6,6,6,6
220292,1,1,0,0,0,0,0,0,0,0,0,0
220293,1,1,0,0,0,0,0,0,0,0,0,0
220293,2,1,0,9,0,0,17,0,0,0,0,0
220294,1,1,0,0,0,0,0,0,0,0,0,0
220295,1,1,0,0,0,0,0,0,0,0,0,0
220296,1,1,27,27,27,27,27,27,27,27,27,27
220297,1,1,0,0,0,0,0,0,0,0,0,0
220298,1,1,0,0,0,0,0,0,0,0,0,0
220299,1,1,0,0,0,0,0,0,0,0,0,0
220299,2,1,0,0,0,0,0,0,0,0,0,0
220300,1,1,0,0,0,0,0,0,0,0,0,0
220301,1,1,19,19,19,19,19,19,19,19,19,19
220302,1,1,5,5,5,5,5,5,5,5,5,5
220303,1,1,16,16,16,16,16,16,16,16,16,16
220304,1,1,0,0,0,0,0,0,0,0,0,0
220304,2,1,0,0,0,0,0,0,0,0,0,0
220305,0,1,0,0,0,0,0,0,0,0,0,0
220305,1,1,10,7,19,19,12,14,19,21,13,30
220306,1,1,23,23,23,23,23,23,23,23,23,23
220307,1,1,25,25,25,25,25,25,25,25,25,25
220307,2,1,0,0,0,0,0,0,0,0,0,0
220308,1,1,0,0,0,0,0,0,0,0,0,0
220308,2,1,0,0,0,0,0,0,0,0,0,0
220308,3,1,0,0,0,0,0,0,0,0,0,0
220309,1,1,0,0,0,0,0,0,0,0,0,0
220310,1,1,4,4,4,4,4,4,4,4,4,4
220311,1,1,15,15,15,15,15,15,15,15,15,15
220312,1,1,28,28,28,28,28,28,28,28,28,28
220313,0,1,0,0,0,0,0,0,0,0,0,0
220313,1,1,0,0,0,0,0,0,0,0,0,0
220313,2,1,0,0,0,0,0,0,0,0,0,0
220314,1,1,0,0,0,0,0,0,0,0,0,0
220315,0,1,15,15,15,15,15,15,15,15,15,15
220315,1,1,6,0,6,0,2,0,0,2,0,0
220316,0,1,27,27,27,27,27,27,27,27,27,27
220316,1,1,8,8,8,8,8,8,8,8,8,8
220317,1,1,0,0,0,0,0,0,0,0,0,0
220317,2,1,0,0,0,0,0,0,0,0,0,0
220318,1,1,14,14,14,14,14,14,14,14,14,14
220318,2,1,9,9,9,9,9,9,9,9,9,9
220319,1,1,0,0,0,0,0,0,19,0,0,0
220319,2,1,0,7,0,0,0,0,0,0,0,6
220320,1,1,0,0,0,0,0,0,0,0,0,0
220320,2,1,0,0,0,0,0,0,0,0,0,0
220321,0,1,18,18,18,18,18,18,18,18,18,18
220321,0,2,0,25,30,40,20,0,17,0,10,10
220321,1,1,0,0,25,0,0,0,0,13,0,11
220322,1,1,0,0,0,0,0,0,0,0,5,0
220322,2,1,0,0,0,0,0,0,0,0,0,0
220322,3,1,0,0,0,0,0,0,0,0,14,0
220323,0,1,7,7,7,7,7,7,7,7,7,7
220323,1,1,0,0,0,0,0,0,0,0,0,0
220324,1,1,19,19,19,19,19,19,19,19,19,19
220325,0,1,0,0,0,0,0,0,0,0,0,0
220325,0,2,0,21,4,0,0,0,0,23,0,19
220325,1,1,6,6,6,6,6,6,6,6,6,6
220326,1,1,0,0,0,0,0,0,0,0,0,0