ST_CASE,VEH_NO,PER_NO,P1,P2,P3,P4,P5,P6,P7,P8,P9,P10
220326,2,1,0,0,0,0,0,0,0,0,0,0
220327,1,1,15,15,15,15,15,15,15,15,15,15
220328,0,1,0,8,0,0,28,16,0,0,0,15
220328,1,1,0,0,0,0,0,0,0,0,0,0
220329,1,1,0,0,0,0,0,0,0,0,0,0
220329,2,1,0,0,0,0,0,0,0,0,0,0
220330,1,1,12,0,8,0,0,0,0,0,0,0
220330,2,1,0,0,0,34,0,0,0,0,7,0
220330,3,1,0,0,0,0,0,0,0,0,0,0
220331,1,1,20,20,20,20,20,20,20,20,20,20
220332,1,1,16,16,16,16,16,16,16,16,16,16
220333,1,1,17,17,17,17,17,17,17,17,17,17
220334,1,1,18,18,18,18,18,18,18,18,18,18
220334,2,1,0,0,0,0,0,0,0,0,0,0
220335,1,1,0,24,3,0,0,0,0,32,0,0
220336,1,1,0,0,0,0,0,0,0,0,0,0
220336,2,1,0,0,0,0,0,0,0,0,0,0
220337,1,1,34,34,34,34,34,34,34,34,34,34
220338,1,1,0,0,0,0,0,0,0,0,0,0
220338,2,1,0,0,0,0,0,0,0,0,0,0
220339,1,1,11,11,11,11,11,11,11,11,11,11
220339,2,1,0,0,0,0,0,0,0,0,0,0
220340,1,1,16,16,16,16,16,16,16,16,16,16
220341,1,1,0,0,0,0,0,0,0,0,0,0
220342,1,1,26,26,26,26,26,26,26,26,26,26
220343,0,1,0,0,0,0,0,0,0,0,0,0
220343,1,1,0,0,0,0,0,0,0,0,0,0
220343,2,1,13,26,0,0,0,11,0,0,0,0
220344,0,1,34,34,34,34,34,34,34,34,34,34
220344,1,1,0,19,0,6,0,0,0,26,0,0
220345,1,1,0,0,0,0,0,0,0,0,0,0
220347,1,1,0,0,0,0,0,0,0,0,0,0
220347,2,1,0,0,0,0,0,0,0,0,0,0
220348,1,1,0,0,0,0,23,0,0,16,0,0
220348,2,1,0,0,0,0,0,0,0,0,0,0
220348,3,1,0,0,0,0,0,0,0,0,0,0
220349,1,1,0,0,0,0,0,0,0,0,0,0
220349,2,1,0,0,0,0,0,0,0,0,0,0
220350,1,1,20,20,20,20,20,20,20,20,20,20
220350,2,1,0,0,0,0,0,0,0,0,0,0
220351,1,1,0,0,0,0,0,0,0,0,0,0
220352,1,1,0,0,0,0,0,0,0,0,0,0
220352,2,1,0,0,0,0,0,0,0,0,0,0
220353,1,1,0,0,0,0,0,0,0,0,0,0
220354,1,1,0,0,0,0,0,0,0,0,0,0
220354,2,1,0,0,0,0,0,0,0,0,0,0
220355,0,1,0,0,0,0,0,0,0,0,0,0
220355,1,1,0,0,0,0,0,0,0,0,0,0
220356,0,1,17,17,17,17,17,17,17,17,17,17
220356,1,1,0,0,0,0,0,0,0,0,0,0
220357,1,1,13,0,18,0,0,0,16,19,12,0
220358,1,1,10,10,10,10,10,10,10,10,10,10
220358,2,1,0,0,0,0,0,0,0,0,0,0
220359,0,1,16,16,16,16,16,16,16,16,16,16
220359,1,1,5,5,5,5,5,5,5,5,5,5
220360,1,1,0,0,0,0,0,0,0,0,0,0
220360,2,1,0,0,0,0,0,0,0,0,0,0
220361,0,1,25,25,25,25,25,25,25,25,25,25
220361,1,1,0,0,0,0,0,0,0,0,0,0
220362,0,1,26,26,26,26,26,26,26,26,26,26
220362,1,1,0,0,0,0,20,0,0,0,0,0
220363,1,1,15,15,15,15,15,15,15,15,15,15
220364,1,1,0,0,0,0,0,0,0,0,0,0
220365,1,1,10,10,10,10,10,10,10,10,10,10
220366,1,1,0,0,0,0,0,0,0,0,0,0
220367,1,1,0,0,0,0,0,0,0,0,0,0
220367,2,1,0,0,0,0,0,0,0,0,0,0
220367,3,1,0,0,0,0,0,0,0,0,0,0
220368,1,1,0,0,0,0,0,0,0,0,0,0
220369,1,1,0,0,0,0,0,0,0,0,0,0
220370,0,1,0,0,0,0,0,0,0,0,0,0
220370,2,1,0,0,0,0,0,0,0,0,0,0
220371,1,1,0,0,0,0,0,0,0,0,0,0
220371,2,1,0,0,0,0,0,0,0,0,0,0
220372,1,1,0,0,0,0,0,0,0,0,0,0
220373,1,1,23,23,23,23,23,23,23,23,23,23
220373,2,1,0,0,0,0,0,0,0,0,0,0
220374,0,1,29,10,4,38,12,19,18,32,19,30
220374,1,1,12,12,12,12,12,12,12,12,12,12
220375,1,1,0,0,0,0,0,0,0,0,0,0
220375,2,1,0,0,0,0,0,0,0,0,0,0
220376,1,1,0,0,0,0,0,0,0,0,0,0
220376,2,1,0,0,0,0,0,0,0,0,0,0
220377,1,1,3,3,3,3,3,3,3,3,3,3
220378,1,1,5,5,5,5,5,5,5,5,5,5
220378,2,1,0,0,0,0,0,0,0,0,0,0
220379,1,1,0,0,0,0,0,0,0,0,0,0
220379,2,1,0,0,0,0,0,0,0,0,0,0
220380,1,1,14,14,14,14,14,14,14,14,14,14
220381,1,1,0,0,0,12,0,0,0,14,0,0
220381,2,1,0,0,0,0,0,0,0,0,0,0
220382,1,1,0,0,0,0,0,0,0,0,0,0
220382,2,1,0,0,0,0,0,0,0,0,0,0
220383,1,1,11,11,11,11,11,11,11,11,11,11
220384,1,1,0,0,0,0,0,0,0,0,0,0
220384,2,1,0,0,0,0,0,0,0,0,0,0
220385,1,1,14,0,0,0,0,0,0,0,0,0
220386,0,1,0,0,0,23,0,0,0,0,0,0
220386,1,1,0,0,0,0,0,0,0,0,0,0
220387,1,1,6,6,6,6,6,6,6,6,6,6
220388,1,1,0,0,25,15,7,0,23,0,0,0
220389,1,1,26,26,26,26,26,26,26,26,26,26
220389,2,1,0,0,0,0,0,0,0,0,0,0
220390,1,1,0,0,0,0,0,0,0,0,0,0
220390,2,1,0,0,0,0,0,0,0,0,0,0
220391,0,1,24,24,24,24,24,24,24,24,24,24
220391,1,1,0,0,0,0,0,0,0,0,0,0
220392,1,1,0,0,0,0,0,0,0,0,0,0
220393,0,1,0,0,0,0,0,0,0,0,0,0
220393,2,1,0,0,0,0,0,0,0,0,0,11
220394,1,1,14,14,14,14,14,14,14,14,14,14
220395,1,1,12,0,0,0,0,0,0,14,0,0
220395,2,1,16,0,11,6,0,0,0,14,0,0
220396,0,1,30,30,30,30,30,30,30,30,30,30
220396,1,1,0,0,0,0,0,0,0,0,0,0
220397,1,1,0,0,0,0,0,0,0,0,0,0
220397,2,1,0,0,0,0,0,0,0,0,0,0
220398,0,1,32,0,23,0,0,6,0,0,0,0
220398,1,1,15,0,0,0,0,0,0,0,0,0
220399,1,1,7,14,0,0,33,15,0,0,0,11
220400,1,1,0,0,0,0,20,0,0,0,0,0
220400,2,1,0,0,0,0,0,0,0,0,0,0
220401,1,1,0,0,0,33,19,0,6,22,0,0
220402,0,1,0,0,0,0,0,0,0,0,0,0
220402,1,1,7,7,7,7,7,7,7,7,7,7
220403,1,1,0,0,11,0,0,36,0,4,0,0
220403,2,1,13,13,13,13,13,13,13,13,13,13
220404,0,1,0,0,0,0,45,36,6,20,0,13
220404,1,1,0,9,0,0,15,3,0,0,0,0
220405,1,1,21,21,21,21,21,21,21,21,21,21
220406,0,1,0,0,0,0,0,0,0,0,0,0
220406,1,1,0,13,8,0,0,20,0,0,0,0
220407,1,1,32,32,32,32,32,32,32,32,32,32
220407,2,1,0,0,0,0,0,0,0,0,0,0
220408,1,1,18,18,18,18,18,18,18,18,18,18
220409,1,1,0,0,0,0,0,0,0,0,0,0
220410,1,1,0,0,0,0,0,0,0,0,0,0
220410,2,1,0,0,0,0,0,0,0,0,0,0
220411,0,1,0,0,0,0,0,0,0,0,0,0
220411,0,2,0,0,0,0,0,0,0,0,0,5
220411,1,1,0,0,0,0,0,0,0,0,0,0
220412,1,1,0,0,0,0,0,0,0,0,0,0
220412,2,1,0,0,0,0,16,0,0,0,0,0
220413,1,1,0,0,10,0,0,0,0,0,0,0
220414,1,1,0,0,0,0,0,0,0,0,0,0
220416,0,1,0,0,0,0,0,0,0,0,0,0
220416,1,1,0,0,0,0,0,0,0,0,16,20
220417,0,1,0,0,0,0,0,0,17,0,0,12
220418,0,1,0,0,0,0,0,0,0,0,0,0
220418,1,1,0,0,0,0,0,0,0,0,0,0
220419,1,1,24,24,24,24,24,24,24,24,24,24
220420,1,1,0,0,0,0,0,0,0,0,0,0
220420,2,1,0,0,0,0,0,0,0,0,0,0
220421,1,1,0,26,0,0,0,6,11,22,21,0
220422,1,1,0,0,0,0,0,0,0,0,0,0
220422,2,1,0,0,0,0,0,0,0,0,0,0
220423,1,1,25,25,25,25,25,25,25,25,25,25
220423,2,1,0,0,0,0,0,0,0,0,0,0
220424,1,1,0,0,0,0,0,0,0,0,0,0
220425,0,1,22,0,0,0,10,0,0,13,0,17
220425,1,1,0,0,0,0,0,0,0,0,0,0
220425,2,1,0,0,0,0,0,0,0,0,0,0
220425,3,1,0,0,0,0,0,0,0,0,0,0
220426,1,1,0,0,0,0,0,0,0,0,0,0
220426,2,1,0,0,0,0,0,0,0,0,0,0
220427,0,1,0,0,0,0,0,0,0,0,0,0
220427,1,1,0,0,0,0,0,0,0,0,0,0
220428,1,1,0,0,0,0,0,0,0,0,0,0
220429,1,1,0,0,0,0,0,0,0,0,0,0
220430,1,1,0,0,0,0,0,0,0,0,0,0
220430,2,1,0,0,0,0,0,0,0,0,0,0
220431,0,1,0,0,0,0,0,0,0,0,0,0
220431,1,1,0,9,0,0,35,0,0,0,3,0
220432,1,1,0,0,0,0,0,0,0,0,0,0
220433,0,1,0,0,0,0,0,0,0,0,0,0
220433,1,1,0,0,0,0,0,0,0,0,0,20
220434,1,1,0,0,0,0,0,0,0,0,4,0
220435,1,1,3,3,3,3,3,3,3,3,3,3
220435,2,1,0,0,0,0,0,0,0,0,0,0
220435,3,1,0,0,0,0,0,0,0,0,0,0
220436,1,1,0,0,0,0,0,0,0,0,0,0
220436,2,1,0,0,0,0,0,13,0,0,0,0
220437,0,1,0,0,0,0,0,0,0,0,0,0
220437,1,1,0,0,0,0,0,0,0,0,0,0
220438,1,1,0,0,0,0,0,26,11,0,0,25
220438,2,1,0,0,0,0,7,0,0,0,0,0
220439,1,1,0,0,0,0,0,0,0,0,0,0
220439,2,1,0,0,0,0,0,0,0,0,0,0
220440,1,1,0,0,0,0,25,33,0,0,0,0
220440,2,1,0,0,0,0,0,0,0,0,0,0
220440,3,1,9,0,0,0,0,0,0,0,0,0
220442,0,1,14,11,5,0,0,25,19,0,0,0
220442,1,1,0,4,0,2,0,0,0,19,0,0
220443,0,1,11,28,0,0,16,0,11,0,13,38
220443,0,2,0,0,0,0,0,0,0,0,0,0
220443,0,3,0,0,0,0,0,0,0,0,0,0
220443,1,1,0,0,0,0,0,0,0,0,0,0
220444,0,1,20,20,20,20,20,20,20,20,20,20
220444,0,2,0,0,0,0,0,0,0,0,0,0
220444,0,3,0,0,0,0,0,0,0,0,0,0
220444,0,4,0,0,0,17,0,0,34,0,0,6
220444,1,1,0,0,0,0,0,0,0,0,0,0
220446,1,1,0,0,0,0,0,0,0,0,0,0
220446,2,1,0,0,0,0,0,0,0,0,0,0
220447,0,1,0,0,0,0,0,0,0,0,0,0
220447,1,1,0,0,0,0,0,0,0,0,0,0
220448,1,1,0,0,0,0,0,0,0,0,0,0
220448,2,1,0,0,0,0,0,0,0,0,0,0
220449,1,1,0,0,0,0,0,0,0,0,0,0
220449,2,1,16,9,0,16,8,0,29,9,8,0
220450,1,1,0,0,0,0,0,0,0,0,0,0
220450,2,1,0,0,0,0,0,0,0,0,0,0
220451,1,1,0,0,0,0,0,0,0,0,0,0
220451,2,1,0,0,0,0,0,0,0,0,0,0
220452,0,1,0,0,0,0,0,0,0,0,0,0
220452,1,1,0,0,0,0,0,0,0,0,0,0
220453,1,1,0,0,0,0,17,0,0,26,0,0
220453,2,1,0,0,0,0,9,0,0,0,0,0
220453,3,1,0,0,0,10,0,0,0,0,0,0
220454,0,1,2,2,2,2,2,2,2,2,2,2
220454,1,1,0,0,0,0,0,0,0,0,0,0
220454,2,1,0,0,0,0,0,0,0,0,0,0
220455,0,1,0,0,0,0,0,0,0,22,0,0
220455,0,2,0,0,0,0,0,0,0,0,0,0
220455,0,3,0,0,0,0,0,26,0,0,0,0
220455,1,1,0,0,0,0,0,0,0,0,0,0
220455,2,1,0,0,0,0,0,0,0,0,0,0
220455,4,1,0,0,0,0,0,0,0,15,0,0
220456,1,1,18,10,0,8,10,23,0,6,4,14
220457,1,1,0,0,0,0,0,0,0,0,0,0
220458,0,1,34,34,34,34,34,34,34,34,34,34
220458,1,1,0,0,0,0,0,0,0,0,0,0
220459,0,1,0,0,0,0,0,0,0,0,0,0
220459,1,1,0,0,0,0,0,0,0,0,0,0
220460,1,1,0,39,12,0,0,0,0,23,27,0
220461,1,1,0,0,0,0,0,0,0,0,0,0
220462,1,1,20,20,20,20,20,20,20,20,20,20
220462,2,1,0,0,0,0,0,0,0,0,0,0
220463,1,1,14,14,14,14,14,14,14,14,14,14
220464,1,1,0,0,0,0,0,0,0,0,0,0
220465,1,1,14,14,14,14,14,14,14,14,14,14
220465,2,1,0,0,0,0,0,0,0,0,0,0
220466,0,1,10,10,10,10,10,10,10,10,10,10
220466,1,1,0,23,0,0,4,0,0,0,0,0
220467,1,1,0,0,0,0,0,0,0,0,0,0
220467,2,1,0,0,0,0,0,0,31,0,0,0
220468,1,1,0,0,0,0,0,0,0,0,0,0
220468,2,1,0,0,0,0,0,0,0,0,0,0
220469,1,1,0,0,0,0,0,0,0,0,0,0
220470,0,1,0,0,0,0,0,0,17,0,0,14
220470,1,1,0,0,0,0,0,0,0,0,0,0
220471,1,1,18,18,18,18,18,18,18,18,18,18
220471,2,1,0,20,0,0,0,0,0,0,0,0
220472,1,1,15,15,15,15,15,15,15,15,15,15
220473,1,1,24,0,0,18,0,0,20,0,23,0
220473,2,1,0,0,0,0,0,0,0,0,0,0
220474,1,1,0,0,0,0,0,0,0,23,0,0
220474,2,1,0,0,0,0,0,0,0,0,0,0
220475,0,1,14,0,4,0,0,18,41,0,20,0
220475,1,1,0,0,0,0,0,0,0,0,0,0
220476,0,1,23,0,9,15,0,0,0,0,17,0
220476,1,1,0,0,0,0,0,0,0,0,0,0
220476,2,1,0,0,0,0,0,0,0,0,0,0
220477,1,1,0,0,0,0,0,0,0,0,0,0
220477,2,1,0,0,0,0,0,0,0,0,0,0
220478,1,1,0,0,0,0,0,0,0,0,0,0
220478,2,1,0,0,0,0,0,0,0,0,0,0
220478,3,1,0,0,0,0,0,0,0,0,0,0
220478,4,1,0,0,0,0,0,0,0,0,0,0
220478,5,1,0,0,0,0,0,0,0,0,0,0
220478,6,1,0,0,0,0,0,0,0,0,0,0
220478,7,1,0,0,0,0,0,0,0,0,0,0
220479,1,1,27,27,27,27,27,27,27,27,27,27
220479,2,1,0,23,0,0,0,0,0,0,0,0
220480,1,1,7,7,7,7,7,7,7,7,7,7
220481,1,1,0,0,0,0,0,0,0,0,0,0
220481,2,1,0,0,0,0,0,0,0,0,0,0
220481,3,1,0,0,0,0,0,0,0,0,0,0
220482,1,1,0,0,0,0,0,0,0,0,0,0
220482,2,1,0,0,0,0,0,0,0,0,0,0
220483,1,1,20,20,20,20,20,20,20,20,20,20
220484,1,1,6,6,6,6,6,6,6,6,6,6
220485,0,1,0,0,0,0,0,0,0,0,0,0
220485,1,1,0,0,0,0,0,0,0,0,0,0
220486,1,1,0,0,0,0,0,0,0,0,0,0
220486,2,1,0,0,0,0,0,0,0,0,0,0
220487,1,1,0,0,0,0,0,0,0,0,0,0
220487,2,1,0,0,0,0,0,0,0,0,0,0
220488,0,1,0,0,0,0,0,0,0,0,0,0
220488,1,1,0,0,0,0,0,0,0,0,0,0
220489,1,1,26,0,14,10,0,19,0,12,0,2
220490,1,1,20,20,20,20,20,20,20,20,20,20
220491,1,1,0,0,0,0,0,0,0,0,0,0
220492,1,1,0,0,0,0,0,0,0,0,0,0
220493,1,1,0,0,0,0,0,0,0,0,0,0
220494,1,1,0,0,0,19,0,0,0,17,0,0
220494,2,1,0,0,0,0,0,0,0,0,0,0
220495,1,1,0,0,0,0,0,0,0,0,0,0
220496,1,1,0,0,0,9,0,0,0,0,17,9
220497,1,1,21,21,21,21,21,21,21,21,21,21
220497,2,1,13,13,13,13,13,13,13,13,13,13
220498,1,1,21,21,21,21,21,21,21,21,21,21
220499,1,1,0,0,0,0,0,0,0,0,0,0
220500,1,1,12,12,12,12,12,12,12,12,12,12
220501,1,1,11,11,11,11,11,11,11,11,11,11
220502,1,1,18,18,18,18,18,18,18,18,18,18
220503,1,1,0,0,0,0,0,0,0,0,0,0
220504,1,1,0,0,0,0,0,0,0,0,0,0
220504,2,1,0,0,0,0,0,0,0,0,0,0
220505,1,1,0,0,0,0,0,0,0,0,0,0
220505,2,1,0,0,0,0,0,0,0,0,0,0
220505,3,1,0,0,0,0,0,0,0,0,0,0
220506,0,1,23,23,23,23,23,23,23,23,23,23
220506,1,1,0,0,0,0,0,0,0,0,0,0
220507,0,1,0,0,0,0,0,0,0,0,0,0
220507,1,1,0,0,0,0,0,0,0,0,0,0
220508,1,1,0,0,0,0,0,0,0,0,0,0
220509,1,1,7,7,7,7,7,7,7,7,7,7
220509,2,1,0,0,0,0,0,0,0,0,0,0
220510,1,1,16,16,16,16,16,16,16,16,16,16
220511,1,1,0,0,0,0,0,0,0,0,0,0
220512,1,1,0,0,0,0,0,0,0,0,0,0
220512,2,1,0,0,0,0,0,0,0,0,0,0
220513,1,1,0,0,0,0,0,0,0,0,0,0
220513,2,1,4,4,4,4,4,4,4,4,4,4
220514,1,1,21,21,21,21,21,21,21,21,21,21
220515,1,1,0,0,0,0,0,0,0,0,0,0
220515,2,1,0,0,0,0,0,0,26,0,0,0
220515,3,1,0,0,0,0,0,0,0,0,0,0
220515,4,1,0,0,0,0,0,0,0,0,0,0
220515,5,1,0,0,0,0,0,13,0,0,0,0
220516,1,1,0,0,0,0,0,0,0,0,0,0
220517,0,1,0,0,0,0,0,0,0,0,0,0
220517,1,1,0,0,0,0,0,0,0,0,0,0
220518,1,1,0,0,0,0,0,0,0,0,0,0
220518,2,1,0,0,0,0,0,0,0,0,0,0
220519,0,1,34,34,34,34,34,34,34,34,34,34
220519,1,1,0,0,0,0,0,0,0,0,0,0
220520,1,1,0,0,0,0,0,0,0,0,0,0
220520,2,1,0,0,0,0,0,0,0,0,0,0
220521,1,1,0,0,0,0,0,0,0,0,0,0
220522,1,1,0,0,0,0,0,0,0,0,0,0
220522,2,1,0,0,0,0,0,0,0,0,0,0
220523,0,1,0,0,0,0,0,0,11,0,0,0
220523,1,1,0,0,0,0,0,0,0,0,0,22
220523,2,1,0,0,0,0,0,0,0,0,0,0
220524,0,1,0,0,0,0,0,0,0,0,0,0
220524,1,1,0,27,0,0,15,0,0,8,6,0
220525,0,1,21,20,0,23,16,0,14,19,0,22
220525,1,1,11,11,11,11,11,11,11,11,11,11
220526,1,1,6,6,6,6,6,6,6,6,6,6
220527,0,1,0,0,0,0,0,0,0,0,0,0
220527,1,1,0,0,0,0,0,0,0,0,0,0
220528,1,1,0,0,0,0,0,0,0,0,0,0
220528,2,1,0,7,0,0,0,0,0,0,0,0
220529,1,1,14,20,20,0,17,12,22,14,28,17
220529,2,1,0,0,0,0,0,0,0,0,0,0
220530,1,1,0,0,0,0,0,0,0,0,0,0
220530,2,1,0,0,0,0,0,0,0,0,0,0
220531,0,1,0,0,0,0,0,0,0,0,0,0
220531,1,1,0,0,0,0,0,0,0,0,0,0
220532,0,1,4,4,4,4,4,4,4,4,4,4
220532,1,1,0,0,0,0,0,0,0,0,0,0
220533,1,1,0,0,0,0,0,0,0,0,0,0
220534,0,1,0,0,0,0,0,0,0,0,0,0
220534,1,1,0,0,0,0,0,0,0,0,0,0
220535,1,1,22,22,22,22,22,22,22,22,22,22
220535,2,1,0,0,0,0,0,0,0,0,0,0
220536,0,1,32,32,32,32,32,32,32,32,32,32
220536,1,1,0,0,0,0,0,0,0,0,0,0
220537,1,1,0,0,0,0,0,0,0,0,0,0
220537,2,1,0,0,0,0,0,0,0,0,0,0
220538,1,1,0,0,0,11,22,0,0,0,0,12
220539,1,1,0,0,0,0,0,0,0,0,0,0
220540,1,1,2,2,2,2,2,2,2,2,2,2
220540,2,1,7,8,0,0,0,13,0,0,0,15
220541,1,1,0,0,0,0,0,0,0,0,0,0
220541,2,1,0,0,0,0,0,0,0,0,0,0
220542,1,1,0,0,0,0,0,0,0,0,0,0
220542,2,1,0,0,0,0,0,0,0,0,0,0
220542,3,1,0,0,0,0,0,0,0,0,0,0
220543,1,1,25,25,25,25,25,25,25,25,25,25
220544,1,1,17,17,17,17,17,17,17,17,17,17
220545,1,1,0,0,0,0,0,0,0,0,0,0
220545,2,1,0,0,0,0,0,0,0,0,0,0
220546,1,1,0,0,0,0,0,0,0,0,0,0
220546,2,1,0,0,0,0,0,0,0,0,0,0
220547,1,1,24,24,24,24,24,24,24,24,24,24
220547,2,1,0,0,0,0,0,0,0,0,0,0
220548,1,1,0,0,0,0,0,0,0,0,0,0
220549,1,1,28,28,28,28,28,28,28,28,28,28
220550,0,1,0,0,0,0,0,0,0,0,0,0
220550,1,1,0,0,0,0,0,0,0,0,0,0
220551,1,1,0,0,0,0,0,0,0,0,0,0
220551,2,1,0,0,0,0,0,0,0,0,0,0
220552,1,1,9,9,9,9,9,9,9,9,9,9
220553,1,1,3,3,3,3,3,3,3,3,3,3
220553,2,1,0,0,0,0,0,0,0,0,0,0
220554,1,1,4,4,4,4,4,4,4,4,4,4
220555,1,1,0,0,0,0,0,0,0,0,0,0
220556,1,1,11,11,11,11,11,11,11,11,11,11
220557,0,1,0,0,0,0,0,0,0,0,19,0
220557,1,1,5,5,5,5,5,5,5,5,5,5
220557,2,1,0,0,0,0,0,0,0,0,0,0
220558,1,1,0,0,0,0,0,0,0,0,0,0
220558,2,1,0,0,0,0,0,0,0,0,0,0
220559,1,1,0,0,0,0,0,0,0,0,0,0
220559,2,1,0,0,0,0,0,0,0,0,0,0
220559,3,1,0,0,0,0,0,0,0,0,0,0
220560,0,1,26,26,26,26,26,26,26,26,26,26
220560,1,1,0,0,0,0,0,0,0,0,0,0
220561,1,1,0,0,0,0,0,0,0,0,0,0
220561,2,1,0,0,0,0,0,0,0,0,0,0
220561,3,1,0,0,0,0,0,0,0,0,0,0
220562,0,1,0,0,0,0,0,0,0,0,0,0
220562,1,1,0,0,0,0,0,0,0,0,0,0
220563,1,1,0,0,0,0,0,0,0,0,0,0
220563,2,1,0,0,0,0,0,0,0,0,0,0
220563,3,1,0,0,0,0,0,0,0,0,0,0
220564,1,1,0,0,0,0,0,0,0,0,0,0
220564,2,1,0,0,0,0,0,0,0,0,0,0
220565,1,1,2,2,2,2,2,2,2,2,2,2
220566,1,1,20,20,20,20,20,20,20,20,20,20
220566,2,1,12,0,0,0,0,24,0,0,0,0
220567,1,1,0,0,0,0,0,0,0,0,0,0
220568,1,1,0,0,0,0,0,0,0,0,0,0
220568,2,1,0,0,0,0,0,0,0,0,0,0
220568,3,1,0,0,0,0,0,0,0,0,0,0
220569,1,1,0,0,0,0,0,0,0,0,0,0
220569,2,1,0,0,0,0,0,0,0,0,0,0
220570,1,1,17,17,17,17,17,17,17,17,17,17
220571,1,1,26,26,26,26,26,26,26,26,26,26
220571,2,1,19,19,19,19,19,19,19,19,19,19
220572,1,1,0,0,0,0,0,0,0,0,0,0
220573,0,1,0,0,0,25,0,0,0,0,0,28
220573,0,2,10,0,0,11,0,0,0,19,0,0
220573,0,3,0,0,0,0,0,0,0,0,0,0
220573,2,1,0,0,0,0,0,0,0,0,0,0
220574,1,1,0,0,0,0,0,0,0,0,0,0
220575,1,1,18,18,18,18,18,18,18,18,18,18
220576,1,1,13,13,13,13,13,13,13,13,13,13
220576,2,1,0,0,0,0,0,0,0,0,0,0
220577,0,1,20,9,12,22,23,20,38,26,23,8
220577,1,1,0,0,0,0,0,0,0,0,0,0
220578,1,1,0,0,0,0,0,0,0,0,0,0
220579,1,1,0,0,0,0,0,0,0,0,0,0
220579,2,1,16,16,16,16,16,16,16,16,16,16
220580,1,1,0,0,0,0,0,0,0,0,0,0
220581,1,1,0,0,0,0,0,0,0,0,0,0
220581,2,1,16,11,0,0,0,0,0,0,0,0
220582,0,1,0,0,32,0,0,0,0,0,0,0
220582,1,1,0,0,0,0,0,0,0,0,0,0
220583,1,1,0,0,0,0,0,0,0,0,0,0
220583,2,1,0,0,0,0,0,0,0,0,0,0
220584,1,1,0,0,0,0,0,0,0,0,0,0
220585,1,1,0,0,0,0,0,0,0,0,0,0
220586,1,1,18,18,18,18,18,18,18,18,18,18
220587,1,1,1,1,1,1,1,1,1,1,1,1
220588,1,1,0,0,0,0,0,0,0,0,0,0
220589,0,1,1,1,1,1,1,1,1,1,1,1
220589,2,1,0,0,0,0,0,0,0,0,0,0
220590,1,1,12,0,0,11,6,12,42,17,45,17
220590,2,1,0,0,0,0,0,0,0,0,0,0
220591,1,1,0,0,0,0,0,0,0,0,0,0
220591,2,1,0,0,0,0,0,0,0,0,0,0
220591,3,1,0,0,0,0,0,0,0,0,0,0
220592,1,1,0,0,0,0,0,0,0,0,0,0
220593,0,1,0,0,0,0,0,0,0,0,0,0
220593,1,1,0,0,0,0,0,0,0,0,0,0
220595,0,1,0,0,0,0,0,0,0,0,0,0
220595,1,1,13,0,0,0,0,0,0,0,0,0
220596,1,1,0,0,0,0,0,0,0,0,0,0
220596,2,1,0,0,0,0,0,0,0,0,0,0
220597,0,1,0,0,18,0,0,28,0,0,0,0
220597,1,1,0,9,0,5,0,4,0,0,5,0
220598,0,1,16,0,0,0,0,0,0,0,0,0
220598,1,1,0,0,0,0,0,0,0,0,0,0
220598,3,1,0,0,12,0,0,0,0,0,0,12
220599,0,1,0,0,0,44,0,10,0,18,0,22
220599,1,1,0,0,0,15,0,0,0,0,0,0
220600,1,1,0,0,0,0,0,0,0,0,0,0
220600,2,1,0,0,0,0,0,0,0,0,0,0
220601,1,1,0,0,0,0,0,0,0,0,0,0
220602,0,1,0,0,0,0,0,0,0,0,0,0
220602,1,1,0,0,0,0,0,0,0,0,0,0
220603,1,1,21,21,21,21,21,21,21,21,21,21
220604,1,1,16,16,16,16,16,16,16,16,16,16
220605,1,1,0,0,0,0,0,0,0,0,0,0
220606,1,1,0,0,0,0,0,0,0,0,0,0
220607,1,1,11,11,11,11,11,11,11,11,11,11
220608,1,1,13,13,13,13,13,13,13,13,13,13
220609,1,1,0,0,0,0,0,0,0,0,0,0
220609,2,1,22,22,22,22,22,22,22,22,22,22
220610,0,1,0,0,0,0,0,0,0,0,0,0
220610,1,1,0,0,0,0,0,0,0,0,0,0
220611,1,1,0,0,0,0,0,0,0,0,0,0
220612,1,1,24,24,24,24,24,24,24,24,24,24
220612,2,1,1,1,1,1,1,1,1,1,1,1
220613,1,1,0,0,0,0,0,0,0,0,0,0
220613,2,1,0,0,0,0,0,0,0,0,0,0
220614,1,1,0,14,0,0,0,0,0,0,0,0
220614,2,1,0,0,0,0,0,0,0,0,0,0
220615,1,1,6,0,0,0,0,0,0,4,0,0
220616,0,1,0,24,15,0,0,0,0,0,2,0
220616,1,1,0,0,14,0,0,0,0,22,0,0
220617,1,1,0,0,0,0,0,0,0,0,0,0
220617,2,1,0,0,0,0,0,0,0,0,0,0
220618,1,1,0,0,0,0,0,0,0,17,17,0
220618,2,1,0,0,0,0,0,0,0,0,0,0
220619,1,1,0,0,0,0,0,0,0,0,0,0
220619,2,1,0,0,0,0,0,0,0,0,0,0