ST_CASE,VEH_NO,PER_NO,P1,P2,P3,P4,P5,P6,P7,P8,P9,P10
240349,1,1,0,0,0,0,0,0,0,0,0,0
240349,2,1,0,0,0,0,0,0,0,0,0,7
240350,1,1,12,12,12,12,12,12,12,12,12,12
240351,1,1,0,0,0,0,0,0,0,12,0,0
240352,0,1,19,19,19,19,19,19,19,19,19,19
240352,1,1,0,0,0,0,0,31,0,0,0,0
240353,0,1,0,0,0,0,0,0,0,0,0,0
240353,1,1,6,4,10,16,0,9,10,14,20,20
240354,1,1,22,22,22,22,22,22,22,22,22,22
240356,1,1,22,22,22,22,22,22,22,22,22,22
240356,2,1,11,0,0,0,0,0,0,0,0,5
240357,0,1,0,0,0,0,0,0,0,0,0,0
240357,1,1,0,0,0,0,0,0,0,0,0,25
240358,0,1,21,21,21,21,21,21,21,21,21,21
240358,1,1,16,19,0,0,0,0,43,21,0,0
240359,1,1,5,5,5,5,5,5,5,5,5,5
240360,1,1,0,0,0,0,0,0,0,0,0,0
240361,1,1,0,0,0,0,0,0,0,0,0,0
240361,2,1,0,0,0,0,0,10,0,0,0,0
240362,1,1,11,11,11,11,11,11,11,11,11,11
240363,1,1,0,0,0,0,0,19,0,0,0,0
240363,2,1,0,0,0,0,0,0,0,0,0,0
240364,1,1,0,0,0,0,0,0,0,0,0,0
240365,1,1,0,0,0,0,21,0,0,0,0,0
240365,2,1,0,0,0,0,0,0,0,0,0,0
240366,1,1,13,13,13,13,13,13,13,13,13,13
240366,2,1,0,0,0,0,0,0,0,0,0,5
240366,3,1,12,12,12,12,12,12,12,12,12,12
240367,1,1,0,0,0,0,0,4,0,0,0,0
240368,1,1,0,26,0,0,6,0,3,0,17,0
240369,1,1,0,17,0,0,0,0,15,0,0,17
240369,2,1,0,0,0,0,0,0,0,0,0,0
240370,1,1,0,0,10,0,0,10,12,0,15,0
240370,2,1,0,0,0,0,0,0,0,0,0,0
240371,1,1,0,0,0,0,0,0,0,0,0,0
240371,2,1,0,0,0,0,0,0,0,0,0,0
240372,0,1,11,11,11,11,11,11,11,11,11,11
240372,1,1,0,0,0,0,0,0,0,0,0,0
240373,1,1,14,14,14,14,14,14,14,14,14,14
240374,1,1,0,0,0,0,0,0,0,0,0,0
240374,2,1,8,8,8,8,8,8,8,8,8,8
240375,1,1,0,0,0,0,0,0,0,0,0,0
240375,2,1,0,0,0,0,0,0,0,0,0,0
240375,3,1,0,0,0,0,0,0,0,0,0,0
240376,0,1,0,0,0,0,0,0,0,0,0,0
240376,1,1,18,17,10,13,0,12,0,33,11,11
240377,1,1,0,0,0,0,0,0,0,0,0,0
240377,2,1,0,0,0,0,0,0,0,0,0,0
240378,1,1,0,0,0,0,0,0,0,0,0,0
240378,2,1,0,0,0,0,0,0,0,0,0,0
240379,0,1,0,0,0,0,0,0,0,0,0,0
240379,1,1,0,0,0,0,0,28,0,0,0,0
240380,1,1,0,0,0,0,0,0,0,0,0,0
240380,2,1,0,0,0,0,0,0,0,0,7,0
240381,1,1,0,0,0,31,0,0,0,0,0,0
240381,2,1,9,9,9,9,9,9,9,9,9,9
240381,3,1,4,0,0,0,0,0,0,0,0,0
240382,1,1,0,0,0,0,0,0,0,0,0,0
240382,2,1,0,0,0,0,0,13,0,0,0,0
240382,3,1,0,0,0,0,0,0,0,0,0,0
240383,1,1,16,19,18,14,26,20,29,18,15,46
240384,1,1,0,0,0,0,0,0,0,0,0,0
240384,2,1,0,0,0,0,0,0,0,0,0,0
240384,3,1,0,0,0,0,0,0,0,0,0,0
240384,4,1,0,0,0,0,0,0,0,0,0,0
240385,1,1,0,0,0,0,0,0,0,0,0,0
240385,2,1,0,0,0,0,0,0,0,11,0,0
240386,1,1,0,0,0,0,0,0,0,0,0,0
240386,2,1,0,0,0,0,0,0,0,0,0,0
240387,0,1,0,0,0,0,0,0,0,0,0,0
240387,1,1,0,0,0,0,0,0,0,0,0,0
240388,1,1,0,0,0,0,0,0,0,0,0,0
240388,2,1,0,0,0,0,0,0,0,0,0,0
240389,1,1,0,0,0,0,0,0,0,0,0,0
240390,1,1,0,0,0,22,0,0,0,0,0,0
240390,2,1,0,0,0,0,0,0,8,11,0,0
240391,1,1,2,2,2,2,2,2,2,2,2,2
240392,1,1,15,24,0,16,12,14,0,0,17,29
240393,0,1,0,0,0,0,0,0,0,0,0,0
240393,1,1,0,0,0,21,0,0,0,0,0,0
240394,0,1,0,0,0,0,0,0,0,0,0,0
240394,1,1,0,0,0,0,0,0,0,0,0,0
240395,1,1,0,0,0,0,0,0,0,0,0,14
240395,2,1,0,17,0,0,10,0,0,0,0,0
240396,1,1,0,0,0,0,0,0,0,0,0,0
240396,2,1,0,0,0,0,0,0,0,0,0,0
240397,0,1,5,5,5,5,5,5,5,5,5,5
240397,1,1,0,0,0,0,0,0,0,0,0,0
240398,1,1,0,0,0,0,0,0,0,0,0,0
240398,2,1,10,0,25,0,0,9,0,0,0,0
240398,3,1,0,0,0,0,0,0,0,0,0,0
240399,1,1,0,0,0,0,0,0,0,0,0,0
240400,0,1,0,0,0,0,0,0,0,0,0,0
240400,1,1,0,0,0,0,0,0,0,0,0,0
240402,1,1,0,0,0,0,0,0,0,0,0,16
240402,2,1,0,0,0,0,0,0,0,0,0,0
240403,1,1,0,0,0,0,0,0,0,0,0,0
240403,2,1,0,10,0,13,0,0,15,0,0,24
240403,3,1,0,0,0,0,0,19,12,0,0,0
240403,4,1,0,0,0,0,0,0,0,0,0,0
240404,1,1,18,18,18,18,18,18,18,18,18,18
240405,0,1,0,0,0,0,0,0,0,0,0,0
240405,1,1,0,0,0,0,0,0,0,0,0,0
240405,2,1,12,0,0,0,0,0,0,0,0,0
240406,0,1,11,11,11,11,11,11,11,11,11,11
240406,1,1,0,0,0,0,0,0,0,0,0,0
240407,1,1,31,31,31,31,31,31,31,31,31,31
240408,1,1,0,0,0,0,0,0,0,0,0,0
240410,1,1,0,0,0,0,0,0,0,0,0,0
240411,1,1,0,0,0,0,0,0,0,0,0,0
240411,2,1,0,0,0,17,0,0,0,0,0,0
240412,0,1,29,29,29,29,29,29,29,29,29,29
240412,1,1,0,0,0,0,0,0,0,0,0,0
240413,1,1,0,0,0,0,0,0,0,0,0,0
240413,2,1,0,0,0,0,0,0,0,0,0,0
240414,0,1,16,16,16,16,16,16,16,16,16,16
240414,1,1,0,0,0,0,0,0,0,0,0,0
240415,0,1,0,0,0,0,0,0,0,0,0,0
240415,0,2,0,0,0,0,25,0,0,0,22,0
240415,1,1,0,0,0,0,0,0,0,0,0,0
240416,1,1,0,0,0,0,0,0,0,0,0,0
240416,2,1,0,0,0,4,0,0,0,0,0,0
240417,0,1,15,15,15,15,15,15,15,15,15,15
240417,1,1,0,0,0,0,0,0,0,0,0,0
240418,1,1,11,11,11,11,11,11,11,11,11,11
240419,1,1,0,0,0,0,0,0,0,0,0,0
240420,1,1,0,0,0,0,0,0,0,0,0,0
240420,2,1,0,0,0,0,0,0,0,0,0,0
240420,3,1,0,13,0,0,0,0,0,0,0,0
240421,1,1,20,20,20,20,20,20,20,20,20,20
240422,0,1,0,0,0,0,0,0,0,0,0,0
240422,1,1,0,0,0,0,0,0,0,0,0,0
240423,1,1,0,0,0,20,0,0,0,0,0,0
240423,2,1,0,0,0,0,0,0,0,0,0,0
240424,0,1,21,21,21,21,21,21,21,21,21,21
240424,1,1,0,0,0,0,0,0,0,0,0,0
240425,0,1,2,2,2,2,2,2,2,2,2,2
240425,1,1,0,0,0,0,0,0,0,0,0,0
240426,1,1,0,0,0,0,0,0,0,0,0,0
240426,2,1,1,1,1,1,1,1,1,1,1,1
240426,3,1,0,0,0,0,0,0,0,0,0,0
240427,1,1,0,21,14,0,0,0,0,0,0,0
240427,2,1,0,0,0,0,0,0,0,0,0,0
240428,1,1,21,21,21,21,21,21,21,21,21,21
240428,2,1,0,0,0,0,0,0,0,0,0,0
240429,1,1,0,0,0,0,0,0,0,0,0,0
240429,2,1,0,0,0,0,0,0,0,0,0,0
240430,0,1,0,0,0,0,0,0,17,0,0,0
240430,1,1,0,0,0,0,0,0,0,0,0,0
240431,0,1,0,0,0,0,0,0,0,0,0,0
240431,1,1,0,0,0,0,0,0,0,0,0,31
240432,1,1,5,5,5,5,5,5,5,5,5,5
240433,0,1,0,0,0,0,0,0,0,0,0,0
240433,0,2,0,0,0,0,0,0,0,0,0,0
240433,0,3,0,0,0,0,0,0,0,0,0,0
240433,1,1,0,7,0,3,10,0,0,0,0,0
240433,2,1,0,0,0,0,0,0,0,0,0,0
240434,1,1,21,9,4,23,27,20,22,6,13,15
240435,1,1,20,26,13,0,36,20,19,24,27,19
240436,0,1,0,0,0,0,0,0,0,0,0,0
240436,1,1,0,0,0,0,0,0,10,0,0,0
240437,0,1,18,0,0,25,0,0,0,0,20,0
240437,1,1,0,0,0,0,0,0,0,0,0,0
240438,1,1,25,25,25,25,25,25,25,25,25,25
240439,1,1,13,11,0,0,31,13,0,17,8,12
240439,2,1,0,0,0,0,0,0,13,0,14,0
240440,1,1,0,0,0,0,0,0,0,0,0,0
240441,1,1,0,0,0,0,0,0,0,0,0,0
240441,2,1,0,0,0,0,0,0,0,24,0,0
240442,1,1,21,21,21,21,21,21,21,21,21,21
240443,1,1,0,0,0,0,0,0,0,0,0,0
240444,1,1,0,15,0,0,0,0,0,0,0,0
240444,2,1,18,18,18,18,18,18,18,18,18,18
240445,1,1,11,11,11,11,11,11,11,11,11,11
240446,1,1,7,7,7,7,7,7,7,7,7,7
240446,2,1,0,0,0,0,0,0,0,0,0,0
240446,3,1,0,0,14,0,0,0,0,0,6,0
240447,1,1,0,0,0,0,0,0,0,0,0,24
240448,1,1,0,0,0,0,0,0,0,0,0,0
240448,2,1,0,0,0,0,0,0,0,0,0,0
240449,1,1,27,27,27,27,27,27,27,27,27,27
240449,2,1,0,0,0,0,0,0,0,0,7,0
240450,1,1,0,0,0,0,0,0,0,0,0,0
240450,2,1,0,0,0,0,0,0,0,0,0,0
240450,3,1,0,0,0,16,0,0,0,0,0,0
240451,1,1,0,0,0,0,0,0,0,0,0,0
240453,0,1,0,0,0,0,0,0,0,0,0,0
240453,1,1,0,0,0,0,0,0,0,0,0,0
240453,2,1,0,0,0,0,0,0,0,0,0,0
240454,1,1,3,3,3,3,3,3,3,3,3,3
240454,2,1,0,0,0,0,0,0,0,0,0,0
240455,0,1,0,0,0,0,0,0,0,0,0,0
240455,0,2,0,0,0,0,0,0,0,0,0,14
240455,1,1,0,0,0,0,15,0,0,0,0,0
240456,1,1,18,18,18,18,18,18,18,18,18,18
240456,2,1,8,8,8,8,8,8,8,8,8,8
240457,0,1,0,0,0,0,0,0,0,0,0,0
240457,1,1,0,0,11,0,0,0,0,0,0,27
240458,0,1,33,33,33,33,33,33,33,33,33,33
240458,1,1,0,0,0,0,0,0,0,0,0,0
240459,1,1,0,0,0,0,0,0,0,0,0,0
240459,2,1,0,0,0,0,0,0,0,0,0,0
240460,0,1,0,0,0,0,0,0,0,0,0,0
240460,1,1,0,0,0,0,0,0,0,0,0,0
240461,1,1,0,0,0,0,0,0,20,0,0,0
240461,2,1,0,0,0,0,0,0,0,0,0,0
240461,3,1,0,0,0,0,0,0,0,0,0,0
240461,4,1,0,0,0,0,0,0,0,0,0,0
240461,5,1,0,0,3,0,0,0,14,0,0,0
240462,1,1,0,0,0,0,0,0,0,0,0,0
240463,1,1,0,0,15,0,0,0,0,0,0,0
240463,2,1,0,0,0,0,0,0,0,0,0,0
240464,1,1,0,0,0,0,0,0,0,0,0,0
240464,2,1,0,0,0,0,0,0,0,0,0,0
240465,1,1,6,29,6,6,0,0,21,9,7,8
240466,1,1,0,0,0,0,0,0,0,0,0,0
240466,2,1,0,0,0,0,0,0,0,0,0,0
240466,3,1,0,0,0,0,0,0,0,0,0,0
240467,0,1,0,0,19,0,0,0,0,0,0,24
240467,1,1,0,0,0,0,0,0,0,0,0,0
240468,1,1,0,0,0,0,21,0,0,0,0,0
240468,2,1,0,0,0,0,0,0,0,0,6,0
240469,1,1,0,0,0,0,0,0,0,0,15,0
240470,1,1,0,0,0,0,0,0,0,0,0,0
240470,2,1,0,0,0,0,0,0,0,0,0,0
240471,1,1,5,8,9,10,38,14,19,18,13,45
240471,2,1,0,0,0,0,0,0,0,0,0,0
240471,3,1,0,0,0,0,0,0,17,0,0,0
240472,0,1,0,0,0,0,0,0,0,0,0,0
240472,0,2,0,0,15,0,0,0,0,0,0,0
240472,1,1,0,0,0,0,0,0,0,0,0,0
240473,1,1,0,0,0,0,0,0,0,0,0,0
240473,2,1,0,0,0,0,0,0,0,0,0,0
240474,1,1,0,0,0,0,0,0,0,0,0,0
240475,1,1,0,0,0,0,0,0,0,0,0,0
240476,1,1,0,0,0,0,0,0,0,0,0,0
240476,2,1,0,0,0,0,0,0,0,0,0,0
240477,0,1,0,0,0,0,0,0,0,0,0,0
240477,1,1,17,25,13,12,39,30,11,14,19,15
240478,1,1,0,0,0,0,0,0,0,0,0,0
240479,0,1,0,0,0,0,0,0,0,0,0,0
240479,1,1,0,0,4,0,0,9,0,0,0,0
240480,1,1,0,0,30,0,0,0,0,0,0,0
240481,1,1,12,12,12,12,12,12,12,12,12,12
240481,2,1,0,0,0,0,0,0,0,0,0,0
240482,1,1,0,0,0,0,0,0,0,0,0,0
240482,2,1,0,0,0,0,0,0,0,0,0,0
240483,1,1,0,5,24,0,17,7,0,0,0,29
240484,1,1,0,17,0,0,26,8,0,0,13,0
250001,1,1,0,0,0,0,0,0,0,0,0,0
250001,2,1,0,0,10,0,0,0,0,13,8,0
250002,1,1,0,18,0,0,0,0,0,0,18,12
250002,2,1,0,0,0,0,0,0,0,0,23,0
250003,0,1,0,0,23,0,0,0,0,0,36,0
250003,1,1,0,0,0,10,0,0,0,0,0,0
250004,1,1,22,22,22,22,22,22,22,22,22,22
250005,1,1,16,16,16,16,16,16,16,16,16,16
250006,1,1,26,11,13,4,14,3,5,0,15,6
250007,0,1,0,0,0,0,0,0,0,0,0,0
250007,1,1,0,0,0,0,0,0,0,0,0,0
250008,1,1,0,0,0,0,0,0,0,0,0,0
250009,1,1,0,0,0,0,0,0,0,0,0,0
250009,2,1,0,9,0,0,0,0,0,0,0,0
250010,1,1,0,0,0,0,0,0,0,0,0,0
250011,1,1,0,0,0,0,0,0,0,0,0,0
250012,1,1,0,0,0,0,0,0,0,0,0,0
250013,1,1,0,0,2,0,0,0,0,0,0,0
250014,1,1,0,0,0,0,0,0,0,0,0,0
250015,1,1,16,16,16,16,16,16,16,16,16,16
250016,1,1,25,25,25,25,25,25,25,25,25,25
250017,0,1,0,0,0,0,0,0,0,0,0,0
250017,1,1,0,14,15,0,0,14,11,0,0,18
250018,1,1,0,0,0,0,0,0,0,0,0,0
250019,1,1,0,0,0,0,0,0,0,0,0,0
250019,2,1,0,0,0,0,0,0,0,0,0,0
250019,3,1,0,0,0,0,0,0,0,0,0,0
250020,1,1,0,11,21,0,0,0,0,0,0,0
250020,2,1,28,0,0,13,0,0,0,0,0,0
250021,1,1,5,5,5,5,5,5,5,5,5,5
250022,1,1,0,0,0,0,0,0,0,0,0,0
250022,2,1,11,0,0,0,17,0,21,0,0,0
250023,1,1,0,0,0,0,0,0,0,0,0,0
250024,1,1,19,19,19,19,19,19,19,19,19,19
250025,1,1,0,5,0,0,0,0,0,0,0,0
250025,2,1,0,28,0,13,0,0,0,26,0,29
250026,1,1,0,0,0,0,0,0,0,0,0,0
250026,2,1,0,2,0,0,0,0,0,0,0,0
250027,1,1,0,0,0,0,0,0,0,0,0,0
250028,1,1,23,23,23,23,23,23,23,23,23,23
250029,1,1,0,0,0,0,0,0,0,0,0,0
250029,2,1,0,0,0,0,0,0,0,0,0,0
250029,3,1,0,0,0,0,0,0,0,0,0,0
250030,1,1,0,0,0,0,0,0,0,0,0,0
250031,1,1,0,0,0,0,0,0,0,0,0,0
250032,1,1,0,0,0,0,0,0,0,0,0,0
250033,0,1,0,0,0,0,0,0,0,0,0,0
250033,1,1,22,20,15,17,13,0,0,0,0,8
250034,1,1,0,0,0,0,0,0,0,0,0,0
250035,0,1,0,0,0,0,0,0,0,0,0,0
250035,1,1,0,0,0,0,0,0,0,0,0,0
250036,0,1,0,0,0,0,0,0,0,0,0,0
250036,1,1,0,12,0,0,0,0,0,0,0,0
250037,0,1,0,0,0,0,0,0,0,0,0,0
250037,1,1,0,22,0,0,0,0,0,0,0,0
250038,1,1,0,0,0,0,0,0,0,0,0,0
250038,2,1,0,0,0,0,20,0,0,4,0,0
250040,1,1,0,0,0,0,0,0,0,0,0,30
250040,2,1,2,2,2,2,2,2,2,2,2,2
250041,1,1,0,0,0,0,0,0,29,0,8,0
250041,2,1,0,0,0,0,0,0,0,0,0,0
250042,1,1,0,0,0,0,0,0,4,0,0,9
250043,1,1,0,16,0,18,0,0,22,10,25,0
250044,1,1,17,17,17,17,17,17,17,17,17,17
250045,0,1,17,17,17,17,17,17,17,17,17,17
250045,1,1,0,0,0,0,0,0,6,0,12,0
250046,1,1,16,16,16,16,16,16,16,16,16,16
250047,0,1,0,0,0,0,0,0,0,0,0,0
250047,1,1,0,0,0,0,0,0,2,0,0,0
250048,1,1,17,17,17,17,17,17,17,17,17,17
250049,1,1,0,19,0,0,0,0,13,14,31,0
250050,1,1,0,0,0,0,0,8,0,0,19,16
250050,2,1,2,2,2,2,2,2,2,2,2,2
250051,1,1,0,0,0,0,0,0,0,0,0,0
250052,1,1,1,1,1,1,1,1,1,1,1,1
250053,1,1,11,20,21,25,15,16,27,16,29,5
250054,1,1,0,0,0,0,0,0,0,15,0,0
250054,2,1,3,3,3,3,3,3,3,3,3,3
250055,1,1,20,0,12,0,6,14,0,32,8,0
250056,0,1,0,0,0,0,0,0,0,0,0,0
250056,1,1,0,0,0,0,10,0,0,0,15,0
250057,0,1,31,15,0,0,0,0,0,0,27,0
250057,1,1,20,27,17,12,5,22,4,6,8,32
250058,0,1,0,0,0,0,0,0,0,0,0,0
250058,0,2,15,15,0,0,0,0,0,35,0,0
250058,1,1,0,0,0,0,6,0,6,0,0,0
250059,1,1,16,16,16,16,16,16,16,16,16,16
250060,0,1,0,0,0,0,0,0,0,0,0,0
250060,1,1,0,2,7,0,17,16,0,0,15,0
250061,1,1,25,25,25,25,25,25,25,25,25,25
250062,1,1,0,0,0,0,0,0,0,0,0,0
250062,2,1,0,0,0,0,0,0,0,0,0,0
250062,3,1,0,23,0,0,13,20,0,0,20,0
250062,4,1,0,0,0,0,0,0,0,0,3,0
250063,1,1,0,0,0,9,0,14,0,0,0,0
250063,2,1,0,0,0,0,13,0,16,0,0,0
250063,3,1,0,0,32,0,0,0,0,0,0,0
250064,0,1,0,0,0,0,0,0,0,0,0,0
250064,1,1,18,0,0,0,0,0,0,0,0,0
250065,1,1,0,0,0,0,0,0,0,0,0,0
250066,1,1,0,0,0,0,0,0,0,0,0,0
250067,0,1,0,0,0,0,0,0,0,0,0,0
250067,1,1,0,0,0,0,0,0,20,0,0,0
250068,1,1,0,0,0,0,18,0,0,13,0,0
250069,1,1,1,1,1,1,1,1,1,1,1,1
250070,1,1,0,0,0,0,0,0,0,0,0,0
250071,1,1,0,0,0,0,0,0,0,0,0,0
250072,1,1,1,1,1,1,1,1,1,1,1,1
250072,2,1,0,0,0,0,0,0,0,0,11,9
250073,1,1,24,10,0,12,0,0,0,0,0,20
250074,1,1,0,0,0,0,0,0,0,0,0,0
250074,2,1,13,0,0,0,0,0,0,0,0,0
250075,1,1,17,0,21,0,0,16,19,0,12,0
250076,1,1,0,0,0,0,0,0,0,0,0,0
250076,2,1,5,0,0,0,0,0,0,11,6,0
250077,1,1,0,0,0,0,0,0,0,0,0,0
250077,2,1,0,11,0,0,0,0,0,0,0,0
250077,3,1,0,0,0,0,0,0,0,0,0,0
250078,1,1,0,0,0,0,0,0,0,0,0,0
250078,2,1,0,0,0,0,0,0,9,0,0,0
250078,3,1,0,0,0,21,0,0,0,0,0,28
250079,1,1,0,0,0,0,0,0,0,0,0,8
250080,1,1,0,0,0,0,0,0,0,0,0,0
250081,1,1,0,0,0,0,0,0,0,0,0,0
250081,2,1,0,0,0,3,0,0,0,0,0,0
250082,1,1,1,1,1,1,1,1,1,1,1,1
250083,1,1,0,0,0,0,0,0,0,0,0,0
250084,1,1,0,0,0,0,0,0,0,0,0,0
250085,1,1,4,4,4,4,4,4,4,4,4,4
250086,0,1,0,0,0,0,0,0,0,0,0,0
250086,1,1,0,0,0,0,0,0,0,0,0,0
250087,0,1,0,0,0,0,0,0,0,0,0,0
250087,1,1,0,6,0,12,0,0,0,0,0,0
250088,0,1,0,0,0,0,0,0,0,0,0,0
250088,1,1,16,16,16,16,16,16,16,16,16,16
250089,1,1,0,0,0,0,0,0,0,0,0,0
250089,2,1,0,0,0,0,0,0,0,0,0,0
250090,1,1,1,1,1,1,1,1,1,1,1,1
250091,1,1,2,2,2,2,2,2,2,2,2,2
250091,2,1,3,14,0,0,6,0,10,0,0,11
250091,3,1,0,0,0,0,6,18,0,0,0,23
250092,0,1,0,0,0,0,0,0,0,0,0,0
250092,1,1,0,0,6,0,0,0,0,0,5,0
250093,1,1,1,1,1,1,1,1,1,1,1,1
250094,1,1,0,0,0,0,0,0,0,0,3,0
250095,1,1,0,0,0,0,0,0,0,0,0,0
250096,1,1,9,0,19,18,0,0,0,0,0,28
250097,1,1,0,0,0,0,0,0,0,0,0,0
250097,2,1,2,0,0,16,5,0,0,0,0,0
250098,1,1,0,0,0,0,0,0,0,0,0,0
250099,0,1,0,0,0,0,0,0,0,0,0,0
250099,1,1,0,0,0,0,0,0,0,0,0,38
250100,1,1,0,0,0,0,14,15,0,0,0,0
250100,2,1,0,0,0,0,0,0,0,0,0,0
250101,1,1,2,2,2,2,2,2,2,2,2,2
250102,1,1,0,0,0,0,0,0,0,0,0,0
250102,2,1,13,12,6,13,9,21,14,19,0,8
250103,1,1,0,0,0,0,0,0,0,0,0,0
250103,2,1,0,0,0,0,0,0,0,0,0,0
250104,1,1,0,0,0,0,0,0,0,0,0,0
250104,2,1,0,0,0,0,0,0,0,0,0,0
250105,0,1,0,0,0,0,0,0,0,0,0,0
250105,1,1,8,0,0,0,20,0,0,0,8,0
250106,0,1,11,11,11,11,11,11,11,11,11,11
250106,1,1,0,0,0,7,21,9,7,25,0,0
250107,0,1,10,10,10,10,10,10,10,10,10,10
250107,1,1,0,0,0,0,16,0,0,0,0,0
250108,0,1,0,0,0,0,0,0,0,0,0,0
250108,1,1,24,0,0,0,0,0,0,0,0,0
250109,0,1,0,0,0,0,0,0,0,0,0,0
250109,1,1,0,11,0,17,11,0,0,38,0,0
250110,1,1,0,0,0,0,0,0,0,0,0,0
250111,1,1,0,0,19,13,6,0,0,0,0,0
250111,2,1,6,4,12,13,0,0,0,0,0,0
250112,1,1,0,0,0,0,0,0,0,0,0,0
250113,1,1,0,0,0,0,0,0,10,0,0,11
250113,2,1,0,0,0,0,0,0,0,0,0,0
250114,1,1,3,3,3,3,3,3,3,3,3,3
250115,1,1,0,0,12,0,0,5,0,0,20,0
250116,1,1,0,0,0,0,0,0,0,0,0,0
250116,2,1,0,0,0,0,0,0,0,0,0,0
250117,0,1,0,0,0,0,0,0,0,0,0,0
250117,1,1,0,0,0,0,0,0,0,0,0,0
250118,0,1,0,0,0,0,0,0,0,0,0,0
250118,1,1,0,0,0,0,0,0,23,0,0,0
250119,1,1,31,31,31,31,31,31,31,31,31,31
250120,1,1,0,0,8,0,0,0,0,11,0,0
250120,2,1,0,0,0,0,0,0,0,0,0,0
250121,1,1,26,11,9,6,27,15,19,21,10,15
250121,2,1,0,0,0,0,0,0,0,0,0,0
250122,1,1,0,0,0,0,0,0,0,0,0,0
250123,1,1,0,0,0,0,0,0,0,0,0,0
250123,2,1,0,0,0,0,0,17,0,9,0,0
250124,1,1,10,0,0,0,0,0,15,0,0,0
250124,2,1,19,0,0,0,0,0,22,14,0,7
250125,1,1,24,24,24,24,24,24,24,24,24,24
250125,2,1,0,17,0,0,0,21,32,13,0,0
250125,3,1,0,0,0,0,0,0,0,17,0,0
250126,1,1,0,0,0,0,0,0,0,0,26,0
250126,2,1,0,0,0,0,0,0,0,0,0,0
250128,0,1,0,0,17,0,0,0,0,10,9,7
250128,1,1,9,0,6,0,0,3,15,0,0,0
250129,1,1,39,39,39,39,39,39,39,39,39,39
250130,1,1,0,0,0,0,0,0,0,0,0,0
250130,2,1,0,0,0,0,0,0,0,0,0,0
250131,1,1,0,0,0,0,0,0,0,0,0,0
250131,2,1,0,0,0,0,0,0,0,0,0,0
250132,1,1,0,0,0,0,0,0,0,0,0,0
250132,2,1,0,0,0,0,0,0,0,0,0,0
250133,1,1,0,0,0,0,0,0,0,14,0,0
250134,1,1,0,0,0,0,0,0,0,0,0,0
250134,2,1,0,0,0,0,0,0,0,0,0,0
250135,1,1,1,1,1,1,1,1,1,1,1,1
250136,1,1,0,0,0,0,0,0,0,0,0,0
250136,2,1,0,0,0,0,0,0,0,0,0,0
250137,1,1,24,0,0,0,11,0,0,0,0,0
250138,1,1,0,0,0,0,0,0,0,0,0,0
250139,1,1,15,15,15,15,15,15,15,15,15,15
250140,1,1,0,0,0,0,0,0,0,0,0,0
250140,2,1,0,0,0,0,0,0,0,0,0,5
250140,3,1,0,0,0,0,0,0,0,0,0,0
250140,4,1,0,0,0,0,0,0,0,0,0,0
250141,1,1,0,0,0,0,0,0,0,0,0,0
250142,1,1,2,2,2,2,2,2,2,2,2,2
250143,1,1,0,0,8,0,7,28,0,13,0,0
250143,2,1,0,0,0,0,0,0,0,0,0,0
250143,3,1,0,8,24,0,16,0,0,0,22,50
250144,1,1,14,12,9,9,6,29,13,4,14,15
250144,2,1,6,16,0,0,0,14,0,26,0,12
250146,1,1,0,0,0,0,0,0,0,0,0,0
250146,2,1,0,8,23,0,14,0,0,27,0,0
250147,1,1,8,15,17,18,0,0,4,34,18,21
250148,1,1,0,0,0,0,23,9,0,30,0,0
250149,1,1,0,0,0,0,0,0,0,0,0,0
250150,1,1,0,0,0,0,0,0,0,0,0,0
250150,2,1,0,0,0,0,0,0,0,0,0,0
250151,1,1,16,16,16,16,16,16,16,16,16,16
250152,1,1,0,10,0,3,0,0,0,0,0,0
250152,2,1,0,0,0,0,0,0,0,0,0,0
250153,1,1,1,1,1,1,1,1,1,1,1,1
250154,1,1,21,21,21,21,21,21,21,21,21,21
250154,2,1,6,6,6,6,6,6,6,6,6,6
250155,0,1,0,0,0,0,0,0,0,0,0,0
250155,1,1,0,0,8,0,0,0,0,0,0,0
250156,1,1,15,15,15,15,15,15,15,15,15,15
250157,1,1,3,0,25,0,24,0,0,0,0,0
250157,2,1,0,0,0,0,0,0,0,0,0,0
250158,1,1,0,0,0,0,0,0,0,0,0,0
250158,2,1,0,12,0,0,0,0,0,0,0,0
250159,1,1,13,21,21,21,16,14,20,32,21,26
250160,1,1,0,0,0,0,0,0,0,0,0,0
250161,1,1,0,0,14,0,0,10,0,0,0,0
250162,0,1,11,11,11,11,11,11,11,11,11,11
250162,1,1,9,11,28,13,8,16,17,19,13,14
250163,1,1,0,0,0,0,0,0,0,0,0,0
250163,2,1,0,0,0,0,0,0,0,0,0,0
250164,1,1,7,7,7,7,7,7,7,7,7,7
250165,1,1,0,0,0,0,0,0,0,0,0,0
250166,1,1,16,16,16,16,16,16,16,16,16,16
250167,1,1,0,0,0,0,0,0,0,0,0,0
250168,1,1,10,10,10,10,10,10,10,10,10,10
250169,1,1,0,0,0,0,0,0,0,0,0,0
250170,0,1,0,0,0,0,0,0,0,0,0,0
250170,0,2,7,0,13,15,0,31,5,0,17,0