ST_CASE,VEH_NO,PER_NO,P1,P2,P3,P4,P5,P6,P7,P8,P9,P10
250170,1,1,34,0,0,0,0,0,15,12,4,0
250171,1,1,1,1,1,1,1,1,1,1,1,1
250171,2,1,0,0,0,0,0,0,0,0,0,0
250171,3,1,0,0,0,0,0,0,0,0,0,0
250171,4,1,0,0,0,0,0,0,0,19,0,0
250172,1,1,0,0,0,0,0,0,0,0,0,0
250172,2,1,0,0,0,0,0,0,0,0,0,0
250173,1,1,0,0,7,0,0,0,0,20,0,0
250174,1,1,0,0,0,0,0,0,0,0,0,0
250174,2,1,0,0,0,0,0,0,13,0,0,0
250175,1,1,0,0,0,0,0,0,0,0,0,0
250175,2,1,0,20,0,0,14,14,0,0,0,0
250176,1,1,22,0,0,0,0,0,0,0,0,0
250176,2,1,0,0,0,0,0,0,0,18,0,0
250176,4,1,0,0,0,0,0,0,0,0,0,0
250177,1,1,0,0,0,0,0,0,0,0,0,0
250178,0,1,0,0,0,0,0,0,0,0,0,0
250178,1,1,0,0,0,0,17,0,0,0,0,0
250179,1,1,12,12,12,12,12,12,12,12,12,12
250180,1,1,0,0,0,0,0,0,0,0,0,0
250180,2,1,0,0,0,0,0,0,0,0,0,0
250181,0,1,0,0,0,0,0,0,0,0,0,0
250181,1,1,0,0,14,0,0,0,0,0,0,0
250182,1,1,0,0,0,0,0,0,0,0,0,0
250182,2,1,0,0,0,0,12,23,0,0,0,0
250183,1,1,22,22,22,22,22,22,22,22,22,22
250184,1,1,0,0,0,0,0,0,23,0,0,13
250185,1,1,34,34,34,34,34,34,34,34,34,34
250185,2,1,0,0,0,0,0,0,0,0,0,0
250185,3,1,0,0,0,19,0,0,0,0,0,0
250185,4,1,0,0,0,11,0,0,0,0,0,22
250186,0,1,0,0,35,21,0,0,13,0,0,13
250186,1,1,0,0,0,0,0,16,3,0,0,0
250187,1,1,0,0,0,0,0,0,0,0,0,0
250187,2,1,0,0,0,0,0,0,0,0,0,0
250188,1,1,2,2,2,2,2,2,2,2,2,2
250189,1,1,0,0,0,0,0,0,0,0,10,0
250189,2,1,0,0,0,0,0,12,0,21,0,0
250190,1,1,0,0,0,0,0,0,0,0,0,0
250190,2,1,0,0,0,0,0,0,0,0,0,0
250191,1,1,0,0,0,0,0,0,0,0,0,0
250191,2,1,0,0,0,10,0,0,0,0,0,0
250192,1,1,0,0,0,0,0,0,26,0,0,0
250192,2,1,0,0,0,0,0,0,0,0,0,0
250193,1,1,0,0,0,0,0,0,0,0,0,0
250193,2,1,0,0,17,7,0,0,0,0,0,0
250194,1,1,0,0,0,0,0,0,0,0,0,0
250195,0,1,0,0,0,0,0,0,0,0,0,0
250195,1,1,0,0,15,0,0,0,0,0,0,0
250196,1,1,0,9,0,0,0,0,0,0,0,0
250196,2,1,0,0,0,0,0,0,0,0,0,0
250197,1,1,0,0,0,7,0,0,0,4,0,0
250198,1,1,11,35,0,20,19,0,11,25,14,31
250199,1,1,0,0,0,0,0,0,0,0,0,0
250200,1,1,0,0,0,0,0,0,0,0,0,0
250201,1,1,0,0,0,0,0,0,0,0,0,0
250202,2,1,8,22,5,9,15,12,10,16,22,0
250203,0,1,0,0,0,0,0,0,0,0,0,0
250203,1,1,0,0,0,0,0,0,0,0,0,0
250204,1,1,0,0,0,0,0,0,0,0,0,0
250205,1,1,0,0,0,0,0,0,0,0,0,0
250206,1,1,17,17,17,17,17,17,17,17,17,17
250207,1,1,14,14,14,14,14,14,14,14,14,14
250208,0,1,8,8,8,8,8,8,8,8,8,8
250208,1,1,0,0,0,0,18,0,0,20,0,0
250209,1,1,0,29,17,20,9,16,15,25,37,27
250210,1,1,0,20,16,10,0,20,16,0,0,20
250211,0,1,10,10,10,10,10,10,10,10,10,10
250211,1,1,0,29,0,12,0,0,0,0,5,6
250212,1,1,13,13,13,13,13,13,13,13,13,13
250213,1,1,0,20,12,0,10,8,24,8,12,10
250213,2,1,13,0,14,0,12,17,0,0,0,18
250214,1,1,40,16,7,2,30,12,17,19,11,4
250214,2,1,0,0,0,0,0,0,0,0,0,0
250215,1,1,0,0,0,0,0,0,0,0,0,0
250215,2,1,0,0,0,0,0,27,0,0,0,0
250216,1,1,4,4,4,4,4,4,4,4,4,4
250216,2,1,19,25,0,9,0,0,0,0,0,0
250217,0,1,0,0,0,0,0,0,0,0,0,0
250217,1,1,17,0,11,11,0,0,18,0,0,0
250218,0,1,0,0,0,0,0,0,0,0,0,0
250218,0,2,0,31,0,24,0,0,0,0,0,0
250218,1,1,0,0,0,9,0,0,0,3,0,21
250219,1,1,19,0,13,29,21,7,0,0,0,0
250221,1,1,23,23,23,23,23,23,23,23,23,23
250222,0,1,0,0,0,0,0,0,0,0,0,0
250222,1,1,0,0,0,0,16,0,0,0,0,9
250223,1,1,17,0,0,0,0,0,0,0,0,0
250223,2,1,0,0,0,0,18,7,0,0,0,0
250224,1,1,0,20,8,0,0,0,7,0,0,0
250224,2,1,0,17,0,0,0,0,0,25,0,0
250225,1,1,0,0,0,0,0,0,0,0,0,0
250226,1,1,16,16,16,16,16,16,16,16,16,16
250226,2,1,0,0,0,0,0,0,0,0,0,0
250227,1,1,0,0,0,0,0,25,0,31,0,0
250228,1,1,0,0,0,0,0,0,0,0,0,0
250229,1,1,0,0,0,0,0,0,0,0,0,0
250230,1,1,7,0,0,12,0,17,15,19,0,0
250231,1,1,0,0,0,0,0,0,0,0,0,0
250232,0,1,0,0,0,0,0,0,0,0,0,0
250232,1,1,11,3,0,0,0,0,0,0,16,0
250233,1,1,0,0,0,0,0,0,0,0,0,0
250233,2,1,0,0,0,0,0,0,0,0,0,4
250234,1,1,27,27,27,27,27,27,27,27,27,27
250234,2,1,12,10,5,0,14,0,0,0,0,11
250235,1,1,21,13,12,18,23,10,10,21,19,27
250236,0,1,0,0,0,0,0,0,0,0,0,0
250236,1,1,0,0,0,0,0,0,0,24,0,0
250237,1,1,0,17,15,0,0,0,0,7,12,0
250238,1,1,0,0,16,0,0,0,0,0,0,0
250238,2,1,0,0,0,0,0,0,0,0,0,0
250239,1,1,0,0,0,0,0,0,0,0,0,0
250240,1,1,18,18,18,18,18,18,18,18,18,18
250241,1,1,10,0,0,14,26,11,0,26,0,0
250242,1,1,15,20,5,9,8,18,6,7,19,12
250243,1,1,0,0,0,0,0,0,0,0,0,0
250244,1,1,0,0,0,0,0,0,0,0,0,0
250245,1,1,0,0,0,0,0,0,0,0,0,0
250245,2,1,0,0,0,0,0,0,0,0,0,0
250246,1,1,7,7,7,7,7,7,7,7,7,7
250246,2,1,0,0,0,0,0,0,0,0,0,0
250246,3,1,0,0,0,0,0,0,0,0,0,0
250246,4,1,0,0,0,0,0,0,0,0,0,0
250247,1,1,1,1,1,1,1,1,1,1,1,1
250248,1,1,0,0,0,0,0,0,0,0,0,0
250249,1,1,14,14,14,14,14,14,14,14,14,14
250250,1,1,0,0,0,0,0,0,0,0,0,0
250250,2,1,0,19,2,0,0,6,0,24,0,0
250251,1,1,0,17,0,11,0,0,0,0,0,0
250251,2,1,0,0,0,0,0,0,0,0,0,0
250252,0,1,23,23,23,23,23,23,23,23,23,23
250252,1,1,15,0,0,12,0,0,0,30,0,0
250253,1,1,0,0,0,0,0,0,0,0,0,0
250254,0,1,0,0,0,0,0,0,0,0,0,0
250254,1,1,0,0,0,0,0,0,0,0,0,0
250255,1,1,0,0,0,0,0,0,0,0,0,0
250255,2,1,0,0,0,0,0,0,0,17,0,0
250256,0,1,0,0,0,0,0,0,0,0,0,0
250256,1,1,0,0,0,0,0,0,0,0,0,0
250257,1,1,0,0,0,0,0,0,0,0,0,0
250258,0,1,0,0,0,0,0,0,0,0,0,0
250258,0,2,0,0,0,0,0,0,0,0,32,0
250258,1,1,0,0,0,40,0,0,0,0,0,0
250259,1,1,6,3,14,10,10,2,12,16,9,7
250260,1,1,0,0,0,0,0,0,0,0,0,0
250261,1,1,13,0,0,0,0,0,0,0,7,0
250262,1,1,21,21,21,21,21,21,21,21,21,21
250263,0,1,29,29,29,29,29,29,29,29,29,29
250263,1,1,0,0,0,0,0,0,0,0,0,0
250264,0,1,20,13,23,43,31,19,0,10,25,0
250264,1,1,10,0,0,0,7,0,0,32,0,0
250265,1,1,9,9,9,9,9,9,9,9,9,9
250266,1,1,0,13,0,0,26,11,0,0,0,0
250267,1,1,0,0,0,0,0,0,0,0,0,0
250267,2,1,0,0,0,0,0,0,0,0,0,0
250268,0,1,0,0,0,0,0,0,0,0,0,0
250268,1,1,0,0,0,0,0,0,0,0,0,0
250269,1,1,1,1,1,1,1,1,1,1,1,1
250269,2,1,0,0,11,15,0,0,0,0,0,0
250270,0,1,0,0,0,0,0,0,0,0,0,14
250270,1,1,0,0,0,0,0,0,29,49,20,0
250271,0,1,0,0,8,0,0,31,0,8,19,20
250271,1,1,0,3,14,0,0,0,0,14,14,0
250272,1,1,21,21,21,21,21,21,21,21,21,21
250272,2,1,0,0,0,11,0,0,0,0,0,0
250273,1,1,0,0,0,0,0,0,0,0,0,0
250274,1,1,20,20,20,20,20,20,20,20,20,20
250275,0,1,0,0,0,0,0,0,0,0,0,0
250275,1,1,5,0,0,0,20,0,0,19,0,0
250276,1,1,22,22,22,22,22,22,22,22,22,22
250276,2,1,0,0,0,14,14,0,0,0,0,0
250276,3,1,0,0,0,0,0,0,19,0,0,16
250277,1,1,0,0,0,0,0,0,0,0,0,0
250277,2,1,7,19,0,12,4,0,0,14,30,34
250278,0,1,0,0,0,0,0,0,0,0,0,0
250278,1,1,9,23,0,0,19,15,0,12,6,9
250279,1,1,0,0,0,0,0,0,0,0,0,0
250279,2,1,0,0,0,0,0,0,0,0,0,0
250280,1,1,0,0,0,0,0,0,0,0,0,0
250281,1,1,0,0,0,0,0,0,0,0,0,0
250281,2,1,0,0,0,19,5,0,0,0,0,14
250281,3,1,0,0,0,0,0,0,0,0,0,0
250281,4,1,0,0,0,0,26,23,28,9,0,0
250282,1,1,0,0,0,0,0,0,0,12,0,0
250282,2,1,0,0,0,0,0,0,0,0,0,0
250283,0,1,0,0,0,0,0,0,0,0,0,0
250283,1,1,0,0,0,0,8,15,0,0,10,0
250284,1,1,25,37,0,32,15,19,12,21,9,12
250284,2,1,0,8,11,5,12,7,14,19,0,0
250285,1,1,8,8,8,8,8,8,8,8,8,8
250286,1,1,0,0,0,0,0,0,0,0,0,0
250286,2,1,0,0,0,0,0,0,0,0,0,0
250287,1,1,23,23,23,23,23,23,23,23,23,23
250288,1,1,16,9,0,0,0,0,0,0,0,17
250289,0,1,16,16,16,16,16,16,16,16,16,16
250289,1,1,0,0,23,0,5,0,0,0,0,0
250290,1,1,8,19,20,26,23,22,18,24,20,10
250290,2,1,0,0,0,0,0,0,0,0,0,0
250291,1,1,0,0,0,0,0,0,0,0,0,0
250291,2,1,0,0,0,0,0,0,0,0,0,0
250292,0,1,1,1,1,1,1,1,1,1,1,1
250292,1,1,0,0,0,0,4,0,33,0,0,0
250293,1,1,20,20,20,20,20,20,20,20,20,20
250294,1,1,8,8,8,8,8,8,8,8,8,8
250295,0,1,0,0,0,0,0,0,0,0,0,0
250295,1,1,0,0,0,0,0,0,0,0,0,0
250296,1,1,0,0,0,0,0,0,0,0,0,0
250297,1,1,12,0,0,0,0,0,0,0,0,0
250297,2,1,0,0,0,0,0,0,0,0,0,0
250298,0,1,0,0,0,0,0,0,0,0,0,0
250298,1,1,17,3,18,7,26,13,12,16,0,16
250299,0,1,0,0,0,0,0,0,0,0,0,13
250299,1,1,0,0,0,0,0,0,0,0,0,14
250300,1,1,0,0,0,0,0,0,0,0,0,0
250300,2,1,20,20,20,20,20,20,20,20,20,20
250301,1,1,20,20,20,20,20,20,20,20,20,20
250301,2,1,0,0,0,0,0,0,0,0,0,0
250302,1,1,0,0,0,0,0,0,37,0,0,11
250303,1,1,8,8,8,8,8,8,8,8,8,8
250304,1,1,23,23,23,23,23,23,23,23,23,23
250305,1,1,2,2,2,2,2,2,2,2,2,2
250305,2,1,12,0,0,7,7,0,0,3,0,0
250306,0,1,0,0,0,0,0,0,0,0,0,0
250306,1,1,0,11,0,0,0,0,0,0,14,0
250307,0,1,17,17,17,17,17,17,17,17,17,17
250307,1,1,0,0,0,0,12,0,0,0,0,0
250308,0,1,0,0,0,0,0,0,0,0,0,0
250308,1,1,0,0,0,0,0,0,0,0,0,19
250308,3,1,3,0,0,5,0,0,0,0,0,9
250309,1,1,0,0,0,0,37,0,0,0,0,0
250309,2,1,0,0,0,0,0,0,0,0,0,0
250310,1,1,3,3,3,3,3,3,3,3,3,3
250311,1,1,0,0,0,0,0,0,0,0,0,23
250311,2,1,0,0,0,0,0,0,0,0,0,0
250312,1,1,0,0,0,0,0,0,0,0,0,0
250312,2,1,0,0,0,0,13,0,0,0,0,0
250312,3,1,0,0,0,0,0,10,0,0,0,0
250312,4,1,0,0,0,0,0,0,0,0,0,0
250313,0,1,0,0,0,0,0,0,0,0,0,0
250313,0,2,0,0,0,0,0,0,0,0,0,0
250313,0,3,6,13,41,29,0,21,31,0,49,30
250313,0,4,0,31,0,27,21,0,0,0,0,15
250313,0,5,0,0,34,0,0,18,0,12,19,0
250313,0,6,11,0,25,20,0,21,22,13,0,13
250313,0,7,0,0,0,0,0,0,0,19,24,22
250313,0,8,32,38,33,0,0,0,0,0,29,21
250313,1,1,0,8,0,0,8,0,12,12,15,0
250313,2,1,0,0,0,18,0,0,14,0,0,0
250313,3,1,0,0,0,0,0,0,7,0,0,0
250314,1,1,0,0,0,0,0,0,0,0,0,0
250315,1,1,12,28,0,0,0,32,24,0,0,0
250316,0,1,0,0,42,0,15,13,0,0,0,0
250316,1,1,0,0,0,0,23,0,0,0,16,0
250317,1,1,0,0,0,0,0,0,0,18,0,0
250317,2,1,0,0,0,0,0,0,0,0,0,0
250318,1,1,20,20,20,20,20,20,20,20,20,20
250318,2,1,0,0,0,0,0,0,0,0,0,0
250319,0,1,0,0,0,0,0,0,0,0,0,0
250319,1,1,22,0,0,0,0,0,0,0,0,0
250320,1,1,0,0,0,0,0,0,0,0,0,0
250320,2,1,0,0,0,0,0,0,0,0,0,0
250321,0,1,0,0,0,0,0,0,0,0,0,0
250321,0,2,0,0,0,0,0,0,0,0,0,0
250321,1,1,0,34,0,0,0,0,16,0,0,0
250321,2,1,0,18,0,0,0,0,0,0,0,0
250321,3,1,0,0,0,14,0,0,0,11,0,0
250321,4,1,0,0,0,0,0,0,0,0,0,0
250322,0,1,0,0,18,0,0,0,0,0,0,0
250322,1,1,0,0,14,0,0,0,0,0,0,0
250323,1,1,0,0,0,0,0,0,0,0,0,0
250324,1,1,21,21,21,21,21,21,21,21,21,21
250325,0,1,0,0,0,0,0,0,0,0,0,0
250325,1,1,0,19,0,0,0,0,0,0,9,0
250326,0,1,0,0,0,0,0,0,0,0,0,0
250326,1,1,0,0,0,0,0,0,0,0,0,0
250327,0,1,0,0,0,0,0,0,0,0,0,0
250327,1,1,0,0,0,0,0,0,18,0,0,6
250328,0,1,0,0,0,0,0,0,0,0,0,0
250328,1,1,0,0,0,0,0,2,0,0,0,0
250329,1,1,0,0,0,5,0,0,7,0,0,0
250330,0,1,0,0,0,0,0,0,0,0,0,0
250330,0,2,0,0,0,0,0,0,0,0,0,0
250330,1,1,0,0,0,0,0,0,0,0,0,8
250331,1,1,0,0,0,0,0,0,0,0,0,0
250332,1,1,0,0,0,0,0,0,0,0,0,0
250332,2,1,0,0,0,0,0,0,0,0,0,0
250333,0,1,0,0,0,0,0,0,0,0,0,0
250333,1,1,27,11,14,16,10,20,0,14,15,26
250335,0,1,0,0,0,0,0,0,0,0,0,0
250335,1,1,0,0,0,0,0,0,0,0,0,0
250336,3,1,0,9,0,0,0,0,0,0,0,0
250337,1,1,6,26,7,6,0,18,10,0,7,11
250337,2,1,0,0,0,0,0,0,0,0,0,0
250338,0,1,0,0,0,0,0,0,0,0,0,0
250338,1,1,17,0,0,0,0,0,0,15,0,0
250339,0,1,0,0,0,0,0,0,0,0,0,0
250339,1,1,0,0,0,0,0,0,0,0,0,0
250340,1,1,0,0,0,0,0,0,0,0,0,0
250341,1,1,13,13,13,13,13,13,13,13,13,13
250342,1,1,36,36,36,36,36,36,36,36,36,36
250342,2,1,18,0,0,0,0,21,12,5,0,0
250343,0,1,18,0,0,0,34,0,28,9,0,0
250343,1,1,0,0,0,14,0,0,0,0,0,0
250344,1,1,0,0,0,0,0,0,0,0,0,0
250344,2,1,0,12,0,0,0,0,0,0,0,0
250345,0,1,0,0,0,0,0,0,0,0,0,0
250345,1,1,0,0,0,0,0,0,0,0,0,0
250346,1,1,0,0,0,0,0,0,0,0,0,0
250347,0,1,0,0,0,0,0,0,0,0,0,0
250347,1,1,0,0,0,0,10,0,0,0,0,0
250348,0,1,0,0,10,0,0,0,0,0,0,0
250348,1,1,0,0,0,0,0,0,0,0,0,0
250349,0,1,0,0,0,0,0,0,0,0,0,0
250349,0,2,0,25,0,0,16,0,0,0,0,0
250349,1,1,0,21,0,0,0,0,0,0,0,0
250350,0,1,0,0,0,0,0,0,0,0,0,0
250350,1,1,21,0,7,0,21,0,0,16,13,13
250352,1,1,0,0,0,0,9,0,23,0,0,0
250352,2,1,0,0,0,0,0,0,0,0,0,0
250353,0,1,40,40,40,40,40,40,40,40,40,40
250353,1,1,0,0,0,0,0,0,0,0,0,0
250354,1,1,8,8,8,8,8,8,8,8,8,8
250355,0,1,0,0,0,0,0,0,0,0,0,0
250355,1,1,0,0,0,0,13,0,0,0,0,0
250356,0,1,0,14,0,0,0,0,0,0,0,0
250356,1,1,0,0,0,0,0,0,0,0,0,0
250357,1,1,0,0,0,0,0,0,0,0,0,0
250358,0,1,33,17,0,32,9,19,23,13,17,27
250358,1,1,0,0,0,0,0,0,0,0,0,0
250359,1,1,0,0,0,0,0,0,0,0,0,0
250359,2,1,0,0,0,0,0,0,18,0,0,0
250360,0,1,0,20,0,0,36,23,31,22,20,0
250360,1,1,0,0,0,0,0,0,0,0,0,0
250361,1,1,0,0,0,0,0,0,0,0,0,0
250362,0,1,0,0,0,26,45,0,0,0,22,0
250362,1,1,0,0,0,0,0,0,0,0,0,0
250363,1,1,0,0,0,0,29,0,12,12,0,8
250363,2,1,0,3,0,17,13,0,0,14,0,10
250364,0,1,0,0,0,0,0,0,0,0,0,0
250364,1,1,0,3,0,12,0,3,0,0,0,0
250365,0,1,5,5,5,5,5,5,5,5,5,5
250365,1,1,0,0,0,0,26,0,0,0,0,0
260001,0,1,0,0,0,0,0,0,0,0,0,0
260001,1,1,2,0,2,21,0,0,0,0,0,0
260002,1,1,14,14,14,14,14,14,14,14,14,14
260003,1,1,3,3,3,3,3,3,3,3,3,3
260004,0,1,0,0,0,0,0,0,0,0,0,0
260004,1,1,0,0,0,0,0,0,0,0,0,0
260005,0,1,36,36,36,36,36,36,36,36,36,36
260005,1,1,0,0,0,0,0,0,0,0,0,0
260006,1,1,29,12,0,0,0,0,0,0,0,17
260006,2,1,14,34,10,19,22,10,22,9,16,10
260007,0,1,0,0,0,28,0,0,0,0,0,0
260007,1,1,0,0,0,0,0,0,0,0,0,0
260008,1,1,8,0,0,22,0,0,0,0,0,0
260008,2,1,0,0,0,0,16,0,0,0,0,0
260009,1,1,0,0,0,0,0,0,0,0,0,0
260009,2,1,0,13,0,0,0,0,0,0,0,0
260010,1,1,0,0,0,0,0,0,0,0,0,0
260011,1,1,0,0,0,0,0,0,0,0,0,0
260011,2,1,0,0,0,0,0,0,0,0,0,0
260011,3,1,21,0,0,0,0,0,0,0,0,0
260012,1,1,0,0,0,0,0,0,0,0,0,0
260012,2,1,0,0,0,0,0,0,18,0,0,0
260012,3,1,0,0,0,0,0,0,0,0,0,0
260012,4,1,0,0,0,0,31,0,0,0,0,0
260012,5,1,0,0,0,0,0,0,0,0,0,0
260013,0,1,15,12,19,20,22,35,10,30,0,5
260013,1,1,0,0,0,0,0,0,0,0,0,0
260014,1,1,0,0,0,0,0,0,0,0,0,0
260014,2,1,0,0,0,0,0,0,0,0,0,0
260015,1,1,5,5,5,5,5,5,5,5,5,5
260015,2,1,0,0,0,0,0,0,0,0,0,0
260016,0,1,0,0,0,0,13,0,0,0,0,0
260016,1,1,0,0,0,0,0,0,0,0,0,0
260017,0,1,0,0,0,0,0,0,0,0,0,0
260017,1,1,0,0,0,0,0,0,0,0,0,0
260017,2,1,0,0,0,0,0,0,0,0,0,0
260017,3,1,0,0,0,0,0,0,0,0,0,0
260017,4,1,0,0,23,0,0,0,0,0,0,0
260017,5,1,0,0,0,0,0,0,0,0,0,0
260018,1,1,0,0,0,0,0,0,0,0,0,0
260018,2,1,0,0,0,0,0,0,0,0,0,0
260019,1,1,0,0,0,0,0,0,0,0,0,0
260019,2,1,0,0,0,0,0,0,0,0,0,0
260020,1,1,7,7,7,7,7,7,7,7,7,7
260021,0,1,0,0,0,0,0,0,0,0,0,0
260021,1,1,0,0,0,0,0,0,0,0,0,0
260022,1,1,0,0,0,0,0,0,0,0,0,0
260022,2,1,0,0,0,0,0,0,0,0,0,0
260022,3,1,0,0,0,0,0,0,0,0,0,0
260023,0,1,0,42,16,25,0,17,7,34,10,16
260023,1,1,0,0,0,0,0,0,0,0,0,0
260024,1,1,0,0,0,0,0,0,0,0,0,0
260025,1,1,0,0,0,0,0,0,0,0,0,0
260025,2,1,0,0,0,0,0,0,0,0,0,0
260026,1,1,0,0,0,0,0,0,0,0,0,0
260026,2,1,0,0,0,0,0,0,0,0,0,0
260027,1,1,0,0,27,0,0,0,0,0,0,0
260028,1,1,0,0,0,0,0,0,0,0,0,0
260028,2,1,0,0,0,0,0,0,0,0,0,0
260029,1,1,14,14,14,14,14,14,14,14,14,14
260030,1,1,0,0,0,0,0,0,0,0,0,0
260031,1,1,24,24,24,24,24,24,24,24,24,24
260031,2,1,0,0,0,0,0,0,0,0,0,0
260032,1,1,19,0,0,0,15,0,0,0,0,0
260033,0,1,0,0,18,0,0,0,37,41,0,0
260033,1,1,0,0,0,0,0,0,0,0,0,0
260034,1,1,0,0,0,0,0,0,0,0,0,0
260034,2,1,0,0,0,0,0,0,0,0,0,0
260034,3,1,0,0,0,0,0,0,0,0,0,0
260035,1,1,2,2,2,2,2,2,2,2,2,2
260035,2,1,0,0,6,0,0,0,0,16,0,0
260036,1,1,0,0,0,0,0,0,0,0,0,0
260036,2,1,0,0,0,0,12,0,0,22,0,0
260037,1,1,0,0,0,0,0,0,8,0,0,0
260037,2,1,0,0,0,0,0,0,0,0,0,0
260038,1,1,13,13,13,13,13,13,13,13,13,13
260038,2,1,0,0,0,0,0,0,0,0,0,0
260039,0,1,0,0,0,0,0,0,0,0,0,0
260039,1,1,0,0,0,0,0,0,0,0,0,0
260040,1,1,0,0,0,0,0,0,0,0,0,0
260040,2,1,0,0,0,0,0,0,0,0,0,0
260041,1,1,0,0,0,0,0,0,0,0,0,0
260041,2,1,0,0,0,0,0,0,0,0,0,0
260042,1,1,0,0,0,0,0,0,0,0,0,0
260042,2,1,0,0,0,4,0,0,0,9,0,0
260043,0,1,0,0,0,0,0,0,0,0,0,0
260043,1,1,0,0,0,0,0,0,0,0,0,0
260044,0,1,31,0,0,18,0,25,0,16,0,0
260044,1,1,0,0,0,0,0,0,0,0,0,0
260045,1,1,0,7,0,6,0,0,0,0,0,14
260046,1,1,21,24,29,36,9,0,23,40,16,13
260047,1,1,0,0,0,0,0,0,0,0,0,0
260048,1,1,0,0,0,0,0,0,0,0,0,0
260048,2,1,0,0,0,0,0,0,0,0,0,0
260049,1,1,0,0,0,0,0,0,0,0,0,0
260050,1,1,0,0,0,0,0,0,0,0,0,0
260050,2,1,0,0,0,0,0,0,0,0,0,0
260051,1,1,0,0,0,0,0,0,0,27,0,0
260052,1,1,0,0,0,0,0,0,0,0,0,5
260052,2,1,0,0,0,0,0,0,0,0,0,0
260053,1,1,29,27,18,8,2,0,13,21,10,29
260053,2,1,0,0,0,0,0,0,0,0,0,0
260054,1,1,24,24,24,24,24,24,24,24,24,24
260055,1,1,33,33,33,33,33,33,33,33,33,33
260056,1,1,0,0,0,0,0,0,0,0,0,0
260057,1,1,0,29,22,11,4,13,12,20,8,4
260058,1,1,21,21,21,21,21,21,21,21,21,21
260059,1,1,0,6,0,0,0,0,0,0,0,0
260059,2,1,0,0,0,26,15,0,0,0,0,0
260060,1,1,0,0,0,0,0,0,12,0,28,0
260060,2,1,0,0,0,0,0,0,0,0,0,0
260060,3,1,0,0,0,0,0,0,0,0,0,0
260061,1,1,0,0,0,0,0,0,0,0,0,0
260061,2,1,0,0,0,0,0,0,0,0,0,0
260062,1,1,0,0,0,0,0,0,0,0,0,0
260063,1,1,0,0,0,0,0,0,0,0,0,0
260063,2,1,0,0,0,0,0,0,0,0,0,0
260064,1,1,0,0,0,0,0,0,0,0,0,0
260064,2,1,0,0,0,0,0,0,0,0,0,0
260064,3,1,0,0,0,0,0,0,0,0,0,0
260065,1,1,0,0,0,0,0,0,0,0,0,0
260066,1,1,0,0,0,0,0,0,10,0,0,17
260066,2,1,0,0,0,0,0,0,5,0,0,0
260067,1,1,12,5,13,8,17,0,0,20,0,10
260068,1,1,0,0,0,0,0,0,0,0,0,0
260069,1,1,0,0,0,0,0,0,0,0,0,0
260070,1,1,27,0,8,13,25,0,16,0,9,8
260070,2,1,0,0,0,0,0,0,0,0,0,0
260071,1,1,0,0,0,0,0,0,0,0,0,0
260071,2,1,0,0,0,0,0,0,0,0,0,0
260072,1,1,0,0,0,0,0,0,0,0,0,0
260072,2,1,0,20,0,0,0,0,0,0,0,0
260073,1,1,0,0,0,0,0,0,0,0,0,0
260073,2,1,0,0,0,0,0,18,0,0,0,0
260074,1,1,27,27,27,27,27,27,27,27,27,27
260074,2,1,0,0,0,0,0,0,0,0,0,0
260075,1,1,0,0,0,0,0,0,0,0,0,0
260076,0,1,32,32,32,32,32,32,32,32,32,32
260076,1,1,0,0,0,0,0,0,0,0,0,0
260077,1,1,14,14,14,14,14,14,14,14,14,14
260079,1,1,0,0,0,0,0,0,0,0,0,0
260080,1,1,0,0,0,0,0,0,0,0,0,0
260081,1,1,0,0,0,0,0,21,0,0,0,0
260081,2,1,0,0,0,0,0,0,0,0,0,0
260082,0,1,22,0,27,15,16,5,22,0,23,25
260082,1,1,8,8,8,8,8,8,8,8,8,8
260083,1,1,0,0,11,0,0,0,0,0,0,0
260083,2,1,0,18,0,0,0,0,0,27,0,0
260084,1,1,0,0,0,0,0,0,0,0,0,0
260084,2,1,0,0,0,0,0,0,0,0,0,0
260085,0,1,0,0,0,0,0,0,0,0,0,0
260085,1,1,0,0,0,0,0,0,0,0,0,0
260086,1,1,0,0,0,0,0,0,0,0,0,0
260086,2,1,0,0,0,0,0,0,0,0,0,0
260086,3,1,0,0,0,0,0,0,0,0,0,0
260087,1,1,0,0,0,0,0,0,0,0,0,0
260088,1,1,0,0,0,0,0,49,0,0,0,0
260089,0,1,0,0,31,0,0,0,34,0,0,0
260089,1,1,0,8,13,0,0,0,3,0,0,0
260090,1,1,0,0,0,0,0,0,0,0,0,0
260090,2,1,0,0,0,0,0,0,0,0,0,0
260091,1,1,0,0,0,0,0,0,0,0,0,0
260091,2,1,0,0,0,0,0,0,0,0,0,0
260092,1,1,0,0,0,0,0,0,0,0,0,0
260092,2,1,0,0,0,0,0,0,0,0,0,0
260093,1,1,16,16,16,16,16,16,16,16,16,16
260094,1,1,0,12,0,0,16,0,0,0,0,0
260095,1,1,0,0,0,0,0,0,0,0,0,0
260095,2,1,0,0,0,0,0,0,0,0,0,0
260096,0,1,21,21,21,21,21,21,21,21,21,21