ST_CASE,VEH_NO,PER_NO,P1,P2,P3,P4,P5,P6,P7,P8,P9,P10
260096,1,1,0,0,24,0,0,0,0,0,0,0
260097,1,1,0,0,0,0,0,0,0,0,0,0
260097,2,1,0,0,0,0,0,0,0,4,0,0
260098,0,1,0,15,0,0,0,0,0,0,18,0
260098,1,1,0,0,0,0,0,0,0,0,0,0
260099,1,1,0,0,0,0,0,0,0,0,0,0
260100,1,1,0,0,0,0,0,0,0,0,0,0
260102,1,1,0,0,0,12,0,19,0,0,0,0
260103,0,1,0,0,37,0,0,0,0,0,0,15
260103,1,1,0,0,0,0,0,0,0,0,0,0
260104,0,1,0,0,0,0,0,0,0,0,0,0
260104,1,1,0,0,0,0,0,0,0,14,0,0
260105,1,1,0,0,0,0,0,0,0,3,0,0
260105,2,1,0,0,0,0,0,0,0,0,0,0
260106,1,1,0,0,0,0,0,0,0,0,0,0
260107,1,1,0,0,0,0,0,0,0,0,0,0
260108,1,1,23,23,23,23,23,23,23,23,23,23
260109,1,1,0,0,0,0,0,0,0,0,0,0
260109,2,1,0,0,0,0,0,0,0,0,0,0
260109,3,1,0,0,0,0,0,0,0,0,0,0
260109,4,1,0,0,0,0,0,0,0,0,0,0
260109,5,1,0,0,0,0,0,0,0,0,0,0
260109,6,1,0,0,0,0,0,0,0,0,0,0
260109,7,1,0,0,0,0,0,0,0,0,0,16
260111,1,1,0,0,0,0,0,0,0,18,0,0
260111,2,1,0,0,0,0,0,0,0,0,0,0
260112,0,1,0,0,0,0,0,0,0,0,0,0
260112,1,1,0,0,0,0,0,0,0,0,0,0
260113,1,1,0,0,0,0,0,0,0,0,0,0
260113,2,1,0,0,0,0,0,5,0,0,0,0
260114,1,1,30,30,30,30,30,30,30,30,30,30
260114,2,1,0,0,0,0,0,5,0,0,5,0
260114,3,1,24,27,21,13,14,6,16,14,18,10
260115,1,1,2,0,0,0,0,0,0,9,11,5
260116,0,1,24,12,12,13,16,9,0,33,13,17
260116,1,1,0,0,0,0,0,0,0,0,0,0
260116,2,1,0,0,0,0,0,0,0,0,0,0
260117,0,1,0,0,0,0,0,20,0,0,21,25
260117,1,1,0,0,0,0,0,0,0,0,0,0
260117,2,1,0,0,0,0,0,15,0,0,0,0
260118,0,1,0,0,0,0,35,0,19,0,0,0
260118,0,2,0,0,0,0,0,0,19,0,0,0
260118,1,1,0,0,0,0,0,0,0,0,0,0
260119,1,1,0,0,0,0,0,0,0,0,0,0
260119,2,1,0,5,0,0,0,0,0,0,0,0
260121,1,1,0,0,0,0,0,0,0,0,0,0
260122,1,1,0,0,0,0,0,0,0,0,0,0
260122,2,1,0,0,0,0,0,0,0,0,0,0
260123,1,1,26,0,0,0,0,0,0,0,0,0
260123,2,1,0,0,0,0,0,0,0,0,0,0
260123,3,1,0,0,0,0,0,0,0,0,0,0
260124,1,1,0,0,0,0,0,0,0,0,0,0
260124,2,1,0,0,0,0,0,0,0,0,0,0
260125,1,1,0,0,0,0,0,0,0,0,0,0
260126,0,1,0,0,0,0,0,0,0,0,0,0
260126,1,1,0,0,0,0,0,0,0,0,0,0
260127,1,1,0,0,0,0,0,0,0,0,0,0
260128,1,1,0,0,0,0,0,0,0,0,0,0
260129,0,1,0,0,7,0,0,0,0,0,0,0
260129,1,1,0,0,0,0,0,0,0,0,0,0
260130,1,1,0,0,0,0,0,0,0,0,0,0
260131,1,1,0,0,0,0,0,0,0,0,0,0
260131,2,1,0,0,0,0,0,0,0,0,0,0
260132,1,1,22,25,10,27,22,14,30,25,8,7
260132,2,1,0,0,0,0,0,0,0,0,0,0
260133,1,1,10,10,10,10,10,10,10,10,10,10
260133,2,1,0,0,0,0,0,0,0,0,0,0
260134,1,1,12,0,0,0,0,0,0,0,0,0
260135,1,1,30,30,30,30,30,30,30,30,30,30
260136,0,1,0,0,0,0,0,0,0,0,0,0
260136,0,2,0,0,0,13,0,0,0,0,0,0
260136,2,1,8,8,8,8,8,8,8,8,8,8
260136,3,1,0,0,0,0,0,0,0,0,0,0
260137,1,1,0,0,0,24,0,0,19,0,0,0
260138,1,1,0,0,0,0,0,0,0,0,0,0
260138,2,1,0,0,0,0,0,0,0,0,0,0
260139,1,1,28,28,28,28,28,28,28,28,28,28
260139,2,1,0,0,0,0,0,0,0,0,0,0
260139,3,1,0,0,0,0,0,0,15,0,0,0
260140,1,1,0,0,0,0,0,0,0,0,0,0
260140,2,1,0,0,0,0,0,0,0,0,0,0
260141,0,1,15,20,30,30,37,6,32,25,0,39
260141,1,1,0,0,0,0,0,0,0,0,0,0
260142,1,1,0,0,0,6,0,0,0,0,0,0
260142,2,1,0,0,20,0,0,0,0,0,0,0
260143,1,1,5,5,5,5,5,5,5,5,5,5
260143,2,1,0,0,0,0,0,0,0,0,0,0
260144,0,1,0,20,0,0,11,21,26,0,0,0
260144,1,1,0,0,0,0,0,0,0,0,0,0
260145,1,1,31,31,31,31,31,31,31,31,31,31
260146,1,1,0,0,0,0,0,0,0,0,0,0
260146,2,1,0,0,13,0,0,0,0,0,0,0
260147,1,1,0,0,0,0,0,0,0,0,0,0
260148,1,1,0,0,0,0,0,0,0,0,0,0
260149,1,1,0,0,0,0,0,0,0,0,0,0
260149,2,1,0,0,0,0,18,0,0,0,0,0
260149,3,1,0,0,0,0,0,0,0,0,0,0
260150,0,1,15,15,15,15,15,15,15,15,15,15
260150,1,1,22,0,12,0,10,13,7,7,0,0
260151,1,1,0,0,0,0,0,0,0,0,0,0
260151,2,1,0,0,0,0,0,0,0,0,0,0
260152,1,1,17,17,17,17,17,17,17,17,17,17
260153,1,1,3,3,3,3,3,3,3,3,3,3
260154,1,1,0,0,0,0,0,0,0,0,0,0
260154,2,1,0,0,0,0,0,0,0,0,0,0
260155,0,1,10,10,10,10,10,10,10,10,10,10
260155,1,1,17,8,0,0,0,0,11,0,7,0
260156,1,1,0,0,0,0,0,0,0,0,0,0
260156,2,1,0,0,0,0,0,0,0,0,0,0
260157,1,1,0,0,0,0,0,0,0,0,0,0
260157,2,1,0,17,0,0,0,0,0,0,0,0
260159,1,1,0,0,0,0,0,0,0,0,0,0
260160,1,1,0,0,0,0,0,0,0,0,0,0
260160,2,1,16,5,0,10,17,0,33,16,21,20
260160,3,1,0,0,0,0,0,0,0,0,0,0
260160,4,1,0,0,0,0,0,0,0,0,0,0
260161,1,1,8,8,8,8,8,8,8,8,8,8
260162,1,1,15,27,16,25,21,29,21,24,22,25
260163,1,1,15,9,12,11,13,17,7,0,5,19
260163,2,1,0,0,0,0,0,0,0,0,0,0
260164,1,1,0,0,18,0,0,0,0,0,0,0
260165,1,1,0,0,0,0,0,0,0,0,0,0
260166,1,1,0,0,0,0,0,0,0,0,0,0
260167,1,1,0,0,0,0,0,0,0,0,0,0
260167,2,1,0,0,0,0,0,0,0,0,0,0
260168,1,1,19,19,19,19,19,19,19,19,19,19
260169,1,1,0,0,0,0,0,0,0,0,0,0
260169,2,1,0,0,0,0,0,0,0,0,0,0
260170,1,1,0,12,0,0,0,8,0,19,0,0
260171,1,1,0,0,0,0,0,0,0,0,0,0
260171,2,1,0,0,0,0,0,0,0,0,0,0
260172,1,1,0,0,13,0,0,0,0,0,0,0
260172,2,1,0,0,0,0,0,0,0,0,0,0
260173,1,1,0,18,0,0,0,0,0,0,0,0
260174,1,1,0,0,0,0,0,0,0,0,0,0
260174,2,1,0,0,0,0,0,0,0,0,0,0
260175,1,1,0,17,0,0,0,0,0,22,0,0
260175,2,1,0,0,0,0,0,0,0,0,0,0
260176,1,1,0,0,0,0,0,0,0,0,0,0
260176,2,1,0,0,0,0,0,0,0,0,0,0
260177,1,1,0,0,0,0,0,0,0,0,0,0
260177,2,1,0,0,0,0,0,0,0,0,0,0
260178,1,1,12,11,0,15,12,15,25,22,6,20
260179,1,1,0,0,0,0,0,0,0,0,0,0
260180,1,1,0,0,0,0,0,0,0,0,0,0
260180,2,1,0,0,0,0,0,0,0,0,0,0
260181,1,1,16,16,16,16,16,16,16,16,16,16
260181,2,1,0,0,0,0,0,0,0,0,0,0
260182,0,1,5,5,5,5,5,5,5,5,5,5
260182,1,1,0,0,0,0,0,0,0,0,15,0
260183,1,1,0,0,0,0,0,0,0,0,0,0
260184,1,1,23,23,23,23,23,23,23,23,23,23
260185,1,1,0,0,0,0,0,0,0,0,0,0
260186,0,1,21,0,0,0,0,23,0,0,0,0
260186,0,2,0,0,0,0,0,0,0,0,0,0
260186,1,1,0,0,0,0,0,0,0,0,0,0
260187,1,1,17,17,17,17,17,17,17,17,17,17
260187,2,1,0,0,0,13,0,0,0,0,0,0
260188,1,1,23,23,23,23,23,23,23,23,23,23
260189,1,1,0,0,0,0,0,0,0,0,0,0
260189,2,1,0,0,0,0,0,0,0,0,0,0
260190,1,1,0,0,0,0,0,0,0,0,0,0
260191,1,1,0,0,16,12,23,20,24,26,0,19
260191,2,1,0,0,0,0,0,0,0,0,0,0
260192,1,1,22,22,22,22,22,22,22,22,22,22
260193,1,1,0,0,0,0,0,0,0,0,0,0
260193,2,1,0,0,0,0,0,0,0,0,0,0
260194,1,1,0,0,0,0,0,0,0,0,0,0
260194,2,1,0,0,0,0,0,0,0,0,0,0
260195,1,1,0,0,0,0,0,0,0,0,0,0
260196,0,1,0,0,0,0,0,0,0,0,0,0
260196,1,1,0,0,0,0,0,0,0,0,0,0
260197,1,1,0,0,0,0,0,0,0,0,0,0
260198,1,1,0,0,0,0,0,0,0,0,0,0
260199,1,1,0,0,0,0,0,0,0,0,0,0
260200,1,1,0,0,0,0,0,0,0,14,0,0
260200,2,1,0,0,0,0,0,0,0,0,0,0
260201,1,1,0,0,0,0,0,0,0,0,0,0
260201,2,1,0,0,0,0,0,0,0,0,0,0
260202,1,1,0,0,0,0,0,0,0,0,0,0
260202,2,1,0,0,0,0,0,0,0,0,0,0
260203,1,1,39,39,39,39,39,39,39,39,39,39
260204,1,1,28,28,28,28,28,28,28,28,28,28
260205,1,1,18,18,18,18,18,18,18,18,18,18
260206,1,1,29,29,29,29,29,29,29,29,29,29
260206,2,1,24,23,12,13,26,3,27,25,8,10
260207,0,1,1,1,1,1,1,1,1,1,1,1
260207,1,1,0,0,0,0,0,0,0,0,0,0
260209,1,1,6,6,6,6,6,6,6,6,6,6
260210,1,1,19,19,19,19,19,19,19,19,19,19
260210,2,1,0,0,0,13,0,0,0,0,0,0
260211,1,1,0,0,0,0,0,0,0,0,0,0
260211,2,1,0,0,0,0,0,0,0,0,0,0
260212,1,1,0,0,0,0,0,0,0,0,0,0
260213,1,1,16,16,16,16,16,16,16,16,16,16
260214,1,1,9,9,9,9,9,9,9,9,9,9
260215,1,1,18,18,18,18,18,18,18,18,18,18
260215,2,1,0,0,0,0,0,0,0,0,0,0
260216,1,1,0,0,0,0,0,0,0,0,0,0
260216,2,1,0,0,0,0,0,0,0,0,0,0
260217,1,1,0,0,0,0,0,0,0,0,0,0
260217,2,1,0,0,0,0,0,0,0,0,0,0
260218,1,1,0,0,0,0,0,0,0,0,0,0
260218,2,1,0,0,0,0,0,0,0,0,0,0
260219,1,1,0,0,0,0,0,0,0,0,0,0
260219,2,1,0,0,0,0,0,0,0,0,0,0
260220,1,1,0,0,0,0,0,0,0,0,0,0
260220,2,1,0,0,0,0,0,0,0,0,0,0
260221,1,1,0,0,0,0,0,0,0,0,14,0
260221,2,1,0,0,0,0,0,0,0,0,0,0
260222,1,1,19,19,19,19,19,19,19,19,19,19
260223,1,1,0,0,0,0,0,15,0,0,0,0
260223,2,1,0,0,0,0,0,0,0,0,0,0
260224,1,1,0,0,0,0,0,0,0,0,0,0
260224,2,1,0,0,0,0,0,0,0,0,0,0
260225,1,1,0,0,0,0,0,0,0,25,0,0
260226,0,1,30,30,30,30,30,30,30,30,30,30
260226,1,1,0,0,16,9,0,0,23,0,22,0
260227,1,1,19,0,0,0,0,0,0,0,0,0
260228,1,1,0,0,0,0,0,0,0,0,0,0
260229,0,1,45,0,0,9,25,0,0,27,27,0
260229,1,1,0,0,11,0,0,0,0,0,0,0
260229,2,1,7,7,7,7,7,7,7,7,7,7
260230,1,1,11,11,11,11,11,11,11,11,11,11
260231,1,1,15,15,15,15,15,15,15,15,15,15
260232,0,1,0,0,0,0,0,0,0,0,0,0
260232,0,2,0,0,0,17,0,0,0,0,0,0
260232,1,1,19,0,0,20,0,0,0,0,0,0
260233,1,1,0,0,0,0,0,0,0,0,0,0
260233,2,1,0,0,0,0,0,0,0,0,0,0
260234,1,1,23,23,23,23,23,23,23,23,23,23
260235,1,1,0,0,0,0,0,0,0,0,0,0
260235,2,1,12,0,0,17,12,0,0,0,0,0
260236,1,1,8,19,21,12,11,27,10,10,12,13
260236,2,1,0,0,0,0,0,0,0,0,0,0
260237,0,1,21,20,27,17,18,0,0,16,32,19
260237,1,1,0,21,0,0,0,0,0,0,0,0
260238,1,1,0,0,0,0,0,0,0,0,0,0
260239,1,1,0,0,0,0,0,0,0,0,0,0
260239,2,1,0,0,0,0,0,11,0,0,0,0
260240,1,1,0,0,0,0,0,0,0,0,0,0
260240,2,1,0,0,0,0,0,0,0,0,0,0
260240,3,1,0,0,0,0,0,0,0,0,0,0
260241,0,1,0,0,0,0,0,0,0,0,0,0
260241,1,1,0,0,0,0,0,0,0,0,0,0
260242,0,1,0,0,0,0,9,0,0,0,0,0
260242,1,1,0,0,0,0,0,0,0,0,0,0
260242,2,1,0,0,0,0,0,0,0,0,0,0
260243,1,1,0,0,0,0,0,0,0,0,0,0
260244,0,1,0,0,0,0,0,0,16,9,0,0
260244,1,1,0,0,0,10,0,0,0,0,0,0
260245,1,1,0,0,0,0,0,0,0,0,0,0
260245,2,1,0,0,0,0,0,0,0,0,0,0
260246,1,1,0,0,0,0,0,0,0,0,0,0
260246,2,1,0,0,0,0,0,0,0,0,0,0
260246,3,1,0,0,0,0,0,0,0,0,0,0
260247,1,1,0,0,0,0,0,0,0,0,0,0
260248,1,1,0,0,0,0,0,0,0,0,0,0
260248,2,1,0,0,0,0,0,0,0,0,0,0
260249,1,1,0,0,0,0,0,0,0,0,0,0
260249,2,1,0,0,0,0,0,0,0,0,0,0
260250,0,1,0,0,0,0,0,0,0,0,0,0
260250,1,1,0,0,0,0,0,0,0,0,0,0
260251,1,1,27,27,27,27,27,27,27,27,27,27
260252,1,1,0,0,0,0,0,0,0,0,0,0
260252,2,1,0,0,0,0,0,0,0,0,0,0
260253,1,1,0,0,0,0,0,0,0,0,0,0
260253,2,1,0,0,0,0,0,0,0,0,0,0
260254,1,1,0,0,0,0,0,0,0,0,0,0
260254,2,1,0,0,0,0,0,0,0,0,0,0
260254,3,1,0,0,0,0,0,0,0,0,0,0
260255,1,1,0,0,0,0,0,0,0,0,0,0
260255,2,1,0,0,0,0,0,0,0,0,0,0
260256,1,1,0,0,0,0,0,0,0,0,0,0
260256,2,1,19,19,19,19,19,19,19,19,19,19
260257,1,1,0,0,0,0,0,0,0,0,0,0
260258,1,1,0,0,0,0,0,0,0,0,0,0
260258,2,1,0,0,0,0,0,0,0,0,0,0
260259,0,1,0,0,0,0,0,0,0,0,0,0
260259,1,1,21,21,21,21,21,21,21,21,21,21
260260,1,1,17,17,17,17,17,17,17,17,17,17
260260,2,1,0,0,0,0,0,0,0,0,0,0
260261,1,1,27,27,27,27,27,27,27,27,27,27
260262,0,1,0,0,0,0,0,0,0,0,0,0
260262,1,1,0,0,0,0,0,0,0,0,0,0
260263,1,1,0,0,0,0,0,0,0,0,0,0
260263,2,1,0,0,0,0,0,0,0,0,0,0
260264,1,1,0,0,0,6,0,0,26,0,0,0
260265,1,1,17,17,17,17,17,17,17,17,17,17
260265,2,1,11,11,11,11,11,11,11,11,11,11
260266,1,1,32,32,32,32,32,32,32,32,32,32
260267,0,1,26,26,26,26,26,26,26,26,26,26
260267,1,1,0,0,12,0,14,0,0,0,0,0
260268,1,1,5,5,5,5,5,5,5,5,5,5
260269,1,1,0,0,0,0,0,21,0,0,0,0
260270,1,1,5,0,0,0,15,6,9,0,4,0
260271,1,1,0,0,0,0,0,0,0,0,0,0
260271,2,1,0,0,0,0,0,0,0,0,0,0
260272,1,1,8,8,8,8,8,8,8,8,8,8
260273,1,1,7,7,7,7,7,7,7,7,7,7
260273,2,1,0,0,0,0,0,0,0,0,0,0
260274,1,1,0,0,0,0,0,0,0,0,0,0
260275,1,1,27,27,27,27,27,27,27,27,27,27
260275,2,1,14,0,0,0,4,0,0,0,0,0
260276,1,1,9,9,9,9,9,9,9,9,9,9
260276,2,1,0,0,0,0,18,0,0,36,0,0
260276,3,1,0,0,0,0,0,0,0,0,0,0
260277,0,1,8,8,8,8,8,8,8,8,8,8
260277,1,1,0,0,0,0,0,0,0,0,0,0
260278,1,1,0,0,0,0,0,24,14,0,8,0
260279,1,1,5,5,5,5,5,5,5,5,5,5
260280,0,1,0,0,0,0,0,0,0,0,0,0
260280,1,1,0,0,0,0,0,0,0,0,0,0
260281,1,1,11,11,11,11,11,11,11,11,11,11
260282,1,1,0,0,0,0,0,26,0,0,0,0
260282,2,1,0,0,0,0,0,0,0,0,0,0
260283,1,1,0,0,0,0,0,0,0,0,0,0
260284,1,1,0,0,0,0,0,0,0,0,0,0
260284,2,1,0,0,0,0,0,0,0,0,0,0
260285,1,1,0,0,0,0,0,0,0,0,16,0
260286,1,1,0,0,0,0,0,0,0,0,0,0
260286,2,1,6,0,0,0,0,0,0,0,0,0
260288,1,1,0,0,0,0,0,0,0,0,0,0
260288,2,1,0,0,0,0,0,0,0,0,0,0
260289,0,1,16,17,18,19,19,0,12,8,21,13
260289,1,1,0,0,20,6,18,22,4,8,19,12
260290,0,1,0,0,0,0,0,0,0,0,0,0
260290,1,1,0,0,0,0,0,0,0,0,0,0
260291,1,1,0,0,0,0,0,0,0,0,0,0
260291,2,1,0,0,0,0,0,0,0,0,0,0
260292,1,1,0,0,0,0,0,0,0,0,0,0
260292,2,1,0,0,0,0,0,0,0,0,0,0
260293,1,1,0,0,0,0,0,0,0,0,0,0
260293,2,1,0,19,0,0,0,0,0,0,0,0
260294,1,1,0,0,0,0,0,0,0,0,0,0
260294,2,1,0,0,0,0,0,0,0,0,0,0
260295,1,1,0,0,0,0,0,0,0,0,0,0
260296,1,1,0,0,0,0,0,0,0,0,0,0
260296,2,1,0,0,0,0,0,0,0,0,0,0
260297,1,1,12,29,18,27,12,7,18,6,9,10
260298,1,1,13,13,13,13,13,13,13,13,13,13
260298,2,1,0,0,0,0,0,0,0,0,0,0
260299,1,1,0,0,0,0,0,0,0,0,0,0
260300,1,1,0,0,10,0,0,26,0,0,0,11
260301,1,1,0,0,0,0,0,0,0,0,0,0
260301,2,1,0,0,0,17,0,0,0,0,0,0
260302,1,1,0,0,0,0,0,0,0,0,0,0
260303,1,1,0,0,0,0,0,0,0,0,0,0
260303,2,1,0,9,0,0,0,0,0,0,0,0
260304,1,1,0,0,0,0,0,0,0,0,0,0
260304,2,1,0,0,0,0,0,0,2,0,0,0
260305,1,1,0,0,0,0,0,0,0,0,0,0
260305,2,1,0,0,0,0,0,0,0,0,0,0
260306,1,1,22,30,18,0,0,0,0,0,0,0
260307,1,1,0,0,0,0,0,0,0,0,0,0
260308,1,1,0,0,0,0,0,8,0,0,0,0
260310,0,1,21,21,21,21,21,21,21,21,21,21
260310,1,1,0,0,0,0,0,0,0,0,0,11
260311,0,1,0,0,0,0,0,0,0,0,0,0
260311,1,1,17,17,17,17,17,17,17,17,17,17
260311,2,1,0,0,0,0,0,0,0,0,0,0
260312,1,1,0,0,0,0,0,0,0,0,0,0
260312,2,1,0,0,0,0,0,0,0,0,0,0
260313,1,1,0,0,0,0,0,0,0,0,0,0
260314,1,1,0,0,0,16,0,0,0,0,0,0
260314,2,1,0,0,0,0,0,0,0,0,0,0
260315,1,1,0,0,0,0,0,0,0,0,0,0
260315,2,1,0,0,0,0,0,0,0,0,0,0
260316,1,1,26,20,33,0,33,26,14,11,20,30
260317,1,1,0,0,0,0,0,0,0,0,0,0
260317,2,1,0,0,0,0,0,0,0,0,0,0
260318,1,1,0,0,0,0,0,0,0,0,0,0
260318,2,1,0,0,0,0,0,0,0,0,0,0
260319,1,1,0,0,0,0,0,0,0,0,0,0
260319,2,1,0,0,0,0,35,0,0,0,29,0
260320,1,1,0,0,0,0,0,0,0,0,0,0
260320,2,1,0,0,0,0,0,0,0,0,0,0
260320,3,1,0,0,0,0,0,0,0,0,0,0
260321,1,1,0,0,0,0,0,0,0,0,0,0
260322,1,1,19,19,19,19,19,19,19,19,19,19
260322,2,1,0,0,0,0,0,0,0,0,0,0
260323,1,1,17,13,23,8,14,20,30,15,25,5
260324,1,1,0,0,2,0,8,0,0,0,0,0
260324,2,1,3,3,3,3,3,3,3,3,3,3
260325,1,1,0,0,6,0,0,0,0,0,0,0
260325,2,1,0,0,0,0,0,0,0,0,0,0
260326,1,1,0,0,0,0,0,0,0,0,0,0
260326,2,1,0,0,0,0,0,0,0,0,0,0
260327,1,1,0,0,0,0,0,0,0,0,0,0
260327,2,1,0,0,0,0,0,0,0,0,0,0
260328,1,1,0,0,0,0,0,0,0,0,0,0
260328,2,1,0,22,0,0,0,0,0,0,0,0
260329,1,1,14,14,14,14,14,14,14,14,14,14
260329,2,1,0,0,0,0,0,0,0,0,0,0
260330,1,1,0,0,0,0,0,0,0,0,0,0
260331,1,1,0,0,0,0,0,0,0,0,0,0
260331,2,1,0,0,0,0,0,0,0,0,0,15
260332,0,1,0,0,0,0,0,0,0,0,0,0
260332,1,1,0,0,0,0,0,0,0,0,0,0
260333,1,1,0,0,0,0,0,0,0,0,0,0
260333,2,1,0,0,0,0,0,0,0,0,0,0
260333,3,1,0,0,0,0,0,0,0,0,0,0
260334,1,1,0,0,0,0,0,0,0,0,0,0
260334,2,1,0,0,0,0,0,0,0,0,0,0
260334,3,1,0,0,0,0,0,0,0,0,0,0
260334,4,1,0,0,0,0,0,0,0,0,0,0
260334,5,1,0,0,0,0,0,0,0,0,0,0
260335,1,1,0,0,0,0,0,0,0,0,0,0
260335,2,1,18,0,0,0,0,0,0,0,0,0
260336,1,1,20,20,20,20,20,20,20,20,20,20
260337,1,1,0,0,0,0,0,0,0,0,0,0
260337,2,1,0,13,0,0,0,0,0,0,0,18
260337,3,1,0,0,0,0,0,0,0,0,0,0
260338,1,1,0,0,0,0,0,0,0,0,0,0
260338,2,1,14,0,0,0,0,0,0,0,0,0
260339,1,1,14,14,14,14,14,14,14,14,14,14
260340,1,1,0,0,0,0,0,0,0,0,0,0
260340,2,1,0,11,0,0,0,0,0,0,0,0
260341,1,1,0,0,0,0,0,0,0,0,19,0
260342,1,1,5,5,5,5,5,5,5,5,5,5
260343,1,1,0,0,0,0,0,0,0,0,0,0
260344,1,1,33,33,33,33,33,33,33,33,33,33
260345,1,1,0,0,0,18,0,0,0,0,24,0
260345,2,1,0,0,0,0,0,0,0,0,0,0
260346,0,1,0,0,0,0,0,0,0,0,26,0
260346,1,1,1,1,1,1,1,1,1,1,1,1
260347,1,1,1,1,1,1,1,1,1,1,1,1
260348,1,1,0,0,0,0,0,0,0,0,0,0
260348,2,1,0,0,0,0,0,0,0,0,0,0
260348,3,1,0,0,0,0,0,0,0,0,0,0
260350,1,1,0,0,0,0,0,0,0,0,0,0
260350,2,1,0,0,0,0,0,0,0,0,0,0
260351,1,1,0,0,0,0,0,0,0,0,0,0
260351,2,1,0,0,0,0,0,0,0,0,0,0
260352,1,1,15,38,8,17,17,0,23,12,12,10
260353,1,1,0,24,0,0,0,0,0,0,0,0
260354,1,1,24,16,23,5,21,4,3,16,0,9
260355,1,1,0,0,0,0,0,0,0,0,0,0
260355,2,1,0,0,0,0,0,0,0,0,0,0
260356,1,1,0,0,0,0,0,0,0,0,0,0
260356,2,1,0,0,0,0,0,0,0,0,0,0
260357,1,1,5,10,11,12,16,9,13,12,25,13
260358,1,1,16,16,16,16,16,16,16,16,16,16
260359,1,1,0,0,0,0,0,0,0,0,0,0
260360,1,1,0,0,0,0,5,11,0,0,0,0
260361,1,1,10,18,0,15,0,0,10,0,12,26
260361,2,1,0,0,0,0,0,0,0,0,0,0
260362,1,1,0,0,0,0,0,0,0,0,0,0
260362,2,1,0,0,0,0,0,0,0,0,0,0
260363,1,1,0,0,0,0,0,0,0,0,0,0
260363,2,1,0,0,0,0,0,0,0,0,0,0
260364,0,1,0,0,0,47,7,0,0,0,0,0
260364,1,1,0,0,0,0,0,0,0,0,0,0
260365,1,1,0,0,0,0,0,0,0,0,0,0
260365,2,1,0,0,0,0,0,0,0,0,0,0
260366,1,1,0,0,0,0,0,0,0,0,0,0
260367,1,1,0,0,0,0,0,0,0,0,0,0
260367,2,1,0,0,0,0,0,0,0,0,20,0
260368,1,1,0,0,0,0,0,0,0,0,0,0
260369,1,1,20,0,20,0,0,0,23,0,0,0
260370,1,1,0,0,0,0,0,0,0,0,0,0
260370,2,1,0,0,0,0,0,0,0,0,0,0
260370,3,1,0,0,0,0,0,0,0,0,0,0
260371,1,1,0,0,0,0,0,0,0,0,0,0
260371,2,1,0,0,0,13,0,0,0,0,18,0
260372,1,1,0,0,0,0,0,0,0,0,0,0
260372,2,1,0,0,0,0,0,0,0,0,0,0
260373,1,1,0,0,0,0,0,0,0,0,0,0
260373,2,1,0,0,0,0,0,0,0,0,0,0
260374,1,1,0,0,0,0,0,0,0,0,0,0
260374,2,1,0,14,0,0,0,0,0,0,0,0
260375,1,1,13,16,21,18,0,19,5,14,19,6
260375,2,1,0,0,0,0,0,0,0,0,0,0
260376,1,1,6,6,6,6,6,6,6,6,6,6
260377,0,1,0,0,0,0,0,0,0,0,0,0
260377,1,1,0,0,0,0,0,0,0,0,0,0
260379,1,1,17,0,22,9,0,0,20,11,0,15
260380,1,1,5,5,5,5,5,5,5,5,5,5
260381,1,1,0,0,0,0,0,0,0,0,14,0
260381,2,1,0,0,0,0,0,0,0,0,0,0
260382,1,1,9,9,9,9,9,9,9,9,9,9
260382,2,1,19,10,24,8,0,7,12,3,7,8
260383,1,1,0,34,0,0,14,0,0,0,4,21
260384,0,1,17,17,17,17,17,17,17,17,17,17
260384,1,1,0,0,11,0,0,0,0,0,0,0
260385,1,1,0,0,0,0,0,0,0,0,0,0
260385,2,1,0,0,0,0,0,0,0,0,0,0
260386,0,1,0,0,0,0,0,0,14,0,14,0
260386,1,1,7,7,7,7,7,7,7,7,7,7
260387,1,1,0,0,0,0,0,0,0,0,0,0
260387,2,1,16,0,15,0,0,0,4,0,0,0
260388,1,1,0,0,0,11,0,0,0,0,0,0
260388,2,1,0,0,0,0,0,0,0,0,0,0
260389,1,1,0,0,0,0,0,0,0,0,0,0
260389,2,1,0,0,0,0,0,0,0,9,0,0
260390,1,1,0,0,0,0,0,0,0,0,0,0
260390,2,1,0,0,0,0,0,0,0,0,0,0
260391,1,1,0,0,0,0,0,0,0,0,0,0
260391,2,1,0,0,0,0,0,0,0,0,0,0
260391,3,1,0,0,0,0,0,0,0,0,0,0
260392,1,1,0,0,0,0,0,0,0,0,0,0
260393,1,1,0,0,0,0,0,0,0,0,0,0
260394,1,1,0,0,0,0,20,0,0,0,0,0
260395,0,1,0,0,0,0,0,0,0,0,0,0
260395,1,1,0,0,0,0,0,0,0,0,0,0
260396,1,1,0,0,0,0,0,0,0,17,0,0
260396,2,1,0,11,0,6,22,0,0,3,12,11
260397,1,1,0,0,0,0,0,0,0,0,0,0
260398,1,1,0,0,0,0,0,0,0,0,0,0
260398,2,1,0,0,0,0,0,0,0,0,0,0
260399,1,1,0,0,0,0,0,0,0,0,0,0
260399,2,1,0,0,0,0,0,0,0,0,0,0
260400,0,1,0,0,0,0,0,0,0,0,0,0
260400,0,2,0,0,0,0,0,83,0,0,12,18
260400,0,3,0,0,0,0,5,0,0,0,0,0
260400,0,4,0,0,0,0,0,0,0,0,0,9
260400,0,5,0,0,0,0,0,0,0,0,25,19