ST_CASE,VEH_NO,PER_NO,P1,P2,P3,P4,P5,P6,P7,P8,P9,P10
260698,1,1,0,0,0,11,26,18,0,0,0,0
260699,1,1,11,0,0,0,0,0,0,0,0,0
260699,2,1,0,27,0,0,3,0,13,0,0,0
260700,1,1,0,0,0,0,0,0,0,0,0,0
260700,2,1,0,0,0,0,0,0,0,0,0,0
260701,0,1,0,0,0,0,0,0,0,0,0,0
260701,1,1,9,9,9,9,9,9,9,9,9,9
260702,0,1,0,0,0,0,0,0,0,0,0,0
260702,1,1,0,0,0,0,0,0,0,0,0,0
260703,0,1,19,9,19,0,30,22,16,17,9,21
260703,1,1,0,0,0,0,0,0,0,0,0,0
260704,0,1,0,0,0,0,0,0,0,29,0,0
260704,1,1,0,0,0,0,0,0,0,0,0,0
260705,0,1,18,16,28,33,48,24,15,29,15,14
260705,1,1,0,0,7,0,4,12,12,0,0,0
260706,1,1,0,0,0,0,0,10,0,0,0,0
260706,2,1,0,0,0,0,0,0,0,0,0,0
260707,1,1,17,17,17,17,17,17,17,17,17,17
260708,0,1,0,0,0,0,0,0,0,0,0,0
260708,1,1,0,7,0,0,0,0,8,0,0,0
260709,0,1,0,0,0,0,0,0,0,0,0,0
260709,1,1,0,0,0,0,0,0,0,0,0,0
260710,0,1,11,11,11,11,11,11,11,11,11,11
260710,1,1,0,0,0,19,0,14,0,0,17,0
260711,1,1,0,0,0,0,0,0,0,0,0,0
260711,2,1,10,0,0,0,0,0,0,0,0,0
260712,1,2,8,18,20,20,5,0,9,0,10,31
260713,1,1,0,0,0,0,0,0,0,0,0,0
260713,2,1,0,0,0,0,0,0,0,0,0,0
260714,0,1,0,0,0,0,0,0,0,0,0,0
260714,1,1,0,0,0,0,0,0,0,0,0,0
260715,1,1,0,0,0,0,0,0,0,0,0,0
260715,2,1,0,0,0,0,0,0,0,0,0,0
260716,1,1,0,0,0,0,0,0,0,0,0,0
260716,2,1,0,0,0,17,0,0,0,0,0,0
260717,1,1,0,0,0,0,0,0,0,0,0,0
260717,2,1,0,0,0,0,0,0,0,0,0,0
260718,0,1,4,4,4,4,4,4,4,4,4,4
260718,1,1,0,0,0,0,0,0,0,0,0,0
260719,1,1,0,0,0,0,0,0,0,0,0,0
260719,2,1,0,0,0,0,0,0,0,0,0,0
260720,1,1,0,0,0,0,0,0,0,0,0,0
260720,2,1,0,0,0,0,0,17,0,0,9,0
260721,1,1,0,0,0,0,0,0,0,0,0,0
260722,1,1,0,17,0,0,0,0,0,0,0,0
260722,2,1,0,0,0,0,0,13,0,0,0,0
260723,1,1,0,0,0,17,0,0,0,0,0,0
260724,0,1,14,14,0,0,29,19,0,31,16,0
260724,1,1,0,0,0,0,0,0,0,0,0,0
260725,1,1,0,0,0,0,0,0,0,0,0,0
260726,1,1,0,0,0,0,0,0,0,0,0,0
260727,1,1,24,24,24,24,24,24,24,24,24,24
260728,1,1,0,0,0,0,0,0,0,0,0,0
260728,2,1,0,0,10,0,0,0,0,0,0,0
260729,0,1,25,25,25,25,25,25,25,25,25,25
260729,1,1,20,0,0,0,0,0,0,0,0,0
260730,1,1,0,0,0,0,0,0,0,0,0,0
260730,2,1,0,0,0,0,0,0,0,0,0,0
260731,1,1,0,0,0,0,0,0,0,0,0,0
260732,1,1,15,6,0,0,0,5,26,19,0,12
260732,2,1,0,0,0,0,0,0,0,0,0,0
260733,2,1,0,0,0,0,0,0,0,0,0,0
260734,1,1,17,17,17,17,17,17,17,17,17,17
260735,1,1,0,0,0,0,0,0,0,0,0,0
260735,2,1,0,0,0,0,0,0,0,0,21,0
260736,1,1,0,0,0,0,0,0,0,0,0,0
260736,2,1,0,0,0,0,0,0,0,0,0,0
260737,0,1,11,20,38,30,8,9,35,31,11,22
260737,1,1,0,0,0,0,0,0,0,0,0,0
260738,1,1,15,15,15,15,15,15,15,15,15,15
260739,1,1,0,0,0,0,0,0,0,0,0,0
260739,2,1,0,0,0,0,0,0,0,0,0,0
260740,0,1,0,0,0,0,0,0,0,0,0,0
260740,1,1,0,0,0,0,0,0,0,0,0,0
260741,1,1,0,0,0,0,0,0,0,0,0,0
260741,2,1,0,0,0,0,0,0,0,0,0,0
260742,1,1,0,0,0,0,0,0,0,0,0,0
260742,2,1,0,0,0,0,0,0,0,0,0,0
260743,1,1,0,0,0,0,0,0,0,0,0,0
260743,2,1,0,0,0,0,0,0,0,0,0,0
260744,1,1,0,0,0,0,0,0,0,0,0,0
260744,2,1,0,0,0,0,18,0,0,0,0,0
260745,0,1,0,0,0,0,0,0,0,0,0,22
260745,1,1,0,0,0,0,0,0,0,0,0,0
260746,1,1,0,0,0,0,0,0,0,0,0,0
260746,2,1,0,0,0,0,0,0,0,0,0,0
260747,0,1,29,29,29,29,29,29,29,29,29,29
260747,1,1,0,0,0,0,0,0,0,0,0,0
260748,1,1,0,0,0,0,0,0,0,0,0,0
260748,2,1,22,22,22,22,22,22,22,22,22,22
260749,0,1,0,0,0,0,0,0,0,0,0,0
260749,1,1,0,0,0,0,0,0,0,0,0,0
260750,1,1,17,17,17,17,17,17,17,17,17,17
260751,1,1,0,0,0,0,0,0,0,0,0,0
260752,0,1,19,15,13,38,15,24,25,9,17,7
260752,1,1,0,0,0,0,0,0,0,0,0,0
260753,1,1,21,21,21,21,21,21,21,21,21,21
260754,1,1,0,0,0,0,0,0,3,0,0,0
260754,2,1,0,0,0,0,0,0,0,0,0,0
260755,0,1,0,0,0,0,0,0,0,0,0,0
260755,1,1,0,0,0,0,0,0,0,0,0,0
260755,2,1,0,0,0,0,0,0,0,24,0,0
260756,1,1,0,0,0,0,0,0,0,0,0,0
260757,1,1,0,0,0,0,0,0,0,0,0,0
260758,1,1,0,0,0,0,0,0,0,0,0,0
260759,0,1,0,0,0,0,0,0,0,0,0,0
260759,1,1,0,0,0,0,16,0,0,0,21,0
260760,1,1,17,17,17,17,17,17,17,17,17,17
260761,0,1,0,0,0,0,0,8,0,0,0,24
260761,1,1,0,0,0,23,0,0,0,0,0,0
260762,1,1,0,0,0,0,0,0,0,0,10,0
260763,1,1,0,0,0,0,0,12,0,0,0,0
260764,0,1,0,0,0,0,16,0,0,0,0,0
260764,1,1,2,6,9,13,21,4,14,7,11,22
260765,0,1,0,0,0,0,0,0,0,0,0,0
260765,1,1,7,7,7,7,7,7,7,7,7,7
260767,0,1,17,17,17,17,17,17,17,17,17,17
260767,1,1,0,0,0,0,0,0,0,0,0,0
260768,0,1,8,8,8,8,8,8,8,8,8,8
260768,1,1,0,27,0,0,24,0,0,0,15,9
260769,1,1,0,0,0,0,0,0,0,0,0,0
260769,2,1,0,0,0,0,0,0,0,0,0,0
260770,1,1,0,0,0,0,0,0,0,0,0,0
260771,1,1,5,5,5,5,5,5,5,5,5,5
260771,2,1,0,0,0,0,0,0,0,0,0,0
260772,1,1,0,0,0,0,0,0,0,0,0,0
260772,2,1,0,0,0,0,0,0,0,0,0,0
260773,1,1,0,0,0,0,0,0,0,0,0,0
260774,1,1,28,14,12,9,21,14,11,6,26,24
260775,1,1,0,0,0,0,0,0,0,0,0,0
260775,2,1,0,0,0,0,0,0,0,0,0,0
260776,0,1,0,0,0,0,0,0,0,0,0,0
260776,0,2,0,0,0,0,0,0,0,0,0,0
260776,1,1,0,0,0,0,0,0,0,0,0,0
260777,1,1,0,0,0,0,0,0,0,0,0,0
260778,1,1,0,0,0,0,0,0,0,0,0,0
260778,2,1,0,0,0,0,0,0,0,0,0,0
260779,1,1,0,0,0,0,0,0,0,0,0,0
260779,2,1,0,0,0,0,0,0,0,0,0,0
260780,0,1,17,17,17,17,17,17,17,17,17,17
260780,1,1,0,0,0,0,0,0,0,0,0,0
260781,1,1,0,0,0,0,0,0,0,0,0,0
260781,2,1,0,0,0,0,0,0,0,0,0,0
260782,0,1,22,22,22,22,22,22,22,22,22,22
260782,1,1,0,0,0,0,0,0,15,0,0,0
260782,2,1,0,0,0,0,0,0,0,0,0,0
260783,0,1,0,0,0,0,0,0,0,0,0,0
260783,1,1,0,0,0,0,0,0,0,0,0,0
260784,1,1,0,0,0,0,0,0,0,0,0,0
260784,2,1,0,0,0,0,0,5,0,0,0,0
260784,3,1,0,0,15,0,0,0,0,0,0,0
260784,4,1,0,0,0,0,0,0,0,0,0,0
260785,1,1,0,0,0,0,0,0,0,0,0,0
260785,2,1,0,0,0,0,0,0,0,0,0,0
260786,1,1,0,0,30,0,0,0,0,0,0,0
260787,1,1,0,0,0,0,0,0,0,0,0,0
260787,2,1,0,0,0,0,0,0,0,0,0,0
260788,0,1,0,0,0,0,0,0,0,0,0,0
260788,1,1,0,0,0,0,0,0,0,0,0,0
260789,0,1,0,0,0,0,0,0,0,0,0,0
260789,1,1,0,0,0,19,0,0,29,0,0,0
260790,1,1,0,0,0,0,0,0,0,0,0,0
260790,2,1,17,17,17,17,17,17,17,17,17,17
260791,1,1,0,0,0,0,0,0,0,0,0,0
260792,1,1,20,20,20,20,20,20,20,20,20,20
260793,0,1,0,0,0,0,0,0,0,0,0,0
260793,1,1,0,0,0,0,0,0,0,0,0,0
260794,1,1,14,14,14,14,14,14,14,14,14,14
260794,2,1,0,0,8,0,0,0,20,0,0,0
260795,1,1,0,0,0,0,0,0,0,0,0,0
260795,2,1,1,1,1,1,1,1,1,1,1,1
260796,1,1,0,0,0,0,0,0,0,0,0,0
260796,2,1,0,0,0,0,0,0,0,0,0,0
260797,1,1,0,0,0,0,0,0,0,0,0,0
260797,2,1,0,5,0,0,0,4,0,0,0,0
260798,0,1,0,0,0,0,0,0,0,0,0,0
260798,1,1,0,0,0,0,0,0,0,0,0,0
260799,0,1,0,0,0,0,0,0,0,0,0,0
260799,1,1,0,0,0,0,0,0,0,0,0,0
260801,1,1,0,0,0,0,0,0,0,0,0,0
260801,2,1,0,0,0,0,0,0,0,0,0,0
260802,1,1,0,0,0,0,0,0,0,0,0,0
260802,2,1,0,0,0,0,0,0,0,0,0,0
260803,1,1,0,0,0,0,0,0,0,0,0,0
260803,2,1,0,0,0,0,0,0,0,0,0,0
260803,3,1,0,0,0,0,0,0,0,0,0,0
260804,1,1,18,18,18,18,18,18,18,18,18,18
260804,2,1,0,0,0,0,0,0,0,0,0,0
260805,1,1,32,0,0,0,0,0,0,0,0,0
260805,2,1,0,0,0,0,0,0,0,0,0,0
260806,1,1,0,0,0,0,0,0,0,0,0,0
260806,2,1,0,0,0,0,0,0,15,0,0,0
260807,1,1,14,21,19,23,24,21,13,25,30,24
260807,2,1,0,0,0,0,0,0,0,0,0,0
260807,3,1,0,17,0,0,11,16,0,0,0,0
260808,1,1,0,0,0,0,0,0,0,0,0,0
260809,1,1,0,0,0,0,0,0,0,0,0,0
260809,2,1,25,25,25,25,25,25,25,25,25,25
260810,1,1,0,0,0,0,0,0,0,0,0,0
260810,2,1,0,0,0,0,0,11,0,0,0,0
260811,1,1,0,0,0,0,0,0,0,0,0,0
260812,1,1,0,0,0,0,0,0,0,0,0,0
260812,2,1,0,0,0,0,0,0,0,0,0,0
260813,1,1,26,26,26,26,26,26,26,26,26,26
260814,1,1,0,0,0,0,0,0,0,0,0,0
260815,1,1,0,0,0,0,0,0,0,0,0,0
260815,2,1,0,0,0,0,0,0,0,0,0,0
260815,3,1,0,0,0,0,0,0,0,0,0,0
260815,4,1,0,0,0,22,0,0,0,0,0,0
260815,5,1,0,0,0,0,0,0,0,0,0,0
260816,1,1,0,0,0,0,0,0,0,0,0,0
260816,2,1,0,0,0,0,0,0,0,0,0,0
260817,0,1,0,0,0,0,0,0,0,0,0,0
260817,1,1,0,0,0,0,0,0,0,0,0,0
260818,0,1,0,0,0,0,0,0,0,0,0,0
260818,1,1,0,0,0,0,0,0,0,0,0,0
260819,0,1,0,0,0,0,8,0,0,0,0,0
260819,1,1,0,0,0,0,0,0,0,0,0,0
260820,0,1,0,27,0,15,0,0,12,0,0,0
260820,1,1,0,0,0,0,0,0,0,0,0,0
260821,1,1,9,9,9,9,9,9,9,9,9,9
260822,0,1,0,0,0,0,0,0,0,0,0,0
260822,1,1,0,0,0,0,0,0,0,0,0,0
260823,1,1,0,0,0,0,0,0,0,0,0,0
260823,2,1,0,0,0,0,0,14,0,0,0,0
260824,1,1,29,24,6,15,17,15,27,11,8,29
260825,0,1,0,0,0,0,0,35,0,0,0,0
260825,1,1,0,0,6,0,0,18,0,0,0,0
260826,1,1,0,0,0,0,0,0,0,0,0,0
260827,1,1,0,0,0,0,0,0,0,0,0,0
260828,1,1,19,19,19,19,19,19,19,19,19,19
260828,2,1,0,0,0,0,0,0,0,0,0,0
260828,3,1,0,0,0,0,0,0,0,0,0,0
260829,1,1,0,0,0,0,0,0,0,0,0,32
260830,1,1,0,0,0,0,0,0,0,0,0,0
260831,0,1,31,31,31,31,31,31,31,31,31,31
260831,1,1,0,0,0,0,0,0,0,0,0,0
260832,0,1,0,0,20,0,0,0,0,0,0,22
260832,1,1,8,8,8,8,8,8,8,8,8,8
260833,0,1,0,0,0,0,0,0,0,23,0,0
260833,1,1,0,0,0,0,0,0,0,0,0,0
260834,0,1,20,20,20,20,20,20,20,20,20,20
260834,1,1,0,0,0,0,0,0,0,0,0,0
260835,0,1,0,0,0,0,0,0,0,0,0,0
260835,1,1,0,0,0,0,0,0,0,0,0,0
260836,1,1,0,0,0,0,0,0,0,0,0,0
260836,2,1,0,0,0,0,0,0,0,0,0,0
260837,1,1,0,0,0,0,0,0,0,0,0,0
260837,2,1,0,0,0,0,0,0,0,0,0,0
260838,1,1,0,0,0,0,0,0,0,0,0,0
260838,2,1,0,0,0,0,0,0,0,0,0,0
260839,1,1,0,0,0,0,0,0,0,0,0,0
260839,2,1,0,0,0,17,0,0,0,0,0,0
260840,0,1,0,0,0,0,0,20,0,19,23,0
260840,1,1,0,0,0,0,0,0,0,0,0,0
260841,0,1,0,0,0,0,0,0,0,0,0,0
260841,1,1,0,0,0,0,0,0,0,0,0,0
260842,1,1,0,0,0,0,0,0,0,0,0,0
260842,2,1,0,0,0,0,0,0,0,0,0,0
260843,1,1,20,20,20,20,20,20,20,20,20,20
260844,1,1,0,0,12,0,0,16,0,0,9,25
260845,1,1,10,33,20,34,21,24,24,6,12,35
260846,0,1,0,23,0,0,0,0,0,0,0,0
260846,1,1,0,0,0,0,0,0,0,0,0,0
260847,1,1,14,0,0,0,0,0,0,0,0,0
260847,2,1,0,0,0,0,0,0,0,0,0,0
260848,1,1,0,0,0,0,0,0,0,0,0,0
260849,1,1,0,0,8,17,0,0,0,12,0,0
260849,2,1,0,0,0,0,0,10,0,0,0,0
260849,3,1,0,0,0,0,0,0,0,0,0,0
260850,1,1,0,0,0,0,0,0,0,0,0,0
260850,2,1,0,0,0,0,0,0,0,0,0,0
260851,1,1,19,19,19,19,19,19,19,19,19,19
260852,1,1,0,0,0,0,0,0,0,0,0,0
260852,2,1,0,0,0,0,0,0,0,6,10,0
260853,1,1,0,0,0,0,0,0,0,0,0,0
260854,1,1,0,0,0,0,0,0,0,0,0,0
260855,1,1,12,23,13,21,16,25,15,12,0,23
260856,1,1,0,0,0,0,0,0,0,0,0,0
260856,2,1,0,0,0,0,0,0,0,0,0,0
260857,1,1,0,0,0,0,0,0,0,0,0,0
260858,1,1,27,15,15,19,12,15,21,24,21,15
260859,1,1,0,0,0,0,0,0,0,0,0,0
260859,2,1,0,0,0,0,0,0,0,0,0,0
260860,1,1,0,0,0,0,0,0,0,0,0,0
260860,2,1,0,0,0,0,0,0,0,0,0,0
260861,0,1,0,0,0,0,0,0,0,0,0,0
260861,1,1,0,0,0,0,0,0,0,0,0,0
260862,1,1,0,0,0,0,0,0,0,0,0,0
260862,2,1,0,0,0,0,0,0,0,0,0,0
260862,3,1,0,0,0,0,0,0,0,0,0,0
260863,1,1,0,0,29,12,7,12,0,0,19,0
260864,0,1,0,0,0,0,0,11,0,0,0,0
260864,1,1,0,0,0,0,0,0,0,0,0,0
260865,1,1,0,0,0,0,0,19,7,0,0,0
260866,1,1,0,0,0,0,0,0,0,0,0,0
260866,2,1,0,0,0,0,0,0,0,0,0,0
260867,0,1,19,0,0,0,0,0,0,0,0,0
260867,1,1,0,0,0,0,0,0,0,0,0,0
260868,1,1,0,0,0,0,0,0,0,0,0,0
260868,2,1,0,0,0,0,0,0,0,0,0,0
260869,0,1,25,0,0,47,0,0,0,0,0,0
260869,0,2,0,0,0,31,0,0,0,0,21,0
260869,1,1,0,0,0,0,0,0,0,0,0,0
260870,1,1,0,0,0,0,0,0,0,0,0,0
260870,2,1,0,0,0,0,17,0,0,0,0,0
260872,0,1,2,2,2,2,2,2,2,2,2,2
260872,1,1,0,0,0,0,0,0,0,0,0,0
260873,1,1,0,0,0,0,0,0,0,0,0,0
260874,1,1,30,30,30,30,30,30,30,30,30,30
260875,1,1,0,0,0,0,0,0,11,0,13,0
260875,2,1,0,0,0,0,0,0,0,0,0,0
260876,1,1,19,19,19,19,19,19,19,19,19,19
260877,0,1,25,25,25,25,25,25,25,25,25,25
260877,1,1,3,3,3,3,3,3,3,3,3,3
260878,1,1,0,0,0,0,25,0,0,0,0,0
260879,0,1,18,18,18,18,18,18,18,18,18,18
260879,1,1,24,0,0,28,0,0,0,17,9,0
260880,1,1,0,0,0,0,0,0,0,0,0,0
260880,2,1,0,0,0,0,0,0,0,0,0,0
260881,0,1,0,0,0,39,0,0,0,0,0,0
260881,1,1,0,0,0,0,0,0,0,0,0,0
260882,0,1,0,18,0,0,0,0,13,0,0,19
260882,1,1,0,15,26,12,0,0,22,0,19,0
260883,1,1,0,0,0,0,0,0,0,0,0,0
260883,2,1,0,0,0,0,0,0,0,0,0,0
260884,0,1,0,0,0,0,0,0,0,0,0,42
260884,1,1,0,0,0,0,0,0,0,0,0,0
260885,0,1,21,0,24,35,38,7,24,4,2,13
260885,1,1,0,0,0,0,0,3,0,0,14,0
260886,1,1,0,0,0,0,0,0,0,0,0,0
260886,2,1,0,0,0,0,0,0,0,0,0,0
260887,1,1,32,11,17,0,0,19,0,21,0,12
260888,0,1,0,0,0,0,0,0,0,0,0,0
260888,1,1,0,0,0,0,0,0,0,0,0,0
260889,1,1,0,0,0,0,0,0,0,0,0,0
260889,2,1,0,0,0,17,0,0,0,0,0,0
260890,1,1,0,0,0,0,0,0,0,0,0,0
260891,1,1,19,26,26,17,20,0,15,14,18,10
260892,0,1,0,0,0,0,0,0,0,0,0,0
260892,1,1,0,0,0,0,0,0,0,0,0,0
260893,1,1,0,0,0,0,0,0,0,0,0,0
260893,2,1,0,0,0,0,0,0,0,0,0,0
260894,0,1,0,0,0,0,0,0,0,0,0,0
260894,1,1,0,0,0,0,0,0,0,0,0,0
260895,1,1,0,0,0,0,0,0,0,0,0,0
260896,1,1,0,0,0,0,0,24,0,0,7,0
260897,0,1,0,0,0,0,0,0,0,0,0,0
260897,1,1,0,0,0,0,0,5,0,0,0,0
260897,2,1,0,0,0,0,0,0,0,0,0,0
260898,0,1,38,38,38,38,38,38,38,38,38,38
260898,1,1,0,0,0,0,0,0,0,0,0,0
260899,0,1,16,16,16,16,16,16,16,16,16,16
260899,1,1,0,0,0,0,0,0,0,0,0,0
260900,1,1,0,0,0,0,0,0,0,0,0,0
260901,1,1,22,22,22,22,22,22,22,22,22,22
260902,1,1,0,0,0,0,0,0,0,0,0,0
260903,0,1,0,0,0,0,0,0,0,0,0,0
260904,1,1,0,0,0,0,0,0,0,0,0,0
260904,2,1,0,0,0,0,0,0,0,0,0,17
260905,1,1,0,0,0,0,0,0,0,0,0,0
260905,2,1,0,0,0,0,0,0,0,0,0,0
260905,3,1,0,0,0,0,0,0,0,0,0,0
260906,0,1,0,0,0,0,0,0,0,0,0,0
260906,1,1,0,0,0,0,0,0,0,0,0,0
260907,1,1,0,0,0,0,0,0,0,0,0,0
260907,2,1,0,0,0,0,0,0,0,0,0,0
260908,0,1,0,0,0,0,0,0,0,0,0,0
260908,1,1,0,0,0,0,0,0,0,0,0,0
260909,1,1,0,0,0,0,0,0,0,0,0,0
260909,2,1,0,14,0,13,0,0,0,0,27,0
260910,1,1,0,0,0,0,0,0,0,0,0,0
260910,2,1,0,0,0,0,0,0,0,0,0,0
260911,1,1,0,0,0,0,0,0,0,0,0,0
260911,2,1,0,0,0,0,0,0,0,0,0,0
260912,1,1,6,0,9,25,17,7,19,9,15,19
260912,2,1,14,14,14,14,14,14,14,14,14,14
260912,3,1,0,0,0,0,0,0,0,0,0,0
260913,1,1,0,0,0,0,0,0,0,0,0,0
260913,2,1,0,0,0,0,0,0,0,0,0,26
260914,1,1,22,23,11,4,20,13,12,2,19,23
260915,1,1,0,0,0,0,0,0,0,0,0,0
260915,2,1,0,0,0,0,0,0,0,0,0,0
260916,1,1,16,0,0,0,0,0,0,0,0,0
260917,0,1,31,27,30,17,15,13,14,24,15,9
260917,1,1,0,14,0,16,0,0,0,14,0,0
260918,1,1,0,0,0,0,0,0,0,0,0,0
260918,2,1,0,0,0,0,0,0,0,0,0,8
260919,1,1,23,23,23,23,23,23,23,23,23,23
260920,0,1,0,0,0,0,0,0,0,0,0,0
260920,1,1,0,0,0,0,0,0,0,0,0,0
260921,1,1,3,0,11,0,23,14,0,0,22,23
260921,2,1,0,13,0,0,10,0,0,0,0,0
260922,1,1,0,4,0,0,0,0,0,0,0,0
260922,2,1,0,0,0,0,0,0,0,0,0,0
260923,1,1,0,0,0,0,0,0,0,0,0,0
260923,2,1,0,0,0,0,0,0,0,0,0,0
260924,0,1,0,9,0,0,0,0,0,0,0,0
260924,1,1,0,28,0,0,0,0,0,0,0,0
260925,1,1,0,0,0,23,0,0,0,0,0,0
260925,2,1,0,0,0,0,0,0,0,0,20,0
260926,1,1,20,20,20,20,20,20,20,20,20,20
260926,2,1,0,0,0,0,0,0,0,0,0,0
260927,0,1,0,0,33,41,0,0,0,0,0,0
260927,1,1,5,5,5,5,5,5,5,5,5,5
260928,1,1,0,0,0,0,0,0,0,0,0,0
260928,2,1,0,0,0,0,0,0,0,0,0,0
260929,1,1,0,0,0,0,0,0,0,0,0,0
260929,2,1,0,0,0,0,0,0,0,0,0,0
260930,1,1,0,0,0,0,0,0,0,0,0,0
260930,2,1,0,0,0,0,0,0,0,0,0,0
260931,1,1,0,0,0,0,0,0,0,0,0,0
260932,1,1,30,30,30,30,30,30,30,30,30,30
260933,1,1,0,0,0,0,0,0,0,0,0,0
260933,2,1,0,0,0,0,0,0,0,0,0,0
260934,1,1,16,16,16,16,16,16,16,16,16,16
260934,2,1,4,0,0,22,28,5,0,0,0,0
260934,3,1,22,0,0,0,0,0,0,0,0,0
260935,0,1,35,35,35,35,35,35,35,35,35,35
260935,1,1,0,0,0,0,0,0,0,0,0,0
260936,1,1,0,0,0,0,0,0,0,0,0,0
260936,2,1,0,0,0,0,0,0,0,0,0,0
260936,3,1,0,0,0,0,0,0,0,0,0,0
260937,0,1,0,0,0,0,0,0,0,0,0,0
260937,1,1,0,0,0,0,0,12,0,0,0,0
260938,1,1,0,0,0,0,0,0,0,0,18,12
260939,1,2,16,7,13,16,0,16,12,0,10,0
260940,0,1,0,0,0,0,0,0,0,0,0,22
260940,1,1,0,0,0,0,7,0,0,0,0,0
260941,1,1,0,0,0,0,0,0,0,0,0,0
260941,2,1,0,0,0,0,0,0,0,0,0,0
260942,1,1,1,1,1,1,1,1,1,1,1,1
260942,2,1,0,0,0,0,0,0,0,0,0,0
260943,0,1,0,0,0,0,0,0,0,7,0,0
260943,1,1,0,0,0,0,0,0,0,0,0,17
260944,1,1,0,0,0,7,0,0,0,0,15,0
260945,1,1,0,0,0,0,0,0,0,0,0,0
260945,2,1,0,0,0,0,0,0,0,0,0,0
260945,3,1,0,0,0,0,0,0,0,0,0,0
260946,1,1,0,0,0,0,0,0,0,0,0,19
260946,2,1,0,0,0,0,0,0,0,0,0,0
260947,1,1,0,0,0,0,0,0,0,0,0,0
260947,2,1,0,0,0,0,0,0,0,0,0,0
260948,1,1,0,0,0,0,0,0,0,0,0,0
260949,0,1,0,0,0,0,0,0,0,0,0,0
260949,1,1,0,0,0,0,0,0,0,0,0,0
260950,1,1,19,24,19,12,19,37,32,10,21,22
260951,0,1,0,0,0,0,0,0,19,0,0,0
260951,1,1,0,0,0,0,0,0,0,0,0,0
260952,1,1,0,0,0,0,0,0,0,0,0,0
260952,2,1,0,0,0,0,0,0,0,0,0,0
260953,1,1,0,0,0,0,0,0,0,0,0,0
260953,2,1,0,0,0,0,0,0,0,0,0,0
260954,1,1,24,24,24,24,24,24,24,24,24,24
260955,1,1,18,18,18,18,18,18,18,18,18,18
260955,2,1,0,0,0,0,0,0,0,0,12,6
260956,0,1,0,0,0,0,0,0,0,0,0,0
260956,1,1,0,0,0,0,0,0,0,0,0,0
260957,1,1,35,35,35,35,35,35,35,35,35,35
260957,2,1,0,0,0,0,0,0,0,0,0,0
260958,0,1,0,0,36,0,0,0,0,0,0,0
260958,1,1,0,0,17,0,11,0,22,0,0,0
260959,1,1,7,21,2,10,10,11,14,0,10,26
260960,1,1,0,0,0,0,0,0,0,0,0,0
260960,2,1,0,0,0,0,0,0,0,0,0,0
260961,1,1,26,26,26,26,26,26,26,26,26,26
260962,1,1,0,0,0,0,0,0,0,0,0,0
260962,2,1,0,0,0,0,0,0,0,0,0,0
260963,1,1,0,0,0,0,0,0,0,0,0,0
260963,2,1,0,0,0,0,0,0,0,0,0,0
260964,1,1,0,0,0,0,0,0,0,0,0,0
260964,2,1,0,0,0,0,0,0,0,0,0,0
260965,1,1,23,23,23,23,23,23,23,23,23,23
260965,2,1,0,0,0,0,7,0,0,0,0,0
260966,1,1,0,0,0,0,0,0,0,0,0,0
260967,1,1,0,0,0,0,0,0,0,0,0,0
260968,1,1,0,0,0,0,0,0,0,0,0,0
260968,2,1,0,0,0,0,0,0,0,0,0,0
260969,1,1,0,0,0,0,0,0,0,0,0,0
260970,0,1,15,15,15,15,15,15,15,15,15,15
260970,1,1,14,14,14,14,14,14,14,14,14,14
260971,0,1,0,9,30,0,0,0,41,0,0,0
260971,1,1,0,0,0,0,0,0,0,0,0,0
260972,1,1,22,22,22,22,22,22,22,22,22,22
260973,1,1,0,0,0,0,0,0,0,0,0,0
260973,2,1,0,0,0,0,0,0,0,0,0,0
260974,1,1,27,27,27,27,27,27,27,27,27,27
260974,2,1,0,0,0,0,0,0,0,0,0,0
260974,3,1,0,0,0,0,0,0,0,0,0,0
260975,1,1,0,0,12,0,0,0,0,0,0,0
260975,2,1,4,0,0,9,11,0,0,0,0,0
260975,3,1,0,14,0,0,0,0,0,0,0,0
260976,1,1,0,0,0,0,5,0,0,0,0,0
260976,2,1,0,0,0,0,0,0,0,0,0,0
260976,3,1,0,0,0,0,0,0,0,0,0,0
260977,1,1,0,0,0,0,0,0,0,0,0,0
260977,2,1,0,0,0,0,0,0,0,13,0,0
260978,1,1,0,0,0,0,0,0,0,0,0,0
260978,2,1,0,0,0,0,0,0,18,0,0,0
260979,1,1,0,0,0,0,0,0,0,0,0,0
260980,1,1,0,0,0,0,0,0,0,0,0,0
260981,1,1,27,18,22,25,20,27,34,11,14,4
260981,2,1,0,0,0,0,0,0,0,0,0,0
260981,3,1,0,0,0,0,0,0,0,0,0,0
260982,1,1,26,18,0,0,0,37,21,12,0,0
260982,2,1,0,0,0,0,0,0,0,0,0,0
260983,0,1,6,0,0,0,0,12,0,21,0,0
260983,1,1,0,0,28,0,27,0,0,0,0,0
260985,0,1,0,0,0,15,0,0,0,0,0,0
260985,1,1,0,0,0,0,0,0,0,0,0,0
260985,3,1,0,0,0,0,0,0,0,0,0,0
260986,1,1,12,12,12,12,12,12,12,12,12,12
260987,1,1,13,13,13,13,13,13,13,13,13,13
260987,2,1,0,0,0,0,0,0,19,0,0,0
260988,0,1,0,0,0,0,0,0,0,0,0,0