ST_CASE,VEH_NO,PER_NO,P1,P2,P3,P4,P5,P6,P7,P8,P9,P10
270297,1,1,0,0,0,0,0,0,0,0,0,0
270297,2,1,0,0,0,0,0,0,0,0,0,0
270298,0,1,0,0,0,0,0,0,0,0,0,0
270298,1,1,0,0,0,0,0,0,0,0,0,0
270299,0,1,16,17,11,0,0,0,0,0,0,0
270299,1,1,0,0,0,0,0,12,0,0,0,0
270300,0,1,0,0,0,0,0,0,0,0,0,0
270300,1,1,0,0,0,0,0,0,0,0,0,0
270302,1,1,16,16,16,16,16,16,16,16,16,16
270302,2,1,0,0,0,0,0,0,0,0,0,38
270303,1,1,0,0,0,0,0,0,0,0,0,0
270303,2,1,0,0,0,0,0,0,0,0,0,0
270304,1,1,0,0,0,0,0,0,0,0,0,0
270304,2,1,0,0,0,0,13,0,0,0,0,0
270305,1,1,0,0,0,0,0,0,0,0,0,0
270305,2,1,0,19,0,0,0,0,0,0,10,0
270306,1,1,0,0,0,0,0,0,0,0,0,0
270306,2,1,0,0,0,0,0,0,0,0,0,0
270307,1,1,0,0,0,0,0,0,0,0,0,0
270307,2,1,0,0,0,0,0,0,0,0,0,0
270308,1,1,0,0,0,0,0,0,0,0,0,0
270309,0,1,0,0,0,0,0,0,0,0,0,0
270309,1,1,0,0,9,0,0,0,9,0,0,0
270310,0,1,32,32,32,32,32,32,32,32,32,32
270310,1,1,0,0,0,0,0,0,0,0,0,0
270311,1,1,0,0,0,0,0,0,0,0,0,0
270311,2,1,0,0,0,0,0,0,0,0,0,0
270312,1,1,9,9,9,9,9,9,9,9,9,9
270312,2,1,0,0,0,0,0,0,0,0,0,0
270313,1,1,0,16,0,0,0,0,0,0,0,0
270313,2,1,0,0,0,0,0,0,0,0,0,0
270314,1,1,0,0,0,26,0,0,0,0,0,0
270314,2,1,0,0,0,0,0,0,0,0,0,0
270315,1,1,0,0,0,0,0,0,0,0,0,0
270315,2,1,0,0,0,0,0,0,0,0,0,0
270316,0,1,25,25,25,25,25,25,25,25,25,25
270316,1,1,0,0,0,0,0,0,0,0,0,0
270317,1,1,0,0,0,0,0,0,0,0,0,0
270318,1,1,0,0,0,0,0,0,0,0,0,0
270319,0,1,0,0,0,0,0,0,0,0,0,0
270319,1,1,0,0,0,0,0,0,0,0,0,0
270320,1,1,0,0,0,0,0,0,0,0,0,0
270320,2,1,0,0,0,0,0,0,0,0,0,0
270321,1,1,0,0,0,0,0,0,0,0,0,0
270321,2,1,0,0,0,0,0,0,0,0,0,0
270322,1,1,0,0,0,0,0,0,0,0,0,0
270322,2,1,0,0,0,0,0,0,0,0,0,0
270323,0,1,24,24,24,24,24,24,24,24,24,24
270323,1,1,11,11,11,11,11,11,11,11,11,11
270324,1,1,5,0,0,9,13,26,0,17,0,15
270325,1,1,0,16,0,27,0,19,0,0,0,0
270326,1,1,5,0,0,0,0,0,0,26,0,0
270326,2,1,0,0,0,0,0,0,0,0,0,0
270327,1,1,0,0,0,0,0,0,0,0,0,0
270327,2,1,0,0,0,0,0,0,23,0,5,13
270328,0,1,0,0,0,0,0,0,0,0,0,0
270328,1,1,0,0,0,0,0,0,0,0,0,0
270330,1,1,0,0,0,0,0,0,0,0,0,0
270330,2,1,0,0,0,0,0,0,0,0,0,0
270332,1,1,0,0,0,0,0,0,0,0,0,0
270332,2,1,10,0,0,0,0,0,0,0,0,0
270333,0,1,0,0,0,0,0,0,0,0,0,0
270333,1,1,0,8,0,0,0,0,0,0,3,0
270334,1,1,0,0,0,0,0,0,0,0,0,0
270334,2,1,0,0,0,0,0,0,0,0,0,0
270335,1,1,0,0,0,5,0,0,0,0,0,0
270335,2,1,0,0,0,0,0,0,0,0,0,0
270336,1,1,6,6,6,6,6,6,6,6,6,6
270336,2,1,0,0,0,0,0,14,0,0,0,0
270337,1,1,0,0,0,0,0,0,0,0,0,0
270337,2,1,0,10,0,0,0,0,0,0,0,0
270338,0,1,0,0,0,0,0,0,0,0,0,0
270338,2,1,0,0,0,0,0,0,0,0,0,0
270339,1,1,6,6,6,6,6,6,6,6,6,6
270339,2,1,0,0,0,0,0,0,0,0,0,0
270341,1,1,0,0,0,0,0,0,0,0,0,0
270341,2,1,0,0,0,0,0,0,0,0,0,0
270342,1,1,14,14,14,14,14,14,14,14,14,14
270343,1,1,0,0,0,0,0,0,0,0,0,0
270343,2,1,0,0,0,0,0,0,0,0,0,0
270344,0,1,0,0,0,0,0,0,0,0,0,0
270344,1,1,0,0,0,0,0,0,0,0,0,0
270345,1,1,0,0,0,0,0,0,0,0,0,0
270346,1,1,0,0,0,0,0,0,0,0,0,0
270346,2,1,0,0,0,0,0,0,0,0,0,0
270347,1,1,0,0,0,0,0,0,0,0,0,0
270347,2,1,0,0,0,0,0,6,0,17,0,0
270348,1,1,0,0,0,0,0,0,0,0,0,0
270348,2,1,0,0,0,0,0,0,0,0,0,0
270349,1,1,0,0,0,0,0,0,0,0,0,0
270350,1,1,24,24,24,24,24,24,24,24,24,24
270350,2,1,0,0,0,0,0,0,0,0,0,0
270351,1,1,0,0,0,0,0,0,0,0,0,0
270352,1,1,20,0,0,0,0,0,0,0,0,11
270352,2,1,0,0,0,0,0,0,0,0,0,0
270353,1,1,0,0,0,0,0,0,0,0,0,0
270353,2,1,0,0,0,0,0,0,0,0,0,0
270354,1,1,0,0,0,0,0,0,0,0,0,0
270354,2,1,0,0,0,0,0,0,0,0,0,0
270355,1,1,0,0,0,0,0,0,0,0,0,0
270355,2,1,0,0,0,0,10,0,0,0,0,0
270356,0,1,0,0,0,0,0,0,0,0,0,0
270356,0,2,26,19,0,29,23,27,7,22,0,35
270356,1,1,0,0,0,0,0,0,0,0,0,0
270357,1,1,0,0,0,0,0,0,0,0,0,0
270357,2,1,0,0,0,0,0,0,0,0,0,0
270358,1,1,0,0,0,8,0,0,0,0,0,0
270358,2,1,0,0,0,0,0,0,0,0,0,0
270359,1,1,0,20,0,0,0,0,0,0,0,0
270359,2,1,0,0,0,0,0,0,0,11,0,0
270360,1,1,32,22,16,20,23,14,15,21,19,13
270360,2,1,0,0,0,0,0,0,0,0,0,0
270361,0,1,0,0,0,0,0,0,0,0,0,0
270361,1,1,0,0,0,0,0,0,0,0,0,0
270362,0,1,3,3,3,3,3,3,3,3,3,3
270362,1,1,0,0,0,0,12,23,0,0,0,0
270363,1,1,0,0,0,0,0,0,0,0,0,0
270363,2,1,0,0,0,0,0,19,20,0,0,0
270364,1,1,0,0,0,0,0,0,0,0,0,0
270364,2,1,0,0,0,0,0,0,0,0,0,0
270365,0,1,27,27,27,27,27,27,27,27,27,27
270365,1,1,9,16,18,11,4,14,7,8,6,13
270366,1,1,24,24,24,24,24,24,24,24,24,24
270367,0,1,13,13,13,13,13,13,13,13,13,13
270367,1,1,0,0,0,0,0,9,0,0,0,0
270368,1,1,13,13,13,13,13,13,13,13,13,13
270369,1,1,0,0,0,0,0,0,0,0,0,0
270370,1,1,0,0,0,0,0,10,0,0,0,0
270371,1,1,0,0,0,0,0,0,0,0,0,0
270372,1,1,0,0,0,0,0,0,0,0,0,0
270373,1,1,0,17,0,0,0,0,0,0,0,0
270374,1,1,14,0,0,0,0,0,0,0,8,0
270374,2,1,0,0,0,0,0,0,0,0,0,0
270374,3,1,0,0,0,0,0,0,0,0,0,0
270375,1,1,0,0,0,0,0,11,0,0,0,0
270375,2,1,12,0,0,0,0,0,0,0,19,0
270376,1,1,0,0,0,0,11,0,18,0,13,27
280001,1,1,0,0,0,0,0,0,0,0,0,0
280001,2,1,0,0,0,0,0,0,0,0,0,0
280002,1,1,0,0,0,0,0,0,0,0,0,0
280003,1,1,0,0,0,0,0,0,0,0,0,0
280003,2,1,0,0,0,0,0,0,0,0,0,0
280004,0,1,21,12,0,22,36,0,0,25,0,33
280004,1,1,0,27,18,18,0,0,0,35,5,0
280007,0,1,0,0,0,0,0,0,0,0,0,0
280007,1,1,0,0,0,0,0,0,0,0,0,0
280008,1,1,0,0,0,0,0,0,0,0,0,0
280008,2,1,0,0,0,0,0,0,0,0,0,0
280009,1,1,0,0,5,0,0,0,0,0,0,0
280010,1,1,26,0,0,0,0,34,0,0,0,8
280011,1,1,0,0,0,0,0,0,0,0,0,0
280012,1,1,8,8,8,8,8,8,8,8,8,8
280012,2,1,0,0,0,0,0,0,0,0,0,0
280013,1,1,0,0,0,0,0,0,0,0,0,0
280013,2,1,0,7,0,0,0,0,0,0,0,0
280014,1,1,0,0,0,0,0,0,0,0,11,0
280014,2,1,0,0,0,0,0,0,0,0,0,0
280015,1,1,9,9,9,9,9,9,9,9,9,9
280016,1,1,3,3,3,3,3,3,3,3,3,3
280017,1,1,16,16,16,16,16,16,16,16,16,16
280017,2,1,0,0,0,0,0,0,0,0,0,2
280017,3,1,0,0,0,0,0,0,0,0,0,11
280017,4,1,0,0,0,0,0,0,0,0,0,0
280018,1,1,28,13,28,16,12,5,4,13,7,16
280019,1,1,0,0,0,0,0,0,0,0,0,0
280019,2,1,0,0,0,0,0,0,0,0,0,0
280020,1,1,0,0,0,0,0,0,0,0,0,0
280021,1,1,0,0,0,0,0,0,0,0,0,0
280021,2,1,0,0,0,0,0,0,0,0,0,0
280022,1,1,0,0,0,0,0,0,0,0,0,0
280022,2,1,0,0,0,0,0,0,0,0,0,0
280023,1,1,13,13,13,13,13,13,13,13,13,13
280023,2,1,0,0,0,0,0,0,0,0,0,0
280024,1,1,0,0,0,0,0,0,0,0,0,0
280025,1,1,0,0,0,0,0,0,0,0,0,51
280025,2,1,17,0,24,0,0,0,30,0,0,0
280025,3,1,23,23,23,23,23,23,23,23,23,23
280026,1,1,0,0,18,0,0,0,0,37,0,0
280027,1,1,0,18,0,0,0,0,14,14,0,0
280028,1,1,0,0,0,0,0,0,0,0,0,0
280029,1,1,0,0,0,0,0,0,0,20,13,0
280030,1,1,0,0,12,0,0,0,0,24,0,0
280031,1,1,0,0,0,0,0,0,0,0,0,0
280031,2,1,0,0,0,0,0,0,0,0,0,0
280032,1,1,0,0,0,0,0,0,0,0,0,0
280033,1,1,0,0,0,0,0,0,0,0,0,0
280034,1,1,4,0,0,0,0,0,0,0,0,0
280034,2,1,0,0,0,0,0,0,0,0,0,0
280035,1,1,0,0,0,0,0,0,0,0,0,0
280036,1,1,0,0,0,0,0,0,0,0,0,0
280037,0,1,0,0,0,0,0,0,0,29,0,0
280037,1,1,0,25,0,0,0,13,0,0,0,3
280038,1,1,0,0,0,0,0,0,0,0,0,0
280038,2,1,0,0,0,0,0,0,0,0,0,0
280039,0,1,0,0,0,0,17,0,0,20,0,0
280039,1,1,0,0,0,0,0,0,0,1,0,0
280040,1,1,0,0,0,0,0,0,0,0,0,0
280041,1,1,17,17,17,17,17,17,17,17,17,17
280042,0,1,0,18,0,0,12,20,0,14,38,0
280042,0,2,15,3,0,0,24,0,26,0,19,32
280042,1,1,0,0,0,15,0,0,13,21,0,0
280043,0,1,0,0,0,0,0,0,17,0,30,0
280043,1,1,0,0,0,0,0,0,0,0,0,0
280044,1,1,0,0,0,0,0,0,0,0,0,0
280045,0,1,7,7,7,7,7,7,7,7,7,7
280045,1,1,16,16,16,16,16,16,16,16,16,16
280046,0,1,14,14,14,14,14,14,14,14,14,14
280046,1,1,14,14,14,14,14,14,14,14,14,14
280047,1,1,0,0,0,0,0,0,0,0,0,0
280047,2,1,18,18,18,18,18,18,18,18,18,18
280048,1,1,0,0,0,0,0,0,0,0,0,0
280048,2,1,0,0,0,0,0,0,0,0,0,0
280049,1,1,0,0,0,0,0,0,0,0,0,0
280049,2,1,0,0,0,0,0,0,0,0,0,3
280050,1,1,0,0,0,0,0,0,0,0,0,0
280050,2,1,0,0,0,0,0,0,0,0,0,0
280050,3,1,0,0,0,0,0,15,0,0,0,0
280050,4,1,0,0,0,0,0,0,0,0,0,0
280050,5,1,3,3,3,3,3,3,3,3,3,3
280050,6,1,0,0,0,0,0,0,0,3,0,0
280051,1,1,0,0,0,0,0,0,0,0,0,0
280051,2,1,0,0,0,0,0,0,0,0,0,0
280052,1,1,25,25,25,25,25,25,25,25,25,25
280053,1,1,0,0,0,0,0,0,0,0,0,0
280053,2,1,0,0,0,0,0,0,0,0,0,0
280054,1,1,0,0,0,0,0,0,0,0,0,0
280054,2,1,0,0,0,0,0,0,0,0,0,0
280055,0,1,0,0,0,0,0,13,0,0,12,0
280055,1,1,0,0,0,0,0,0,0,0,0,0
280056,1,1,0,0,0,0,0,0,0,0,0,0
280057,1,1,0,0,0,0,0,0,0,0,0,0
280057,2,1,0,0,0,0,0,0,19,0,0,0
280058,1,1,13,13,13,13,13,13,13,13,13,13
280059,1,1,0,0,0,0,0,0,0,0,0,0
280059,2,1,23,0,0,0,0,0,21,0,0,0
280060,1,1,2,2,2,2,2,2,2,2,2,2
280061,1,1,32,32,32,32,32,32,32,32,32,32
280062,0,1,0,0,0,0,13,0,0,0,0,0
280062,1,1,0,0,0,9,4,0,0,0,0,0
280063,1,1,0,0,0,0,0,0,0,0,0,0
280063,2,1,0,0,0,0,0,0,0,0,0,0
280064,1,1,0,0,0,0,0,0,0,0,0,0
280064,2,1,0,0,0,0,0,0,5,0,22,0
280065,1,1,9,9,0,0,29,0,0,0,0,0
280065,2,1,0,0,0,0,0,0,0,0,19,0
280066,1,1,0,0,0,0,0,0,0,0,0,0
280066,2,1,9,9,9,9,9,9,9,9,9,9
280067,1,1,0,0,0,0,0,0,0,0,0,0
280068,1,1,0,0,0,0,0,0,0,0,0,0
280068,2,1,0,0,0,0,0,0,0,0,0,0
280069,1,1,0,0,0,0,0,0,0,0,0,0
280070,1,1,0,0,0,0,0,0,0,0,0,0
280070,2,1,0,0,0,0,0,0,0,0,0,0
280071,1,1,0,0,0,0,0,0,0,0,0,0
280072,1,1,0,0,0,0,0,0,0,0,0,0
280072,2,1,0,0,0,0,0,0,0,0,0,0
280073,1,1,0,0,0,0,0,0,0,0,0,0
280074,0,1,0,30,20,18,0,0,0,0,0,0
280074,1,1,7,3,16,0,16,0,0,0,20,7
280075,1,1,0,0,0,5,0,0,0,0,27,0
280075,2,1,0,0,0,0,0,0,0,0,0,0
280076,1,1,18,4,0,0,0,13,21,0,0,0
280077,1,1,15,15,15,15,15,15,15,15,15,15
280078,1,1,32,11,9,27,0,28,11,31,16,16
280079,1,1,7,7,7,7,7,7,7,7,7,7
280079,2,1,0,0,0,0,0,0,0,0,0,0
280080,1,1,0,0,0,0,0,0,0,0,0,0
280080,2,1,0,0,0,0,0,0,0,0,0,0
280081,1,1,0,0,0,0,0,0,0,0,0,0
280081,2,1,0,0,0,0,0,0,0,0,0,24
280082,1,1,0,0,0,0,0,0,0,3,1,0
280082,2,1,0,4,0,0,0,0,19,0,12,0
280083,1,1,0,0,0,0,26,12,0,0,22,0
280084,1,1,0,0,0,0,0,0,0,0,0,0
280084,2,1,0,0,0,0,0,0,0,0,0,0
280085,1,1,0,0,0,0,0,0,0,0,0,0
280085,2,1,0,0,0,0,0,0,0,0,0,0
280086,1,1,0,0,0,0,0,0,0,0,0,0
280086,2,1,0,0,0,0,0,0,0,0,0,0
280087,0,1,35,35,35,35,35,35,35,35,35,35
280087,1,1,0,0,0,0,0,0,0,0,0,0
280088,1,1,0,0,0,0,7,0,0,0,0,0
280089,1,1,0,0,0,0,0,0,0,0,0,0
280090,0,1,0,0,30,0,0,0,0,0,0,0
280090,1,1,0,0,0,0,0,0,0,0,0,0
280091,1,1,0,0,12,6,12,0,30,0,15,0
280092,1,1,0,0,0,0,0,0,0,0,0,0
280092,2,1,0,0,0,0,0,0,4,0,24,0
280093,1,1,0,0,0,0,0,17,0,0,0,0
280094,1,1,0,0,0,0,0,21,0,0,0,0
280094,2,1,0,0,0,0,0,0,0,0,0,0
280094,3,1,0,0,0,0,0,0,0,0,0,0
280095,1,1,8,16,0,26,0,0,7,0,21,0
280095,2,1,0,0,0,0,0,0,0,0,0,0
280096,1,1,23,0,32,11,0,0,0,0,0,26
280097,1,1,0,0,0,0,0,0,0,0,0,0
280097,2,1,0,0,0,0,0,0,0,0,0,0
280098,0,1,5,5,5,5,5,5,5,5,5,5
280098,1,1,0,0,0,0,0,0,0,0,0,0
280099,1,1,0,0,0,14,0,0,0,0,0,0
280099,2,1,0,17,0,22,0,0,0,21,0,0
280100,1,1,0,0,0,0,0,0,0,9,0,0
280100,2,1,0,0,0,0,0,0,0,0,0,0
280101,1,1,7,11,0,14,0,29,0,25,0,0
280102,1,1,2,2,2,2,2,2,2,2,2,2
280102,2,1,9,9,9,9,9,9,9,9,9,9
280103,1,1,0,0,0,0,0,0,0,0,0,0
280103,2,1,0,0,0,0,0,0,0,0,0,0
280103,3,1,0,0,0,0,0,0,0,0,0,0
280104,1,1,0,0,0,0,11,0,0,0,0,0
280105,1,1,23,23,23,23,23,23,23,23,23,23
280106,0,1,16,17,0,0,12,12,46,0,14,0
280106,1,1,0,0,0,0,0,0,0,0,0,0
280107,1,1,0,0,0,0,0,0,0,0,0,0
280107,2,1,0,0,0,0,0,0,0,0,0,0
280109,1,1,0,0,0,0,0,0,0,0,0,0
280110,1,1,0,0,0,0,0,0,0,0,0,0
280110,2,1,0,0,0,0,0,0,0,0,0,0
280111,1,1,0,0,0,0,0,0,0,0,0,0
280112,1,1,0,0,0,0,0,0,0,0,10,0
280112,2,1,0,0,0,12,0,0,0,0,0,0
280113,1,1,0,0,0,0,0,0,0,0,0,0
280113,2,1,0,0,0,0,0,0,0,0,0,0
280114,0,1,0,0,0,0,0,0,0,0,0,0
280114,1,1,0,0,0,0,16,0,0,0,0,21
280115,1,1,0,0,0,4,9,0,0,0,0,0
280116,1,1,0,0,0,15,0,20,0,10,0,0
280116,2,1,0,0,0,0,0,0,0,0,0,0
280117,1,1,0,0,22,0,0,0,15,0,7,12
280118,1,1,0,0,0,0,0,0,0,0,0,0
280119,1,1,0,0,0,0,28,0,0,0,0,0
280120,1,1,0,0,0,0,0,44,0,0,0,0
280120,2,1,0,14,0,0,0,0,0,0,0,0
280121,1,1,0,0,0,0,0,0,0,0,0,0
280122,1,1,0,0,0,0,0,0,0,0,0,0
280122,2,1,0,0,0,0,0,0,0,0,0,0
280123,1,1,0,0,16,0,0,0,0,0,0,18
280124,0,1,0,0,0,0,0,0,0,0,0,0
280124,1,1,0,0,0,0,0,2,0,0,7,0
280125,1,1,0,0,0,0,0,0,0,0,0,0
280126,1,1,0,0,0,0,0,0,0,0,0,0
280127,1,1,0,0,0,0,0,0,0,0,0,0
280127,2,1,0,0,0,0,0,0,0,0,0,0
280128,1,1,0,0,0,0,0,0,0,0,0,0
280128,2,1,0,0,0,0,0,0,0,0,0,0
280129,1,1,0,0,0,0,0,0,0,0,0,0
280129,2,1,0,0,9,0,0,0,0,0,0,13
280130,1,1,34,34,34,34,34,34,34,34,34,34
280131,1,1,0,0,0,0,0,0,0,0,0,0
280131,2,1,0,0,0,0,0,0,0,0,0,0
280132,1,1,14,14,14,14,14,14,14,14,14,14
280133,1,1,23,23,23,23,23,23,23,23,23,23
280133,2,1,0,0,0,0,0,0,0,0,0,0
280133,3,1,0,0,0,0,0,0,0,0,0,0
280134,1,1,0,0,0,0,0,0,0,0,0,0
280135,1,1,0,0,11,0,12,0,0,0,0,0
280136,1,1,0,6,0,0,0,0,0,0,0,0
280136,2,1,17,17,17,17,17,17,17,17,17,17
280137,1,1,0,0,0,0,0,0,0,0,0,0
280138,1,1,1,1,1,1,1,1,1,1,1,1
280139,1,1,4,0,0,0,0,0,0,0,0,0
280139,2,1,0,0,0,0,0,0,0,0,0,0
280140,1,1,0,0,0,0,0,0,0,0,0,0
280141,1,1,0,0,0,0,0,0,0,0,0,0
280141,2,1,0,0,0,0,0,0,0,0,0,0
280142,1,1,0,0,0,0,0,0,0,0,0,0
280143,1,1,0,0,0,0,0,0,0,0,0,0
280143,2,1,0,0,0,0,0,0,0,0,0,0
280143,3,1,0,0,0,0,0,0,0,0,0,0
280144,1,1,17,17,17,17,17,17,17,17,17,17
280145,1,1,19,19,19,19,19,19,19,19,19,19
280146,1,1,0,0,0,0,0,0,0,0,0,0
280146,2,1,0,0,0,0,0,0,0,0,0,0
280147,1,1,0,4,0,0,0,0,0,0,0,0
280148,1,1,0,0,0,0,0,0,0,0,0,0
280149,1,1,0,0,0,0,0,0,0,0,0,0
280149,2,1,0,0,0,0,0,0,0,0,0,0
280150,1,1,0,0,0,0,0,0,0,0,0,0
280150,2,1,0,0,0,0,0,13,0,16,0,0
280151,1,1,0,0,18,0,0,0,0,0,0,0
280151,2,1,12,12,12,12,12,12,12,12,12,12
280152,1,1,0,0,0,0,0,0,0,0,0,0
280152,2,1,0,0,0,0,0,0,0,0,0,0
280152,3,1,0,0,0,0,0,0,0,0,0,0
280154,1,1,0,0,0,0,0,0,0,0,0,0
280155,1,1,0,0,0,0,0,0,0,0,28,0
280155,2,1,0,0,0,0,0,0,0,0,0,0
280156,1,1,0,0,0,0,0,0,0,0,0,0
280156,2,1,0,0,0,0,0,0,0,0,0,0
280157,1,1,0,0,0,0,0,0,0,0,0,0
280157,2,1,9,9,12,25,27,17,11,47,0,23
280158,1,1,19,0,0,0,0,0,0,0,0,0
280159,1,1,0,0,0,0,0,0,0,0,0,0
280160,0,1,0,0,0,0,0,0,0,0,0,0
280160,0,2,0,13,22,0,0,0,0,0,0,0
280160,1,1,0,0,0,0,0,0,0,0,0,0
280161,1,1,0,0,0,0,0,0,0,0,0,0
280161,2,1,0,0,0,0,0,0,0,0,0,0
280162,1,1,0,0,0,0,0,0,0,0,0,0
280162,2,1,0,0,0,0,0,0,0,0,0,0
280163,1,1,0,0,0,0,0,0,0,0,0,0
280163,2,1,0,0,0,0,0,0,0,0,0,0
280164,1,1,0,0,0,0,0,0,0,0,0,0
280165,1,1,0,0,0,0,0,0,0,0,0,0
280165,2,1,0,0,0,0,0,0,0,0,21,0
280166,1,1,0,0,0,0,0,0,0,0,0,0
280166,2,1,0,0,0,4,0,0,0,0,0,0
280166,3,1,0,0,0,0,0,0,0,0,0,0
280166,4,1,6,0,0,0,0,0,0,0,0,0
280167,1,1,0,0,0,0,0,0,0,0,0,0
280167,2,1,0,0,0,0,0,0,0,0,0,0
280168,1,1,0,0,0,0,0,0,0,0,0,0
280168,2,1,0,0,0,0,0,0,0,0,0,0
280168,3,1,0,0,0,0,0,0,0,0,0,0
280169,1,1,27,12,29,10,25,19,25,25,26,39
280170,0,1,0,0,0,0,0,0,20,0,14,0
280170,1,1,0,0,0,0,0,0,0,0,0,0
280171,1,1,0,0,0,0,0,0,0,0,0,0
280172,1,1,0,0,0,0,0,0,0,0,0,0
280172,2,1,0,0,0,0,0,0,0,0,0,0
280172,3,1,0,0,0,0,0,0,0,0,0,0
280173,1,1,0,0,0,0,0,0,0,0,0,0
280173,2,1,0,0,0,0,0,0,0,0,0,0
280174,1,1,0,0,0,0,0,0,0,0,0,0
280175,1,1,0,0,0,0,0,0,0,0,0,0
280176,1,1,0,0,0,0,0,0,0,0,0,0
280177,1,1,0,0,0,0,0,0,0,0,0,0
280178,1,1,0,0,0,0,0,0,0,0,0,0
280179,1,1,0,0,0,0,0,0,13,0,0,0
280179,2,1,0,16,0,0,0,0,0,0,0,0
280180,1,1,0,0,0,0,0,0,0,0,0,11
280181,1,1,0,0,0,0,0,0,0,0,0,0
280181,2,1,0,9,0,0,0,0,0,0,0,0
280182,1,1,0,0,0,0,0,3,0,0,0,4
280183,1,1,0,0,0,0,0,0,0,0,0,0
280184,1,1,0,0,0,0,0,0,18,0,0,0
280185,1,1,0,0,0,0,0,0,0,0,0,0
280185,2,1,0,0,0,0,0,0,0,0,0,0
280186,1,1,0,0,0,0,0,0,0,0,0,0
280186,2,1,0,0,0,0,0,0,0,0,0,0
280187,1,1,0,0,0,0,0,0,0,0,0,0
280188,1,1,0,0,0,0,0,0,0,0,0,0
280188,2,1,0,0,0,0,0,0,0,0,0,0
280189,1,1,0,0,0,0,0,0,0,0,0,0
280189,2,1,0,0,0,0,0,0,0,0,0,0
280190,1,1,0,0,0,0,0,0,0,0,0,0
280191,1,1,24,24,24,24,24,24,24,24,24,24
280192,1,1,0,0,0,17,0,0,32,0,0,0
280193,1,1,0,0,0,0,0,0,0,0,0,0
280193,2,1,0,0,0,0,0,0,0,0,0,0
280194,1,1,0,0,0,0,0,0,0,0,0,0
280194,2,1,0,0,0,0,0,0,0,0,0,0
280194,3,1,0,0,0,0,0,0,0,0,0,0
280195,1,1,0,0,0,0,0,0,0,0,0,0
280196,0,1,0,0,0,0,0,0,0,0,0,0
280196,1,1,0,0,0,0,0,0,0,0,0,0
280197,1,1,0,0,0,0,0,0,0,0,0,0
280198,1,1,0,16,0,0,0,0,0,0,0,0
280198,2,1,6,6,6,6,6,6,6,6,6,6
280199,1,1,0,0,0,0,0,0,0,0,0,0
280200,1,1,0,0,0,0,0,0,0,0,0,0
280200,2,1,0,0,0,0,0,0,0,0,0,0
280201,1,1,0,0,0,0,0,0,0,0,0,0
280201,2,1,30,30,30,30,30,30,30,30,30,30
280202,1,1,0,0,0,0,0,0,0,0,0,0
280202,2,1,0,0,6,0,0,0,0,0,0,20
280203,1,1,0,0,0,0,0,0,0,9,0,0
280204,1,1,0,0,7,0,0,0,0,33,12,0
280205,1,1,7,12,26,27,12,21,0,17,5,10
280206,1,1,0,0,13,0,0,0,0,23,0,0
280207,1,1,0,0,0,0,0,0,0,0,0,0
280208,1,1,0,0,0,0,0,0,0,0,0,0
280209,1,1,11,11,6,0,43,17,23,13,18,31
280210,1,1,0,0,0,0,0,0,0,0,0,0
280210,2,1,0,0,0,0,0,0,0,0,0,0
280210,3,1,0,0,0,0,0,0,0,8,0,0
280211,1,1,0,0,0,0,0,0,0,0,0,0
280211,2,1,0,0,0,0,0,0,0,0,0,0
280212,1,1,0,0,0,0,0,0,0,0,0,0
280213,1,1,0,0,0,0,0,0,0,0,0,0
280213,2,1,20,20,20,20,20,20,20,20,20,20
280214,1,1,0,0,0,7,0,0,0,0,0,0
280215,1,1,0,0,0,0,0,0,0,0,0,0
280216,1,1,0,0,0,0,0,0,0,0,0,0
280216,2,1,0,0,0,0,0,0,0,0,0,0
280217,1,1,0,0,0,0,0,0,0,0,0,0
280218,1,1,0,0,0,0,0,0,0,0,0,0
280219,1,1,21,21,21,21,21,21,21,21,21,21
280220,1,1,0,5,0,0,0,0,0,0,8,0
280221,1,1,0,0,0,0,0,0,0,0,0,0
280221,2,1,0,0,0,0,0,0,0,0,0,0
280222,1,1,0,0,0,0,0,0,0,0,0,0
280222,2,1,0,0,0,0,0,0,0,0,0,0
280223,1,1,30,0,0,0,12,0,0,0,0,0
280224,1,1,0,0,0,0,0,0,0,0,0,0
280225,1,1,0,0,0,0,0,0,4,0,0,0
280226,1,1,0,0,0,0,0,0,0,0,0,0
280226,2,1,0,0,0,0,0,0,0,0,0,0
280227,1,1,0,0,0,0,0,0,0,0,0,0
280228,1,1,0,0,0,0,0,0,0,0,0,0
280228,2,1,0,0,0,0,0,0,0,0,0,0
280229,1,1,0,0,21,9,17,41,0,22,0,6
280230,1,1,0,0,0,0,0,0,0,0,0,0
280230,2,1,0,0,0,0,0,0,0,0,0,0
280231,0,1,0,0,0,0,0,0,0,0,0,0
280231,1,1,0,0,0,0,0,0,0,0,0,0
280232,1,1,0,0,0,0,0,0,0,0,0,0
280233,1,1,0,0,0,0,0,0,0,0,0,0
280233,2,1,0,0,0,0,0,0,0,0,0,0
280234,1,1,0,0,0,0,0,0,0,0,28,0
280235,1,1,0,0,0,0,0,0,0,0,0,0
280236,1,1,0,0,0,0,0,0,0,0,0,0
280237,1,1,5,5,5,5,5,5,5,5,5,5
280238,1,1,0,0,0,0,0,0,0,0,0,0
280239,1,1,0,0,0,0,0,0,0,0,0,0
280240,1,1,0,0,0,0,0,0,0,0,0,0
280241,1,1,0,0,0,0,0,0,0,0,0,0
280241,2,1,0,0,0,0,0,0,0,0,0,0
280242,1,1,0,0,0,0,0,0,0,0,0,0
280242,2,1,0,0,0,0,0,0,0,0,0,0
280243,1,1,5,5,5,5,5,5,5,5,5,5
280244,1,1,0,0,0,0,0,0,0,0,0,0