ST_CASE,VEH_NO,PER_NO,P1,P2,P3,P4,P5,P6,P7,P8,P9,P10
280585,1,1,0,0,0,0,0,0,0,0,0,0
280585,2,1,0,6,0,0,0,0,0,0,0,0
280586,0,1,40,19,5,35,0,0,0,13,15,27
280586,1,1,0,0,0,0,0,0,0,0,0,0
280587,1,1,0,0,0,0,23,0,0,17,19,30
280587,2,1,0,0,0,0,0,0,0,0,0,0
280588,1,1,0,0,13,0,0,0,0,31,0,0
280589,0,1,30,17,0,0,24,0,0,0,0,0
280589,0,2,0,0,0,0,0,0,0,0,0,0
280589,1,1,40,40,40,40,40,40,40,40,40,40
280590,1,1,0,0,0,0,0,0,0,0,0,0
280590,2,1,14,0,0,0,0,0,0,10,0,15
280591,1,1,0,0,0,0,0,0,0,0,0,0
280591,2,1,0,0,0,0,0,0,0,0,0,0
280591,3,1,0,0,0,0,0,0,0,0,0,0
280592,1,1,13,13,13,13,13,13,13,13,13,13
280593,1,1,0,0,0,0,0,0,0,0,0,0
280594,1,1,0,0,0,0,0,35,0,0,0,0
280595,1,1,0,0,0,0,0,0,0,0,0,0
280595,2,1,0,0,0,0,11,0,0,0,13,0
280596,1,1,9,0,0,0,0,0,0,5,0,0
280597,1,1,0,0,0,0,0,0,0,0,0,0
280598,1,1,1,1,1,1,1,1,1,1,1,1
280599,1,1,0,0,0,0,0,0,0,0,0,0
280599,2,1,0,0,0,0,0,0,0,0,24,0
280600,1,1,0,0,0,0,0,0,0,0,0,0
280601,1,1,0,0,0,0,0,0,0,0,0,0
280602,1,1,0,0,0,0,0,0,0,0,0,0
280603,1,1,0,13,0,0,21,0,0,0,0,13
280604,1,1,0,0,0,0,0,0,0,0,0,0
280605,1,1,0,42,0,0,0,0,0,0,0,0
280606,1,1,37,0,0,25,14,18,9,0,23,2
280606,2,1,0,0,0,0,0,0,0,0,0,0
280607,1,1,0,0,0,0,0,0,0,0,0,0
280607,2,1,0,0,0,0,0,0,0,0,0,0
280608,1,1,17,0,0,0,0,0,0,21,0,0
280609,1,1,0,0,0,0,0,0,0,0,0,0
280610,0,1,0,0,0,0,0,0,0,0,18,0
280610,1,1,0,0,0,0,0,0,0,0,0,0
280611,1,1,0,0,0,0,0,0,0,0,12,0
280611,2,1,0,0,0,0,0,0,0,0,0,22
280612,1,1,0,0,0,0,0,0,0,0,0,0
280612,2,1,0,0,0,0,0,0,0,0,0,0
280613,1,1,0,0,4,0,14,0,0,0,0,0
280614,1,1,0,0,0,0,0,0,0,0,0,0
280614,2,1,0,0,0,0,0,0,0,0,0,0
280614,3,1,0,0,5,0,0,0,14,0,3,0
280614,4,1,0,0,0,0,0,0,0,0,0,0
280614,5,1,0,0,0,0,0,0,0,0,0,0
280615,1,1,0,0,0,0,0,30,0,0,0,0
280616,1,1,0,0,0,0,0,0,0,0,0,0
280617,1,1,25,14,0,0,0,0,13,15,0,0
280618,1,1,0,0,0,0,0,0,0,0,0,0
280619,0,1,25,14,0,0,0,0,0,0,24,0
280619,1,1,0,0,0,0,0,0,0,0,0,0
280620,1,1,14,0,0,22,18,0,0,0,0,24
280621,1,1,0,0,0,0,0,0,0,0,0,0
280621,2,1,0,0,0,0,0,0,0,0,0,0
280622,1,1,0,0,12,22,23,13,15,13,0,24
280623,1,1,0,0,0,0,0,0,0,0,0,0
280623,2,1,0,0,0,0,0,0,0,0,0,0
280624,1,1,0,0,0,0,0,0,0,0,0,0
280625,1,1,0,0,0,0,0,0,0,0,0,0
280626,1,1,19,19,19,19,19,19,19,19,19,19
280627,1,1,0,5,13,0,0,0,0,0,0,0
280627,2,1,0,0,0,0,0,0,0,0,0,0
280628,1,1,7,14,25,0,0,23,7,4,0,0
280628,2,1,0,0,0,0,0,0,0,0,0,0
280629,1,1,0,0,0,0,0,0,0,0,0,0
280630,1,1,0,0,0,0,0,0,0,0,0,0
280631,1,1,0,0,0,0,0,0,0,0,0,0
280632,1,1,0,0,31,0,0,0,0,0,0,0
280633,1,1,0,0,0,10,0,0,0,0,0,0
280633,2,1,0,0,0,0,0,0,0,0,0,0
280634,0,1,0,0,0,0,0,0,0,0,0,0
280634,1,1,0,0,0,0,0,0,0,0,0,0
280635,1,1,21,0,0,16,0,0,0,10,0,0
280636,0,1,31,31,31,31,31,31,31,31,31,31
280636,1,1,0,0,0,0,0,0,0,0,0,0
280637,1,1,0,0,0,0,0,0,0,0,0,0
280637,2,1,0,0,0,0,0,0,0,0,0,0
280638,1,1,0,0,0,12,9,0,0,0,0,0
290001,1,1,0,0,0,0,0,0,0,0,0,0
290001,2,1,0,0,0,0,0,0,0,0,0,0
290002,1,1,0,0,0,0,0,0,0,0,0,0
290002,2,1,0,0,0,0,0,0,0,0,0,0
290003,1,1,0,0,0,0,0,0,0,0,0,0
290003,2,1,0,0,0,0,0,0,0,0,0,0
290004,1,1,0,0,0,0,0,0,0,0,0,0
290006,1,1,0,0,0,0,0,0,0,0,0,0
290007,1,1,0,0,0,0,0,0,0,0,0,0
290008,1,1,0,0,0,0,0,0,0,0,0,0
290009,1,1,1,1,1,1,1,1,1,1,1,1
290010,1,1,4,4,4,4,4,4,4,4,4,4
290011,1,1,0,0,0,0,0,0,0,0,0,0
290011,2,1,0,0,0,0,0,0,0,0,0,0
290012,1,1,0,0,0,0,0,0,0,0,0,0
290012,2,1,0,0,0,0,0,0,0,0,0,0
290013,1,1,0,0,0,0,0,0,0,0,0,0
290014,1,1,22,22,22,22,22,22,22,22,22,22
290015,1,1,0,0,24,0,0,0,0,0,0,0
290015,2,1,0,0,0,0,0,0,0,0,0,0
290016,1,1,5,5,5,5,5,5,5,5,5,5
290017,1,1,0,0,0,0,0,0,0,0,0,0
290018,1,1,20,20,20,20,20,20,20,20,20,20
290019,1,1,16,16,16,16,16,16,16,16,16,16
290020,1,1,0,0,0,0,0,0,0,0,0,0
290021,1,1,0,0,0,0,0,0,0,0,0,0
290021,2,1,0,0,0,0,0,0,0,0,0,7
290022,1,1,0,0,0,0,0,0,0,0,0,0
290022,2,1,0,0,0,0,0,0,0,0,0,0
290023,1,1,0,0,0,0,0,0,0,0,0,0
290024,1,1,22,0,0,0,6,0,0,0,0,0
290025,1,1,35,35,35,35,35,35,35,35,35,35
290026,1,1,0,0,0,0,0,0,18,0,0,0
290027,1,1,0,0,0,0,0,0,0,0,0,0
290027,2,1,0,0,0,0,0,0,0,0,0,0
290028,1,1,0,0,0,0,0,0,0,0,0,0
290028,2,1,0,0,0,10,10,18,7,9,16,7
290029,1,1,0,0,0,0,0,0,0,0,0,0
290030,1,1,31,31,31,31,31,31,31,31,31,31
290031,1,1,0,0,0,0,0,0,0,0,0,0
290031,2,1,0,0,0,0,0,0,0,0,0,0
290032,1,1,0,0,0,0,0,0,0,0,0,0
290032,2,1,0,0,0,0,0,0,0,0,0,0
290034,0,1,27,27,27,27,27,27,27,27,27,27
290034,1,1,0,0,0,0,0,0,0,0,0,0
290035,1,1,0,0,0,0,20,0,0,5,0,0
290035,2,1,0,0,0,0,0,0,0,0,0,0
290036,1,1,0,0,0,0,0,0,0,0,0,0
290036,2,1,0,0,0,0,0,0,0,0,0,0
290037,1,1,0,0,0,0,0,0,0,0,0,0
290037,2,1,0,0,0,0,0,0,0,0,0,0
290037,3,1,0,0,0,0,0,0,0,0,0,0
290038,1,1,0,0,0,0,0,0,0,0,0,0
290038,2,1,0,0,0,0,0,0,0,0,0,0
290038,3,1,0,0,0,0,0,0,0,0,0,0
290039,1,1,0,0,0,0,0,7,0,0,0,0
290040,1,1,22,22,22,22,22,22,22,22,22,22
290041,1,1,0,0,0,0,0,0,0,0,0,0
290041,2,1,0,0,0,0,0,0,0,0,0,0
290043,1,1,21,21,21,21,21,21,21,21,21,21
290044,1,1,25,25,25,25,25,25,25,25,25,25
290044,2,1,0,0,0,0,0,0,0,0,0,0
290045,1,1,0,0,0,0,0,0,0,0,0,0
290045,2,1,0,0,0,0,0,0,0,0,0,0
290045,3,1,0,0,0,0,0,0,0,0,0,0
290046,1,1,0,0,0,0,0,0,0,0,0,0
290046,2,1,0,0,0,0,0,0,0,0,0,0
290047,1,1,15,15,15,15,15,15,15,15,15,15
290048,1,1,0,0,0,0,0,0,0,0,0,0
290050,1,1,0,0,0,0,0,0,0,0,0,0
290050,2,1,0,0,0,0,0,0,0,0,0,0
290051,1,1,0,0,0,0,0,0,0,0,0,0
290051,2,1,0,0,0,0,0,0,0,0,0,0
290052,1,1,23,23,23,23,23,23,23,23,23,23
290053,0,1,0,0,0,0,0,0,0,0,0,0
290053,1,1,5,5,5,5,5,5,5,5,5,5
290054,1,1,0,0,0,0,0,0,0,0,0,0
290054,2,1,0,0,0,0,0,0,0,0,0,0
290055,1,1,0,0,0,0,0,0,0,0,0,0
290055,2,1,0,0,0,0,0,0,0,0,0,0
290055,3,1,0,0,0,0,0,0,0,0,0,0
290055,4,1,0,0,0,0,0,0,0,0,0,0
290056,1,1,0,0,0,32,0,0,0,0,0,0
290057,1,1,0,0,0,0,0,0,0,0,0,0
290058,1,1,0,0,0,0,0,0,0,0,0,0
290058,2,1,0,27,0,0,0,14,0,16,0,0
290058,3,1,0,0,0,0,0,0,0,0,0,0
290059,1,1,0,0,0,0,0,0,0,0,0,0
290060,1,2,14,3,0,11,0,9,0,0,17,0
290061,1,1,5,5,5,5,5,5,5,5,5,5
290061,2,1,0,0,0,0,0,0,0,0,0,0
290062,1,1,0,0,0,0,0,0,0,0,0,0
290062,2,1,0,0,0,0,0,0,0,0,0,0
290063,1,1,0,0,0,0,0,0,0,0,0,0
290064,1,1,0,0,0,0,0,0,0,0,0,0
290065,1,1,3,3,3,3,3,3,3,3,3,3
290067,1,1,0,0,0,0,0,0,0,0,0,0
290068,1,1,0,0,0,0,0,0,0,0,0,0
290068,2,1,0,0,0,0,0,0,0,0,0,0
290069,1,1,0,0,0,0,0,0,0,0,0,0
290070,1,1,6,6,6,6,6,6,6,6,6,6
290071,0,1,16,16,16,16,16,16,16,16,16,16
290071,1,1,0,0,0,0,0,0,0,0,0,0
290071,2,1,0,0,0,0,0,0,10,17,0,0
290072,1,1,0,0,0,0,0,0,0,0,0,0
290073,1,1,16,16,16,16,16,16,16,16,16,16
290074,1,1,0,0,0,0,0,0,0,0,0,0
290074,2,1,0,0,0,0,0,0,0,0,0,0
290075,1,1,0,0,0,0,0,0,0,0,0,0
290076,0,1,0,0,0,0,0,0,0,0,0,0
290076,1,1,0,0,0,0,0,0,0,0,0,0
290076,3,1,0,0,0,0,0,0,0,0,0,0
290076,4,1,2,0,19,16,0,0,0,0,0,0
290077,1,1,0,0,0,0,0,0,0,0,0,0
290078,1,1,21,21,12,16,0,12,22,25,28,0
290079,1,1,0,0,0,0,0,0,0,0,0,0
290079,2,1,0,0,0,0,0,0,0,0,0,0
290080,1,1,2,2,2,2,2,2,2,2,2,2
290080,2,1,24,24,24,24,24,24,24,24,24,24
290081,1,1,19,19,19,19,19,19,19,19,19,19
290082,1,1,21,21,21,21,21,21,21,21,21,21
290083,0,1,20,20,20,20,20,20,20,20,20,20
290083,1,1,7,7,7,7,7,7,7,7,7,7
290083,2,1,0,0,0,0,0,0,0,0,0,0
290083,3,1,0,0,0,0,0,0,0,0,0,0
290084,1,1,0,0,0,0,0,0,0,0,0,0
290085,0,1,36,36,36,36,36,36,36,36,36,36
290085,1,1,0,0,0,0,0,0,0,0,0,0
290086,1,1,33,33,33,33,33,33,33,33,33,33
290088,1,1,0,0,0,0,0,0,0,0,0,0
290089,0,1,0,0,0,0,0,0,0,0,0,0
290089,1,1,0,0,0,11,0,0,22,0,11,0
290090,1,1,0,0,0,0,0,0,0,0,0,0
290090,2,1,0,0,0,0,0,0,0,0,0,0
290091,1,1,0,0,0,0,0,0,0,0,0,0
290092,1,1,0,0,0,0,0,0,0,0,0,0
290093,1,1,0,0,0,0,0,0,0,0,0,0
290094,1,1,24,24,24,24,24,24,24,24,24,24
290095,1,1,0,0,0,0,0,0,0,0,0,0
290095,2,1,0,0,0,0,0,0,0,0,0,0
290096,0,1,0,0,0,0,0,0,0,0,0,0
290096,1,1,0,0,0,0,20,0,0,0,0,17
290097,1,1,24,24,24,24,24,24,24,24,24,24
290098,1,1,0,0,0,0,0,0,0,0,0,0
290098,2,1,1,1,1,1,1,1,1,1,1,1
290099,1,1,0,0,0,0,0,0,0,0,0,0
290100,1,1,0,0,0,0,0,0,0,0,0,0
290100,2,1,0,0,0,0,0,0,0,0,0,0
290101,1,1,0,0,0,0,0,0,0,0,0,0
290102,1,1,1,1,1,1,1,1,1,1,1,1
290102,2,1,0,0,0,0,0,0,0,0,0,0
290103,1,1,0,0,0,0,0,0,0,0,0,0
290104,1,1,0,0,0,0,0,0,0,0,0,0
290105,1,1,0,0,10,0,0,7,0,32,0,23
290106,1,1,0,0,0,0,0,0,0,0,0,0
290107,1,1,0,13,17,0,17,9,0,0,30,0
290107,2,1,0,0,0,0,0,0,0,0,0,0
290108,1,1,0,0,0,0,0,0,0,0,0,0
290109,1,1,0,0,0,0,0,0,0,0,0,0
290110,1,1,0,0,0,0,0,0,0,0,0,0
290110,2,1,0,0,0,0,0,0,0,0,0,0
290111,1,1,0,0,0,0,0,0,0,0,0,0
290112,1,1,0,0,0,5,0,0,0,0,0,0
290112,2,1,0,0,0,0,0,0,0,0,0,0
290113,1,1,0,0,0,0,0,0,0,0,0,0
290114,1,1,27,27,27,27,27,27,27,27,27,27
290115,1,1,31,31,31,31,31,31,31,31,31,31
290116,1,1,23,11,0,0,0,8,0,0,0,0
290117,1,1,0,0,0,0,0,0,0,0,0,0
290117,2,1,0,0,0,0,0,0,0,0,0,0
290118,1,1,0,0,0,0,0,0,0,0,0,0
290119,1,1,17,17,17,17,17,17,17,17,17,17
290120,1,1,0,0,0,0,0,0,0,0,0,0
290121,1,1,24,24,24,24,24,24,24,24,24,24
290122,1,1,10,10,10,10,10,10,10,10,10,10
290123,1,1,0,0,0,0,0,0,0,0,0,0
290123,2,1,0,0,0,0,0,0,0,0,0,0
290124,1,1,0,0,0,0,0,0,0,0,0,0
290124,2,1,0,0,0,0,0,0,0,0,0,0
290125,1,1,0,0,0,0,0,0,0,0,0,0
290126,1,1,0,0,0,0,0,0,0,0,0,0
290127,1,1,0,0,0,0,0,0,0,0,0,0
290128,1,1,0,0,0,0,0,0,0,0,0,0
290129,1,1,16,16,16,16,16,16,16,16,16,16
290129,2,1,0,0,0,0,0,0,0,0,0,0
290130,1,1,0,0,0,0,0,0,0,0,0,0
290130,2,1,0,0,0,0,0,0,0,0,0,0
290131,0,1,35,35,35,35,35,35,35,35,35,35
290131,1,1,0,0,0,0,0,0,0,0,0,0
290132,1,1,0,0,0,0,0,0,0,0,0,0
290132,2,1,0,0,0,0,0,0,0,0,0,0
290132,3,1,0,0,0,0,0,0,0,0,0,0
290133,1,1,0,0,0,0,0,0,0,0,0,0
290133,2,1,0,0,0,0,0,0,0,0,0,0
290134,1,1,19,19,19,19,19,19,19,19,19,19
290134,2,1,0,0,0,0,0,0,0,0,0,0
290135,1,1,0,0,0,0,0,0,0,0,0,0
290135,2,1,0,0,0,0,0,0,0,0,0,0
290136,1,1,0,0,0,0,0,0,0,0,0,0
290136,2,1,0,0,0,0,0,0,11,0,0,0
290137,1,1,0,0,0,0,0,0,0,0,0,0
290137,2,1,0,0,0,0,0,0,0,0,0,0
290138,1,1,0,0,0,0,0,0,0,0,0,0
290138,2,1,0,0,0,0,0,0,0,0,0,0
290139,1,1,0,0,0,0,0,0,0,0,0,0
290140,1,1,17,17,17,17,17,17,17,17,17,17
290140,2,1,0,0,0,0,0,0,0,0,0,0
290141,1,1,0,0,0,0,0,0,0,0,0,0
290141,2,1,12,12,12,12,12,12,12,12,12,12
290142,1,1,0,0,0,0,0,0,0,0,0,0
290142,2,1,0,0,0,0,0,0,0,0,0,0
290143,1,1,0,0,0,0,0,0,0,0,0,0
290143,2,1,0,0,0,0,0,0,0,0,0,0
290145,1,1,0,0,0,0,0,0,0,0,0,0
290145,2,1,0,0,0,0,0,0,0,0,0,0
290146,1,1,13,0,4,23,0,8,3,4,0,11
290147,1,1,0,0,0,27,4,0,13,36,0,22
290148,1,1,24,24,24,24,24,24,24,24,24,24
290149,1,1,0,0,0,34,0,0,0,24,0,0
290150,1,1,0,0,0,0,0,0,0,0,0,0
290151,1,1,0,0,13,0,0,0,0,0,0,0
290153,1,1,11,11,11,11,11,11,11,11,11,11
290153,2,1,0,0,0,0,0,0,0,0,0,0
290154,1,1,18,18,18,18,18,18,18,18,18,18
290154,2,1,0,0,0,0,0,0,0,0,0,0
290154,3,1,0,0,0,0,0,0,0,0,0,0
290155,0,1,0,0,0,0,0,0,0,0,0,0
290155,1,1,0,0,0,0,0,0,0,0,0,0
290156,1,1,0,0,0,0,0,0,0,0,0,0
290156,2,1,0,0,0,0,0,20,0,0,0,19
290157,1,1,0,0,0,0,0,0,0,0,0,0
290157,2,1,0,0,0,0,20,0,0,37,25,0
290158,1,1,0,0,0,0,0,0,0,25,0,0
290158,2,1,7,7,7,7,7,7,7,7,7,7
290159,1,1,6,6,6,6,6,6,6,6,6,6
290160,1,1,0,0,0,0,0,0,0,0,0,0
290161,1,1,0,0,0,0,0,0,0,0,0,0
290162,1,1,0,0,0,0,0,0,0,0,0,0
290163,1,1,7,7,7,7,7,7,7,7,7,7
290164,1,1,20,20,20,20,20,20,20,20,20,20
290165,1,1,0,0,0,0,0,0,0,0,0,0
290166,1,1,0,0,0,0,0,0,0,0,0,0
290166,2,1,0,0,0,0,0,0,0,0,0,0
290166,3,1,0,0,0,0,0,0,0,0,0,0
290167,1,1,0,0,0,0,0,0,0,0,0,0
290167,2,1,0,0,0,0,0,0,0,0,0,0
290168,1,1,0,0,0,0,0,0,0,0,0,0
290169,1,1,16,16,16,16,16,16,16,16,16,16
290170,1,1,0,0,0,0,0,0,0,0,0,0
290171,1,1,8,14,14,0,16,23,8,15,2,25
290172,1,1,1,1,1,1,1,1,1,1,1,1
290173,1,1,0,0,0,0,0,0,0,0,0,0
290174,1,1,11,11,11,11,11,11,11,11,11,11
290175,1,1,0,0,0,0,0,0,0,0,0,0
290175,2,1,0,0,0,0,0,0,0,0,0,0
290176,0,1,0,0,0,0,0,0,0,0,0,0
290176,1,1,0,0,0,0,0,0,0,0,0,0
290177,1,1,0,0,0,0,0,0,0,0,0,0
290178,1,1,0,0,0,0,0,0,0,0,0,0
290179,1,1,12,12,12,12,12,12,12,12,12,12
290179,2,1,0,0,0,0,0,0,0,0,0,0
290179,3,1,0,0,28,20,45,0,15,0,0,0
290180,1,1,17,17,17,17,17,17,17,17,17,17
290181,1,1,4,2,0,0,0,11,0,0,11,0
290182,1,1,0,0,0,0,0,0,0,21,0,0
290182,2,1,0,0,0,0,0,0,0,0,0,0
290182,3,1,0,0,0,0,0,0,0,0,0,0
290183,0,1,2,2,2,2,2,2,2,2,2,2
290183,1,1,0,0,0,0,0,0,0,0,0,0
290185,0,1,14,14,14,14,14,14,14,14,14,14
290185,1,1,13,13,13,13,13,13,13,13,13,13
290186,0,1,17,17,17,17,17,17,17,17,17,17
290186,1,1,0,0,0,0,0,24,0,24,14,0
290187,1,1,0,0,0,0,0,0,0,0,0,0
290188,0,1,0,0,0,0,0,0,0,0,0,0
290188,0,2,0,0,0,19,15,0,0,0,0,0
290188,1,1,0,0,0,0,0,0,0,0,0,0
290189,0,1,0,0,0,0,0,0,0,0,0,0
290189,1,1,0,0,0,0,0,0,22,0,0,0
290190,1,1,21,0,0,0,0,0,0,9,4,34
290191,1,1,15,15,15,15,15,15,15,15,15,15
290191,2,1,26,26,26,26,26,26,26,26,26,26
290192,1,1,0,0,0,0,0,0,0,0,0,0
290193,1,1,0,0,0,0,0,0,0,0,0,0
290193,2,1,0,0,0,0,0,0,0,0,0,0
290193,3,1,0,0,0,0,0,0,0,0,0,0
290194,1,1,9,9,9,9,9,9,9,9,9,9
290195,1,1,0,0,0,0,0,0,0,0,0,0
290196,1,1,0,0,0,0,0,0,0,0,0,0
290197,1,1,0,0,0,0,0,0,0,0,0,0
290198,0,1,0,0,0,0,0,0,0,0,0,0
290198,1,1,0,0,0,0,0,0,0,0,0,0
290199,1,1,9,9,9,9,9,9,9,9,9,9
290200,1,1,0,0,0,0,0,0,0,0,0,0
290200,2,1,0,0,0,0,0,0,0,0,0,0
290200,3,1,3,3,3,3,3,3,3,3,3,3
290201,1,1,25,25,25,25,25,25,25,25,25,25
290201,2,1,0,0,0,0,0,0,0,0,0,0
290202,1,1,29,29,29,29,29,29,29,29,29,29
290202,2,1,3,3,3,3,3,3,3,3,3,3
290203,1,1,0,0,0,0,0,0,0,0,0,0
290204,1,1,0,0,0,0,0,0,0,0,0,0
290205,1,1,0,0,0,0,0,0,0,0,0,0
290205,2,1,0,0,0,0,0,0,0,0,0,0
290205,3,1,0,0,0,0,0,0,0,0,0,0
290205,4,1,0,0,0,0,0,0,0,0,0,0
290206,1,1,0,0,0,18,5,0,0,0,0,0
290206,2,1,0,0,0,0,0,0,0,0,0,0
290207,1,1,0,0,0,0,0,0,0,0,0,0
290207,2,1,0,0,0,0,0,0,0,0,0,0
290208,1,1,0,0,0,0,0,0,0,0,0,0
290209,1,1,13,13,13,13,13,13,13,13,13,13
290210,1,1,31,31,31,31,31,31,31,31,31,31
290211,0,1,0,0,0,0,0,0,0,0,0,0
290211,1,1,0,0,0,0,0,0,0,0,0,0
290212,1,1,0,0,0,0,0,0,0,0,0,0
290212,2,1,0,0,0,0,0,0,0,0,0,0
290213,1,1,12,12,12,12,12,12,12,12,12,12
290213,2,1,0,0,0,0,0,0,0,0,0,0
290213,3,1,7,0,0,20,0,7,0,0,0,10
290214,1,1,0,0,0,0,0,0,0,0,0,0
290214,2,1,0,0,0,0,0,0,0,0,0,0
290215,0,1,0,0,0,0,0,0,0,0,0,0
290215,1,1,0,0,0,0,0,0,0,0,0,0
290216,1,1,0,0,0,0,0,0,0,0,0,0
290217,1,1,0,0,0,17,0,0,0,0,0,0
290217,2,1,0,0,0,0,0,23,0,0,0,0
290218,1,1,0,4,0,0,0,0,0,13,0,0
290220,1,1,18,18,18,18,18,18,18,18,18,18
290221,1,1,0,0,0,0,0,0,0,0,0,0
290222,1,1,20,20,20,20,20,20,20,20,20,20
290223,0,1,0,0,0,0,0,0,0,0,0,0
290223,1,1,0,0,0,0,0,0,0,0,0,0
290225,1,1,7,7,7,7,7,7,7,7,7,7
290226,1,1,0,11,0,0,0,0,0,0,0,0
290226,2,1,0,0,0,0,0,0,0,0,0,0
290226,3,1,0,0,0,0,0,0,0,0,0,0
290227,1,1,0,0,0,0,0,0,0,0,0,0
290227,2,1,0,0,0,0,0,0,0,0,0,0
290228,1,1,0,0,0,0,0,0,0,0,0,0
290229,1,1,0,0,0,0,0,0,0,0,0,0
290230,1,1,0,0,0,0,0,0,0,0,0,0
290231,1,1,0,0,0,0,0,0,0,0,0,0
290231,2,1,0,0,0,0,0,0,0,0,0,0
290232,1,1,26,26,26,26,26,26,26,26,26,26
290232,2,1,0,0,0,0,0,0,0,0,0,0
290233,1,1,0,0,0,0,0,0,0,0,0,0
290233,2,1,0,0,0,0,0,0,0,0,0,0
290234,1,1,0,0,0,0,0,0,0,0,0,0
290235,1,1,0,0,0,0,0,0,0,0,0,0
290235,2,1,0,0,0,0,0,0,0,0,0,0
290235,3,1,0,0,0,0,0,6,0,0,0,0
290236,1,1,0,0,0,0,0,0,0,0,0,0
290236,2,1,0,0,0,0,0,0,0,0,0,0
290236,3,1,0,0,0,0,0,0,0,0,0,0
290236,4,1,0,0,0,0,0,0,0,0,0,0
290236,5,1,0,0,0,0,0,0,0,0,0,0
290236,6,1,0,0,0,0,0,0,0,0,0,0
290237,0,1,15,11,0,20,18,38,27,0,0,0
290237,1,1,0,0,0,0,0,0,0,0,0,0
290237,2,1,0,0,0,0,0,0,0,0,0,0
290238,1,1,0,0,0,0,0,0,0,0,0,0
290238,2,1,0,0,0,0,0,0,0,0,0,0
290238,3,1,0,30,0,0,0,0,0,0,0,0
290238,4,1,0,0,0,0,0,0,0,0,0,0
290238,5,1,0,0,0,0,0,0,0,0,0,0
290239,0,1,0,0,0,0,0,0,0,0,0,0
290239,1,1,0,0,0,0,17,16,0,0,0,0
290240,1,1,0,0,0,0,0,0,0,0,0,0
290240,2,1,0,0,0,0,0,0,0,0,0,0
290241,1,1,0,0,0,0,0,0,0,0,0,0
290241,2,1,0,14,0,0,0,0,0,0,0,0
290242,1,1,0,0,0,0,0,0,0,0,0,0
290242,2,1,0,0,0,0,0,0,0,0,0,0
290243,0,1,0,0,0,0,0,0,0,0,0,0
290243,1,1,13,13,13,13,13,13,13,13,13,13
290243,2,1,0,0,0,0,0,0,0,0,0,0
290244,1,1,0,0,0,0,0,0,0,0,0,0
290245,1,1,0,0,0,0,0,0,0,0,0,0
290246,1,1,17,17,17,17,17,17,17,17,17,17
290247,1,1,0,0,0,0,0,0,0,0,0,0
290248,1,1,0,0,0,0,0,0,0,0,0,0
290248,2,1,2,2,2,2,2,2,2,2,2,2
290249,1,1,0,0,0,0,0,0,0,0,0,0
290250,1,1,0,0,0,0,0,0,0,0,0,0
290250,2,1,0,9,0,0,0,0,0,0,0,0
290251,0,1,0,0,0,0,0,0,0,0,0,0
290251,1,1,0,0,0,0,0,0,0,0,0,0
290252,1,1,27,27,27,27,27,27,27,27,27,27
290253,1,1,0,0,0,0,0,0,0,0,0,0
290253,2,1,0,0,0,0,0,0,0,0,0,0
290254,0,1,0,0,0,0,0,0,0,0,0,0
290254,1,1,0,0,0,0,0,0,0,0,0,0
290256,0,1,0,0,0,0,0,0,0,0,0,0
290256,1,1,0,0,0,0,0,0,0,0,0,0
290257,1,1,11,11,11,11,11,11,11,11,11,11
290257,2,1,0,0,0,0,0,0,0,0,0,0
290258,1,1,0,0,0,0,0,0,0,0,0,0
290259,1,1,0,0,0,0,0,0,0,0,0,0
290260,1,1,0,0,0,0,0,0,0,0,0,0
290260,2,1,0,0,0,0,0,0,0,0,0,0
290260,3,1,0,0,0,0,0,0,0,0,0,0
290261,1,1,0,0,0,0,0,0,0,0,0,0
290261,2,1,0,0,0,0,0,0,0,0,0,0
290261,3,1,0,0,0,0,0,0,0,0,0,0
290262,1,1,0,0,0,0,0,0,0,0,0,0
290263,1,1,0,0,0,0,0,0,0,0,0,0
290263,2,1,0,0,0,0,0,0,0,0,0,0
290264,1,1,0,0,0,0,0,0,0,0,0,0
290264,2,1,0,0,0,0,0,0,0,0,0,0
290265,1,1,0,0,0,0,0,0,0,0,0,0
290265,2,1,0,0,0,0,0,0,0,0,0,0
290266,1,1,0,0,0,0,0,0,0,0,0,0
290266,2,1,0,0,0,0,0,0,0,0,0,0
290267,1,1,0,0,0,0,0,0,0,0,0,0
290267,2,1,0,0,0,0,0,0,0,0,0,0
290268,1,1,23,23,23,23,23,23,23,23,23,23
290268,2,1,0,0,18,0,0,0,0,0,0,11
290269,1,1,0,0,0,0,0,0,0,0,0,0
290269,2,1,0,0,0,0,0,0,0,0,0,0
290270,1,1,0,0,0,0,0,0,0,0,0,0
290270,2,1,0,0,0,0,0,0,0,0,0,0
290271,1,1,24,0,0,22,0,0,0,0,0,0
290272,0,1,7,7,7,7,7,7,7,7,7,7
290272,1,1,0,0,0,0,0,0,0,0,0,0
290273,1,1,0,0,0,0,0,0,0,0,0,0
290274,1,1,0,0,0,0,0,0,0,0,19,0
290275,1,1,0,0,0,0,0,0,0,0,0,0
290276,1,1,3,3,3,3,3,3,3,3,3,3
290277,1,1,0,0,0,0,0,0,0,0,0,0
290278,1,1,19,20,5,12,13,19,19,4,12,25
290278,2,1,16,13,11,0,0,0,0,0,27,0
290279,1,1,0,0,0,0,0,0,0,0,0,0
290279,2,1,0,0,0,0,0,0,0,0,0,0
290279,3,1,0,0,0,0,0,0,0,0,0,0