ST_CASE,VEH_NO,PER_NO,P1,P2,P3,P4,P5,P6,P7,P8,P9,P10
290280,1,1,24,24,24,24,24,24,24,24,24,24
290280,2,1,0,0,0,0,0,0,0,0,0,0
290281,1,1,0,0,0,0,0,0,0,0,0,0
290282,1,1,0,17,0,0,13,0,0,16,0,0
290283,1,1,0,0,0,0,0,0,0,0,0,0
290283,2,1,0,0,0,0,0,27,0,0,0,0
290284,1,1,0,0,0,0,0,0,0,0,0,0
290285,1,1,0,0,0,0,0,0,0,0,0,0
290285,2,1,0,0,0,0,0,0,0,0,0,0
290286,0,1,22,22,22,22,22,22,22,22,22,22
290286,1,1,0,0,0,0,0,0,0,0,0,0
290287,1,1,14,14,14,14,14,14,14,14,14,14
290288,1,1,0,0,0,0,0,0,0,0,0,0
290288,2,1,0,0,0,0,0,0,0,0,0,0
290289,1,1,0,0,0,0,0,0,0,0,0,0
290289,2,1,0,0,0,0,0,0,0,0,0,0
290290,1,1,0,0,0,0,0,0,0,0,0,0
290290,2,1,0,0,0,0,0,0,0,0,0,0
290291,1,1,13,23,0,34,19,27,0,18,15,0
290292,1,1,0,0,0,0,0,0,0,0,0,0
290292,2,1,0,0,0,0,0,0,0,0,0,0
290293,1,1,0,0,0,0,0,0,0,0,0,0
290293,2,1,0,0,0,0,0,0,0,0,0,0
290293,3,1,0,0,0,0,0,0,0,0,0,0
290294,1,1,0,0,0,0,0,0,0,0,0,0
290295,1,1,8,8,8,8,8,8,8,8,8,8
290296,1,1,0,0,0,0,0,0,0,0,0,0
290297,1,1,23,23,23,23,23,23,23,23,23,23
290297,2,1,0,0,0,0,0,0,0,0,0,0
290298,1,1,0,0,0,0,0,0,0,0,0,0
290298,2,1,0,0,0,0,0,0,0,0,0,0
290299,1,1,0,0,0,0,0,0,0,0,0,0
290299,2,1,0,0,0,0,0,0,0,0,0,0
290300,1,1,18,18,18,18,18,18,18,18,18,18
290301,1,1,31,31,31,31,31,31,31,31,31,31
290301,2,1,0,0,0,0,0,0,0,0,0,0
290302,0,1,20,9,25,18,15,22,21,8,28,5
290302,1,1,10,10,10,10,10,10,10,10,10,10
290303,1,1,0,0,0,0,0,0,0,0,0,0
290303,2,1,0,0,0,0,0,0,0,0,0,0
290304,1,1,10,10,10,10,10,10,10,10,10,10
290305,1,1,0,0,0,0,0,0,0,0,0,0
290306,1,1,0,0,0,0,0,0,0,0,0,0
290307,1,1,21,21,21,21,21,21,21,21,21,21
290308,1,1,16,16,16,16,16,16,16,16,16,16
290308,2,1,0,0,0,0,0,0,0,0,0,0
290309,1,1,15,15,15,15,15,15,15,15,15,15
290310,1,1,0,0,0,0,0,0,0,0,0,0
290310,2,1,0,0,0,0,0,0,0,0,0,0
290311,1,1,0,0,0,0,0,0,0,0,0,0
290311,2,1,0,0,0,0,0,0,0,0,0,0
290312,1,1,0,0,0,0,0,0,0,0,0,0
290312,2,1,0,0,0,0,0,0,0,0,0,0
290313,1,1,0,0,0,0,0,0,0,0,0,0
290313,2,1,0,0,0,0,0,0,0,0,0,0
290314,0,1,19,5,0,0,0,9,0,16,0,20
290314,1,1,0,0,0,0,0,0,0,0,0,0
290315,1,1,0,0,0,0,0,0,0,0,0,0
290316,1,1,0,0,0,0,0,0,0,0,0,0
290316,2,1,0,0,0,0,0,0,0,0,0,0
290317,1,1,0,0,0,0,0,0,0,0,0,0
290318,1,1,0,0,0,0,0,0,0,0,0,0
290319,0,1,24,0,0,0,0,0,0,0,0,0
290319,1,1,0,0,0,0,0,0,0,0,0,0
290320,1,1,0,0,0,0,0,0,0,0,0,0
290320,2,1,0,0,0,0,0,0,0,0,0,0
290320,3,1,0,9,0,0,24,0,0,0,0,0
290321,1,1,8,0,11,10,17,0,0,8,30,28
290321,2,1,6,6,6,6,6,6,6,6,6,6
290322,1,1,0,0,0,0,0,0,0,0,0,0
290323,1,1,28,28,28,28,28,28,28,28,28,28
290323,2,1,26,26,26,26,26,26,26,26,26,26
290324,1,1,0,21,0,0,0,0,0,0,15,0
290325,1,1,23,23,23,23,23,23,23,23,23,23
290325,2,1,0,0,0,0,0,0,0,0,0,8
290325,3,1,0,0,0,13,0,0,0,0,7,0
290326,1,1,12,0,0,0,0,0,0,0,16,0
290327,1,1,0,0,0,0,0,0,0,0,0,0
290328,1,1,0,0,0,0,0,0,0,0,0,0
290328,2,1,0,0,0,0,0,0,0,0,0,0
290329,1,1,0,0,0,0,0,0,0,0,0,0
290329,2,1,0,0,0,0,0,0,0,0,0,0
290330,1,1,20,20,20,20,20,20,20,20,20,20
290331,1,1,5,5,5,5,5,5,5,5,5,5
290331,2,1,0,0,0,0,0,0,0,0,0,0
290332,0,1,0,0,0,0,0,0,0,0,0,0
290332,0,2,0,0,0,0,0,0,0,0,0,0
290333,1,1,0,0,0,0,0,0,0,0,0,0
290334,1,1,12,12,12,12,12,12,12,12,12,12
290334,2,1,0,0,0,0,0,0,0,0,0,0
290335,1,1,9,9,9,9,9,9,9,9,9,9
290336,1,1,0,0,0,0,0,0,0,0,0,0
290337,1,1,0,0,0,0,0,0,0,0,0,0
290338,1,1,0,0,0,0,0,0,0,0,0,0
290338,2,1,0,0,0,0,0,0,0,0,0,0
290339,1,1,0,0,0,0,0,0,0,0,0,0
290340,0,1,0,0,0,0,0,0,0,0,0,0
290340,1,1,1,1,1,1,1,1,1,1,1,1
290341,1,1,0,0,0,0,0,0,0,0,0,0
290342,1,1,0,0,0,0,0,0,0,0,0,0
290342,2,1,0,0,0,0,0,0,0,0,0,0
290343,1,1,16,16,16,16,16,16,16,16,16,16
290343,2,1,7,17,11,5,6,25,16,8,11,29
290344,1,1,0,0,0,0,0,0,0,0,0,0
290345,1,1,0,18,0,0,15,0,0,0,26,0
290346,1,1,0,0,0,0,0,0,0,0,0,0
290347,1,1,0,16,0,4,0,19,0,0,10,0
290348,1,1,0,0,0,0,0,0,0,0,0,0
290349,1,1,0,0,0,0,0,0,0,0,0,0
290350,1,1,0,0,0,0,0,0,0,0,0,0
290351,1,1,0,0,0,0,0,0,0,0,0,0
290351,2,1,0,0,0,0,0,0,0,0,0,0
290352,1,1,0,0,0,0,0,0,0,0,0,0
290353,1,1,0,0,0,0,0,0,9,0,0,0
290354,1,1,0,0,0,0,0,0,0,0,0,0
290354,2,1,0,0,0,0,0,0,0,0,0,0
290355,1,1,0,0,0,0,0,0,0,0,0,0
290356,0,1,0,57,0,16,14,32,12,20,31,0
290356,1,1,0,0,0,0,0,0,0,0,0,0
290356,2,1,0,0,0,0,0,0,0,0,0,0
290357,0,1,0,0,0,0,0,0,0,0,0,0
290357,1,1,0,0,0,5,0,11,0,0,10,0
290358,1,1,0,0,0,0,0,0,0,0,0,0
290358,2,1,0,0,0,0,0,0,0,0,0,0
290359,0,1,0,0,0,0,0,0,0,0,0,0
290359,2,1,0,0,0,0,0,0,0,0,0,0
290360,1,1,0,0,0,0,0,0,0,0,0,0
290361,1,1,0,0,0,0,0,0,0,0,0,0
290361,2,1,0,0,0,0,0,0,0,0,0,0
290362,1,1,0,0,0,0,0,0,0,0,0,0
290363,1,1,0,0,0,0,0,0,0,0,0,0
290364,1,1,0,7,0,0,0,0,0,0,0,0
290364,2,1,0,0,0,0,0,0,0,0,0,0
290365,1,1,12,12,12,12,12,12,12,12,12,12
290366,1,1,0,0,0,0,0,0,0,0,0,0
290366,2,1,0,0,0,0,0,0,0,0,0,0
290367,1,1,0,0,0,0,0,0,0,0,0,0
290368,1,1,17,17,17,17,17,17,17,17,17,17
290369,0,1,37,37,37,37,37,37,37,37,37,37
290369,1,1,0,0,0,0,0,0,0,0,0,0
290370,1,1,4,4,4,4,4,4,4,4,4,4
290371,0,1,0,0,0,0,0,0,0,0,0,0
290371,1,1,0,0,0,0,0,0,0,0,0,0
290372,0,1,22,22,22,22,22,22,22,22,22,22
290372,1,1,20,14,0,0,15,0,0,23,12,0
290373,1,1,0,0,0,0,0,0,0,0,0,0
290374,1,1,0,0,0,0,0,0,0,0,0,0
290375,1,1,0,0,0,0,13,0,0,0,0,0
290376,1,1,0,0,0,0,0,0,0,0,0,0
290376,2,1,14,14,14,14,14,14,14,14,14,14
290377,1,1,0,0,0,0,0,0,0,0,0,0
290378,1,1,0,0,0,0,0,0,0,0,0,0
290378,2,1,0,0,0,0,0,0,0,0,0,0
290378,3,1,0,0,0,0,0,0,0,0,0,0
290379,1,1,27,27,27,27,27,27,27,27,27,27
290379,2,1,0,0,0,0,0,0,0,0,9,0
290379,3,1,20,10,30,20,28,13,4,12,19,0
290380,1,1,0,19,13,4,0,36,0,12,0,0
290381,1,1,0,0,0,0,0,0,0,0,0,0
290382,1,1,16,16,16,16,16,16,16,16,16,16
290382,2,1,0,0,0,0,0,0,0,0,0,0
290384,1,1,2,2,2,2,2,2,2,2,2,2
290385,1,1,0,0,0,0,0,0,0,0,0,0
290385,2,1,0,0,0,0,0,0,0,0,0,0
290385,3,1,0,0,0,0,0,0,0,0,0,0
290386,1,1,0,0,0,0,0,0,0,0,0,0
290386,2,1,0,0,0,10,0,0,0,0,0,0
290387,0,1,6,6,6,6,6,6,6,6,6,6
290387,1,1,0,0,0,0,12,0,0,0,0,0
290388,1,1,0,0,0,0,0,0,0,0,0,0
290388,2,1,0,0,0,0,0,0,0,0,0,0
290388,3,1,0,0,0,0,0,0,0,0,0,0
290389,1,1,0,0,0,0,0,0,0,0,0,0
290389,2,1,0,0,0,9,0,0,0,0,0,0
290390,1,1,0,0,0,0,0,0,3,7,0,33
290391,1,1,0,0,0,0,0,0,0,0,0,0
290391,2,1,0,0,0,0,0,0,0,0,0,0
290392,1,1,0,0,0,0,0,0,0,0,0,0
290393,1,1,20,0,0,19,0,6,0,0,0,0
290394,1,1,0,0,0,0,0,0,0,0,0,0
290395,1,1,10,3,0,28,2,23,0,8,8,11
290395,2,1,0,0,0,0,0,0,0,0,0,0
290396,1,1,26,26,26,26,26,26,26,26,26,26
290396,2,1,0,0,0,0,0,0,0,0,0,0
290397,1,1,0,0,0,0,0,0,0,0,0,0
290397,2,1,0,0,0,0,0,0,0,0,0,0
290398,1,1,0,0,0,0,0,0,0,0,0,0
290398,2,1,0,0,0,0,0,0,0,0,0,0
290399,1,1,9,9,9,9,9,9,9,9,9,9
290400,1,1,17,17,17,17,17,17,17,17,17,17
290401,1,1,0,0,0,0,0,0,0,0,0,0
290401,2,1,0,0,0,0,0,0,0,0,0,0
290402,1,1,0,0,0,0,0,0,0,0,0,0
290402,2,1,0,0,0,0,0,0,0,0,0,0
290403,1,1,16,16,16,16,16,16,16,16,16,16
290404,0,1,0,17,19,0,0,14,0,7,0,0
290404,1,1,0,0,0,0,0,0,0,0,18,0
290405,1,1,25,25,25,25,25,25,25,25,25,25
290406,1,1,19,19,19,19,19,19,19,19,19,19
290407,0,1,31,31,31,31,31,31,31,31,31,31
290407,1,1,0,0,0,0,0,0,0,0,0,0
290408,1,1,0,0,0,0,0,0,0,0,0,0
290408,2,1,0,0,0,0,0,0,0,0,0,0
290409,1,1,0,0,0,20,0,0,0,20,0,0
290410,0,1,0,0,0,0,0,0,0,0,0,0
290410,0,2,0,0,0,18,14,0,0,0,0,0
290410,1,1,0,0,12,0,0,0,0,0,0,0
290410,2,1,12,4,18,13,15,12,19,24,9,10
290410,3,1,0,16,0,0,16,0,0,0,0,0
290411,1,1,24,24,24,24,24,24,24,24,24,24
290412,1,1,0,0,0,0,0,0,5,0,0,0
290412,2,1,0,0,0,0,12,0,0,0,17,0
290413,0,1,32,32,32,32,32,32,32,32,32,32
290413,1,1,0,0,0,0,0,5,6,14,0,0
290414,1,1,0,0,0,0,0,0,0,0,0,0
290414,2,1,0,0,0,0,0,0,0,0,0,0
290415,1,1,0,0,0,0,0,0,0,0,0,0
290416,1,1,0,0,0,0,0,0,0,0,0,0
290416,2,1,0,0,0,0,0,0,0,0,0,0
290416,3,1,0,0,0,0,0,0,0,0,0,0
290417,1,1,0,0,0,0,0,0,0,0,0,0
290418,1,1,0,0,0,0,0,0,0,0,0,0
290418,2,1,0,0,0,0,0,0,0,0,0,0
290418,3,1,0,0,0,0,0,0,0,0,0,0
290419,1,1,0,0,0,0,0,0,0,0,0,0
290420,1,1,0,0,0,0,0,0,0,0,0,0
290420,2,1,0,0,0,0,0,0,0,0,0,0
290421,1,1,0,0,0,0,0,0,0,0,0,0
290422,1,1,29,29,29,29,29,29,29,29,29,29
290423,1,1,0,27,13,13,0,0,0,0,14,0
290424,1,1,0,0,0,0,0,0,0,0,0,0
290424,2,1,0,0,0,0,0,0,0,0,0,0
290425,1,1,0,0,0,0,0,0,0,0,0,0
290425,2,1,0,0,0,0,0,0,0,0,0,0
290426,1,1,0,0,0,0,0,0,0,0,0,0
290426,2,1,0,0,0,0,0,0,0,0,0,0
290427,1,1,0,0,0,0,0,0,0,0,0,0
290428,1,1,0,0,0,0,0,0,0,0,0,0
290428,2,1,0,0,0,0,0,0,0,0,0,0
290429,1,1,0,0,0,0,0,0,0,0,0,0
290430,1,1,0,0,0,0,0,0,0,0,0,0
290431,0,1,0,0,0,0,0,25,0,0,0,0
290431,1,1,0,0,0,0,0,0,0,0,0,0
290432,1,1,0,0,0,0,0,0,0,0,0,0
290433,1,1,0,0,0,0,0,0,0,0,0,0
290434,1,1,0,0,0,0,0,0,0,0,0,0
290434,2,1,0,0,0,0,0,0,0,0,0,0
290435,0,1,8,8,8,8,8,8,8,8,8,8
290435,1,1,0,0,0,0,0,0,0,0,0,0
290436,1,1,0,0,0,0,0,0,0,0,0,0
290436,2,1,0,0,0,0,0,0,0,0,0,0
290437,1,1,0,0,0,0,0,0,0,0,0,0
290437,2,1,0,0,0,0,0,0,0,0,0,0
290437,3,1,0,0,0,0,0,0,0,0,0,0
290438,1,1,21,21,21,21,21,21,21,21,21,21
290439,1,1,0,0,0,0,0,0,0,0,0,0
290441,1,1,0,0,0,0,0,0,0,0,0,0
290442,1,1,0,0,0,0,0,0,0,0,0,0
290443,1,1,0,0,0,0,0,0,0,0,0,0
290444,1,1,0,0,0,0,0,0,0,0,0,0
290445,0,1,24,24,24,24,24,24,24,24,24,24
290445,1,1,7,7,7,7,7,7,7,7,7,7
290446,1,1,0,0,0,0,0,0,0,0,0,0
290446,2,1,0,0,0,0,0,0,0,0,0,0
290446,3,1,0,0,0,0,0,0,0,0,0,0
290446,4,1,0,0,0,0,0,0,0,0,0,0
290447,1,1,0,0,0,0,0,0,0,0,0,0
290448,1,1,19,19,19,19,19,19,19,19,19,19
290449,0,1,14,14,14,14,14,14,14,14,14,14
290449,1,1,11,11,11,11,11,11,11,11,11,11
290449,2,1,0,0,0,0,0,0,0,0,0,0
290451,0,1,0,0,0,0,0,0,0,0,0,0
290451,1,1,0,12,0,0,0,0,5,0,17,0
290451,2,1,0,0,0,0,0,0,0,0,0,0
290452,1,1,20,20,20,20,20,20,20,20,20,20
290452,2,1,0,0,0,0,0,0,0,0,0,0
290453,1,1,0,0,0,0,0,0,0,0,0,0
290454,1,1,22,0,24,0,0,0,32,0,0,0
290455,1,1,17,17,6,21,8,0,0,0,0,12
290455,2,1,10,0,6,0,10,6,0,0,0,0
290456,1,1,0,0,0,0,0,0,0,0,0,0
290456,2,1,0,0,0,0,0,0,0,0,0,0
290457,1,1,0,0,0,0,0,0,0,0,0,0
290458,1,1,0,0,0,4,14,13,0,0,0,0
290459,1,1,0,0,0,0,0,0,0,0,0,0
290460,1,1,11,11,11,11,11,11,11,11,11,11
290461,1,1,0,0,0,0,0,0,0,0,0,0
290461,2,1,0,0,0,0,0,0,0,0,0,0
290462,1,1,0,0,0,0,0,0,0,0,0,0
290463,1,1,20,20,20,20,20,20,20,20,20,20
290464,1,1,0,0,0,0,0,0,0,0,0,0
290464,2,1,0,0,0,0,0,0,0,0,0,0
290465,1,1,0,0,0,0,0,0,0,0,0,0
290465,2,1,0,0,0,0,0,0,0,0,0,0
290466,1,1,10,10,10,10,10,10,10,10,10,10
290467,1,1,0,0,0,0,0,0,0,0,0,0
290467,2,1,0,0,0,0,0,0,0,0,0,0
290468,1,1,0,0,0,0,0,0,0,0,0,0
290469,0,1,36,36,36,36,36,36,36,36,36,36
290469,1,1,0,28,0,15,0,0,21,0,0,9
290470,1,1,0,0,0,0,0,0,0,0,0,0
290470,2,1,0,0,0,0,0,0,0,0,0,0
290471,1,1,10,10,10,10,10,10,10,10,10,10
290472,1,1,0,0,0,0,0,0,0,0,0,0
290472,2,1,0,0,0,0,0,0,0,0,0,0
290473,1,1,0,0,0,0,0,0,0,0,0,0
290473,2,1,0,0,0,0,0,0,0,0,0,0
290474,1,1,0,0,0,0,0,0,0,0,0,0
290475,1,1,19,19,19,19,19,19,19,19,19,19
290475,2,1,18,12,0,0,0,0,0,0,17,0
290476,1,1,0,0,0,0,0,0,0,0,0,0
290476,2,1,0,0,0,11,0,0,0,0,0,33
290477,1,1,0,0,0,0,0,0,0,0,0,0
290478,1,1,17,17,17,17,17,17,17,17,17,17
290479,1,1,0,0,0,0,0,0,0,0,0,0
290479,2,1,0,0,0,0,0,0,0,0,0,0
290480,1,1,0,0,0,0,0,0,0,0,0,0
290481,1,1,0,0,0,0,0,0,0,0,0,0
290481,2,1,0,0,0,0,0,0,0,0,0,0
290482,1,1,0,0,0,0,0,0,0,0,0,0
290482,2,1,0,0,0,0,0,0,0,0,0,0
290483,1,1,0,0,0,0,0,0,0,0,0,0
290484,1,1,0,0,0,0,0,0,0,0,0,0
290485,1,1,7,7,7,7,7,7,7,7,7,7
290486,1,1,24,10,19,16,13,24,16,20,6,17
290486,2,1,0,0,0,0,0,0,0,0,0,0
290487,1,1,9,9,9,9,9,9,9,9,9,9
290489,1,1,0,15,0,21,0,0,14,20,19,16
290489,2,1,0,0,0,0,0,0,0,0,0,0
290490,1,1,28,28,28,28,28,28,28,28,28,28
290491,1,1,1,1,1,1,1,1,1,1,1,1
290492,0,1,18,18,18,18,18,18,18,18,18,18
290492,1,1,0,0,0,0,0,0,0,0,0,0
290493,0,1,0,0,0,0,0,0,0,0,0,0
290493,1,1,9,9,9,9,9,9,9,9,9,9
290494,1,1,0,24,0,0,0,0,0,0,0,0
290494,2,1,0,0,0,0,0,0,0,0,0,0
290495,1,1,0,0,0,0,0,0,0,0,0,0
290496,1,1,18,18,18,18,18,18,18,18,18,18
290497,0,1,29,23,13,14,27,25,14,34,24,8
290497,1,1,0,0,0,0,0,0,0,0,0,0
290498,1,1,0,0,0,0,0,0,0,0,0,0
290498,2,1,5,5,5,5,5,5,5,5,5,5
290499,1,1,19,19,19,19,19,19,19,19,19,19
290499,2,1,3,3,3,3,3,3,3,3,3,3
290500,1,1,0,0,0,0,0,0,0,0,0,0
290500,2,1,0,0,0,0,0,0,0,0,0,0
290501,1,1,0,0,0,0,0,0,0,0,0,0
290502,1,1,0,0,0,0,0,0,19,0,0,0
290502,2,1,0,0,0,0,0,0,0,0,0,0
290503,1,1,0,0,0,0,0,0,0,0,0,0
290504,1,1,16,16,16,16,16,16,16,16,16,16
290505,0,1,14,14,14,14,14,14,14,14,14,14
290505,1,1,0,0,9,0,0,0,7,0,0,0
290506,1,1,0,0,0,0,0,0,0,0,0,0
290506,2,1,1,1,1,1,1,1,1,1,1,1
290507,1,1,0,0,0,0,0,5,0,0,0,0
290508,1,1,0,14,14,17,8,16,0,6,0,15
290509,0,1,0,0,0,0,0,0,0,0,0,0
290509,1,1,0,0,0,0,0,0,0,0,0,0
290510,0,1,66,0,0,0,28,0,0,13,0,0
290510,1,1,0,0,0,0,0,0,0,0,0,0
290511,1,1,0,0,0,0,0,0,0,0,0,0
290512,1,1,0,0,0,0,0,0,0,0,0,0
290512,2,1,0,0,0,0,0,0,0,0,0,0
290513,1,1,19,19,19,19,19,19,19,19,19,19
290514,1,1,0,0,0,0,0,0,0,0,0,0
290515,0,1,0,0,0,0,0,0,0,0,0,0
290515,1,1,0,0,9,0,16,0,24,0,0,0
290516,0,1,0,0,0,0,0,0,0,0,0,0
290516,1,1,14,10,32,16,18,23,20,18,0,10
290517,0,1,26,26,26,26,26,26,26,26,26,26
290517,1,1,0,0,0,0,4,0,0,11,0,0
290518,1,1,0,0,0,0,0,0,0,0,0,0
290518,2,1,0,0,0,0,0,0,0,0,0,0
290519,0,1,8,8,8,8,8,8,8,8,8,8
290519,1,1,0,0,0,0,0,0,0,0,0,0
290520,0,1,18,18,18,18,18,18,18,18,18,18
290520,1,1,5,5,5,5,5,5,5,5,5,5
290521,0,1,0,0,0,0,0,0,0,0,0,0
290521,1,1,0,0,0,0,0,0,0,0,0,0
290522,1,1,14,14,14,14,14,14,14,14,14,14
290522,2,1,0,0,0,0,0,0,0,0,0,0
290523,0,1,30,30,30,30,30,30,30,30,30,30
290523,1,1,0,0,0,0,0,0,0,10,0,0
290524,1,1,14,14,14,14,14,14,14,14,14,14
290525,1,1,0,0,0,0,0,0,0,0,0,0
290526,1,1,1,1,1,1,1,1,1,1,1,1
290526,2,1,0,0,0,0,0,0,0,0,0,0
290527,1,1,0,0,0,0,0,0,0,0,0,0
290527,2,1,0,0,0,0,0,0,0,0,0,0
290528,1,1,0,0,0,0,0,0,0,0,0,0
290528,2,1,0,0,0,0,0,0,0,0,0,8
290529,1,1,0,0,0,0,0,0,0,0,0,0
290529,2,1,0,0,0,0,0,0,0,0,0,0
290530,1,1,0,0,0,0,0,0,0,0,0,0
290530,2,1,0,0,0,0,0,0,0,0,0,0
290531,1,1,0,0,0,0,0,0,0,0,0,0
290532,1,1,7,7,7,7,7,7,7,7,7,7
290533,1,1,0,0,0,0,0,0,0,0,0,0
290533,2,1,0,0,0,0,0,0,0,0,0,0
290534,1,1,0,22,0,25,0,0,0,16,0,0
290535,1,1,23,23,23,23,23,23,23,23,23,23
290536,1,1,16,16,16,16,16,16,16,16,16,16
290537,1,1,0,0,0,0,0,0,0,0,0,0
290538,1,1,0,0,0,0,0,0,0,0,0,0
290538,2,1,0,0,0,0,0,0,0,0,0,0
290539,1,1,23,23,23,23,23,23,23,23,23,23
290539,2,1,0,0,0,0,0,0,0,0,0,0
290540,1,1,0,0,0,0,0,0,0,0,0,0
290540,2,1,0,0,0,0,0,10,0,17,0,0
290540,3,1,0,0,0,0,0,0,0,0,0,0
290540,4,1,0,0,0,0,0,0,0,0,0,0
290541,1,1,1,1,1,1,1,1,1,1,1,1
290541,2,1,0,0,0,0,0,0,0,0,0,0
290542,1,1,21,21,21,21,21,21,21,21,21,21
290543,1,1,0,0,0,0,0,0,0,0,0,0
290544,0,1,0,0,0,0,0,0,0,0,0,0
290544,1,1,0,0,0,0,0,0,0,0,0,0
290545,1,1,0,0,0,11,20,0,0,0,0,7
290545,2,1,7,0,0,0,0,0,0,0,0,5
290546,1,1,0,0,0,0,0,0,0,0,0,0
290546,2,1,19,0,0,0,0,0,0,0,0,0
290547,1,1,22,22,22,22,22,22,22,22,22,22
290547,2,1,0,0,0,0,0,0,0,0,0,0
290548,1,1,0,0,0,0,0,0,0,0,0,0
290548,2,1,0,0,0,0,0,0,0,0,0,0
290550,0,1,7,7,7,7,7,7,7,7,7,7
290550,1,1,0,0,0,0,0,0,0,20,0,0
290551,1,1,15,15,15,15,15,15,15,15,15,15
290551,2,1,0,0,0,0,0,0,0,0,0,0
290552,1,1,0,0,0,0,0,0,0,0,0,0
290552,2,1,0,0,0,0,0,0,0,0,10,0
290554,1,1,8,8,8,8,8,8,8,8,8,8
290554,2,1,0,0,0,0,0,0,0,0,0,0
290554,3,1,0,0,0,0,0,0,0,0,0,0
290554,4,1,0,0,0,0,0,0,0,0,0,0
290554,5,1,0,0,0,0,0,0,0,0,0,0
290555,0,1,0,0,0,0,0,0,0,0,11,14
290555,1,1,1,1,1,1,1,1,1,1,1,1
290556,1,1,0,0,0,0,0,0,0,0,0,0
290557,1,1,0,0,0,0,0,0,0,0,0,0
290558,1,1,0,0,0,0,0,0,0,0,0,33
290558,2,1,0,0,0,0,0,0,0,0,0,0
290559,1,1,0,0,0,0,0,0,0,0,0,0
290559,2,1,0,0,0,0,0,0,0,0,0,0
290560,1,1,0,0,0,0,0,0,0,0,0,0
290561,1,1,19,19,19,19,19,19,19,19,19,19
290562,1,1,0,0,0,0,23,4,0,0,0,0
290562,2,1,0,0,0,0,0,0,0,0,0,0
290563,1,1,0,0,0,0,0,0,0,0,0,0
290563,2,1,0,0,0,0,0,0,0,0,0,0
290564,1,1,0,0,0,0,0,0,0,0,0,0
290564,2,1,0,0,0,0,0,0,0,0,0,0
290564,3,1,0,0,0,0,0,0,0,0,0,0
290565,1,1,0,0,0,0,0,0,0,0,0,0
290566,0,1,19,16,0,0,0,14,0,0,0,0
290566,1,1,14,0,0,11,0,0,22,0,7,0
290567,0,1,0,0,0,0,0,0,0,0,0,0
290567,1,1,0,0,0,8,0,0,0,0,0,0
290568,1,1,0,0,0,0,0,0,0,0,0,0
290569,1,1,0,0,0,0,0,0,0,0,0,0
290570,1,1,0,0,0,0,0,0,0,0,0,0
290571,1,1,0,23,0,0,0,0,0,0,0,0
290571,2,1,0,0,0,0,0,0,0,0,0,0
290571,3,1,0,0,0,0,0,0,0,0,0,0
290572,1,1,21,21,21,21,21,21,21,21,21,21
290573,1,1,28,28,28,28,28,28,28,28,28,28
290574,2,1,0,0,0,0,0,0,0,0,0,0
290575,1,1,0,0,0,0,0,0,0,0,0,0
290576,1,1,0,0,11,0,0,0,0,0,0,0
290576,2,1,0,0,0,0,0,0,0,0,0,0
290576,3,1,0,0,0,0,0,0,0,0,0,0
290576,4,1,0,0,0,0,0,0,0,0,0,0
290577,1,1,0,0,0,0,0,0,0,0,0,0
290577,2,1,14,14,14,14,14,14,14,14,14,14
290578,1,1,0,0,0,0,0,0,0,0,0,0
290578,2,1,0,0,0,0,0,0,0,0,0,0
290579,1,1,0,0,0,0,0,0,0,0,0,0
290579,2,1,0,0,0,0,0,0,0,0,0,0
290580,1,1,0,0,0,0,0,0,0,0,0,0
290580,2,1,0,0,0,0,0,0,0,0,0,0
290581,1,1,0,0,0,0,0,0,0,0,0,0
290582,1,1,21,21,21,21,21,21,21,21,21,21
290583,1,1,0,21,0,0,0,0,8,37,20,13
290584,0,1,31,31,31,31,31,31,31,31,31,31
290584,1,1,0,0,0,0,0,0,0,0,0,0
290584,2,1,0,0,0,0,0,0,0,0,0,0
290584,3,1,0,0,0,0,0,0,0,0,0,0
290585,0,1,0,0,0,0,0,0,0,0,0,0
290585,1,1,12,0,0,0,0,0,0,0,0,0
290586,1,1,25,0,0,0,16,0,0,0,0,0
290586,2,1,0,0,0,0,0,0,0,0,0,0
290586,3,1,0,14,0,0,0,0,0,0,0,0
290587,1,1,0,0,0,0,0,0,0,0,0,0
290588,1,1,1,1,1,1,1,1,1,1,1,1
290588,2,1,0,0,0,0,0,0,0,0,0,0
290589,1,1,15,15,15,15,15,15,15,15,15,15
290590,1,1,0,0,0,0,0,0,0,0,0,0
290590,2,1,0,0,0,0,0,0,0,0,0,0
290591,1,1,0,0,14,0,0,10,0,0,0,0
290592,0,1,0,0,0,0,0,0,0,0,0,0
290592,1,1,0,0,0,0,0,0,0,0,0,0
290593,1,1,16,16,16,16,16,16,16,16,16,16
290594,1,1,0,0,0,0,0,0,0,0,0,0
290594,2,1,0,0,0,0,0,0,0,0,0,0
290595,1,1,0,0,0,0,0,0,0,0,0,0
290596,0,1,29,20,12,0,0,23,30,25,16,13
290596,1,1,0,0,0,0,0,0,0,0,0,0
290597,1,1,0,0,0,0,0,0,0,0,0,0
290598,1,1,0,0,0,0,0,0,0,0,0,15