ST_CASE,VEH_NO,PER_NO,P1,P2,P3,P4,P5,P6,P7,P8,P9,P10
290598,2,1,0,0,0,0,0,0,0,0,0,0
290599,1,1,18,18,18,18,18,18,18,18,18,18
290600,1,1,6,0,8,0,0,0,0,23,6,0
290601,1,1,18,18,18,18,18,18,18,18,18,18
290601,2,1,0,0,0,0,0,0,0,0,0,0
290602,1,1,0,0,0,0,0,0,0,0,0,0
290603,1,1,19,19,19,19,19,19,19,19,19,19
290604,1,1,12,22,12,10,22,15,7,27,6,30
290605,1,1,10,10,10,10,10,10,10,10,10,10
290606,1,1,0,0,0,0,0,0,0,0,0,0
290607,0,1,0,0,0,0,0,0,0,0,0,0
290607,1,1,0,0,0,0,0,0,0,0,0,0
290608,1,1,0,0,0,0,0,0,0,0,0,0
290608,2,1,13,13,13,13,13,13,13,13,13,13
290609,1,1,9,9,9,9,9,9,9,9,9,9
290609,2,1,0,0,0,0,0,12,0,0,0,0
290610,1,1,0,0,0,0,0,0,0,0,0,0
290610,2,1,0,0,0,0,0,0,0,0,0,0
290611,1,1,0,0,0,0,0,0,0,0,0,0
290611,2,1,0,0,0,0,0,0,0,0,0,0
290612,1,1,20,20,20,20,20,20,20,20,20,20
290613,1,1,0,0,0,0,0,0,0,0,0,0
290613,2,1,0,0,0,0,0,0,0,0,0,0
290614,1,1,33,33,33,33,33,33,33,33,33,33
290615,1,1,0,0,0,0,0,0,0,0,0,0
290616,1,1,0,0,0,0,0,0,0,0,0,0
290617,1,1,0,0,0,0,0,0,0,0,0,0
290618,1,1,0,0,0,0,0,0,0,0,0,0
290618,2,1,0,0,0,0,0,0,0,0,0,0
290619,1,1,0,0,0,0,0,0,0,0,0,0
290620,1,1,11,11,11,11,11,11,11,11,11,11
290621,0,1,0,0,0,0,0,0,0,0,0,0
290621,1,1,0,0,0,0,0,0,0,0,0,0
290622,1,1,13,13,13,13,13,13,13,13,13,13
290623,1,1,0,15,6,14,0,7,8,0,0,11
290623,2,1,0,0,0,0,0,0,0,0,0,0
290624,1,1,19,19,19,19,19,19,19,19,19,19
290624,2,1,0,0,0,0,0,0,0,0,0,0
290625,1,1,29,29,29,29,29,29,29,29,29,29
290626,1,1,0,0,0,0,0,0,0,0,0,0
290626,2,1,0,0,0,0,0,0,0,0,0,0
290627,1,1,0,0,0,0,0,0,0,0,0,0
290627,2,1,0,0,0,0,0,0,0,0,0,0
290628,1,1,0,0,0,0,0,0,0,0,0,0
290628,2,1,0,0,0,0,0,11,0,0,0,0
290629,1,1,21,24,0,0,0,0,0,0,0,0
290630,1,1,15,15,15,15,15,15,15,15,15,15
290631,0,1,30,30,30,30,30,30,30,30,30,30
290631,1,1,16,16,16,16,16,16,16,16,16,16
290632,1,1,0,0,0,0,0,0,0,0,0,0
290632,2,1,0,0,0,0,0,0,0,0,0,0
290633,1,1,0,0,0,0,0,0,0,0,0,0
290633,2,1,0,0,0,0,0,0,0,0,0,0
290634,1,1,0,0,0,0,0,0,0,0,0,0
290634,2,1,1,1,1,1,1,1,1,1,1,1
290635,1,1,0,0,0,0,0,0,0,9,0,0
290635,2,1,1,1,1,1,1,1,1,1,1,1
290636,1,1,21,15,32,1,14,8,24,0,0,21
290636,2,1,23,23,23,23,23,23,23,23,23,23
290637,0,1,5,5,5,5,5,5,5,5,5,5
290637,1,1,0,22,0,0,0,0,0,0,0,0
290638,1,1,21,21,21,21,21,21,21,21,21,21
290639,1,1,16,12,7,8,0,35,21,0,0,0
290640,1,1,0,0,0,0,0,0,0,0,0,0
290640,2,1,0,0,0,0,0,0,0,0,0,0
290641,1,1,18,18,18,18,18,18,18,18,18,18
290642,0,1,0,0,0,0,23,0,0,6,0,0
290642,0,2,30,0,0,0,0,28,0,0,0,24
290642,1,1,0,0,0,0,0,0,0,0,0,0
290644,1,1,0,0,19,0,0,0,0,0,0,0
290645,1,1,0,0,0,0,0,0,0,0,0,0
290646,0,1,22,21,0,21,20,0,20,19,15,0
290646,1,1,0,0,0,0,0,0,0,0,0,0
290647,1,1,28,28,28,28,28,28,28,28,28,28
290648,1,1,0,0,0,0,0,0,0,0,0,0
290649,1,1,26,0,0,0,0,0,0,0,0,0
290650,1,1,0,0,0,0,0,0,0,0,0,0
290651,1,1,17,17,17,17,17,17,17,17,17,17
290652,1,1,0,0,0,0,0,0,0,0,0,0
290653,1,1,1,1,1,1,1,1,1,1,1,1
290654,1,1,17,17,17,17,17,17,17,17,17,17
290655,1,1,0,0,0,0,0,0,0,0,0,0
290655,2,1,0,0,8,0,0,0,0,0,0,0
290656,1,1,6,6,6,6,6,6,6,6,6,6
290657,1,1,0,0,0,0,0,0,0,0,0,0
290657,2,1,0,0,0,0,0,0,0,0,0,0
290658,1,1,0,0,0,0,0,0,0,0,0,0
290659,1,1,0,0,0,0,0,0,0,0,0,0
290659,2,1,0,0,0,0,0,0,0,0,0,0
290660,1,1,0,0,0,0,0,0,0,0,0,0
290661,1,1,0,0,0,0,0,0,0,0,0,0
290661,2,1,0,0,0,0,0,0,0,0,0,0
290662,1,1,0,0,0,0,0,0,0,0,0,0
290663,1,1,0,0,0,0,0,0,0,0,0,0
290664,1,1,0,0,0,0,0,0,0,0,0,0
290665,1,1,13,13,13,13,13,13,13,13,13,13
290666,1,1,0,0,0,0,0,0,0,0,0,0
290666,2,1,0,0,0,0,0,0,0,0,0,0
290666,3,1,0,0,0,0,0,0,0,0,0,0
290667,1,1,0,0,0,0,0,0,0,0,0,0
290668,1,1,0,0,0,0,0,0,0,0,0,0
290668,2,1,0,0,10,0,7,0,0,0,0,0
290669,1,1,0,0,0,0,0,0,0,0,0,0
290669,2,1,0,0,0,0,0,0,0,0,0,0
290670,1,1,0,16,0,0,0,21,0,7,0,0
290671,1,1,0,0,0,0,0,0,0,0,0,0
290672,1,1,0,0,0,0,0,0,0,0,0,0
290672,2,1,0,0,0,0,7,0,0,0,0,0
290673,0,1,15,0,0,10,21,0,14,18,0,32
290673,1,1,0,0,0,0,0,0,0,0,0,0
290674,0,1,0,0,0,0,0,0,0,0,0,22
290674,1,1,0,0,0,0,0,0,0,0,0,0
290674,2,1,0,0,0,0,0,0,0,0,11,0
290674,3,1,0,0,0,0,0,0,0,0,29,0
290675,0,1,8,8,8,8,8,8,8,8,8,8
290675,1,1,0,0,0,0,20,0,0,0,0,0
290677,1,1,0,0,0,0,0,0,0,0,0,0
290678,1,1,0,0,0,0,0,0,0,0,0,0
290681,1,1,0,0,0,17,0,14,0,25,8,0
290682,1,1,18,18,18,18,18,18,18,18,18,18
290683,1,1,0,0,0,0,0,0,0,0,0,0
290683,2,1,0,0,0,0,0,0,0,0,0,0
290684,1,1,12,12,12,12,12,12,12,12,12,12
290685,1,1,4,0,0,0,0,0,0,0,0,0
290686,1,1,0,0,0,0,0,0,0,0,0,0
290687,1,1,6,0,0,0,0,0,0,0,0,0
290688,1,1,0,0,0,0,0,0,0,0,0,0
290688,2,1,0,0,0,0,0,0,0,0,0,0
290689,1,1,21,21,21,21,21,21,21,21,21,21
290690,0,1,0,0,0,0,0,0,0,0,0,0
290690,1,1,0,0,0,0,0,0,0,0,0,0
290691,1,1,0,0,0,0,0,0,0,0,0,0
290692,0,1,0,0,0,0,0,0,0,0,0,0
290692,1,1,0,0,0,0,0,0,0,0,0,0
290693,0,1,0,0,0,0,0,0,0,0,0,0
290693,1,1,0,0,0,0,0,0,0,0,0,0
290694,1,1,16,22,19,0,0,7,17,30,3,6
290694,2,1,0,0,0,0,0,0,0,0,0,0
290695,1,1,1,1,1,1,1,1,1,1,1,1
290695,2,1,0,0,0,0,0,0,0,0,0,0
290696,1,1,0,0,0,0,0,0,0,0,0,0
290697,1,1,0,0,0,0,0,0,0,0,0,0
290698,1,1,17,17,17,17,17,17,17,17,17,17
290699,1,1,17,17,17,17,17,17,17,17,17,17
290700,1,1,0,0,0,0,0,0,0,0,0,0
290700,2,1,0,0,0,0,0,0,0,0,0,0
290701,1,1,0,0,0,0,0,0,0,0,0,0
290701,2,1,0,0,0,0,0,0,0,0,0,0
290702,0,1,0,16,16,0,0,0,0,0,0,21
290702,1,1,0,0,0,0,0,0,0,0,0,0
290703,1,1,0,0,0,0,0,0,0,0,0,0
290703,2,1,0,0,0,0,0,0,0,0,0,0
290703,3,1,0,0,0,0,0,0,0,0,0,0
290704,1,1,0,0,0,0,0,0,0,0,0,0
290705,1,1,23,23,23,23,23,23,23,23,23,23
290706,1,1,0,0,0,0,0,0,0,0,0,0
290706,2,1,0,0,0,0,0,0,0,0,0,0
290707,1,1,0,0,0,0,20,0,0,0,0,0
290708,1,1,0,0,0,0,0,0,0,0,0,0
290708,2,1,0,0,0,0,0,0,0,0,0,0
290709,1,1,32,32,32,32,32,32,32,32,32,32
290710,1,1,0,0,0,0,0,0,0,0,0,0
290710,2,1,0,0,0,0,0,18,26,5,16,0
290711,1,1,0,18,0,0,0,0,0,0,0,0
290711,2,1,0,0,0,0,0,0,0,0,0,0
290711,4,1,0,0,0,0,0,0,0,0,0,0
290712,1,1,0,0,0,0,0,0,0,0,0,0
290713,1,1,0,0,0,0,0,0,0,0,0,0
290713,2,1,0,0,0,0,0,0,0,0,0,0
290714,1,1,28,28,28,28,28,28,28,28,28,28
290715,1,1,0,0,0,0,0,0,0,0,0,0
290715,2,1,0,0,0,0,0,0,0,0,0,0
290716,0,1,13,13,13,13,13,13,13,13,13,13
290716,1,1,0,0,0,0,0,0,0,0,0,0
290717,1,1,12,12,12,12,12,12,12,12,12,12
290718,1,1,0,0,0,0,0,0,0,38,37,26
290718,2,1,0,0,0,0,0,0,0,0,0,0
290719,1,1,23,23,23,23,23,23,23,23,23,23
290720,1,1,0,0,0,0,0,0,0,0,0,0
290721,1,1,18,18,18,18,18,18,18,18,18,18
290722,1,1,0,0,0,0,0,0,0,0,0,0
290722,2,1,0,0,0,0,0,0,0,0,0,0
290723,1,1,0,0,0,0,0,0,0,14,0,0
290724,1,1,0,0,0,0,0,0,0,0,0,0
290725,1,1,21,21,21,21,21,21,21,21,21,21
290726,1,1,0,0,0,0,0,0,0,0,0,0
290726,2,1,0,0,0,0,0,0,0,0,0,0
290727,1,1,0,0,0,0,0,0,0,0,0,0
290727,2,1,0,0,0,0,0,0,0,0,0,0
290728,0,1,2,2,2,2,2,2,2,2,2,2
290728,1,1,13,0,0,10,0,0,23,0,0,0
290729,1,1,0,0,0,0,0,0,0,0,0,0
290729,2,1,0,10,0,0,0,0,0,7,0,0
290730,1,1,0,0,0,0,0,0,0,0,0,0
290731,1,1,0,0,0,0,0,0,0,0,0,0
290731,2,1,0,0,0,0,0,0,0,0,0,0
290731,3,1,0,8,11,0,0,0,0,0,0,10
290732,1,1,0,0,0,0,0,0,0,0,0,0
290732,2,1,0,0,0,0,0,0,0,0,0,0
290734,1,1,0,0,0,0,0,0,0,0,0,0
290734,2,1,0,0,0,0,0,0,0,0,0,0
290734,3,1,0,0,0,0,0,0,0,0,0,0
290735,1,1,0,0,0,0,0,0,0,0,0,0
290735,2,1,0,0,0,0,0,0,0,0,0,0
290736,1,1,24,24,24,24,24,24,24,24,24,24
290736,2,1,0,0,0,0,0,0,0,0,0,0
290737,1,1,0,0,0,0,16,0,0,21,0,20
290737,2,1,0,0,0,0,0,0,0,0,0,0
290738,1,1,0,0,16,19,0,19,9,0,5,27
290739,1,1,0,0,0,0,0,0,13,0,0,0
290740,1,1,19,19,19,19,19,19,19,19,19,19
290741,1,1,0,0,0,0,0,0,14,0,0,0
290742,1,1,0,0,0,0,0,0,0,0,0,0
290743,1,1,0,0,0,0,0,0,0,0,0,0
290745,1,1,0,0,0,0,0,0,0,0,0,0
290746,1,1,10,10,10,10,10,10,10,10,10,10
290747,1,1,0,0,0,0,0,0,0,0,0,0
290748,1,1,0,0,0,0,0,0,0,0,0,0
290749,1,1,32,32,32,32,32,32,32,32,32,32
290750,1,1,0,0,0,0,0,0,0,0,0,0
290751,1,1,25,25,25,25,25,25,25,25,25,25
290752,1,1,1,1,1,1,1,1,1,1,1,1
290753,0,1,0,0,0,0,0,0,0,0,0,0
290753,1,1,0,0,0,0,0,0,0,0,0,0
290754,1,1,0,0,0,0,0,10,0,0,43,20
290755,1,1,0,0,0,0,0,0,0,0,0,0
290756,1,1,0,0,0,0,0,0,0,0,0,0
290757,1,1,0,24,0,0,0,0,0,0,0,12
290758,1,1,0,0,0,0,0,0,0,0,0,0
290758,2,1,0,0,0,0,0,0,0,0,0,0
290759,1,1,0,0,0,0,0,0,0,0,0,0
290760,1,1,13,13,13,13,13,13,13,13,13,13
290761,1,1,26,26,26,26,26,26,26,26,26,26
290762,1,1,0,0,0,0,0,0,0,0,0,0
290762,2,1,0,0,0,15,0,0,0,0,0,8
290762,3,1,0,0,0,0,0,0,0,0,0,0
290762,4,1,0,10,0,0,0,0,0,0,0,0
290763,1,1,15,15,15,15,15,15,15,15,15,15
290764,1,1,0,0,0,0,0,0,0,0,0,0
290765,0,1,0,0,0,0,0,0,0,0,0,0
290765,1,1,0,0,0,0,0,0,0,0,0,0
290766,1,1,0,0,0,0,0,0,0,0,0,0
290766,2,1,0,0,0,0,0,0,0,0,0,0
290767,1,1,0,0,0,0,0,0,0,0,0,0
290767,2,1,0,0,0,0,0,0,0,0,0,0
290768,0,1,6,6,6,6,6,6,6,6,6,6
290768,1,1,0,0,0,0,15,0,0,0,0,0
290769,1,1,20,15,0,0,0,22,12,0,0,0
290770,0,1,6,6,6,6,6,6,6,6,6,6
290770,1,1,0,0,0,0,0,0,0,0,0,0
290771,1,1,0,0,0,0,0,0,0,0,0,0
290771,2,1,0,0,11,2,0,0,0,0,0,0
290772,1,1,0,0,0,0,0,0,0,0,0,0
290772,2,1,0,0,0,0,0,0,0,0,0,0
290773,1,1,13,13,13,13,13,13,13,13,13,13
290774,0,1,12,12,12,12,12,12,12,12,12,12
290774,1,1,0,0,0,0,0,0,0,0,0,0
290775,1,1,9,8,16,13,25,18,8,13,16,12
290776,1,1,0,0,0,0,0,0,0,0,0,0
290776,2,1,0,0,0,0,0,0,0,0,0,0
290777,1,1,20,20,20,20,20,20,20,20,20,20
290778,0,1,0,0,0,0,0,0,0,0,0,0
290778,1,1,33,0,0,0,0,21,0,0,0,0
290779,1,1,15,15,15,15,15,15,15,15,15,15
290780,1,1,0,0,0,0,0,0,0,0,0,0
290780,2,1,0,0,0,0,0,0,0,0,0,0
290781,1,1,0,0,0,0,0,0,0,0,0,0
290781,2,1,0,0,0,0,0,0,0,0,0,0
290782,1,1,0,0,0,0,0,0,0,0,0,0
290782,2,1,0,0,0,0,0,0,0,0,0,0
290783,1,1,6,22,0,0,0,0,0,0,0,0
290783,2,1,7,0,11,7,0,17,4,10,8,11
290784,1,1,15,15,15,15,15,15,15,15,15,15
290785,1,1,0,0,0,0,0,0,0,0,0,0
290785,2,1,0,0,0,0,0,0,0,0,0,0
290786,1,1,0,0,0,0,0,0,0,0,0,0
290787,1,1,0,0,0,0,0,0,0,0,0,0
290787,2,1,0,0,0,0,0,0,0,0,0,0
290788,1,1,0,0,0,3,0,0,0,0,0,0
290788,2,1,0,0,0,0,0,0,0,0,0,0
290788,3,1,0,0,0,0,0,0,0,0,0,0
290789,1,1,0,0,0,0,0,0,0,0,0,0
290789,2,1,0,0,0,0,0,0,0,0,0,0
290790,0,1,11,11,11,11,11,11,11,11,11,11
290790,1,1,0,0,0,0,0,0,0,0,0,0
290791,1,1,8,12,14,15,26,8,27,31,9,4
290792,0,1,0,0,0,0,0,0,0,0,0,0
290792,1,1,0,0,0,0,0,0,0,0,0,0
290793,1,1,13,15,9,6,5,15,20,11,5,10
290794,1,1,0,0,0,0,0,0,0,0,0,0
290795,1,1,0,0,0,0,0,0,0,0,0,0
290796,1,1,0,0,0,0,0,0,0,0,0,0
290797,1,1,9,9,9,9,9,9,9,9,9,9
290797,2,1,0,0,0,0,0,0,0,0,0,0
290798,0,1,0,0,0,0,0,0,0,0,0,0
290798,1,1,11,11,11,11,11,11,11,11,11,11
290799,0,1,0,6,34,18,33,0,8,22,0,4
290799,1,1,0,0,12,0,6,14,0,4,11,0
290799,2,1,0,0,0,0,0,0,0,0,0,0
290800,1,1,0,0,0,0,0,0,0,0,0,0
290800,2,1,0,0,0,0,0,0,0,0,0,0
290801,1,1,0,0,0,0,0,0,0,0,0,0
290801,2,1,0,0,0,0,0,0,0,0,0,0
290802,0,1,42,15,0,0,17,22,11,0,0,10
290802,1,1,0,0,0,0,0,0,0,0,0,0
290803,1,1,0,0,0,0,0,0,0,0,0,0
290804,1,1,27,27,27,27,27,27,27,27,27,27
290804,2,1,0,0,0,0,26,0,0,0,0,0
290805,1,1,10,10,10,10,10,10,10,10,10,10
290806,1,1,0,0,0,0,0,0,0,0,0,0
290807,1,1,9,9,9,9,9,9,9,9,9,9
290807,2,1,0,0,0,0,0,0,0,0,0,0
290808,1,1,15,21,0,3,14,7,0,0,0,26
290809,1,1,0,0,0,0,0,0,0,0,0,0
290810,0,1,0,0,0,17,14,0,0,0,17,0
290810,1,1,0,0,0,0,0,0,0,0,0,0
290811,1,1,0,0,0,0,0,0,0,0,0,0
290811,2,1,0,0,0,0,0,0,0,0,27,0
290811,3,1,0,0,0,0,0,0,0,0,0,0
290811,4,1,0,0,0,0,0,0,0,0,0,0
290812,1,1,0,0,0,0,0,0,0,0,0,0
290812,2,1,0,0,0,0,0,0,0,0,0,0
290814,1,1,0,0,0,0,0,0,0,0,0,0
290814,2,1,0,0,0,0,0,0,0,0,0,0
290815,1,1,11,11,11,11,11,11,11,11,11,11
290816,1,1,0,0,0,0,0,0,0,0,0,0
290817,1,1,33,33,33,33,33,33,33,33,33,33
290818,1,1,0,0,0,0,0,0,0,0,0,0
290819,0,1,14,14,14,14,14,14,14,14,14,14
290819,1,1,0,0,0,0,0,0,0,0,0,0
290820,0,1,16,16,16,16,16,16,16,16,16,16
290820,1,1,0,0,0,0,0,0,0,0,0,0
290821,0,1,0,0,0,0,0,0,0,0,0,0
290821,1,1,0,0,0,0,0,0,0,0,0,0
290822,1,1,0,0,0,0,0,0,0,0,0,0
290822,2,1,0,0,0,0,0,0,0,0,0,0
290823,1,1,0,0,0,0,0,0,0,0,0,0
290824,1,1,0,0,0,0,0,0,0,0,0,0
290824,2,1,0,0,0,0,0,0,0,0,0,0
290825,1,1,0,0,0,0,0,0,0,0,0,0
290826,1,1,11,25,6,9,4,33,31,15,15,7
290826,2,1,0,0,0,0,0,0,0,0,0,0
290827,1,1,0,0,0,0,0,0,0,0,0,0
290827,2,1,0,0,20,0,0,0,0,17,0,0
290828,1,1,0,0,0,0,0,0,0,0,0,0
290829,1,1,0,16,0,20,7,0,0,0,0,13
290831,1,1,0,0,0,0,0,0,0,0,0,0
290831,2,1,0,0,0,0,0,0,0,0,0,0
290832,1,1,0,0,0,0,0,0,0,0,0,0
290832,2,1,0,0,0,0,0,0,0,0,0,0
290833,1,1,4,4,4,4,4,4,4,4,4,4
290833,2,1,0,0,0,0,0,0,0,0,0,0
290834,1,1,0,0,0,0,0,0,0,0,0,0
290834,2,1,0,0,0,0,0,0,0,0,0,0
290835,1,1,13,0,0,0,0,0,0,0,31,0
290836,1,1,14,14,14,14,14,14,14,14,14,14
290836,2,1,0,0,0,0,0,0,0,0,0,0
290836,3,1,0,0,0,0,0,0,0,0,0,0
290836,4,1,0,0,0,0,0,0,0,0,0,0
290836,5,1,0,0,0,0,0,0,0,0,0,0
290836,6,1,0,0,0,0,0,0,0,0,0,0
290837,1,1,0,0,0,0,0,0,0,0,0,0
290837,2,1,0,0,0,0,0,0,0,0,0,0
290838,1,1,0,0,0,0,0,0,0,0,0,0
290839,1,1,0,0,0,0,0,0,0,0,0,0
290840,1,1,0,0,0,0,0,0,0,0,0,0
290840,2,1,0,0,0,0,0,0,0,0,0,0
290841,1,1,4,4,4,4,4,4,4,4,4,4
290842,1,1,0,0,0,0,0,0,0,0,0,0
290843,1,1,0,0,0,0,0,0,0,0,0,0
290844,1,1,0,0,0,0,0,0,0,0,0,0
290844,2,1,0,0,0,0,0,0,0,0,0,0
290845,1,1,0,0,0,0,0,0,0,0,0,0
290847,1,1,0,0,0,0,0,0,0,0,0,0
290847,2,1,0,0,0,0,0,0,0,0,0,0
290848,1,1,0,0,0,0,0,0,0,0,0,0
290848,2,1,0,0,0,0,0,0,0,0,0,0
290849,1,1,7,24,7,8,18,28,21,20,21,31
290850,1,1,0,0,0,0,0,0,0,0,0,0
290851,1,1,0,0,0,16,0,0,0,0,0,0
290852,1,1,0,0,12,0,0,0,0,0,0,0
290853,1,1,5,5,5,5,5,5,5,5,5,5
290854,1,1,0,0,0,0,0,0,0,0,0,0
290854,2,1,0,0,0,0,0,0,0,0,0,0
290855,1,1,8,8,8,8,8,8,8,8,8,8
290855,2,1,0,0,0,0,0,0,0,0,0,0
290856,1,1,18,32,32,16,24,15,23,13,19,9
290856,2,1,0,0,0,0,0,0,0,0,0,0
290857,0,1,0,0,0,0,0,0,0,0,0,0
290857,1,1,26,21,11,24,0,0,22,0,0,0
290858,2,1,0,0,0,0,0,0,0,0,0,0
290859,0,1,0,0,0,0,0,0,0,0,0,0
290859,1,1,0,0,0,0,0,0,0,0,0,0
290860,1,1,0,0,0,9,0,0,18,0,0,0
290861,1,1,25,25,25,25,25,25,25,25,25,25
290861,2,1,0,9,0,0,0,0,0,0,0,0
290862,1,1,0,0,0,0,0,0,0,0,0,0
290862,2,1,0,0,0,0,0,0,0,0,0,0
290863,0,1,0,0,0,0,23,0,0,0,0,0
290863,1,1,0,0,6,0,0,0,0,0,32,0
290863,2,1,0,0,0,0,6,0,0,0,0,0
290864,1,1,0,0,16,0,0,0,0,0,6,20
290864,2,1,19,19,19,19,19,19,19,19,19,19
290865,1,1,19,19,19,19,19,19,19,19,19,19
290866,1,1,2,2,2,2,2,2,2,2,2,2
290867,1,1,0,0,0,0,0,0,0,0,0,0
290867,2,1,0,0,0,0,0,0,0,0,0,0
290867,3,1,0,0,0,0,0,0,0,0,15,0
290868,0,1,0,0,0,0,0,0,0,0,0,0
290868,1,1,0,0,0,0,0,0,0,0,0,0
290869,1,1,0,0,0,0,0,0,0,0,0,0
290870,1,1,0,0,0,0,0,0,0,0,0,0
290871,1,1,39,39,39,39,39,39,39,39,39,39
290871,2,1,18,0,11,0,5,16,0,0,11,0
290872,1,1,0,0,0,0,0,34,0,0,0,0
290873,1,1,0,0,0,0,0,0,0,0,0,0
290873,2,1,0,0,22,0,0,0,29,0,0,0
290873,3,1,0,0,0,0,0,0,0,0,0,0
290874,1,1,0,0,0,0,0,0,0,0,0,0
290874,2,1,0,0,0,0,0,0,0,0,0,0
290874,3,1,0,0,0,0,0,0,0,0,0,0
290875,1,1,0,0,0,0,0,0,0,0,0,0
290875,2,1,0,0,0,0,0,0,0,0,0,0
290876,1,1,0,0,0,0,0,0,0,0,0,0
290877,1,1,19,19,19,19,19,19,19,19,19,19
290878,1,1,0,0,11,0,0,0,0,0,0,0
290878,2,1,0,0,0,0,14,0,0,0,22,0
290879,0,1,0,0,0,0,0,0,0,0,0,0
290879,1,1,14,5,0,21,0,17,0,0,13,5
290880,1,1,0,0,0,0,0,0,0,0,0,0
290881,1,1,0,0,0,0,0,0,0,0,0,0
290881,2,1,0,0,23,0,0,0,0,0,0,0
290882,0,1,0,0,0,23,0,0,0,0,0,0
290882,1,1,0,0,0,0,0,0,0,0,0,0
290883,1,1,0,0,0,0,0,0,0,0,0,0
290883,2,1,0,0,0,0,0,0,0,0,0,0
290884,1,1,30,30,30,30,30,30,30,30,30,30
290884,2,1,17,17,17,17,17,17,17,17,17,17
290885,1,1,0,0,0,0,0,0,0,0,0,0
290885,2,1,0,0,0,0,0,0,0,0,0,0
290886,0,1,16,16,16,16,16,16,16,16,16,16
290886,1,1,0,0,0,0,7,0,0,1,0,0
290887,1,1,0,0,0,0,0,0,0,0,0,0
290887,2,1,0,0,0,0,0,0,0,0,0,0
290888,1,1,0,0,0,0,0,0,0,0,0,0
290889,1,1,0,0,0,0,0,0,0,0,0,0
290889,2,1,4,0,5,0,0,0,0,0,0,0
290890,1,1,0,0,0,0,0,0,0,0,0,0
290890,2,1,0,0,0,0,0,0,0,0,0,0
290891,1,1,0,0,0,0,0,0,0,0,0,0
290891,2,1,0,0,0,0,0,0,0,0,0,0
290892,1,1,0,32,0,17,23,0,0,0,0,19
290893,1,1,0,0,0,15,9,0,0,0,22,0
290894,1,1,0,0,0,13,0,0,0,0,0,0
290895,1,1,0,0,0,0,0,0,0,0,0,0
290895,2,1,0,0,0,0,0,0,0,0,0,0
300001,1,1,29,29,29,29,29,29,29,29,29,29
300002,1,1,0,0,0,0,0,0,0,0,0,0
300003,0,1,0,0,0,0,0,0,0,0,0,0
300003,1,1,0,0,0,0,0,0,0,0,0,0
300004,1,1,0,0,0,0,0,0,0,0,0,0
300005,1,1,0,0,0,0,0,0,0,0,0,0
300005,2,1,0,0,0,0,0,0,0,0,0,0
300006,1,1,38,38,38,38,38,38,38,38,38,38
300007,1,1,0,0,0,0,0,36,0,27,0,28
300007,2,1,0,0,0,0,0,0,0,0,0,0
300008,1,1,11,11,11,11,11,11,11,11,11,11
300009,1,1,0,0,0,0,0,0,0,0,0,0
300009,2,1,0,0,0,0,0,0,0,0,0,0
300010,1,1,0,0,0,0,0,0,0,0,0,0
300010,2,1,0,0,0,0,0,0,0,0,0,0
300011,1,1,0,0,0,0,0,0,0,0,0,0
300012,0,1,25,25,25,25,25,25,25,25,25,25
300012,1,1,0,0,0,0,0,0,0,0,0,0
300013,0,1,16,0,0,0,0,0,0,12,0,0
300013,1,1,0,0,0,0,0,0,0,0,0,0
300014,1,1,18,18,18,18,18,18,18,18,18,18
300015,1,1,16,16,16,16,16,16,16,16,16,16
300016,1,1,14,14,14,14,14,14,14,14,14,14
300017,1,1,21,21,21,21,21,21,21,21,21,21
300018,1,1,0,0,0,0,0,0,0,0,0,0
300018,2,1,0,0,0,0,0,0,0,0,0,0
300019,1,1,17,17,17,17,17,17,17,17,17,17
300020,1,1,20,20,20,20,20,20,20,20,20,20
300021,1,1,22,22,22,22,22,22,22,22,22,22
300022,1,1,0,0,0,0,0,0,0,0,0,0
300023,0,1,24,24,24,24,24,24,24,24,24,24
300023,1,1,15,10,14,4,14,20,12,15,15,26
300024,1,1,22,22,22,22,22,22,22,22,22,22
300024,2,1,0,0,0,0,0,0,0,0,0,0
300025,1,1,0,0,0,0,0,0,0,0,0,0
300025,2,1,0,0,0,0,0,0,0,0,0,0
300026,1,1,0,0,0,0,0,0,0,0,0,0
300027,0,1,0,0,0,0,0,0,0,0,0,0
300027,1,1,0,0,0,0,0,0,0,0,0,0
300028,1,1,23,23,23,23,23,23,23,23,23,23
300029,1,1,0,0,0,0,0,0,0,0,0,0
300030,1,1,19,19,19,19,19,19,19,19,19,19
300031,1,1,0,0,0,0,0,0,0,0,0,0
300032,1,1,0,0,0,0,0,0,0,0,0,0
300032,2,1,0,0,0,0,0,0,0,0,0,0
300033,1,1,0,0,0,0,0,0,0,0,0,0
300034,0,1,0,0,0,0,0,0,0,0,0,0
300034,1,1,0,0,0,0,5,0,0,0,25,0
300035,1,1,0,0,0,0,0,0,0,0,0,0
300036,1,1,25,15,18,19,9,0,23,21,19,13
300036,2,1,0,0,13,0,0,0,0,0,0,0
300037,0,1,0,0,0,0,0,0,0,0,0,0
300037,1,1,0,0,0,0,0,0,0,0,0,0