ST_CASE,VEH_NO,PER_NO,P1,P2,P3,P4,P5,P6,P7,P8,P9,P10
300038,1,1,0,0,0,0,0,18,0,0,0,0
300038,2,1,0,0,0,0,0,0,0,0,0,0
300039,1,4,5,24,15,10,18,21,15,10,10,17
300040,1,1,19,19,19,19,19,19,19,19,19,19
300041,1,2,0,0,13,12,0,0,19,5,9,0
300042,1,1,0,0,0,0,0,0,0,0,0,0
300042,2,1,0,0,0,0,0,0,0,0,0,0
300043,1,1,7,7,7,7,7,7,7,7,7,7
300044,0,1,0,0,0,0,0,0,0,0,0,0
300044,1,1,0,0,0,0,0,0,0,0,0,0
300045,1,1,20,0,0,0,0,11,0,25,0,21
300046,1,1,17,0,0,0,0,0,26,0,0,0
300047,1,1,46,46,46,46,46,46,46,46,46,46
300047,2,1,0,0,0,0,0,0,0,0,0,0
300048,1,1,0,0,0,15,0,0,0,0,0,0
300049,1,1,0,0,0,0,0,0,0,0,0,0
300050,1,1,18,18,18,18,18,18,18,18,18,18
300051,1,1,31,31,31,31,31,31,31,31,31,31
300052,1,1,0,18,18,10,6,8,14,17,3,9
300052,2,1,0,0,0,0,0,0,0,0,0,0
300053,0,1,0,0,0,0,0,0,0,0,0,0
300053,1,1,0,0,0,0,0,0,0,0,0,0
300054,1,1,0,0,0,0,0,0,0,0,0,0
300054,2,1,0,0,0,0,0,0,0,0,0,0
300055,1,1,13,13,13,13,13,13,13,13,13,13
300055,2,1,15,15,15,15,15,15,15,15,15,15
300056,1,1,0,0,0,0,0,0,0,0,0,0
300057,1,1,3,3,3,3,3,3,3,3,3,3
300058,1,1,13,13,13,13,13,13,13,13,13,13
300059,1,1,9,9,9,9,9,9,9,9,9,9
300060,1,1,0,0,0,0,0,0,0,0,0,0
300060,2,1,0,0,0,0,0,0,0,0,0,0
300061,1,1,14,0,0,0,9,21,19,21,0,0
300062,1,1,0,0,0,0,0,0,0,0,0,0
300063,1,1,17,17,17,17,17,17,17,17,17,17
300064,1,1,19,19,19,19,19,19,19,19,19,19
300065,1,1,0,0,0,0,0,0,0,0,0,0
300065,2,1,0,0,0,0,0,0,0,0,0,0
300066,1,1,17,17,17,17,17,17,17,17,17,17
300066,2,1,0,0,0,0,0,0,0,0,0,0
300067,1,1,0,0,0,0,0,0,0,0,0,0
300068,1,1,0,0,0,0,0,0,0,0,0,0
300069,1,1,10,28,18,15,16,25,4,5,7,8
300070,1,1,35,35,35,35,35,35,35,35,35,35
300071,1,1,24,24,24,24,24,24,24,24,24,24
300072,1,1,29,29,29,29,29,29,29,29,29,29
300073,1,1,0,0,0,0,18,0,0,0,0,0
300074,1,1,0,0,0,0,0,0,0,0,0,0
300075,1,1,17,7,23,12,9,0,22,39,0,25
300076,0,1,0,0,0,0,0,0,0,0,0,0
300076,0,2,0,0,0,0,0,0,0,0,0,0
300076,1,1,0,0,0,0,0,0,0,0,0,0
300077,1,1,21,21,21,21,21,21,21,21,21,21
300077,2,1,18,8,12,0,0,6,0,0,17,0
300078,1,1,13,13,13,13,13,13,13,13,13,13
300079,1,1,0,0,0,0,0,0,0,0,0,0
300080,1,1,22,22,22,22,22,22,22,22,22,22
300081,1,1,16,10,18,3,0,40,8,7,23,14
300082,1,3,0,0,0,0,0,0,0,0,0,0
300083,1,1,0,0,0,0,0,0,0,0,0,0
300084,1,1,17,17,17,17,17,17,17,17,17,17
300085,1,1,35,35,35,35,35,35,35,35,35,35
300086,1,1,22,22,22,22,22,22,22,22,22,22
300087,1,1,0,0,0,0,0,0,0,0,0,0
300088,1,1,24,24,24,24,24,24,24,24,24,24
300089,1,1,12,22,24,5,16,0,0,11,28,0
300090,1,1,0,0,0,0,0,0,0,0,0,13
300091,1,1,10,10,10,10,10,10,10,10,10,10
300091,2,1,0,0,0,0,0,0,0,0,0,0
300092,1,1,8,14,17,6,14,7,6,13,6,14
300093,1,1,0,0,0,0,0,0,0,0,0,0
300094,1,1,23,31,11,9,12,19,18,16,33,25
300095,1,1,0,0,0,0,0,0,0,0,0,0
300095,2,1,0,0,0,0,0,0,0,0,0,0
300096,1,1,22,16,10,16,2,11,3,22,32,28
300097,1,1,0,0,0,0,0,0,0,0,0,0
300098,1,1,0,0,0,0,0,0,0,0,0,0
300099,1,1,16,16,16,16,16,16,16,16,16,16
300100,1,1,26,26,26,26,26,26,26,26,26,26
300101,1,1,0,0,0,0,0,0,0,0,0,0
300102,1,1,18,18,18,18,18,18,18,18,18,18
300103,1,1,26,26,26,26,26,26,26,26,26,26
300104,1,1,24,24,24,24,24,24,24,24,24,24
300105,1,1,0,0,0,0,0,0,0,0,0,0
300106,1,1,0,0,0,0,0,29,0,0,0,0
300107,0,1,27,27,27,27,27,27,27,27,27,27
300107,1,1,0,0,0,0,0,0,0,0,0,0
300108,1,1,0,0,0,0,0,0,0,0,0,0
300108,2,1,0,0,0,0,0,0,0,0,0,0
300108,3,1,0,0,0,8,0,11,0,0,0,0
300109,1,1,19,19,19,19,19,19,19,19,19,19
300110,1,1,0,0,0,0,0,0,0,0,0,0
300111,1,1,0,0,0,0,0,0,0,0,0,0
300111,2,1,0,0,0,0,0,0,0,0,0,0
300112,1,1,0,0,0,0,0,0,0,0,0,0
300112,2,1,0,0,0,0,0,0,0,0,0,0
300113,1,1,6,0,20,30,9,0,0,0,8,0
300114,1,1,15,15,15,15,15,15,15,15,15,15
300115,1,1,0,0,0,21,18,9,26,0,18,8
300116,1,1,15,15,15,15,15,15,15,15,15,15
300117,1,1,0,0,0,0,0,0,0,0,0,0
300118,1,1,0,0,0,0,0,0,0,0,0,0
300119,1,1,0,0,0,0,0,0,0,0,0,0
300120,1,1,19,19,19,19,19,19,19,19,19,19
300121,1,1,5,5,5,5,5,5,5,5,5,5
300122,1,1,30,30,30,30,30,30,30,30,30,30
300122,2,1,0,0,0,0,0,0,0,0,0,0
300123,1,1,0,0,0,0,0,0,0,0,0,0
300124,1,1,14,14,14,14,14,14,14,14,14,14
300125,1,1,0,0,0,0,0,0,0,0,0,0
300126,1,1,0,0,0,0,0,0,0,0,0,0
300127,1,1,17,17,17,17,17,17,17,17,17,17
300128,1,1,0,0,0,0,0,0,0,0,0,0
300129,1,1,0,0,0,0,0,0,0,0,0,0
300130,1,1,34,34,34,34,34,34,34,34,34,34
300130,2,1,0,0,0,0,0,0,0,0,0,0
300131,1,1,0,0,0,0,0,0,0,0,0,0
300132,1,1,0,0,0,0,0,0,0,0,0,0
300132,2,1,0,0,0,0,0,0,0,0,0,0
300133,1,1,8,8,8,8,8,8,8,8,8,8
300134,1,1,0,0,0,0,0,0,0,0,0,0
300134,2,1,0,0,0,0,0,0,0,0,0,0
300135,1,1,0,0,0,0,0,0,0,0,0,0
300135,2,1,0,0,0,0,0,0,0,0,0,0
300136,1,1,0,0,0,0,0,0,0,0,0,0
300136,2,1,0,0,0,0,0,0,0,0,0,0
300137,1,1,0,0,0,0,0,0,0,0,0,0
300138,1,1,0,0,0,0,0,0,0,0,0,0
300139,1,1,0,0,0,0,0,0,0,0,0,0
300139,2,1,0,0,0,0,0,0,0,0,0,0
300140,1,1,16,0,0,0,16,6,0,0,0,0
300141,1,1,0,0,0,0,0,0,0,0,0,0
300142,1,1,0,0,0,0,0,0,0,0,0,0
300142,2,1,0,0,0,0,0,0,0,0,0,0
300143,1,1,0,8,26,0,31,0,0,0,18,20
300143,2,1,0,0,0,0,0,0,0,0,0,0
300143,3,1,0,0,0,0,0,0,0,0,0,0
300144,1,1,12,12,12,12,12,12,12,12,12,12
300145,1,1,23,23,23,23,23,23,23,23,23,23
300146,1,1,0,0,0,0,0,0,0,0,0,0
300146,2,1,0,0,0,0,0,0,0,0,0,0
300147,1,1,26,26,26,26,26,26,26,26,26,26
300148,1,1,3,3,3,3,3,3,3,3,3,3
300149,1,1,20,20,20,20,20,20,20,20,20,20
300150,1,1,0,0,0,0,0,0,0,0,0,0
300151,0,1,47,47,47,47,47,47,47,47,47,47
300151,1,1,0,0,0,0,0,0,0,0,0,0
300152,1,1,29,29,29,29,29,29,29,29,29,29
300153,1,1,0,0,0,0,0,0,0,0,0,0
300154,1,1,12,12,12,12,12,12,12,12,12,12
300155,1,1,35,35,35,35,35,35,35,35,35,35
300155,2,1,0,0,0,0,0,0,0,0,0,0
300156,1,1,0,0,0,0,0,0,0,0,0,0
300157,1,1,18,18,18,18,18,18,18,18,18,18
300158,1,1,28,28,28,28,28,28,28,28,28,28
300159,1,1,4,4,4,4,4,4,4,4,4,4
300159,2,1,0,0,0,0,0,0,0,0,0,0
300159,3,1,0,0,0,0,0,0,0,0,0,0
300160,1,1,29,29,29,29,29,29,29,29,29,29
300161,1,1,0,0,0,0,0,0,0,0,0,0
300162,1,1,16,16,16,16,16,16,16,16,16,16
300162,2,1,0,0,0,0,0,0,0,0,0,0
300163,1,1,0,0,0,0,0,0,0,0,0,0
300164,1,1,27,25,15,24,27,14,22,13,14,33
300165,0,1,0,0,0,0,0,0,0,0,0,0
300165,1,1,0,0,0,0,0,0,0,0,0,0
300166,1,1,0,0,0,0,0,0,0,0,0,0
300167,1,1,16,16,16,16,16,16,16,16,16,16
300168,1,1,10,10,10,10,10,10,10,10,10,10
300169,0,1,13,13,13,13,13,13,13,13,13,13
300169,1,1,0,0,0,0,0,0,0,0,0,0
300170,1,1,0,0,0,0,0,0,0,0,0,0
300170,2,1,0,0,0,0,0,0,0,0,0,0
300171,1,1,0,0,0,0,0,0,0,0,0,0
300171,2,1,0,0,0,0,0,0,0,0,0,0
310001,1,1,10,10,10,10,10,10,10,10,10,10
310002,1,1,0,0,0,0,0,0,0,0,0,0
310003,1,1,0,0,0,0,0,0,0,0,0,0
310003,2,1,0,0,0,11,0,0,0,0,0,0
310004,0,1,21,21,21,21,21,21,21,21,21,21
310004,1,1,0,0,0,0,0,0,0,0,0,0
310005,1,1,9,15,39,16,11,15,5,21,6,12
310006,1,1,4,0,0,0,0,12,0,0,0,0
310007,1,1,0,0,0,0,0,0,0,0,0,0
310007,2,1,0,0,0,0,0,0,0,0,0,0
310008,1,1,55,8,19,15,16,25,12,11,35,0
310008,2,1,0,8,0,0,0,0,0,0,0,0
310008,3,1,0,0,0,0,0,0,7,0,0,0
310009,1,1,0,0,0,16,0,0,0,0,0,0
310009,2,1,0,0,0,0,0,0,0,0,0,0
310010,1,1,0,0,0,0,0,0,0,0,0,0
310011,1,1,0,0,0,0,0,0,0,0,0,0
310011,2,1,0,0,0,0,0,0,0,0,0,0
310012,1,1,0,0,0,0,0,0,0,0,0,0
310012,2,1,0,0,0,0,0,0,0,0,0,0
310013,0,1,0,0,0,0,0,0,0,0,0,0
310013,1,1,0,0,0,0,0,0,0,0,0,0
310014,1,1,5,5,5,5,5,5,5,5,5,5
310015,1,1,4,4,4,4,4,4,4,4,4,4
310016,1,1,0,0,0,0,0,0,0,0,0,0
310017,1,1,0,0,0,0,0,0,0,0,0,0
310018,1,1,22,22,22,22,22,22,22,22,22,22
310019,1,1,0,0,0,0,0,0,0,0,0,0
310019,2,1,0,0,0,0,0,0,0,0,0,0
310021,1,1,0,0,0,0,0,0,0,0,0,0
310022,1,1,0,0,0,0,0,0,0,0,0,0
310023,1,1,0,0,0,0,0,0,0,0,0,0
310024,1,1,30,30,30,30,30,30,30,30,30,30
310024,2,1,0,0,0,0,0,0,0,0,0,0
310025,1,1,33,33,33,33,33,33,33,33,33,33
310026,0,1,0,0,0,0,0,0,0,0,0,0
310026,1,1,0,0,0,0,0,0,0,0,0,0
310027,1,1,0,0,0,0,0,0,0,0,0,0
310028,1,1,14,14,14,14,14,14,14,14,14,14
310029,1,1,19,19,19,19,19,19,19,19,19,19
310030,1,1,0,0,0,0,0,0,0,0,0,0
310030,2,1,0,0,0,0,0,0,0,0,0,0
310031,1,1,13,12,17,19,23,18,30,32,22,12
310032,1,1,4,0,0,12,0,0,0,0,0,0
310033,1,1,0,0,0,0,0,0,0,0,0,0
310033,2,1,0,0,0,0,0,0,0,0,0,0
310034,1,1,17,17,17,17,17,17,17,17,17,17
310034,2,1,0,0,0,0,0,0,0,0,0,0
310035,1,1,0,0,0,0,0,0,0,0,0,0
310036,1,1,0,0,0,0,0,0,0,0,0,0
310036,2,1,0,0,0,0,0,0,0,0,0,0
310037,1,1,26,26,26,26,26,26,26,26,26,26
310038,0,1,0,0,0,0,0,0,0,0,0,0
310038,1,1,0,0,0,0,0,0,0,0,0,0
310039,1,1,17,17,17,17,17,17,17,17,17,17
310040,1,1,0,0,0,0,0,0,0,0,0,0
310040,2,1,0,0,0,0,0,0,0,0,0,0
310040,3,1,0,0,0,0,0,0,0,0,0,0
310041,1,1,0,0,0,0,0,0,0,0,0,0
310041,2,1,0,0,0,0,0,0,0,0,0,0
310042,0,1,19,19,19,19,19,19,19,19,19,19
310042,1,1,23,23,23,23,23,23,23,23,23,23
310043,1,1,31,31,31,31,31,31,31,31,31,31
310043,2,1,0,0,0,0,0,0,0,0,0,0
310043,3,1,0,0,0,0,0,0,0,0,0,0
310044,1,1,0,0,0,0,0,0,0,0,0,0
310044,2,1,0,0,0,0,0,0,0,0,0,0
310045,1,1,18,18,18,18,18,18,18,18,18,18
310045,2,1,0,0,0,0,0,0,0,0,0,0
310045,3,1,0,0,0,0,0,0,0,0,0,0
310046,1,1,0,0,0,0,0,0,0,0,0,0
310046,2,1,1,1,1,1,1,1,1,1,1,1
310047,1,1,0,0,0,0,0,8,0,0,0,24
310047,2,1,0,0,0,0,0,0,0,7,0,0
310048,1,1,0,0,0,0,0,0,0,0,0,0
310048,2,1,0,0,0,0,0,0,0,0,0,0
310049,1,1,19,16,25,17,12,23,6,6,8,8
310050,1,1,0,0,0,0,0,0,0,0,0,0
310051,1,1,0,0,0,0,0,0,0,0,0,0
310051,2,1,5,5,5,5,5,5,5,5,5,5
310052,1,1,0,0,0,0,0,0,0,0,0,0
310052,2,1,0,0,0,0,0,0,0,0,0,0
310053,1,1,0,0,0,0,0,0,0,0,0,0
310054,0,1,0,0,0,0,0,0,0,0,0,0
310054,1,1,21,0,0,0,0,0,0,0,0,0
310055,1,1,0,0,0,0,0,0,0,0,0,0
310055,2,1,0,0,0,0,0,0,0,0,0,0
310056,1,1,15,15,15,15,15,15,15,15,15,15
310056,2,1,0,0,0,0,0,0,0,0,0,0
310057,1,1,0,0,0,0,0,0,0,0,0,0
310058,1,1,12,12,12,12,12,12,12,12,12,12
310059,1,1,28,28,28,28,28,28,28,28,28,28
310060,1,1,8,8,8,8,8,8,8,8,8,8
310061,1,1,19,19,19,19,19,19,19,19,19,19
310062,0,1,0,0,0,0,0,0,0,0,0,0
310062,1,1,0,0,0,0,0,0,0,0,0,0
310063,1,1,0,0,0,0,0,0,0,0,0,0
310064,1,1,0,0,0,34,0,0,0,0,0,0
310064,2,1,0,0,0,0,0,0,0,0,0,0
310065,1,1,0,0,0,0,0,0,0,0,0,0
310065,2,1,0,0,0,0,0,0,0,0,0,0
310066,1,1,19,19,19,19,19,19,19,19,19,19
310067,1,1,18,0,0,0,0,0,0,0,0,0
310067,2,1,0,0,0,0,0,0,0,0,0,0
310068,1,1,0,0,0,0,0,0,0,0,0,0
310069,1,1,0,17,0,0,12,0,13,0,0,0
310070,1,1,0,0,0,0,0,0,0,0,0,0
310071,1,1,0,0,0,0,0,0,0,0,0,0
310072,1,1,0,0,0,0,0,0,0,0,0,0
310072,2,1,0,0,0,0,0,0,0,0,0,0
310072,3,1,0,0,0,0,0,0,0,0,0,0
310073,1,1,0,0,0,0,0,0,0,0,0,0
310073,2,1,0,0,0,0,0,0,0,0,0,0
310074,1,1,0,0,0,0,0,0,0,0,0,0
310074,2,1,7,7,7,7,7,7,7,7,7,7
310075,1,1,0,0,0,0,0,0,0,0,0,0
310076,1,1,0,0,0,0,0,0,0,0,0,0
310076,2,1,0,0,0,0,0,0,0,0,0,0
310077,1,1,4,4,4,4,4,4,4,4,4,4
310078,1,1,0,0,0,0,0,0,0,0,0,0
310078,2,1,0,0,0,0,0,0,0,0,0,0
310079,1,1,0,0,0,0,0,0,0,0,0,0
310079,2,1,0,0,0,0,0,0,0,0,0,0
310080,1,1,0,0,0,0,0,0,0,0,0,0
310081,1,1,0,0,0,0,0,0,0,0,0,0
310081,2,1,24,24,24,24,24,24,24,24,24,24
310082,0,1,0,0,0,0,0,0,0,0,0,0
310082,1,1,0,0,0,0,0,0,0,0,0,0
310083,1,1,8,17,0,22,24,9,11,24,9,23
310084,1,1,17,17,17,17,17,17,17,17,17,17
310085,1,1,0,0,0,0,0,0,0,0,0,0
310086,1,1,0,0,0,0,0,0,0,0,0,0
310087,1,1,22,22,22,22,22,22,22,22,22,22
310088,1,1,2,2,2,2,2,2,2,2,2,2
310088,2,1,0,0,0,0,0,0,0,0,0,0
310089,1,1,24,24,24,24,24,24,24,24,24,24
310090,1,1,0,0,0,0,0,0,0,0,0,0
310091,1,1,0,0,0,0,0,0,0,0,0,0
310091,2,1,0,0,0,0,0,0,0,0,0,0
310092,1,1,0,0,0,0,0,0,0,0,0,0
310092,2,1,0,0,0,0,0,0,0,0,0,0
310093,1,1,0,0,0,0,0,5,0,0,0,0
310093,2,1,0,0,0,0,0,0,0,0,0,0
310094,1,1,0,0,0,0,0,0,0,0,0,0
310095,1,1,0,0,0,0,0,0,0,0,0,0
310096,1,1,13,13,13,13,13,13,13,13,13,13
310097,1,1,11,11,11,11,11,11,11,11,11,11
310097,2,1,14,14,14,14,14,14,14,14,14,14
310098,1,1,22,22,22,22,22,22,22,22,22,22
310099,1,1,0,0,0,0,0,0,0,0,0,0
310099,2,1,0,0,0,0,0,0,0,0,0,0
310099,3,1,0,0,0,0,0,0,0,0,0,0
310100,1,1,9,9,9,9,9,9,9,9,9,9
310101,1,1,0,0,0,0,0,0,0,0,0,0
310101,2,1,0,0,0,0,0,0,0,0,0,0
310102,1,1,2,2,2,2,2,2,2,2,2,2
310103,1,1,12,12,12,12,12,12,12,12,12,12
310104,1,1,0,0,0,0,0,0,0,0,0,0
310104,2,1,0,0,0,0,0,0,0,0,0,0
310105,1,1,0,0,0,0,0,0,0,0,0,0
310105,2,1,0,0,0,0,15,7,0,10,0,0
310106,1,1,23,23,23,23,23,23,23,23,23,23
310107,1,1,0,0,0,0,0,0,0,0,0,0
310107,2,1,0,0,0,0,0,0,0,0,0,0
310107,3,1,0,0,0,0,0,0,0,0,0,0
310107,4,1,0,0,23,0,0,0,0,0,27,0
310107,5,1,20,0,0,0,0,0,0,0,0,0
310108,1,1,9,9,9,9,9,9,9,9,9,9
310108,2,1,0,0,0,0,0,0,0,0,0,0
310109,1,1,10,10,10,10,10,10,10,10,10,10
310109,2,1,0,15,0,0,0,0,0,0,0,0
310110,1,1,23,27,0,12,21,31,30,13,19,20
310111,1,1,19,19,19,19,19,19,19,19,19,19
310112,1,1,0,0,0,0,0,0,0,0,0,0
310113,1,1,14,14,14,14,14,14,14,14,14,14
310114,1,1,0,0,0,0,0,0,0,0,0,0
310115,0,1,0,0,0,0,0,19,0,0,0,0
310115,1,1,0,0,0,0,0,0,0,0,0,0
310116,1,1,0,0,0,0,0,0,0,0,0,0
310116,2,1,10,0,0,0,14,0,0,0,0,0
310117,1,1,11,11,11,11,11,11,11,11,11,11
310118,1,1,0,0,0,0,0,0,0,0,0,0
310118,2,1,0,0,0,0,0,0,0,0,0,0
310119,1,1,22,23,16,10,17,18,21,40,11,0
310120,1,1,0,0,0,0,0,0,0,0,0,0
310120,2,1,0,0,0,0,0,0,0,0,0,0
310121,1,1,0,0,0,0,0,0,0,0,0,0
310121,2,1,0,0,0,0,0,0,0,0,0,0
310122,1,1,0,0,0,0,0,0,0,0,0,0
310123,1,1,0,0,0,0,0,0,0,0,0,0
310123,2,1,0,23,24,0,19,0,19,5,0,0
310124,1,1,28,28,28,28,28,28,28,28,28,28
310125,1,1,0,0,0,0,0,0,0,0,0,0
310125,2,1,0,0,0,0,0,0,0,0,0,0
310125,3,1,0,0,0,0,0,0,0,0,0,0
310126,1,1,20,0,0,0,0,0,0,0,0,0
310126,2,1,0,0,0,0,0,0,0,0,0,0
310127,1,1,0,0,0,0,0,0,0,0,0,0
310127,2,1,0,0,0,0,0,0,0,0,0,0
310128,1,1,12,12,12,12,12,12,12,12,12,12
310128,2,1,0,0,0,0,0,0,0,0,0,0
310129,1,1,0,0,0,0,0,0,0,0,0,0
310130,0,1,0,0,0,0,0,0,0,0,0,0
310130,1,1,5,5,5,5,5,5,5,5,5,5
310131,1,1,0,0,0,0,0,0,0,0,0,0
310131,2,1,0,0,0,0,0,0,0,0,0,0
310132,1,1,0,0,0,0,0,0,0,0,0,0
310132,2,1,0,0,0,0,0,0,0,0,0,0
310133,1,1,22,22,22,22,22,22,22,22,22,22
310134,1,1,14,0,0,0,0,0,0,0,0,0
310135,0,1,0,0,0,0,0,0,0,0,0,0
310135,1,1,0,0,0,0,0,0,0,0,0,0
310136,0,1,0,0,0,0,0,0,0,0,0,0
310136,1,1,0,0,0,0,0,0,0,0,0,0
310137,1,1,18,18,18,18,18,18,18,18,18,18
310138,1,1,0,0,0,0,0,0,0,0,0,0
310139,1,1,0,0,0,0,0,0,0,0,0,0
310139,2,1,0,0,0,0,0,0,0,0,0,0
310140,1,1,6,6,6,6,6,6,6,6,6,6
310140,2,1,0,0,0,0,0,0,0,0,0,0
310141,1,1,0,0,0,0,0,0,0,0,0,0
310141,3,1,0,0,0,0,0,0,0,0,0,0
310141,4,1,0,0,0,0,0,0,0,0,0,0
310141,5,1,0,0,0,0,0,0,0,0,0,0
310142,1,1,0,0,0,0,0,0,0,0,0,0
310142,2,1,0,0,0,0,0,0,0,0,0,0
310142,3,1,0,0,0,0,0,0,0,0,0,0
310143,1,1,20,20,20,20,20,20,20,20,20,20
310144,1,1,0,0,0,0,0,0,0,0,0,0
310144,2,1,0,0,0,0,0,0,0,0,0,0
310144,3,1,0,0,0,0,0,0,0,0,0,0
310145,1,1,2,2,2,2,2,2,2,2,2,2
310145,2,1,0,0,0,0,0,0,0,0,0,0
310146,1,1,0,0,0,0,0,0,0,0,0,0
310146,2,1,0,0,0,0,0,0,0,0,0,0
310147,1,1,0,10,0,0,0,0,0,0,0,0
310147,2,1,0,0,0,0,0,0,0,0,0,0
310148,1,1,0,0,0,0,0,0,0,0,0,0
310148,2,1,14,14,14,14,14,14,14,14,14,14
310149,1,1,0,0,0,0,0,0,0,0,0,0
310149,2,1,0,0,0,0,0,0,0,0,0,0
310150,1,1,27,24,19,10,11,13,28,11,24,10
310151,1,1,0,0,0,0,0,0,0,0,0,0
310152,1,1,22,22,22,22,22,22,22,22,22,22
310152,2,1,0,0,0,0,0,0,0,0,0,0
310153,1,1,20,20,20,20,20,20,20,20,20,20
310154,1,1,0,0,0,0,0,0,0,0,0,0
310155,1,1,17,17,17,17,17,17,17,17,17,17
310155,2,1,0,0,0,0,0,0,0,0,0,0
310156,1,1,17,17,17,17,17,17,17,17,17,17
310157,1,1,0,0,0,0,0,0,0,0,0,0
310157,2,1,0,0,0,0,0,0,0,0,0,0
310158,1,1,0,0,0,0,0,0,0,0,0,0
310158,2,1,0,0,0,0,0,0,0,0,0,0
310158,3,1,0,0,0,0,0,0,0,0,0,0
310158,4,1,0,26,0,0,0,0,0,0,0,0
310158,5,1,0,0,0,0,0,0,0,0,0,0
310158,6,1,0,0,0,0,0,0,0,0,0,0
310159,1,1,0,0,0,0,0,0,0,0,0,0
310160,1,1,0,0,0,0,30,0,0,0,0,0
310160,2,1,0,0,0,0,0,0,0,0,0,0
310161,1,1,0,0,0,0,0,0,0,0,0,0
310161,2,1,0,0,0,0,0,0,0,0,0,0
310161,3,1,0,0,0,0,0,0,0,0,0,0
310162,1,1,19,19,19,19,19,19,19,19,19,19
310163,1,1,13,13,13,13,13,13,13,13,13,13
310163,2,1,0,0,0,0,0,0,0,0,0,0
310164,1,1,7,7,7,7,7,7,7,7,7,7
310165,1,1,16,16,16,16,16,16,16,16,16,16
310166,1,1,0,0,0,0,0,0,0,0,0,0
310166,2,1,0,0,0,0,0,0,0,0,0,0
310167,1,1,0,0,0,0,0,0,0,0,0,0
310167,2,1,0,0,0,0,0,0,0,0,0,0
310168,1,1,0,0,0,0,0,0,0,0,0,0
310168,2,1,0,0,0,0,20,0,0,0,0,18
310169,0,1,0,0,0,0,0,0,0,0,0,0
310169,1,1,0,0,0,0,0,0,0,0,0,0
310170,1,1,0,0,0,0,0,0,0,0,0,0
310171,1,1,11,11,11,11,11,11,11,11,11,11
310171,2,1,0,0,0,0,0,0,0,0,0,0
310172,1,1,0,0,0,0,0,0,0,0,0,0
310172,2,1,0,0,0,0,0,0,0,0,0,0
310173,1,1,0,0,0,0,0,0,0,0,0,0
310174,1,1,0,0,0,0,0,0,0,0,0,0
310174,2,1,0,0,0,0,0,0,0,0,0,0
310175,1,1,21,21,21,21,21,21,21,21,21,21
310176,1,2,8,0,19,4,0,17,16,0,9,0
310177,1,1,0,0,0,0,0,0,0,0,0,0
310177,2,1,0,0,0,0,0,0,0,0,0,0
310178,1,1,0,0,0,0,0,0,0,0,0,0
310178,2,1,0,0,0,0,0,0,0,0,0,0
310179,1,1,0,0,0,0,0,0,0,0,0,0
310180,1,1,11,11,11,11,11,11,11,11,11,11
310181,1,1,0,0,0,0,0,0,0,0,0,0
310181,2,1,0,0,0,0,0,0,0,0,0,0
310182,1,1,2,2,2,2,2,2,2,2,2,2
310183,1,1,0,0,0,0,0,0,0,0,0,0
310184,1,1,0,0,0,0,0,0,0,0,0,0
310185,1,1,0,0,0,0,0,0,0,0,0,0
310186,1,1,0,0,0,0,0,0,0,0,0,0
310187,1,1,0,0,0,0,0,0,0,0,0,0
310188,1,1,0,0,0,0,0,0,0,0,0,0
310189,1,1,0,0,0,0,17,0,0,0,0,0
310190,1,1,0,0,0,0,0,0,0,0,0,0
310190,2,1,0,0,0,0,0,0,0,0,0,0
310191,1,1,0,0,0,0,0,0,0,0,0,0
310191,2,1,0,0,0,0,0,0,0,0,0,0
310192,1,1,14,14,14,14,14,14,14,14,14,14
310193,1,1,0,0,0,0,0,0,0,0,0,0
310193,2,1,0,0,0,0,0,0,0,0,0,0
310194,1,1,0,0,0,0,0,0,0,0,0,0
310194,2,1,0,0,0,0,0,0,0,0,0,0
310195,1,1,3,3,3,3,3,3,3,3,3,3
310195,2,1,0,0,0,0,0,0,0,0,0,0
310195,3,1,0,0,0,0,0,0,0,0,0,0
310195,4,1,0,0,0,0,0,0,0,0,0,0
320001,1,1,0,0,0,0,0,0,0,0,0,0
320001,2,1,0,0,0,0,0,0,0,0,0,0
320002,1,1,26,26,26,26,26,26,26,26,26,26
320002,2,1,0,0,0,0,0,0,0,0,0,0
320003,0,1,0,0,0,0,0,0,0,0,0,0
320003,1,1,13,13,13,13,13,13,13,13,13,13
320004,0,1,6,6,6,6,6,6,6,6,6,6
320004,1,1,0,0,0,0,0,0,0,0,0,0
320005,1,1,31,31,31,31,31,31,31,31,31,31
320006,0,1,26,26,26,26,26,26,26,26,26,26