ST_CASE,VEH_NO,PER_NO,P1,P2,P3,P4,P5,P6,P7,P8,P9,P10
340456,1,1,0,0,0,0,0,0,0,0,32,0
340457,0,1,0,0,0,0,0,0,0,0,0,0
340457,1,1,0,0,9,0,0,0,0,0,0,0
340458,1,1,0,28,12,0,0,11,0,9,32,18
340459,0,1,0,0,0,0,0,0,0,0,0,0
340459,1,1,0,0,0,0,9,20,0,0,0,0
340460,0,1,0,0,0,0,0,0,0,0,0,0
340460,1,1,0,0,0,0,0,0,0,0,0,0
340461,1,1,0,36,0,0,0,6,40,0,0,27
340462,1,1,22,22,22,22,22,22,22,22,22,22
340463,0,1,0,0,0,0,0,0,0,0,0,0
340463,1,1,0,0,0,0,0,0,0,0,0,0
340464,0,1,0,0,0,0,0,0,0,0,0,0
340464,1,1,0,0,0,0,0,0,0,0,0,0
340464,2,1,0,0,0,0,0,0,0,0,0,6
340465,1,1,0,0,18,0,3,0,0,0,5,0
340466,1,1,8,8,8,8,8,8,8,8,8,8
340467,1,1,22,22,22,22,22,22,22,22,22,22
340468,0,1,27,27,27,27,27,27,27,27,27,27
340468,1,1,0,9,0,0,0,18,0,0,3,0
340468,2,1,0,0,0,0,0,0,0,0,0,0
340469,0,1,13,8,15,33,17,32,16,19,28,0
340469,1,1,0,0,0,0,0,0,0,15,0,0
340470,0,1,0,0,0,0,0,0,0,0,0,0
340470,1,1,0,0,0,0,0,0,0,0,0,0
340472,1,1,14,14,14,14,14,14,14,14,14,14
340473,1,1,0,0,0,0,0,0,0,0,0,0
340473,2,1,0,0,0,0,0,0,0,0,0,0
340474,0,1,12,0,0,0,23,0,0,0,0,0
340474,1,1,0,0,0,0,0,0,0,0,0,0
340475,1,1,0,0,0,0,0,0,0,0,0,0
340475,2,1,0,0,0,0,0,0,0,0,0,0
340476,1,1,29,10,14,14,19,28,21,10,34,11
340476,2,1,0,0,0,0,0,0,0,0,0,0
340477,0,1,0,0,0,0,0,0,0,0,0,0
340477,1,1,0,0,0,0,0,0,0,0,0,0
340478,1,1,0,0,0,0,0,0,0,0,0,35
340478,2,1,0,0,0,0,0,0,0,0,0,0
340479,0,1,0,0,0,0,0,0,0,0,0,0
340479,1,1,0,0,0,0,0,0,19,0,0,0
340480,0,1,4,4,4,4,4,4,4,4,4,4
340480,1,1,0,0,13,20,0,8,9,19,0,0
340480,2,1,0,0,0,0,0,0,0,0,0,0
340480,3,1,0,0,0,0,0,0,0,0,0,0
340481,1,1,0,0,0,0,0,0,0,0,0,0
340481,2,1,0,12,0,0,0,0,0,0,0,0
340482,0,1,31,31,31,31,31,31,31,31,31,31
340482,1,1,0,0,0,11,0,0,0,0,0,0
340483,1,1,0,0,0,0,0,0,0,0,0,0
340483,2,1,0,0,0,0,0,19,0,20,0,0
340484,1,1,0,0,0,14,0,0,0,0,0,0
340484,2,1,0,0,0,0,0,0,0,0,0,0
340485,1,1,0,0,0,0,0,0,0,0,0,0
340485,2,1,0,0,0,0,0,0,0,0,0,0
340486,1,1,0,0,0,0,0,0,0,0,0,0
340486,2,1,0,0,0,0,0,0,0,0,0,0
340487,1,1,0,0,0,0,0,0,0,0,0,0
340487,2,1,0,0,0,0,0,0,0,0,0,0
340488,1,1,0,0,0,0,0,0,0,0,0,0
340489,0,1,0,0,0,3,0,0,0,0,0,0
340489,1,1,0,0,0,0,0,24,0,0,0,0
340490,0,1,0,0,0,0,0,0,0,0,0,0
340490,1,1,0,0,0,0,0,0,0,0,0,0
340491,0,1,0,0,0,0,0,0,0,0,0,0
340491,1,1,0,0,0,0,26,0,0,14,11,0
340491,2,1,0,0,0,0,0,0,0,0,0,0
340492,1,1,0,0,0,0,0,0,0,0,0,0
340492,2,1,0,0,0,0,0,0,0,0,0,0
340493,0,1,3,3,3,3,3,3,3,3,3,3
340493,1,1,0,0,13,0,0,0,0,0,0,0
340494,0,1,22,22,22,22,22,22,22,22,22,22
340494,1,1,0,0,0,0,0,0,20,0,0,0
340495,0,1,0,6,26,14,24,0,0,28,0,29
340495,1,1,0,0,0,0,0,0,0,0,0,0
340496,0,1,0,0,0,0,0,0,0,0,0,0
340496,1,1,0,0,0,0,0,0,0,20,0,0
340497,0,1,9,0,0,10,0,20,0,0,44,0
340497,1,1,4,0,0,0,0,5,0,0,10,0
340498,0,1,0,0,0,0,0,0,0,0,0,0
340498,1,1,0,0,0,0,0,0,0,0,0,0
340499,1,1,0,0,0,0,0,0,0,0,21,0
340499,2,1,0,0,0,0,0,0,0,0,0,0
340500,1,1,0,0,0,0,0,0,0,0,0,0
340500,2,1,0,0,0,0,0,0,0,0,0,0
340501,0,1,0,0,0,0,0,0,0,0,0,0
340501,1,1,0,0,0,0,0,0,0,7,6,0
340502,0,1,0,0,0,0,0,0,0,0,0,0
340502,1,1,0,0,0,0,0,0,0,0,0,0
340503,0,1,0,16,0,33,19,19,24,14,11,0
340503,1,1,0,0,0,12,0,0,22,0,0,0
340504,1,1,19,12,16,14,15,14,18,8,9,20
340505,1,1,8,11,19,20,0,0,26,0,19,29
340506,0,1,31,31,31,31,31,31,31,31,31,31
340506,1,1,0,0,0,0,0,0,0,0,0,0
340507,1,1,0,0,0,0,0,0,0,0,0,0
340507,2,1,0,0,0,0,0,0,0,0,0,0
340508,1,1,0,0,0,0,0,0,0,0,0,0
340509,0,1,0,0,0,0,0,0,0,0,0,0
340509,1,1,0,0,0,0,0,0,0,0,0,0
340510,0,1,13,13,13,13,13,13,13,13,13,13
340510,1,1,0,0,7,0,0,0,14,0,0,0
340511,1,1,0,0,0,0,0,0,0,0,0,0
340511,2,1,0,0,0,0,0,4,0,0,0,0
340512,1,1,5,5,5,5,5,5,5,5,5,5
340513,2,1,0,0,0,13,0,0,0,0,0,0
340514,1,1,0,0,31,0,0,0,15,0,0,0
340515,1,1,0,0,6,0,0,0,0,20,0,0
340515,2,1,0,0,0,0,0,0,0,0,0,0
340517,1,1,0,18,16,19,27,11,14,14,14,0
340518,1,1,0,0,0,0,0,0,0,0,0,0
340518,2,1,0,0,0,0,0,0,0,0,0,0
340519,0,1,7,7,7,7,7,7,7,7,7,7
340519,1,1,0,0,0,0,9,0,17,0,0,0
340520,0,1,0,0,17,0,0,20,0,0,0,19
340520,1,1,0,0,23,7,14,12,0,0,14,25
340521,1,1,0,0,0,0,0,0,0,0,0,0
340522,0,1,0,0,0,0,0,0,0,0,0,0
340522,1,1,0,0,0,16,0,0,0,0,0,0
340523,1,1,34,34,34,34,34,34,34,34,34,34
340524,1,1,0,0,0,0,0,0,0,0,0,0
340524,2,1,0,0,0,0,0,0,0,0,0,0
340525,0,1,7,13,0,0,30,17,9,0,0,18
340525,1,1,0,0,0,0,0,35,0,0,29,0
340526,1,1,0,0,9,9,0,0,0,0,0,0
340527,1,1,0,0,0,0,0,0,0,0,0,0
340527,2,1,0,0,0,0,0,0,0,0,0,0
340528,1,1,0,0,0,0,0,0,0,0,0,0
340529,0,1,0,0,0,0,0,0,0,0,0,0
340529,1,1,0,0,0,0,0,0,0,0,0,11
340530,1,1,20,0,23,15,0,12,0,0,0,0
340531,1,1,0,18,0,0,15,0,13,0,0,0
340532,1,1,0,0,0,0,0,0,0,0,0,0
340532,2,1,0,0,0,0,0,0,0,0,0,0
340533,1,1,0,0,0,0,0,0,0,0,0,0
340534,0,1,0,0,0,5,0,0,18,26,0,0
340534,1,1,0,0,0,0,0,0,0,0,0,0
340535,0,1,0,20,18,4,10,20,0,0,30,29
340535,1,1,0,14,0,0,15,0,27,0,0,0
340536,1,1,18,18,18,18,18,18,18,18,18,18
340536,2,1,0,0,0,0,0,0,0,0,0,0
340537,0,1,0,0,0,0,0,0,0,0,0,0
340537,1,1,0,0,0,0,0,0,0,0,0,0
340538,0,1,0,0,0,0,0,0,0,0,0,0
340538,1,1,11,0,0,0,21,10,0,0,0,0
340539,0,1,18,18,18,18,18,18,18,18,18,18
340539,1,1,0,0,0,0,0,14,0,0,4,15
340540,1,1,8,0,6,13,10,0,0,18,0,14
340541,1,1,0,0,0,0,0,0,0,0,0,0
340542,1,1,0,0,0,0,0,20,0,0,0,12
340542,2,1,0,0,0,2,0,0,0,0,0,0
340543,1,1,23,16,22,0,20,13,18,6,18,12
340544,0,1,25,25,25,25,25,25,25,25,25,25
340544,1,1,0,0,0,0,10,0,10,0,0,0
340545,0,1,0,0,8,0,0,0,0,0,0,0
340545,1,1,0,0,0,0,0,0,0,0,0,0
340546,1,1,0,0,0,0,0,0,0,0,0,0
340546,2,1,0,0,0,0,0,0,0,0,0,0
340547,0,1,0,0,0,0,0,0,0,0,0,0
340547,1,1,17,0,0,0,0,0,0,0,0,0
340548,0,1,0,0,0,0,0,0,0,0,0,0
340548,1,1,0,0,0,0,14,19,0,12,0,0
340549,1,1,0,0,0,0,0,0,8,0,17,0
340550,0,1,0,0,0,0,0,0,0,0,0,0
340550,1,1,0,0,0,0,0,0,0,0,0,0
340551,1,1,0,0,0,0,0,0,0,0,0,0
340551,2,1,0,0,0,0,0,0,0,0,0,0
340552,1,1,0,0,0,0,0,0,0,0,0,0
340552,2,1,0,0,0,0,0,0,0,0,0,0
340553,1,1,15,15,15,15,15,15,15,15,15,15
340553,2,1,0,0,0,0,0,22,0,0,19,4
340554,1,1,0,0,0,0,0,0,0,0,0,0
340554,2,1,32,14,15,46,15,17,10,19,7,9
340555,1,1,0,0,0,0,0,0,0,0,10,0
340555,2,1,0,0,0,0,0,0,0,0,0,0
340556,0,1,0,0,0,0,0,0,0,0,0,0
340556,1,1,8,0,0,0,0,0,0,0,0,0
340557,0,1,0,15,0,13,30,16,28,0,0,0
340557,1,1,0,29,0,0,0,0,0,0,0,0
340558,1,1,0,0,0,0,0,9,0,0,0,16
340558,2,1,0,0,0,0,0,0,0,0,0,0
340558,3,1,0,0,0,23,0,0,0,0,0,0
340559,0,1,0,25,0,0,0,0,14,12,0,0
340559,2,1,7,7,7,7,7,7,7,7,7,7
340559,3,1,13,16,0,0,0,0,0,0,0,0
340560,0,1,1,1,1,1,1,1,1,1,1,1
340560,1,1,0,0,0,0,0,0,0,0,0,0
340561,1,1,14,14,14,14,14,14,14,14,14,14
340561,2,1,0,16,0,0,0,0,0,0,0,0
340562,1,1,25,0,9,0,0,19,25,0,0,8
340562,2,1,16,16,16,16,16,16,16,16,16,16
340562,3,1,0,19,18,0,11,6,0,0,7,8
340562,4,1,0,0,0,0,0,0,0,0,0,0
340563,0,1,0,0,0,0,0,0,0,0,0,0
340563,1,1,0,0,0,0,13,0,0,0,0,0
340564,1,1,0,0,0,0,0,0,0,0,0,0
340565,1,1,0,0,0,0,0,0,0,0,12,0
340565,2,1,0,0,0,12,21,0,0,0,0,33
340565,3,1,0,0,0,0,0,0,0,0,0,0
340565,4,1,15,10,0,0,0,0,0,0,0,23
340566,0,1,0,20,0,0,0,0,0,0,27,23
340566,1,1,0,0,0,0,0,0,0,0,0,0
340567,1,1,0,0,0,0,0,0,0,0,0,23
340567,2,1,0,0,0,0,0,15,0,0,0,0
340568,1,1,14,14,14,14,14,14,14,14,14,14
340568,2,1,0,0,0,0,0,0,0,0,0,0
340569,0,1,0,0,0,0,0,0,0,0,0,0
340569,1,1,0,0,0,0,0,0,0,0,0,0
340569,2,1,0,0,0,0,22,14,0,21,0,0
340570,1,1,11,0,14,0,13,9,0,29,0,11
340571,0,1,8,8,8,8,8,8,8,8,8,8
340571,1,1,0,0,0,0,0,0,0,0,0,0
340571,2,1,0,0,0,0,0,0,0,0,0,0
340572,1,1,16,16,16,16,16,16,16,16,16,16
340572,2,1,0,0,0,27,0,0,0,0,0,0
340573,1,1,0,0,0,0,0,0,0,0,0,0
340573,2,1,26,26,26,26,26,26,26,26,26,26
340574,0,1,0,0,0,0,0,0,0,0,0,0
340574,1,1,0,0,0,0,0,0,19,0,0,0
340574,2,1,0,0,0,0,0,0,0,0,0,0
340575,1,1,0,0,0,0,0,0,0,0,0,0
350001,1,1,0,0,0,0,0,0,0,0,0,0
350002,0,1,52,52,52,52,52,52,52,52,52,52
350002,1,1,0,12,0,0,0,0,0,0,0,0
350003,0,1,29,29,29,29,29,29,29,29,29,29
350003,1,1,0,0,0,0,9,0,0,25,16,0
350004,1,1,0,0,0,0,0,0,0,0,0,0
350004,2,1,0,0,0,0,0,0,0,0,0,0
350005,0,1,0,0,0,0,0,0,0,0,0,0
350005,1,1,0,0,0,0,0,0,0,0,11,0
350006,1,1,23,23,23,23,23,23,23,23,23,23
350007,0,1,1,1,1,1,1,1,1,1,1,1
350007,1,1,0,0,0,0,0,0,0,0,0,0
350007,2,1,0,0,0,12,0,0,0,12,0,0
350008,1,1,0,0,0,0,0,0,0,0,0,0
350008,2,1,15,15,15,15,15,15,15,15,15,15
350009,1,1,0,0,0,0,0,0,0,0,0,0
350010,0,1,14,14,14,14,14,14,14,14,14,14
350010,1,1,0,0,0,0,0,20,0,0,0,0
350011,1,1,0,0,0,0,0,0,0,0,0,0
350012,1,1,0,0,0,0,0,12,0,0,0,0
350012,2,1,0,0,0,0,0,0,0,0,0,0
350013,1,1,26,26,26,26,26,26,26,26,26,26
350014,1,1,22,22,22,22,22,22,22,22,22,22
350014,2,1,0,0,0,0,0,0,0,0,0,0
350015,1,1,0,0,0,0,0,0,0,0,0,0
350016,1,1,0,0,0,0,0,0,0,0,0,0
350016,2,1,0,0,0,0,0,0,0,0,0,0
350017,1,1,11,11,11,11,11,11,11,11,11,11
350018,1,1,0,0,21,0,0,0,6,0,0,0
350018,2,1,0,0,0,0,0,0,18,16,0,0
350019,0,1,27,27,27,27,27,27,27,27,27,27
350019,1,1,33,0,0,22,6,17,0,30,24,0
350020,0,1,0,0,0,0,0,0,0,0,0,0
350020,1,1,9,9,9,9,9,9,9,9,9,9
350021,0,1,0,0,0,0,0,0,0,0,0,9
350022,1,1,0,0,0,0,0,0,0,0,9,10
350023,1,1,0,0,0,0,0,0,0,0,0,0
350023,2,1,0,0,0,0,0,0,0,0,0,0
350024,1,1,0,0,0,0,0,0,0,0,0,0
350025,1,1,19,19,19,19,19,19,19,19,19,19
350026,1,1,25,25,25,25,25,25,25,25,25,25
350026,2,1,0,0,0,0,0,0,0,0,0,0
350026,3,1,0,0,0,0,0,0,0,0,0,0
350026,4,1,0,0,0,0,0,0,0,19,0,0
350027,0,1,23,23,23,23,23,23,23,23,23,23
350027,1,1,0,0,0,21,0,0,0,0,0,0
350028,1,1,0,0,0,0,0,0,0,0,0,0
350029,1,1,0,0,0,0,0,0,0,0,0,0
350029,2,1,0,0,0,0,0,0,0,0,0,0
350030,1,1,0,0,0,0,0,30,0,0,0,0
350030,2,1,0,0,0,0,0,0,0,0,0,0
350031,1,1,0,0,0,0,0,0,0,0,0,0
350032,1,1,0,0,0,0,0,36,0,0,0,0
350032,2,1,0,0,0,0,0,0,0,0,0,0
350033,0,1,0,24,0,0,0,0,10,28,16,0
350033,1,1,0,0,0,0,0,0,0,0,0,0
350034,1,1,0,0,11,0,0,0,0,0,0,0
350035,1,1,8,8,8,8,8,8,8,8,8,8
350036,1,1,2,2,2,2,2,2,2,2,2,2
350036,2,1,0,0,0,0,0,0,27,0,0,0
350037,0,1,29,29,29,29,29,29,29,29,29,29
350037,1,1,0,0,0,0,0,0,0,0,0,0
350038,1,1,17,20,18,17,18,19,18,15,16,27
350039,0,1,0,0,0,0,17,0,0,23,0,0
350039,1,1,0,0,0,0,0,0,0,0,0,0
350040,1,1,24,24,24,24,24,24,24,24,24,24
350041,1,1,0,0,0,0,0,0,0,0,0,0
350042,1,1,23,15,45,10,14,32,5,12,9,31
350042,2,1,0,0,0,0,0,11,0,0,0,0
350043,1,1,0,0,0,0,0,0,0,0,0,0
350044,1,1,0,6,0,17,0,0,0,0,0,5
350045,0,1,0,0,0,0,0,0,0,0,0,0
350045,1,1,0,0,0,0,0,0,0,0,0,12
350046,1,1,19,0,0,0,0,0,0,5,11,0
350047,0,1,0,0,0,0,0,0,0,0,0,15
350047,1,1,0,0,0,0,0,0,0,0,0,0
350048,1,1,0,0,0,0,0,0,0,0,0,0
350049,1,1,0,0,0,0,0,0,0,0,0,0
350049,2,1,0,0,0,0,0,0,0,0,0,0
350050,1,1,6,6,6,6,6,6,6,6,6,6
350051,1,1,0,0,0,0,0,0,0,0,0,23
350052,1,1,22,22,22,22,22,22,22,22,22,22
350052,2,1,0,0,0,0,0,0,0,0,0,0
350053,1,1,0,0,0,0,0,0,0,0,0,0
350054,1,1,0,0,0,0,0,0,0,0,0,0
350055,1,1,0,0,0,0,0,0,0,0,0,0
350056,1,1,3,3,3,3,3,3,3,3,3,3
350056,2,1,1,1,1,1,1,1,1,1,1,1
350057,0,1,25,3,29,20,3,11,6,38,4,33
350057,0,2,5,8,4,13,35,37,29,16,7,0
350057,1,1,0,0,0,12,0,0,0,0,0,0
350058,1,1,0,0,0,0,0,0,0,0,0,0
350059,1,1,0,0,0,0,0,0,0,0,0,0
350060,1,1,17,17,17,17,17,17,17,17,17,17
350061,1,1,15,15,15,15,15,15,15,15,15,15
350062,1,1,0,0,0,0,0,0,0,0,0,0
350062,2,1,0,0,0,0,18,0,0,0,0,0
350063,1,1,18,11,16,21,14,22,7,17,13,21
350064,1,1,0,0,0,0,0,0,0,0,0,0
350065,1,1,0,0,0,0,0,21,0,0,0,0
350066,0,1,19,19,19,19,19,19,19,19,19,19
350066,1,1,0,0,0,0,0,0,12,0,0,0
350067,0,1,1,1,1,1,1,1,1,1,1,1
350067,0,2,0,0,0,0,0,0,0,0,0,0
350067,1,1,0,0,0,0,0,0,0,0,0,14
350068,1,1,19,19,19,19,19,19,19,19,19,19
350069,1,2,0,0,0,0,21,0,27,20,0,0
350070,1,1,0,0,0,0,0,0,0,0,5,0
350070,2,1,0,0,0,0,0,0,0,0,0,0
350071,1,1,0,0,0,0,0,0,0,0,0,0
350071,2,1,0,0,0,0,0,0,0,8,0,0
350071,3,1,0,0,0,0,0,0,0,0,0,0
350072,1,1,0,0,0,0,0,0,0,0,0,0
350072,2,1,0,0,0,0,0,0,0,0,0,0
350073,1,1,0,0,0,0,0,0,0,0,0,0
350074,1,1,25,25,25,25,25,25,25,25,25,25
350075,1,1,0,0,13,0,0,0,23,0,0,0
350076,1,1,0,0,0,0,0,0,0,0,0,0
350076,2,1,0,0,0,0,0,0,0,0,0,0
350077,1,1,0,0,0,0,0,0,0,0,0,0
350078,1,1,0,0,0,0,0,0,0,0,0,0
350079,1,1,0,0,0,0,0,0,0,0,0,0
350079,2,1,0,0,0,0,0,0,0,0,0,0
350080,1,1,21,21,21,21,21,21,21,21,21,21
350081,1,1,0,0,0,0,0,0,0,0,0,0
350081,2,1,0,0,0,0,0,0,0,0,0,0
350081,3,1,0,0,13,0,0,0,0,0,0,10
350082,1,1,0,0,0,0,0,0,0,0,0,0
350083,1,1,0,0,0,0,0,0,0,2,0,0
350083,2,1,0,0,0,0,0,0,0,0,0,0
350083,3,1,0,22,24,0,0,0,0,0,0,0
350083,4,1,0,0,0,0,0,0,0,0,0,0
350084,0,1,0,0,0,0,0,0,0,0,0,0
350084,1,1,0,0,0,0,0,0,0,0,0,0
350085,1,1,0,0,0,0,0,0,0,0,0,0
350085,2,1,0,16,0,0,33,0,10,0,0,10
350086,1,1,0,0,0,0,11,14,0,0,0,0
350087,1,1,0,0,0,0,0,0,0,0,0,0
350087,2,1,0,0,0,0,0,0,0,0,0,0
350088,1,1,0,0,0,0,0,0,0,0,0,0
350089,0,1,28,28,28,28,28,28,28,28,28,28
350089,1,1,0,0,0,0,0,0,10,0,0,17
350090,1,1,0,0,0,0,0,0,0,0,0,0
350090,2,1,0,0,0,0,0,0,0,0,0,0
350091,0,1,14,14,14,14,14,14,14,14,14,14
350091,1,1,0,0,0,0,0,15,0,0,0,0
350092,1,1,21,21,21,21,21,21,21,21,21,21
350093,0,1,0,0,0,0,0,0,0,0,0,0
350093,1,1,0,0,0,13,0,0,0,0,0,0
350093,2,1,0,0,0,0,0,0,0,0,0,0
350094,0,1,25,25,25,25,25,25,25,25,25,25
350094,1,1,0,0,0,0,0,0,0,0,0,0
350095,1,1,2,2,2,2,2,2,2,2,2,2
350095,2,1,0,0,0,0,0,0,0,0,0,15
350096,1,1,0,0,0,0,0,0,0,0,0,0
350096,2,1,0,0,0,0,0,0,0,0,0,0
350096,3,1,0,0,0,0,0,0,0,0,0,0
350097,1,1,0,0,0,0,0,0,0,0,40,0
350097,2,1,0,0,0,0,0,0,0,0,0,0
350098,1,1,19,19,19,19,19,19,19,19,19,19
350099,0,1,37,37,37,37,37,37,37,37,37,37
350099,1,1,0,0,0,0,13,0,6,0,3,0
350100,0,1,27,27,27,27,27,27,27,27,27,27
350100,1,1,0,0,0,0,0,0,0,0,0,0
350101,1,1,0,0,0,0,0,0,0,0,0,0
350102,1,1,9,9,9,9,9,9,9,9,9,9
350103,1,1,0,0,0,0,0,0,0,0,0,0
350104,1,1,14,14,14,14,14,14,14,14,14,14
350104,2,1,0,0,0,0,0,0,0,0,0,0
350105,1,1,0,0,0,0,0,0,0,0,0,0
350106,1,1,1,1,1,1,1,1,1,1,1,1
350106,2,1,0,0,0,0,0,0,0,0,0,0
350106,3,1,0,15,0,0,0,0,0,0,0,37
350107,1,1,10,10,10,10,10,10,10,10,10,10
350107,2,1,0,0,0,0,0,0,0,0,0,0
350108,1,1,0,0,0,0,0,0,0,0,0,0
350109,1,1,0,0,0,0,0,0,0,0,0,0
350109,2,1,0,0,0,0,0,20,0,0,11,20
350110,0,1,18,18,18,18,18,18,18,18,18,18
350110,1,1,0,0,0,0,0,0,0,0,0,0
350111,1,1,0,18,0,0,0,19,0,0,0,0
350111,2,1,0,0,0,0,0,0,0,0,0,0
350112,1,1,21,21,21,21,21,21,21,21,21,21
350113,1,1,0,0,0,0,0,0,0,0,0,0
350113,2,1,6,0,0,0,0,0,0,0,0,0
350114,1,1,0,0,0,0,0,0,0,0,0,0
350115,1,1,0,0,0,0,0,0,0,0,0,0
350116,0,1,24,24,24,24,24,24,24,24,24,24
350116,1,1,0,31,0,0,0,0,0,0,0,0
350117,1,1,0,0,0,0,0,0,0,0,0,0
350118,1,1,0,0,0,26,0,6,0,0,0,25
350118,2,1,4,4,4,4,4,4,4,4,4,4
350119,1,1,0,0,0,0,0,0,0,0,0,0
350119,2,1,0,0,0,0,0,0,0,0,0,0
350119,3,1,0,0,0,0,0,0,0,0,0,0
350120,0,1,22,22,22,22,22,22,22,22,22,22
350120,1,1,0,0,0,0,0,0,0,0,0,0
350121,1,1,0,0,0,0,0,0,0,0,0,0
350122,1,1,0,0,0,0,0,0,0,0,0,0
350123,1,1,0,0,0,0,0,0,0,0,0,0
350124,1,1,20,20,20,20,20,20,20,20,20,20
350125,1,1,5,5,5,5,5,5,5,5,5,5
350126,1,1,0,0,0,0,0,0,0,0,0,0
350126,2,1,0,0,0,0,0,0,0,0,0,0
350127,1,1,4,4,4,4,4,4,4,4,4,4
350127,2,1,0,0,0,0,0,0,0,0,0,0
350128,0,1,17,17,17,17,17,17,17,17,17,17
350128,1,1,19,29,17,6,14,4,21,16,16,19
350129,1,1,0,0,18,8,0,0,0,0,0,0
350130,1,1,0,0,0,0,19,0,0,0,0,0
350130,2,1,0,0,0,0,0,0,0,0,0,0
350131,1,1,0,0,0,0,30,9,18,0,0,0
350132,1,1,0,11,0,0,0,0,15,0,0,13
350133,0,1,15,15,15,15,15,15,15,15,15,15
350133,1,1,0,0,0,0,0,0,19,0,0,0
350134,1,1,12,12,12,12,12,12,12,12,12,12
350135,1,1,19,19,19,19,19,19,19,19,19,19
350135,2,1,0,14,10,21,0,4,0,14,0,0
350136,1,1,0,0,0,0,0,0,0,0,0,0
350137,1,1,15,15,15,15,15,15,15,15,15,15
350138,1,1,0,0,0,0,0,0,0,0,0,0
350138,2,1,0,0,0,25,0,0,0,0,0,0
350139,1,1,0,0,0,0,0,0,0,0,0,15
350139,2,1,0,0,0,0,0,0,0,0,0,0
350140,1,1,0,0,0,0,0,0,0,0,0,0
350141,1,1,0,0,0,0,0,0,0,0,0,0
350142,1,1,0,0,0,0,0,0,0,0,0,0
350142,2,1,0,0,0,0,0,0,0,0,0,0
350143,1,1,0,0,0,0,0,0,0,0,0,0
350143,2,1,0,0,0,0,0,0,0,0,0,0
350144,1,1,0,0,0,0,0,0,0,0,0,0
350145,1,1,0,0,0,0,0,0,0,0,0,0
350146,1,1,4,4,4,4,4,4,4,4,4,4
350146,2,1,0,0,0,0,0,0,0,0,0,0
350147,0,1,26,26,26,26,26,26,26,26,26,26
350147,1,1,10,0,0,4,0,0,0,0,15,0
350148,0,1,31,31,31,31,31,31,31,31,31,31
350148,1,1,0,0,0,0,0,0,4,0,6,0
350149,1,1,0,0,0,5,17,0,0,0,0,0
350149,2,1,11,19,0,0,0,6,0,0,0,0
350150,1,1,0,0,0,0,0,0,0,0,0,0
350151,0,1,29,29,29,29,29,29,29,29,29,29
350151,1,1,0,4,0,0,0,24,0,19,0,0
350152,1,1,0,15,32,14,11,0,13,0,32,0
350152,2,1,0,0,20,0,0,0,0,0,0,0
350152,3,1,2,2,2,2,2,2,2,2,2,2
350153,1,1,0,0,0,0,0,0,0,0,0,0
350154,1,1,12,12,12,12,12,12,12,12,12,12
350155,1,1,0,0,0,6,0,0,0,0,0,0
350155,2,1,0,0,0,0,0,0,0,0,0,0
350156,1,1,13,13,13,13,13,13,13,13,13,13
350156,2,1,0,0,0,0,0,0,0,0,33,0
350157,1,1,0,0,0,0,0,0,0,19,0,0
350157,2,1,20,20,20,20,20,20,20,20,20,20
350158,1,1,18,18,18,18,18,18,18,18,18,18
350159,1,1,0,0,0,0,0,0,0,0,0,0
350159,2,1,0,0,0,0,0,0,0,0,0,0
350160,1,1,0,0,0,14,9,0,0,0,0,0
350161,1,1,0,0,0,0,0,0,0,0,0,0
350162,1,1,0,0,6,0,0,0,0,0,0,0
350162,2,1,0,0,0,0,0,0,0,0,0,0
350163,0,1,26,26,26,26,26,26,26,26,26,26
350163,1,1,0,12,0,0,0,0,17,0,0,0
350164,1,1,0,0,0,0,0,0,0,0,0,12
350165,1,1,20,20,20,20,20,20,20,20,20,20
350166,1,1,0,0,0,0,0,0,0,0,0,0
350166,2,1,0,0,0,0,0,0,0,0,0,0
350168,1,1,3,3,3,3,3,3,3,3,3,3
350169,1,1,14,14,14,14,14,14,14,14,14,14
350170,0,1,18,18,18,18,18,18,18,18,18,18
350170,1,1,0,30,0,0,24,0,16,0,0,0
350171,0,1,21,21,21,21,21,21,21,21,21,21
350171,1,1,0,16,0,9,0,0,0,0,0,0
350172,1,1,0,0,0,0,0,0,0,0,13,0
350173,0,1,1,1,1,1,1,1,1,1,1,1
350173,1,1,0,0,0,0,0,0,0,0,0,0
350174,1,1,0,0,0,0,0,0,0,0,0,0
350174,2,1,0,0,0,0,0,0,0,0,0,0
350175,1,1,0,0,0,0,0,0,0,0,0,0
350175,2,1,0,13,0,0,0,0,0,22,0,0
350176,0,1,33,33,33,33,33,33,33,33,33,33
350176,1,1,0,0,0,0,0,0,0,0,0,0
350177,1,1,0,0,0,0,0,0,0,0,0,0
350177,2,1,0,0,0,0,0,0,0,0,14,0
350178,1,1,0,0,0,0,0,0,0,0,0,0
350178,2,1,0,0,0,0,0,0,0,0,0,0