ST_CASE,VEH_NO,PER_NO,P1,P2,P3,P4,P5,P6,P7,P8,P9,P10
350179,0,1,17,17,17,17,17,17,17,17,17,17
350179,1,1,21,0,15,0,0,0,0,0,0,0
350180,1,1,0,0,0,0,0,0,0,0,0,0
350180,2,1,0,0,0,0,0,0,0,0,0,0
350181,1,1,18,0,15,21,6,18,0,15,19,9
350182,1,1,0,9,0,0,0,0,0,16,0,0
350183,1,1,0,0,0,0,0,0,0,0,0,10
350184,0,1,0,0,0,0,0,0,0,0,0,0
350184,1,1,0,0,0,0,0,0,0,0,0,0
350185,1,1,0,0,0,0,0,0,0,0,0,0
350185,2,1,0,0,0,0,0,0,0,0,0,0
350186,1,1,0,0,0,15,0,0,0,0,0,0
350186,2,1,0,0,0,0,0,0,0,0,0,0
350187,1,1,0,0,23,0,0,0,0,0,0,0
350188,1,1,0,0,0,0,0,0,0,0,0,0
350189,1,1,5,5,5,5,5,5,5,5,5,5
350190,1,1,0,0,0,0,0,0,0,0,0,0
350190,2,1,0,0,0,0,0,0,0,0,0,0
350191,1,1,0,0,0,19,11,30,0,20,17,0
350192,1,1,11,4,7,0,10,0,20,0,0,9
350193,1,1,0,0,0,0,0,0,0,0,0,0
350193,2,1,0,0,0,0,0,0,0,0,0,0
350194,1,1,0,0,0,0,0,0,0,0,0,0
350194,2,1,0,0,0,0,0,0,0,0,0,0
350195,1,1,10,0,8,0,0,0,18,0,10,0
350196,1,1,0,0,0,0,0,0,0,0,0,0
350197,1,1,0,0,0,0,0,0,0,0,0,0
350197,2,1,21,21,21,21,21,21,21,21,21,21
350198,1,1,23,23,23,23,23,23,23,23,23,23
350199,1,1,26,19,10,29,5,21,19,6,11,8
350200,0,1,12,12,12,12,12,12,12,12,12,12
350200,1,1,0,0,0,0,0,0,0,0,0,0
350201,1,1,19,22,19,0,12,16,17,0,16,13
350201,2,1,25,29,20,21,10,6,9,18,31,15
350201,3,1,16,15,20,12,22,18,10,8,9,13
350202,1,1,11,0,0,0,0,0,0,0,0,0
350203,1,1,0,0,0,0,0,0,0,0,0,0
350203,2,1,26,26,26,26,26,26,26,26,26,26
350204,0,1,28,28,28,28,28,28,28,28,28,28
350204,1,1,3,0,0,9,0,0,0,0,0,0
350205,1,1,0,0,0,0,0,0,0,0,0,0
350205,2,1,0,0,0,0,0,0,0,0,0,0
350206,0,1,0,0,0,0,0,0,0,0,0,0
350206,1,1,0,0,0,0,0,0,0,0,0,0
350207,1,1,0,0,0,0,0,0,0,0,0,0
350208,1,1,15,15,15,15,15,15,15,15,15,15
350209,1,1,22,22,22,22,22,22,22,22,22,22
350210,1,1,0,0,10,0,0,0,0,0,0,0
350210,2,1,0,0,18,0,0,0,0,0,0,0
350210,3,1,0,0,0,0,0,0,0,0,0,0
350210,4,1,0,0,8,0,0,0,0,0,0,0
350211,1,1,0,0,0,0,0,0,0,0,0,0
350211,2,1,0,0,0,0,0,0,0,0,0,0
350212,1,1,0,9,0,0,0,0,0,0,0,0
350212,2,1,0,0,0,0,0,0,0,0,11,9
350213,1,1,0,0,0,0,0,0,0,0,0,0
350213,2,1,0,0,0,0,0,0,0,0,0,0
350214,1,1,0,0,0,0,0,0,0,0,0,0
350215,1,1,4,4,4,4,4,4,4,4,4,4
350216,1,1,0,0,0,0,0,0,0,0,0,0
350216,2,1,0,0,0,0,0,0,12,0,0,0
350216,3,1,0,0,0,0,0,0,0,0,0,0
350217,1,1,33,33,33,33,33,33,33,33,33,33
350218,0,1,0,0,0,0,0,0,0,0,0,0
350218,1,1,27,0,0,0,0,0,0,0,11,0
350219,0,1,0,0,0,0,0,0,0,0,0,0
350219,1,1,0,0,0,0,0,0,0,0,0,0
350219,2,1,0,0,0,0,0,0,0,0,0,0
350220,1,1,0,6,0,17,0,13,0,20,11,0
350221,1,1,22,22,22,22,22,22,22,22,22,22
350221,2,1,26,26,26,26,26,26,26,26,26,26
350222,1,1,0,24,0,0,0,0,0,0,15,0
350223,1,1,0,0,8,11,15,17,8,13,0,0
350223,2,1,0,0,0,0,0,0,0,0,0,4
350224,0,1,7,7,7,7,7,7,7,7,7,7
350224,1,1,0,0,0,0,0,0,0,0,0,0
350225,0,1,0,0,0,0,0,0,0,0,0,0
350225,1,1,0,0,0,0,0,0,0,0,0,0
350226,1,1,0,0,8,0,0,0,0,0,0,0
350226,2,1,20,20,20,20,20,20,20,20,20,20
350227,1,1,0,0,0,0,0,0,0,0,0,0
350227,2,1,0,0,0,0,0,0,0,0,0,0
350228,0,1,22,22,22,22,22,22,22,22,22,22
350228,0,2,14,14,14,14,14,14,14,14,14,14
350228,1,1,0,0,0,14,17,0,0,0,0,0
350228,2,1,0,0,0,0,0,17,0,0,0,0
350229,1,1,0,0,0,0,0,0,23,0,10,0
350229,2,1,0,23,0,32,0,0,0,10,0,0
350230,1,1,0,0,0,0,0,0,0,0,0,0
350230,2,1,8,8,8,8,8,8,8,8,8,8
350231,0,1,23,23,23,23,23,23,23,23,23,23
350231,1,1,0,0,0,0,0,0,0,0,0,0
350232,1,1,0,0,0,0,0,0,0,0,0,0
350232,2,1,0,0,0,0,12,0,0,0,0,0
350233,1,1,0,0,0,0,0,0,0,0,0,0
350234,1,1,0,0,0,0,0,0,0,0,0,0
350234,2,1,0,0,0,0,0,0,0,0,0,0
350235,1,1,0,0,0,0,0,0,0,0,0,0
350236,0,1,24,24,24,24,24,24,24,24,24,24
350236,1,1,0,0,19,0,5,0,0,21,18,0
350237,1,1,5,5,5,5,5,5,5,5,5,5
350238,1,1,0,0,0,0,0,0,0,0,0,0
350239,1,1,0,0,0,0,0,0,0,0,0,0
350240,1,1,0,0,0,0,0,0,0,0,0,0
350240,2,1,0,0,0,0,0,0,0,0,0,0
350240,3,1,0,0,0,0,0,0,0,0,0,0
350241,1,1,0,0,0,0,0,0,0,0,0,0
350241,2,1,0,0,0,0,0,0,0,18,0,0
350241,3,1,0,0,0,0,0,0,0,0,0,0
350241,4,1,0,0,0,0,0,0,0,0,0,0
350242,1,1,0,0,0,0,0,0,0,0,0,0
350243,1,1,21,21,21,21,21,21,21,21,21,21
350243,2,1,0,0,0,0,0,0,0,0,0,0
350244,1,1,10,10,10,10,10,10,10,10,10,10
350245,1,1,1,1,1,1,1,1,1,1,1,1
350246,1,1,0,0,0,0,0,0,0,0,0,0
350247,1,1,0,0,0,0,0,0,0,17,0,0
350248,1,1,0,0,0,0,0,0,0,0,0,0
350248,2,1,0,0,0,0,0,0,0,0,0,0
350249,1,1,0,0,0,0,0,0,0,0,0,0
350250,0,1,20,20,20,20,20,20,20,20,20,20
350250,1,1,0,0,18,0,0,0,23,0,0,28
350251,1,1,0,0,0,0,0,0,0,0,0,0
350252,1,1,29,29,29,29,29,29,29,29,29,29
350252,2,1,0,0,0,0,0,0,0,0,0,0
350253,1,1,15,15,15,15,15,15,15,15,15,15
350254,1,1,0,0,0,5,0,0,17,0,0,1
350254,2,1,0,0,0,0,0,0,0,0,0,0
350255,1,1,0,18,0,0,4,0,0,0,0,13
350255,2,1,0,0,0,0,0,0,0,0,0,0
350256,1,1,0,0,0,0,0,0,0,0,0,0
350257,1,1,0,0,0,0,0,0,0,0,0,0
350258,1,1,7,0,0,0,0,0,0,0,0,0
350258,2,1,0,0,0,0,0,0,0,0,0,0
350259,1,1,22,21,20,18,15,33,18,31,31,6
350260,0,1,0,0,0,0,0,0,0,0,0,0
350260,1,1,0,0,0,0,0,0,0,0,0,0
350261,1,1,20,20,20,20,20,20,20,20,20,20
350262,1,1,0,0,0,0,0,0,0,0,0,0
350263,0,1,22,22,22,22,22,22,22,22,22,22
350263,1,1,0,0,0,0,0,7,0,0,0,0
350264,0,1,26,26,26,26,26,26,26,26,26,26
350264,1,1,11,11,11,11,11,11,11,11,11,11
350265,1,1,0,0,0,0,0,0,0,0,0,0
350265,2,1,15,0,0,0,0,0,0,0,0,0
350266,1,1,0,0,0,0,0,0,0,0,0,0
350266,2,1,0,0,0,0,0,0,0,0,0,0
350266,3,1,0,0,0,0,0,0,0,0,0,0
350267,1,1,0,0,0,0,0,0,0,0,0,0
350268,0,1,41,41,41,41,41,41,41,41,41,41
350268,1,1,0,0,0,0,0,0,0,0,0,0
350269,0,1,0,0,0,0,0,0,0,0,0,0
350269,1,1,16,16,16,16,16,16,16,16,16,16
350270,0,1,0,0,0,0,0,0,0,0,0,0
350270,1,1,8,0,0,0,0,0,0,0,0,0
350271,1,1,0,0,0,0,0,0,0,0,0,0
350271,2,1,1,1,1,1,1,1,1,1,1,1
350272,1,1,0,0,0,0,0,0,0,0,0,0
350273,0,1,0,0,0,0,0,0,0,0,0,0
350273,1,1,18,18,18,18,18,18,18,18,18,18
350274,0,1,0,0,0,0,0,0,0,0,0,0
350274,1,1,0,0,0,0,0,0,0,0,0,0
350275,1,1,0,0,0,0,0,0,0,0,0,0
350275,2,1,0,0,0,0,6,0,0,0,0,0
350276,0,1,17,17,17,17,17,17,17,17,17,17
350276,1,1,0,18,0,0,0,0,14,0,0,0
350277,1,1,0,0,0,0,0,0,0,0,0,0
350277,2,1,0,0,0,0,0,0,0,0,0,0
350278,1,1,0,0,0,0,0,0,0,0,0,0
350279,1,1,8,8,8,8,8,8,8,8,8,8
350279,2,1,0,0,0,0,0,0,0,0,0,0
350281,1,1,12,12,12,12,12,12,12,12,12,12
350282,0,1,7,7,7,7,7,7,7,7,7,7
350282,1,1,0,0,0,0,0,0,0,0,0,0
350283,1,1,20,20,20,20,20,20,20,20,20,20
350284,0,1,0,0,0,0,0,0,0,0,0,0
350284,1,1,0,0,0,0,0,0,0,0,0,0
350285,0,1,19,19,19,19,19,19,19,19,19,19
350285,1,1,1,1,1,1,1,1,1,1,1,1
350286,0,1,18,18,18,18,18,18,18,18,18,18
350286,1,1,0,0,0,21,6,0,0,0,0,0
350287,1,1,0,0,0,0,0,0,0,0,0,0
350288,1,1,26,26,26,26,26,26,26,26,26,26
350289,1,1,5,30,15,26,6,32,8,15,10,7
350290,0,1,0,0,0,0,0,0,0,0,0,0
350290,1,1,0,9,0,0,0,0,0,17,0,6
350291,0,1,0,0,0,0,0,0,0,0,0,0
350291,1,1,0,0,0,0,2,0,0,0,5,0
350292,1,1,7,7,7,7,7,7,7,7,7,7
350293,1,1,0,0,0,0,0,0,0,0,0,0
350293,2,1,16,12,0,0,0,0,0,0,0,0
350294,1,1,21,21,21,21,21,21,21,21,21,21
350295,1,1,0,0,18,0,0,0,0,0,0,0
350295,2,1,0,0,0,0,0,0,0,0,0,0
350296,1,1,0,0,0,0,0,0,0,0,0,0
350297,0,1,0,0,0,0,0,0,0,0,0,0
350297,1,1,0,0,0,0,0,0,0,0,0,0
350298,1,1,0,0,0,0,0,0,0,0,0,0
350298,2,1,0,0,0,0,0,0,0,0,0,0
350299,1,1,15,4,25,29,23,12,24,0,12,0
350299,2,1,0,0,0,0,0,0,13,0,0,0
350300,0,1,16,16,16,16,16,16,16,16,16,16
350300,1,1,0,0,0,0,0,0,0,0,0,0
350301,1,1,0,0,0,0,0,0,0,0,0,0
350302,0,1,7,7,7,7,7,7,7,7,7,7
350302,1,1,0,0,0,0,0,0,0,0,0,0
350303,0,1,33,33,33,33,33,33,33,33,33,33
350303,1,1,0,0,0,0,0,0,0,0,0,0
350304,1,1,0,0,0,0,0,0,0,0,0,0
350305,1,1,0,0,0,0,0,0,0,0,0,0
350305,2,1,0,0,0,0,0,25,0,0,12,0
350306,0,1,0,0,0,0,0,0,0,0,0,0
350306,1,1,20,20,20,20,20,20,20,20,20,20
350307,1,1,37,37,37,37,37,37,37,37,37,37
350308,1,1,0,0,0,0,0,0,23,0,0,0
350308,2,1,0,0,0,0,0,0,0,0,0,0
350309,1,1,0,0,0,0,0,0,1,18,0,0
350310,1,1,0,0,0,0,0,0,0,0,0,0
350311,1,1,0,0,0,0,0,0,0,0,0,0
350312,1,1,0,0,0,0,0,14,0,0,0,0
350312,2,1,34,34,34,34,34,34,34,34,34,34
350313,1,1,18,18,18,18,18,18,18,18,18,18
350314,1,1,14,14,14,14,14,14,14,14,14,14
350315,0,1,0,0,0,0,0,0,0,0,0,0
350315,1,1,0,0,0,0,0,0,0,0,0,0
350316,1,1,23,10,13,4,24,19,26,11,26,7
350317,1,1,22,22,22,22,22,22,22,22,22,22
350318,1,1,8,9,24,14,12,39,22,27,22,31
350318,2,1,15,0,0,0,19,0,0,0,0,0
350318,3,1,0,0,0,0,0,0,0,0,0,0
350319,1,1,22,22,22,22,22,22,22,22,22,22
350320,1,1,0,0,0,0,0,0,0,0,0,0
350321,1,1,3,3,3,3,3,3,3,3,3,3
350321,2,1,0,0,0,0,0,0,0,0,0,0
350322,1,1,0,0,0,0,0,0,0,0,0,0
350323,1,1,0,0,0,0,0,0,0,0,0,0
350324,1,1,0,0,0,17,0,0,7,0,0,0
350325,0,1,0,0,0,8,0,0,43,0,0,30
350325,1,1,0,0,0,0,0,0,0,0,0,0
350326,1,1,0,0,0,0,0,0,0,0,0,0
350326,2,1,0,0,0,0,0,0,0,0,0,0
350326,3,1,0,0,0,0,0,0,0,0,0,0
350326,4,1,0,0,0,0,0,0,0,0,0,0
350326,5,1,0,0,0,0,0,0,0,0,0,0
350327,1,1,0,0,0,0,0,0,0,0,0,0
350328,1,1,5,5,5,5,5,5,5,5,5,5
350329,1,1,0,0,0,0,0,0,0,0,0,0
350329,2,1,0,0,0,0,0,0,0,0,0,0
350330,1,1,0,0,0,0,0,0,0,0,0,0
350330,2,1,0,0,0,0,0,0,0,0,0,0
350331,1,1,0,0,0,0,0,0,0,0,0,0
350332,0,1,0,0,0,0,0,0,0,0,0,0
350332,1,1,0,0,0,0,0,0,0,0,0,0
350333,0,1,44,44,44,44,44,44,44,44,44,44
350333,1,1,0,0,0,0,0,0,0,0,0,0
350334,1,1,45,45,45,45,45,45,45,45,45,45
350335,1,1,0,0,0,0,0,0,0,0,0,0
350335,2,1,0,0,0,0,0,0,0,0,0,4
350336,1,1,27,27,27,27,27,27,27,27,27,27
350337,1,1,10,24,22,20,16,34,24,11,27,23
350338,1,1,0,8,0,0,0,0,0,10,0,0
350338,2,1,11,0,0,0,0,0,0,0,11,18
350339,1,2,0,14,9,0,0,0,12,0,18,0
350340,1,1,0,0,0,0,0,0,0,0,0,0
350340,2,1,0,0,0,0,0,0,0,0,0,0
350341,0,1,0,0,0,0,0,0,0,0,0,0
350341,1,1,0,0,0,0,0,0,0,0,0,0
350342,1,1,0,0,0,0,0,0,0,0,0,0
350343,1,1,0,0,0,0,0,7,30,10,38,6
350344,1,1,0,0,0,0,0,0,0,0,0,0
350344,2,1,0,0,0,0,0,0,0,0,0,0
350345,1,1,8,0,0,0,0,0,0,0,0,0
350345,2,1,17,17,17,17,17,17,17,17,17,17
350346,1,1,0,0,0,0,0,0,0,0,0,0
350346,2,1,7,7,7,7,7,7,7,7,7,7
350347,1,1,33,33,33,33,33,33,33,33,33,33
350348,1,1,0,0,0,0,0,0,0,0,0,21
350348,2,1,21,0,0,0,0,0,0,0,0,0
350349,1,1,0,0,0,0,0,0,0,0,0,0
350349,3,1,0,0,0,0,0,0,0,0,0,0
350350,0,1,14,19,20,10,0,10,17,9,26,19
350350,1,1,0,0,17,0,0,0,0,0,0,0
350350,2,1,0,0,0,0,0,0,0,0,0,0
350351,1,1,0,0,0,0,0,0,0,0,0,0
350352,1,1,0,0,0,0,0,0,0,0,0,0
350352,2,1,0,0,0,0,0,0,0,0,0,0
350353,1,1,0,0,0,0,0,0,0,0,0,27
350353,2,1,12,27,6,7,0,5,4,7,33,7
350354,1,1,5,21,18,20,19,0,10,16,9,16
350355,1,1,0,23,0,0,0,0,0,0,0,0
350355,2,1,0,0,0,0,10,0,0,0,0,0
350356,1,1,28,28,28,28,28,28,28,28,28,28
350357,0,1,0,0,0,0,0,0,0,0,0,0
350357,1,1,0,0,0,0,0,0,0,0,0,0
350358,1,1,17,17,17,17,17,17,17,17,17,17
350360,0,1,23,23,23,23,23,23,23,23,23,23
350360,1,1,0,0,0,0,0,0,0,0,0,0
350361,1,1,0,0,0,0,0,0,0,0,0,0
360001,1,1,0,0,0,0,0,0,0,0,0,0
360002,1,1,9,9,9,9,9,9,9,9,9,9
360003,1,1,19,19,19,19,19,19,19,19,19,19
360004,0,1,0,0,0,0,0,0,0,0,0,0
360004,1,1,0,0,0,0,0,0,0,0,0,0
360005,0,1,0,0,0,0,0,0,0,0,0,0
360005,1,1,0,0,6,0,0,0,0,0,0,0
360006,1,1,0,0,0,0,0,0,0,12,0,0
360007,0,1,30,30,30,30,30,30,30,30,30,30
360007,1,1,19,0,0,13,0,12,15,3,0,0
360008,0,1,20,20,20,20,20,20,20,20,20,20
360008,1,1,0,0,0,12,12,0,0,0,0,0
360008,2,1,0,0,0,14,0,0,12,10,0,0
360008,3,1,0,0,0,0,0,0,0,0,8,0
360009,1,1,0,19,25,0,0,0,33,0,0,15
360010,0,1,0,0,0,0,0,0,0,0,0,0
360010,1,1,0,0,0,0,0,0,0,27,0,0
360011,1,1,0,0,0,0,0,0,0,0,0,0
360011,2,1,0,0,0,0,0,0,0,0,0,0
360012,1,1,0,0,0,0,0,0,0,0,0,0
360012,2,1,13,11,8,0,0,2,0,23,0,0
360013,0,1,0,0,28,14,10,30,0,28,0,0
360013,1,1,0,23,0,0,7,0,0,29,0,0
360014,1,1,0,0,0,0,0,0,0,0,0,0
360015,1,1,0,0,0,0,0,0,0,0,0,0
360015,2,1,0,0,0,0,0,0,0,0,0,0
360016,0,1,0,0,0,0,0,0,0,0,0,0
360016,1,1,0,0,0,0,0,0,0,0,0,0
360017,1,1,0,0,0,0,0,0,0,0,0,0
360017,2,1,0,0,0,0,7,0,13,0,0,0
360018,0,1,0,0,0,0,0,0,0,0,0,0
360018,1,1,0,0,0,0,0,0,0,0,0,0
360019,0,1,0,0,0,0,0,0,0,0,0,0
360019,1,1,8,7,22,0,12,0,15,0,13,16
360019,2,1,0,0,0,0,0,0,0,0,12,0
360020,1,1,0,0,0,0,0,0,0,0,0,0
360020,2,1,0,0,0,0,0,0,11,0,0,41
360021,0,1,0,0,0,0,0,0,0,0,0,0
360021,1,1,0,0,0,0,0,0,0,0,0,0
360022,0,1,3,3,3,3,3,3,3,3,3,3
360022,1,1,0,0,0,0,0,6,0,17,0,31
360023,1,1,0,0,0,0,0,0,0,0,0,0
360024,1,1,21,21,21,21,21,21,21,21,21,21
360025,1,1,17,17,17,17,17,17,17,17,17,17
360026,1,1,0,0,0,0,0,0,0,0,0,0
360027,1,1,0,0,0,0,0,0,0,0,0,0
360027,2,1,0,0,0,0,0,0,0,0,0,0
360028,0,1,0,0,0,0,0,0,0,0,0,0
360028,1,1,0,0,0,0,0,0,11,0,0,0
360029,0,1,0,0,0,0,0,0,0,0,0,0
360029,1,1,0,33,0,0,0,17,0,0,0,0
360030,1,1,12,12,12,12,12,12,12,12,12,12
360030,2,1,0,0,0,0,0,0,0,0,0,0
360031,0,1,0,0,0,0,0,0,0,0,0,0
360031,0,2,0,0,0,0,0,0,0,0,0,18
360031,1,1,0,0,20,0,18,30,0,0,0,0
360032,1,1,0,0,0,0,0,0,0,0,0,0
360033,0,1,0,0,0,0,0,0,0,0,0,0
360033,1,1,5,5,5,5,5,5,5,5,5,5
360034,1,1,0,0,0,34,0,0,0,0,0,9
360034,2,1,0,0,0,18,0,0,14,0,0,0
360034,3,1,11,0,0,0,0,0,0,0,0,0
360035,0,1,0,0,0,0,0,0,0,0,0,0
360035,1,1,0,0,0,0,0,0,0,0,0,20
360036,0,1,0,0,0,0,0,0,0,0,0,0
360036,1,1,21,0,0,0,0,0,0,0,0,0
360037,0,1,12,12,12,12,12,12,12,12,12,12
360037,0,2,15,18,50,0,26,17,9,0,0,0
360037,1,1,16,0,0,4,0,0,0,0,0,3
360038,1,1,0,0,0,0,0,0,0,0,0,0
360039,1,1,21,21,21,21,21,21,21,21,21,21
360040,1,1,38,38,38,38,38,38,38,38,38,38
360041,0,1,0,0,0,0,0,0,0,0,0,0
360041,1,1,3,11,8,10,17,4,18,18,5,7
360042,1,1,0,0,0,0,0,0,0,0,0,0
360042,2,1,0,0,33,0,0,0,11,0,0,0
360043,1,1,0,0,0,0,0,0,0,0,0,0
360044,0,1,0,0,24,0,11,31,0,40,43,29
360044,1,1,0,0,0,0,0,0,0,0,0,0
360045,1,1,0,0,0,0,0,0,0,0,0,0
360046,1,1,0,0,38,4,0,0,0,0,26,13
360047,1,1,0,0,0,0,0,0,0,0,0,0
360048,1,1,0,0,0,0,8,0,8,0,0,0
360048,2,1,0,0,0,0,0,0,0,0,0,0
360049,0,1,0,0,0,0,0,0,0,0,0,0
360049,1,1,0,0,0,0,12,0,10,21,0,13
360050,1,1,0,0,0,0,0,0,0,0,0,0
360051,0,1,0,0,0,0,21,0,0,0,0,0
360051,1,1,0,0,0,0,0,0,0,0,0,0
360052,1,1,0,23,0,13,12,30,17,0,0,0
360053,0,1,8,8,8,8,8,8,8,8,8,8
360053,1,1,0,0,0,0,25,0,0,0,0,16
360054,0,1,0,0,0,0,0,0,0,0,0,0
360054,0,2,35,0,0,0,0,26,0,0,0,0
360054,1,1,22,26,8,15,10,28,20,31,15,16
360054,2,1,0,0,20,5,0,11,0,14,0,0
360055,0,1,0,0,0,0,0,0,0,0,0,0
360055,1,1,0,0,17,0,0,14,0,0,0,0
360056,1,1,0,13,8,4,22,3,0,20,20,0
360057,1,1,0,0,0,0,0,0,0,0,0,0
360057,2,1,0,0,0,0,0,0,0,0,0,0
360058,0,1,0,0,0,0,0,0,0,0,0,0
360058,1,1,0,0,0,0,27,5,0,0,0,0
360059,0,1,16,16,16,16,16,16,16,16,16,16
360059,1,1,30,0,0,0,0,0,0,0,0,0
360060,0,1,0,0,0,0,0,0,0,0,0,0
360060,1,1,0,0,0,0,0,0,0,0,0,0
360061,0,1,0,0,0,0,0,0,0,0,0,0
360061,0,2,0,0,0,0,0,0,0,0,0,19
360061,0,3,0,0,0,0,0,0,0,0,0,0
360061,1,1,0,0,0,6,0,0,0,0,0,0
360062,0,1,0,0,0,0,0,0,0,0,0,0
360062,1,1,0,0,0,0,0,0,0,0,0,0
360063,1,1,0,0,0,0,0,0,0,0,0,0
360063,2,1,0,0,0,0,0,0,0,0,0,0
360064,1,1,14,0,0,17,0,25,0,25,0,12
360064,2,1,0,0,0,0,0,0,0,0,0,0
360065,0,1,0,0,0,0,0,0,0,0,0,0
360065,1,1,0,0,9,0,7,0,1,0,0,0
360066,0,1,2,2,2,2,2,2,2,2,2,2
360066,1,1,0,0,0,0,0,29,0,0,0,0
360067,1,1,21,21,21,21,21,21,21,21,21,21
360068,1,1,0,0,0,0,0,0,0,0,0,0
360068,2,1,0,0,0,0,0,0,0,0,0,0
360069,0,1,0,0,0,0,0,0,0,0,0,0
360069,1,1,0,0,0,0,0,0,0,0,0,0
360070,0,1,0,0,0,0,0,0,0,0,0,0
360070,1,1,0,0,0,0,0,41,0,19,0,0
360071,0,1,0,0,0,0,0,0,0,0,0,0
360071,1,1,0,0,0,0,0,0,0,0,0,0
360072,0,1,0,0,0,0,0,0,0,0,0,0
360072,1,1,0,0,0,0,0,0,0,0,0,0
360073,1,1,0,0,0,0,0,0,0,0,0,0
360074,1,1,0,0,0,0,16,0,0,0,0,0
360074,2,1,0,0,0,27,0,0,0,0,0,0
360074,3,1,0,17,0,0,0,4,0,6,0,0
360075,1,1,0,0,0,0,0,0,0,0,0,0
360075,2,1,0,0,0,0,0,0,0,0,0,0
360076,1,1,19,11,0,0,28,0,24,0,22,16
360076,2,1,0,0,0,0,0,0,0,0,0,0
360077,1,1,19,19,19,19,19,19,19,19,19,19
360077,2,1,0,15,0,8,0,0,0,0,0,0
360078,1,1,13,25,20,0,13,31,10,10,23,25
360079,0,1,0,0,0,0,0,0,0,0,0,0
360079,1,1,0,0,16,0,0,0,0,0,0,0
360080,0,1,24,24,24,24,24,24,24,24,24,24
360080,1,1,16,0,0,0,0,30,0,0,0,0
360081,1,1,0,0,0,0,0,0,0,0,0,0
360082,0,1,24,24,24,24,24,24,24,24,24,24
360082,1,1,8,7,10,0,0,0,0,0,0,0
360083,0,1,0,0,0,0,0,0,0,0,0,0
360083,1,1,12,20,0,5,4,12,0,21,0,11
360084,1,1,25,25,25,25,25,25,25,25,25,25
360085,0,1,13,13,13,13,13,13,13,13,13,13
360085,1,1,0,0,0,0,0,0,22,0,0,0
360086,0,1,0,0,0,0,0,0,0,0,0,0
360086,1,1,0,0,0,0,0,0,0,0,0,0
360087,0,1,0,0,0,0,28,0,0,0,0,0
360087,1,1,0,0,0,0,0,0,0,0,0,0
360088,1,1,21,18,14,20,15,7,0,6,23,10
360088,2,1,0,3,12,10,12,0,4,11,8,0
360089,1,1,0,0,0,0,0,0,0,0,0,0
360090,1,1,21,21,21,21,21,21,21,21,21,21
360091,1,1,0,0,0,0,0,0,0,0,0,0
360091,2,1,0,34,0,0,0,0,0,0,11,0
360092,0,1,0,0,0,0,0,0,0,0,0,0
360092,1,1,0,0,0,0,0,0,0,0,0,0
360093,1,1,19,19,19,19,19,19,19,19,19,19
360094,1,1,0,10,27,22,10,42,5,6,7,10
360094,2,1,0,0,0,0,31,0,0,20,0,0
360094,3,1,0,0,0,0,0,0,0,0,0,0
360095,1,1,32,32,32,32,32,32,32,32,32,32
360096,0,1,0,0,0,0,0,0,0,0,0,0
360096,1,1,7,5,7,0,0,0,0,0,0,0
360097,1,1,23,23,23,23,23,23,23,23,23,23
360098,0,1,0,0,0,0,0,0,0,0,0,0
360098,1,1,0,0,0,0,23,27,0,0,0,0
360099,1,1,0,0,20,26,0,0,0,0,27,0
360100,0,1,0,0,0,0,0,0,0,0,0,0
360100,1,1,0,0,0,4,0,0,0,0,0,0
360101,1,1,0,0,0,0,0,0,0,0,0,0
360102,0,1,0,0,0,0,0,0,0,0,0,0
360102,1,1,0,0,0,16,0,0,12,0,24,0
360103,0,1,12,12,12,12,12,12,12,12,12,12
360103,1,1,14,0,0,0,9,18,0,0,0,0
360104,1,1,0,0,0,0,0,0,0,0,0,0
360105,0,1,0,0,0,0,0,0,0,0,0,0
360105,1,1,18,0,0,0,0,0,7,0,0,0
360106,1,1,0,0,0,0,0,0,0,0,0,0
360107,0,1,40,40,40,40,40,40,40,40,40,40
360107,1,1,2,0,0,0,0,18,8,0,0,0
360108,1,1,24,24,24,24,24,24,24,24,24,24
360109,1,1,0,0,0,0,0,0,0,0,0,0
360110,0,1,26,26,26,26,26,26,26,26,26,26
360110,1,1,17,0,0,0,0,0,4,0,0,8
360111,1,1,0,0,0,0,0,0,0,0,0,0
360112,0,1,31,31,31,31,31,31,31,31,31,31
360112,1,1,0,0,0,0,0,0,0,0,0,0
360113,1,1,7,7,7,7,7,7,7,7,7,7
360113,2,1,0,0,0,0,0,0,0,0,0,16
360114,0,1,0,0,0,0,0,0,0,0,0,0
360114,1,1,0,0,0,0,0,0,0,0,0,0
360115,1,1,0,0,0,0,0,0,0,0,0,0
360116,1,1,0,0,0,0,0,0,0,0,0,0
360116,2,1,0,0,0,0,0,0,0,5,0,0
360117,0,1,0,0,0,0,0,0,0,0,0,0
360117,1,1,0,0,0,0,0,0,3,0,0,0