ST_CASE,VEH_NO,PER_NO,P1,P2,P3,P4,P5,P6,P7,P8,P9,P10
360118,0,1,0,0,0,0,0,0,0,0,0,0
360118,1,1,5,12,0,0,24,17,0,0,4,0
360119,1,1,25,25,25,25,25,25,25,25,25,25
360120,0,1,0,0,0,0,0,0,0,0,0,0
360120,0,2,0,0,0,0,0,0,0,27,0,0
360120,0,3,0,0,0,0,0,0,0,0,0,0
360120,3,1,6,3,4,13,0,7,6,25,21,25
360121,1,1,9,23,10,15,9,0,31,7,46,8
360122,1,1,0,0,0,0,0,0,0,0,0,0
360123,1,1,16,15,10,0,0,0,0,0,0,0
360124,1,1,0,0,39,0,0,9,0,0,0,0
360125,1,1,0,14,0,0,0,0,0,8,0,0
360125,2,1,0,0,19,0,0,0,0,0,30,0
360126,1,1,14,8,7,10,20,19,14,15,13,14
360126,2,1,0,0,0,0,12,3,0,0,0,6
360127,0,1,0,0,0,0,0,0,0,0,0,0
360127,1,1,0,0,0,0,0,0,0,0,0,0
360128,1,1,12,36,19,11,12,20,8,30,6,10
360129,0,1,32,32,32,32,32,32,32,32,32,32
360129,1,1,7,0,0,0,3,0,0,0,0,0
360130,1,1,0,0,0,0,0,0,0,0,0,0
360131,1,1,0,0,0,0,0,0,0,0,0,0
360132,1,1,0,0,0,0,0,21,0,0,0,0
360132,2,1,0,0,0,0,0,0,0,0,0,0
360132,3,1,0,0,0,0,0,0,0,0,0,0
360133,0,1,0,10,0,20,10,0,0,0,0,18
360133,1,1,20,0,14,21,0,11,0,9,19,0
360134,1,1,18,18,18,18,18,18,18,18,18,18
360135,1,1,0,0,0,0,0,0,0,0,0,0
360135,2,1,0,7,0,21,0,0,0,0,0,0
360136,1,1,0,0,0,0,0,0,0,10,20,22
360136,2,1,0,0,0,0,0,0,0,0,0,0
360137,1,1,0,0,0,0,0,0,0,0,0,0
360138,0,1,0,0,0,0,0,0,0,0,0,0
360138,1,1,0,0,0,0,0,0,0,0,0,0
360139,1,1,23,23,23,23,23,23,23,23,23,23
360139,3,1,15,3,0,25,19,0,0,0,0,22
360139,4,1,12,16,13,13,36,17,35,24,0,0
360140,0,1,0,0,0,0,0,0,0,0,0,0
360140,1,1,29,20,0,0,11,13,0,8,0,38
360141,1,1,28,28,28,28,28,28,28,28,28,28
360142,1,1,0,0,0,0,0,0,0,0,0,0
360143,1,1,16,16,16,16,16,16,16,16,16,16
360144,1,1,0,0,0,0,0,0,0,0,0,0
360144,2,1,0,0,0,0,2,0,0,0,0,0
360145,1,1,0,0,0,0,0,0,0,0,0,0
360145,2,1,0,13,0,0,0,14,0,0,0,0
360146,1,1,0,19,0,16,9,0,0,0,3,0
360147,1,1,0,0,0,0,0,0,0,0,0,0
360147,2,1,0,0,0,0,0,0,0,0,0,6
360148,1,1,26,26,26,26,26,26,26,26,26,26
360149,1,1,1,1,1,1,1,1,1,1,1,1
360150,0,1,0,0,0,0,0,0,0,0,0,0
360150,1,1,0,0,0,0,0,0,0,0,0,0
360151,1,1,0,0,0,0,0,0,0,0,0,0
360151,2,1,0,0,0,0,0,0,0,0,0,0
360152,0,1,0,0,0,0,0,0,0,0,0,0
360152,1,1,0,0,0,0,14,0,0,19,0,0
360153,1,1,0,0,0,11,0,0,0,15,11,0
360154,1,1,0,0,0,0,0,0,0,0,0,0
360155,0,1,0,0,0,0,0,0,0,0,0,0
360155,1,1,0,0,8,0,0,0,0,0,0,0
360156,1,1,0,0,0,0,0,0,0,0,0,0
360156,2,1,0,0,0,0,0,0,0,0,0,0
360156,3,1,0,0,0,0,0,0,0,0,0,0
360157,1,1,28,28,28,28,28,28,28,28,28,28
360158,0,1,16,16,16,16,16,16,16,16,16,16
360158,1,1,0,0,0,10,0,0,0,0,0,0
360159,1,1,0,0,0,0,32,0,0,0,0,15
360159,2,1,0,0,0,0,0,0,0,0,0,0
360159,3,1,0,0,0,0,0,11,0,0,0,0
360160,1,1,0,0,0,0,0,0,0,0,0,0
360161,1,1,0,0,0,0,0,0,0,0,0,0
360162,1,1,0,0,0,0,0,0,0,0,0,0
360163,0,1,12,12,12,12,12,12,12,12,12,12
360163,1,1,0,21,0,0,14,7,0,11,0,0
360164,1,1,0,10,0,0,0,0,0,0,10,0
360164,2,1,0,0,0,0,0,0,0,0,0,0
360165,0,1,0,0,0,0,0,0,0,0,0,0
360165,1,1,0,0,0,0,0,0,0,18,0,0
360166,1,1,0,22,0,7,0,0,0,0,0,0
360166,2,1,0,0,0,0,0,0,0,0,0,0
360167,1,1,0,0,0,0,0,0,0,0,0,0
360167,2,1,8,0,0,0,0,0,0,0,0,0
360168,1,1,0,0,0,0,0,0,0,0,0,0
360168,2,1,0,0,0,0,0,5,0,0,0,37
360169,1,1,0,0,0,0,0,0,0,0,0,0
360170,1,1,0,0,0,0,0,0,0,0,0,0
360171,1,1,15,0,25,0,0,23,0,0,0,0
360172,1,1,0,0,17,19,16,0,0,6,0,0
360172,2,1,0,0,0,0,0,0,0,0,0,0
360173,1,1,25,19,14,23,18,3,17,17,7,0
360174,1,1,0,0,0,0,0,0,0,0,0,0
360174,2,1,11,0,9,0,0,3,0,12,0,0
360174,3,1,0,0,11,0,0,0,0,0,0,0
360175,1,1,0,0,0,0,0,0,0,0,0,0
360175,2,1,0,0,0,11,0,0,0,10,14,0
360176,1,1,0,0,0,0,0,0,0,0,0,0
360176,2,1,23,0,0,0,0,0,0,0,2,0
360177,1,1,37,0,22,0,0,0,12,19,0,11
360177,2,1,7,15,0,0,0,10,12,0,3,23
360178,1,1,9,0,0,29,18,0,11,0,26,0
360179,1,1,14,14,14,14,14,14,14,14,14,14
360180,1,1,0,0,0,0,0,0,0,0,0,0
360180,2,1,0,0,0,14,0,0,0,0,0,0
360181,1,1,0,0,0,0,0,0,0,0,0,0
360181,2,1,0,0,0,0,0,0,0,0,0,0
360182,0,1,0,0,0,0,0,0,0,0,0,0
360182,1,1,0,0,4,0,0,0,0,0,0,16
360183,0,1,0,0,0,0,0,0,0,0,0,0
360183,2,1,7,25,18,14,13,11,4,9,21,16
360183,3,1,0,19,15,0,0,0,0,0,29,19
360184,0,1,0,0,0,0,0,0,0,0,0,0
360184,1,1,0,16,0,17,0,0,0,0,0,0
360185,0,1,27,27,27,27,27,27,27,27,27,27
360185,1,1,0,0,14,0,0,0,0,26,0,0
360186,0,1,0,0,0,0,0,0,0,0,0,0
360186,1,1,0,0,0,7,0,0,0,0,0,0
360187,1,1,0,0,0,0,0,0,0,0,0,0
360188,1,1,13,24,12,9,8,7,24,10,14,12
360188,2,1,0,0,0,0,0,0,0,0,0,0
360189,1,1,0,0,0,0,0,0,0,0,0,0
360189,2,1,0,0,0,0,0,0,0,0,0,0
360190,0,1,0,0,0,0,0,0,0,0,0,0
360190,1,1,0,0,0,0,0,0,0,0,0,0
360191,0,1,0,0,0,0,0,0,0,0,0,0
360191,1,1,0,0,0,0,0,0,0,0,0,0
360192,1,1,0,0,0,0,0,30,0,0,0,0
360192,2,1,0,0,0,0,0,0,0,0,0,0
360193,1,1,0,0,28,0,0,0,0,0,0,0
360193,2,1,0,0,0,14,0,0,0,0,0,37
360194,1,1,11,11,11,11,11,11,11,11,11,11
360195,0,1,0,0,0,0,0,0,0,0,0,0
360195,1,1,0,0,0,0,0,0,0,0,0,0
360196,0,1,0,0,0,0,0,0,0,0,0,0
360196,1,1,21,21,21,21,21,21,21,21,21,21
360197,1,1,26,0,0,30,0,0,16,5,14,12
360198,1,1,0,0,0,0,0,0,0,0,0,0
360199,0,1,0,0,0,0,0,0,0,0,0,0
360199,1,1,0,7,0,0,0,7,8,0,0,17
360200,1,1,8,8,8,8,8,8,8,8,8,8
360200,2,1,0,23,0,6,0,0,0,13,0,0
360201,0,1,0,0,0,0,0,0,0,0,0,0
360201,0,2,0,0,0,0,21,0,0,0,0,0
360201,0,3,0,0,0,0,0,0,0,0,0,0
360201,0,4,37,0,0,0,0,0,0,19,0,19
360201,1,1,0,0,0,0,0,0,0,0,0,0
360202,1,1,0,0,0,0,0,0,33,0,0,0
360202,2,1,0,0,0,0,0,0,0,0,0,0
360203,1,1,29,29,29,29,29,29,29,29,29,29
360204,0,1,28,28,28,28,28,28,28,28,28,28
360204,1,1,22,0,0,0,0,34,0,0,0,0
360205,1,1,0,0,0,0,0,0,0,0,0,0
360206,1,1,0,0,0,0,0,0,0,0,0,0
360206,2,1,0,0,0,0,0,0,0,0,0,0
360207,1,1,0,0,0,0,0,0,16,0,0,0
360207,2,1,0,0,0,0,0,0,0,0,0,0
360208,1,1,0,0,0,0,32,16,0,28,0,0
360209,1,1,0,0,0,0,0,0,0,0,0,0
360210,1,1,12,0,0,0,0,0,0,0,0,0
360210,2,1,0,9,0,0,0,0,0,0,0,0
360211,1,1,21,18,15,0,0,0,0,0,0,15
360211,2,1,13,0,0,0,0,0,0,0,17,0
360212,0,1,0,0,0,0,0,0,0,0,0,0
360212,1,1,0,0,0,0,0,0,0,0,0,0
360213,1,1,0,0,0,0,0,0,0,0,0,0
360214,0,1,0,0,0,0,0,0,0,0,0,0
360214,1,1,0,0,0,0,0,0,0,0,0,0
360215,1,1,0,0,0,19,17,0,13,0,8,0
360215,2,1,7,0,15,0,3,0,23,0,18,0
360216,0,1,0,0,0,0,0,0,0,0,0,0
360216,1,1,0,0,0,0,0,0,0,0,5,6
360217,1,1,0,0,0,0,0,0,0,0,0,0
360218,1,1,0,0,0,0,16,0,0,0,0,0
360218,2,1,0,0,0,0,0,0,6,0,0,0
360219,1,1,20,20,16,19,12,0,23,15,9,25
360219,2,1,0,0,0,0,0,0,0,0,0,0
360220,1,1,0,0,0,0,0,0,0,0,0,0
360221,1,1,0,0,0,11,0,20,0,0,4,17
360223,1,1,0,0,0,0,0,0,0,0,0,0
360224,0,1,0,0,0,0,0,0,0,25,0,0
360224,1,1,0,0,0,0,0,0,0,0,0,0
360225,1,1,14,0,0,0,0,0,0,5,0,0
360225,2,1,0,0,0,0,0,0,0,0,0,0
360226,1,1,12,12,12,12,12,12,12,12,12,12
360227,1,1,0,0,0,0,0,0,0,0,0,0
360227,2,1,0,0,0,0,0,0,0,0,0,0
360228,1,1,0,0,0,0,0,0,0,0,0,0
360229,1,1,0,0,0,0,0,0,0,0,0,0
360229,2,1,0,0,0,0,0,0,0,0,0,0
360230,0,1,0,0,0,0,0,0,0,0,0,0
360230,1,1,0,0,0,0,0,0,0,0,0,0
360231,1,1,0,0,0,0,0,0,0,0,0,0
360232,0,1,16,16,16,16,16,16,16,16,16,16
360232,1,1,0,18,21,0,29,0,19,0,0,27
360233,1,1,0,22,0,0,11,0,0,0,0,0
360234,1,1,0,0,0,0,0,0,0,0,0,0
360235,1,1,0,0,0,0,0,0,0,6,7,0
360235,2,1,0,0,4,0,0,0,0,0,0,0
360236,1,1,9,9,9,9,9,9,9,9,9,9
360237,0,1,40,40,40,40,40,40,40,40,40,40
360237,1,1,0,15,0,0,0,18,0,4,0,0
360238,1,1,0,0,0,0,0,0,0,0,0,0
360238,2,1,0,0,0,0,0,0,0,0,0,0
360239,1,1,3,3,3,3,3,3,3,3,3,3
360240,0,1,16,16,16,16,16,16,16,16,16,16
360240,1,1,5,0,0,0,0,8,0,0,32,0
360240,2,1,31,0,0,13,0,0,0,6,10,0
360241,1,1,0,0,0,0,0,0,0,0,0,0
360242,0,1,45,45,45,45,45,45,45,45,45,45
360242,1,1,0,0,0,0,0,0,0,0,17,0
360243,1,1,19,19,19,19,19,19,19,19,19,19
360244,0,1,0,0,0,0,0,0,0,0,0,0
360244,1,1,0,0,0,0,0,0,0,13,14,0
360245,0,1,0,0,0,0,0,0,0,0,0,0
360245,1,1,0,0,0,0,0,0,0,0,0,0
360246,1,1,0,0,0,0,0,0,0,0,0,25
360246,2,1,0,8,0,0,11,0,34,0,0,0
360247,1,1,0,0,0,33,32,20,0,28,0,0
360247,2,1,0,0,0,0,0,0,0,0,0,0
360248,0,1,0,18,0,0,0,5,16,0,0,0
360248,1,1,0,0,0,15,0,0,0,0,13,0
360249,0,1,18,0,0,18,14,19,0,13,0,0
360249,1,1,0,0,0,0,0,0,0,21,0,0
360250,1,1,0,0,0,0,0,13,0,0,0,0
360250,2,1,0,0,0,3,0,0,0,0,0,16
360251,1,1,25,0,0,0,0,0,14,0,0,19
360251,2,1,0,14,0,0,0,0,0,0,0,0
360252,0,1,26,12,0,15,21,0,36,28,0,0
360252,1,1,18,29,25,23,19,8,22,15,0,7
360253,0,1,0,0,0,0,0,0,0,0,0,0
360253,1,1,0,0,0,0,9,0,0,0,0,0
360254,1,1,0,0,0,0,0,0,0,0,0,0
360254,2,1,0,0,0,0,0,0,0,0,24,21
360254,3,1,9,0,0,0,0,0,0,0,0,0
360255,1,1,4,16,16,20,11,26,31,6,11,14
360256,0,1,0,0,0,0,0,0,0,0,0,0
360256,0,2,0,0,0,0,0,0,0,0,0,23
360256,1,1,0,0,0,0,0,0,2,0,0,0
360256,2,1,6,13,8,19,23,0,18,7,11,4
360257,1,1,5,5,5,5,5,5,5,5,5,5
360257,2,1,0,24,0,10,0,0,0,18,0,0
360258,1,1,0,0,19,6,0,0,21,0,0,0
360259,0,1,0,0,0,0,0,0,0,0,0,0
360259,1,1,0,0,0,0,0,0,0,0,0,0
360260,1,1,0,0,0,0,0,0,0,0,0,0
360261,1,1,0,0,0,0,0,0,0,0,0,0
360261,2,1,0,0,8,0,11,0,0,0,0,0
360262,1,1,0,0,0,0,0,0,0,0,0,0
360262,2,1,0,0,0,0,0,0,0,6,0,0
360262,3,1,0,0,0,19,0,0,0,15,0,0
360262,4,1,0,0,0,19,0,14,20,0,11,0
360263,1,1,0,0,0,0,0,0,0,0,0,0
360264,1,1,0,0,0,0,16,0,26,13,0,0
360265,1,1,0,0,0,0,0,16,0,0,0,0
360265,2,1,0,0,0,0,0,0,0,0,0,0
360266,1,1,0,0,0,0,0,0,0,0,0,0
360267,1,1,0,0,0,0,0,0,0,0,0,0
360267,2,1,0,0,0,0,0,0,0,0,0,0
360268,1,1,0,0,0,0,0,0,0,0,0,0
360268,2,1,14,17,0,0,11,0,0,0,0,0
360269,0,1,30,0,0,38,0,12,18,5,0,0
360269,3,1,3,8,5,6,16,13,5,3,5,13
360270,1,1,0,6,9,0,0,0,0,7,4,0
360271,0,1,0,0,0,0,0,0,0,0,0,0
360271,0,2,0,0,0,0,0,0,0,0,0,0
360271,1,1,0,0,0,22,17,0,0,0,0,0
360272,1,1,19,0,0,0,0,0,10,0,0,0
360272,2,1,9,9,9,9,9,9,9,9,9,9
360273,1,1,0,18,13,0,0,0,0,0,12,0
360274,1,1,8,14,25,20,12,0,16,23,7,24
360275,1,1,0,0,0,0,0,0,0,24,0,18
360275,2,1,0,0,0,0,0,0,0,3,0,0
360276,1,1,0,0,0,0,0,0,0,0,0,0
360276,2,1,0,0,0,0,0,0,0,0,0,0
360277,1,1,15,17,13,26,12,29,6,24,4,16
360278,1,1,0,0,0,0,0,0,0,0,0,0
360279,1,1,28,0,14,0,21,0,24,0,0,0
360279,2,1,0,0,0,0,0,0,0,0,0,0
360280,1,1,0,0,0,0,0,0,0,0,0,0
360281,1,1,0,0,0,7,0,0,0,0,0,0
360281,2,1,0,0,0,0,0,0,0,0,0,0
360282,1,1,18,18,18,18,18,18,18,18,18,18
360283,1,1,0,15,0,0,0,0,0,0,0,0
360283,2,1,0,0,17,0,0,0,0,20,0,0
360284,1,1,0,0,0,0,0,0,0,0,0,10
360284,2,1,0,0,0,0,0,0,0,0,0,0
360284,3,1,14,0,20,0,0,0,15,0,0,0
360285,0,1,0,0,0,0,0,0,0,0,0,0
360285,1,1,0,0,0,0,0,0,0,0,0,0
360286,1,1,0,0,0,0,0,0,0,0,0,0
360287,1,1,0,0,0,0,0,0,0,0,0,0
360288,0,1,0,0,0,0,0,0,0,0,0,0
360288,0,2,0,0,0,0,0,0,0,0,11,0
360288,1,1,0,0,19,22,0,0,0,0,0,0
360289,1,1,17,10,14,18,0,13,20,22,15,7
360290,1,1,23,23,23,23,23,23,23,23,23,23
360291,1,1,0,0,0,0,0,0,0,0,0,0
360291,2,1,0,0,0,0,0,0,0,0,0,0
360292,1,1,0,0,0,0,0,0,0,0,0,0
360292,2,1,0,0,0,0,0,0,0,0,0,0
360293,1,1,0,17,0,5,0,3,0,12,0,0
360294,1,1,16,27,8,22,24,34,14,8,18,17
360295,1,1,0,16,0,0,0,0,0,0,0,0
360296,1,1,0,0,0,0,0,0,0,7,0,0
360296,2,1,0,0,0,0,0,0,0,0,0,0
360297,0,1,0,0,0,0,0,0,0,0,0,0
360297,1,1,0,0,16,0,0,0,0,18,0,0
360298,1,1,11,0,24,14,16,16,34,14,7,26
360299,1,1,0,0,24,0,0,0,0,0,0,0
360300,1,1,0,0,0,0,0,0,0,0,0,0
360300,2,1,0,0,7,11,0,0,0,0,17,0
360301,1,1,17,17,17,17,17,17,17,17,17,17
360302,1,1,0,0,0,0,0,0,0,0,0,0
360302,2,1,0,0,0,0,0,0,0,0,0,0
360302,3,1,0,0,4,10,8,0,0,0,0,0
360303,1,1,0,11,0,13,0,0,0,0,0,14
360304,0,1,0,0,0,0,0,0,0,0,0,0
360304,1,1,0,0,0,0,0,0,0,4,0,0
360304,2,1,0,0,0,0,0,0,0,21,0,0
360305,0,1,0,0,0,0,0,0,0,0,0,0
360305,1,1,0,0,0,0,0,0,0,0,0,0
360306,1,1,12,12,12,12,12,12,12,12,12,12
360307,1,1,0,0,0,0,0,0,0,0,0,0
360307,2,1,0,0,0,0,0,0,0,0,0,7
360308,0,1,0,0,16,0,0,0,0,0,18,39
360308,1,1,19,0,0,0,19,6,0,0,0,0
360309,0,1,0,0,0,0,0,0,0,0,0,0
360309,1,1,15,15,15,15,15,15,15,15,15,15
360310,1,1,0,0,0,2,0,0,0,8,0,0
360311,1,1,0,0,0,0,0,0,0,0,0,0
360311,2,1,0,0,0,0,0,0,0,0,0,0
360312,1,1,0,0,0,0,0,0,0,0,0,0
360312,2,1,0,0,0,0,0,0,0,0,0,14
360313,1,1,0,0,0,0,0,0,0,0,0,0
360313,2,1,0,0,0,0,0,14,0,0,0,0
360314,0,1,0,0,0,0,0,0,0,0,0,0
360314,1,1,0,0,0,22,0,0,0,0,0,0
360314,2,1,0,0,0,0,0,0,0,0,7,0
360315,1,1,0,0,0,0,0,0,0,0,0,0
360316,1,1,0,0,27,0,0,0,0,0,0,0
360317,1,1,0,0,0,0,0,0,0,0,0,0
360317,2,1,27,5,18,0,13,0,36,35,0,0
360318,0,1,6,6,6,6,6,6,6,6,6,6
360318,1,1,0,0,0,6,0,0,0,16,0,16
360320,1,1,10,21,0,34,0,31,17,0,11,0
360321,0,1,0,0,0,0,0,0,0,0,0,0
360321,1,1,0,0,0,8,0,0,0,0,0,0
360322,0,1,0,0,0,0,0,0,0,0,0,0
360322,1,1,0,0,0,0,0,14,0,13,0,0
360323,1,1,21,21,21,21,21,21,21,21,21,21
360324,2,1,0,0,0,0,0,0,0,0,0,0
360325,0,1,38,38,38,38,38,38,38,38,38,38
360325,1,1,0,0,0,0,0,0,0,11,0,0
360326,0,1,16,16,16,16,16,16,16,16,16,16
360326,1,1,0,0,9,0,11,0,14,0,0,0
360327,1,1,0,0,0,0,0,0,0,0,0,0
360327,2,1,0,0,0,0,0,0,0,0,0,0
360328,1,1,44,0,0,0,0,0,0,0,0,0
360328,2,1,0,0,0,0,0,0,0,19,0,0
360329,1,1,0,0,0,0,0,0,0,0,0,0
360329,2,1,0,13,0,0,0,0,9,0,6,0
360330,1,1,0,0,0,0,0,0,0,0,8,0
360330,2,1,0,0,0,0,0,0,0,0,0,0
360331,0,1,0,0,0,0,0,0,0,0,0,0
360331,1,1,0,0,0,0,0,0,0,0,0,0
360332,0,1,0,0,0,0,0,0,0,0,0,0
360332,1,1,0,0,0,0,0,0,0,0,0,0
360333,0,1,0,0,0,0,0,0,0,0,0,0
360333,1,1,0,0,0,8,13,0,0,16,0,0
360334,1,1,0,0,18,16,22,0,8,0,0,13
360335,1,1,0,12,0,0,0,14,0,0,0,24
360336,1,1,19,19,19,19,19,19,19,19,19,19
360337,1,1,0,0,0,0,0,0,0,0,0,9
360337,2,1,0,0,0,0,0,0,0,14,0,0
360338,0,1,0,0,0,0,0,0,0,0,0,0
360338,1,1,0,0,0,0,0,0,0,0,0,0
360339,1,1,11,11,11,11,11,11,11,11,11,11
360339,2,1,0,0,0,0,0,0,0,0,0,0
360339,3,1,0,0,0,0,0,0,0,0,0,27
360340,1,1,23,30,23,0,26,11,17,20,16,22
360341,1,1,0,0,0,0,0,0,0,0,0,0
360341,2,1,0,0,0,0,0,0,0,0,0,11
360342,1,1,15,0,6,0,4,0,0,16,0,0
360342,2,1,0,0,0,0,0,0,0,23,0,12
360343,1,1,0,0,0,0,0,0,0,0,15,0
360343,2,1,0,0,0,0,0,0,0,0,0,0
360344,0,1,0,0,0,0,0,0,0,0,0,0
360344,1,1,0,0,8,12,0,0,0,0,0,0
360345,0,1,0,0,0,0,0,0,0,0,0,0
360345,1,1,32,4,15,22,22,17,32,25,11,19
360346,1,1,0,0,0,0,0,0,0,0,0,0
360346,2,1,0,0,0,32,0,0,21,0,0,10
360347,0,1,0,0,0,0,0,0,0,0,0,0
360347,1,1,0,19,0,21,0,0,0,0,0,12
360348,0,1,0,0,0,0,0,0,0,0,0,0
360348,1,1,0,0,0,0,7,0,0,0,11,0
360349,1,1,0,0,0,0,0,0,12,0,0,0
360349,2,1,0,0,0,0,0,0,0,0,0,18
360350,1,1,17,17,17,17,17,17,17,17,17,17
360350,2,1,0,0,0,0,0,0,0,0,8,0
360351,1,1,0,23,24,0,0,0,0,0,0,0
360351,2,1,0,0,0,0,28,0,0,0,0,0
360352,1,1,9,9,9,9,9,9,9,9,9,9
360353,1,1,0,0,0,0,0,0,0,0,0,0
360353,2,1,0,0,0,0,0,0,0,0,0,0
360353,3,1,27,0,0,0,0,0,0,0,0,15
360354,0,1,0,0,0,0,0,20,0,0,0,0
360354,1,1,0,0,0,0,0,0,0,0,0,0
360355,0,1,0,0,0,0,18,0,18,0,0,0
360355,1,1,0,0,0,0,0,0,0,0,0,0
360356,0,1,19,19,19,19,19,19,19,19,19,19
360356,1,1,0,0,0,0,0,0,0,0,0,0
360357,0,1,0,0,0,0,0,0,0,0,0,0
360357,1,1,0,0,0,0,0,0,0,0,0,0
360358,1,1,6,16,0,0,0,17,0,0,0,0
360359,0,1,7,7,7,7,7,7,7,7,7,7
360359,1,1,6,0,0,5,25,0,0,6,0,0
360359,2,1,0,0,0,0,15,0,0,0,0,2
360360,1,1,0,0,0,0,0,0,0,0,0,0
360360,2,1,0,0,0,0,0,0,0,0,0,0
360361,0,1,0,0,0,0,0,0,0,0,0,0
360361,1,1,37,0,22,19,0,0,25,12,12,0
360362,0,1,0,0,0,0,0,39,0,3,0,0
360362,1,1,0,0,0,0,0,0,0,0,0,0
360363,1,1,0,0,0,0,0,0,0,0,0,0
360363,2,1,0,0,14,0,0,0,0,0,0,12
360364,1,1,0,0,0,0,0,0,0,0,0,0
360365,1,1,0,0,23,0,12,0,0,0,17,0
360365,2,1,0,0,0,0,0,0,0,0,0,0
360366,1,1,13,13,13,13,13,13,13,13,13,13
360367,1,1,0,0,0,0,0,0,0,0,0,13
360367,2,1,0,0,0,0,0,0,0,0,0,0
360368,0,1,0,0,0,13,0,0,0,0,0,0
360368,1,1,0,0,0,0,0,0,0,0,0,0
360369,0,1,0,0,0,0,0,0,0,0,0,0
360369,1,1,0,0,0,19,0,0,0,0,0,28
360370,1,1,0,20,19,17,14,22,0,8,0,15
360370,2,1,0,0,0,0,0,0,0,0,0,0
360371,1,1,0,0,0,0,0,0,0,0,0,0
360371,2,1,0,0,0,0,0,0,0,0,0,0
360371,3,1,0,0,0,0,0,0,0,0,0,0
360371,4,1,0,0,0,0,0,0,0,0,0,0
360371,5,1,0,0,0,0,0,0,0,0,0,0
360371,6,1,0,0,0,0,0,0,0,0,0,0
360371,7,1,0,0,0,0,0,0,0,0,0,0
360371,8,1,0,0,0,0,0,0,0,0,0,0
360371,9,1,0,0,0,0,0,0,0,0,0,0
360372,0,1,0,0,0,0,0,0,0,0,0,0
360372,1,1,0,0,0,0,0,0,0,0,0,0
360373,1,1,0,0,0,0,0,0,0,0,0,0
360374,1,1,1,1,1,1,1,1,1,1,1,1
360375,1,1,0,5,0,0,0,0,0,0,0,0
360376,1,1,0,0,0,0,0,0,0,0,0,0
360377,1,1,0,0,0,0,0,3,0,0,0,2
360377,2,1,0,0,7,0,0,0,0,0,0,0
360378,1,1,15,15,15,15,15,15,15,15,15,15
360379,0,1,0,0,0,0,0,0,0,0,0,0
360379,1,1,7,7,7,7,7,7,7,7,7,7
360380,1,1,22,22,22,22,22,22,22,22,22,22
360380,2,1,0,10,0,9,0,0,0,19,0,0
360381,1,1,15,0,0,0,6,0,0,0,13,17
360381,2,1,0,0,0,0,0,0,0,0,12,0
360381,3,1,18,11,8,9,8,9,20,12,14,15
360382,0,1,0,0,0,0,0,0,0,0,0,0
360382,1,1,0,0,0,0,0,0,0,0,0,0
360383,0,1,19,19,19,19,19,19,19,19,19,19
360383,1,1,0,8,17,18,13,19,0,0,0,19
360384,0,1,1,1,1,1,1,1,1,1,1,1
360384,1,1,0,0,0,0,0,0,0,0,0,0
360385,1,1,0,0,0,10,20,0,0,4,0,24
360385,2,1,0,20,15,24,0,0,19,24,7,0
360386,0,1,0,0,16,14,0,0,0,0,11,0
360386,0,2,0,0,0,0,0,0,0,0,0,0
360386,1,1,0,10,0,0,7,4,0,0,0,0
360386,2,1,0,0,0,0,0,0,0,0,0,0
360387,1,1,0,0,0,0,0,0,0,0,0,0
360388,0,1,0,0,0,0,0,0,0,0,0,0
360388,0,2,13,0,0,0,26,0,0,0,0,0
360388,1,1,25,10,10,17,14,13,30,13,10,16
360388,2,1,0,0,0,0,0,0,0,0,0,0
360388,3,1,13,6,0,15,35,37,0,0,0,0
360389,1,1,0,0,0,0,0,0,0,0,0,0
360389,2,1,14,3,0,8,0,0,0,42,0,0
360390,0,1,0,0,0,0,0,0,0,0,0,0
360390,1,1,0,0,0,0,0,0,0,0,0,0
360391,1,1,0,0,0,0,0,0,0,0,29,0
360391,2,1,0,0,4,0,0,0,0,0,15,0
360392,1,1,0,29,0,8,0,0,0,0,0,0
360392,2,1,0,0,0,0,0,0,0,0,0,0
360393,1,1,0,24,0,16,0,0,28,0,0,5
360393,2,1,0,0,13,0,0,0,0,0,7,0
360394,1,1,12,12,12,12,12,12,12,12,12,12
360395,0,1,19,19,19,19,19,19,19,19,19,19
360395,1,1,0,21,14,0,0,6,0,23,20,0
360396,1,1,0,8,0,11,0,0,0,0,0,0
360396,2,1,0,0,0,0,0,0,0,0,0,19
360397,1,1,10,10,10,10,10,10,10,10,10,10
360397,2,1,0,9,0,0,0,0,0,0,41,9
360398,1,1,16,16,16,16,16,16,16,16,16,16
360399,1,1,0,11,0,0,0,0,0,0,0,0
360399,2,1,0,0,5,0,0,25,0,0,0,2
360399,3,1,0,0,0,0,0,0,0,0,0,0
360400,0,1,0,0,0,0,0,0,0,0,0,0
360400,1,1,0,0,0,0,20,10,20,0,0,0
360401,1,1,0,0,0,0,0,0,0,0,0,0
360402,1,1,5,5,5,5,5,5,5,5,5,5
360403,0,1,16,16,16,16,16,16,16,16,16,16
360403,1,1,0,0,0,0,28,0,6,0,0,16
360404,0,1,0,0,0,0,0,0,0,0,0,0
360404,1,1,0,0,0,0,0,0,0,0,0,0