ST_CASE,VEH_NO,PER_NO,P1,P2,P3,P4,P5,P6,P7,P8,P9,P10
360963,2,1,0,0,0,0,0,0,0,0,0,0
360963,3,1,0,9,0,0,0,0,2,17,0,0
360964,1,1,0,0,0,0,0,0,0,0,0,0
360965,1,1,10,10,10,10,10,10,10,10,10,10
360965,2,1,0,39,0,0,6,0,0,11,0,13
360965,3,1,9,4,0,0,0,11,0,0,0,0
360965,4,1,0,0,0,0,0,0,0,0,0,8
360965,5,1,18,0,0,0,0,0,0,0,0,0
360966,0,1,0,0,0,0,11,12,12,25,0,0
360966,1,1,0,21,0,23,0,0,0,0,0,12
360967,1,1,0,0,0,0,0,0,0,0,0,0
360967,2,1,0,0,0,0,0,0,0,0,0,0
360968,1,1,0,0,0,0,0,0,0,0,0,0
360968,2,1,0,0,0,0,0,0,0,0,0,0
360969,0,1,0,0,0,0,0,0,0,0,0,0
360969,1,1,0,0,6,0,0,0,0,20,0,0
370001,1,1,0,0,0,0,0,0,0,0,0,0
370001,2,1,0,0,0,0,0,0,0,0,0,0
370002,1,1,0,0,0,0,0,0,0,0,0,0
370003,1,1,0,0,0,0,0,0,0,0,0,0
370003,2,1,0,0,0,0,0,0,0,0,0,0
370004,1,1,0,0,0,0,0,0,0,0,0,0
370004,2,1,0,0,0,0,0,0,0,0,0,0
370005,0,1,0,0,0,0,0,0,0,0,0,0
370005,1,1,0,0,0,0,0,0,0,0,0,0
370006,1,1,0,0,0,0,0,0,0,0,0,0
370007,1,1,18,0,0,0,0,0,21,0,0,0
370008,1,1,0,0,0,0,0,0,0,0,0,0
370009,1,1,21,21,21,21,21,21,21,21,21,21
370009,2,1,0,0,0,0,0,0,0,0,0,0
370010,0,1,0,0,0,0,0,0,0,0,0,0
370010,1,1,0,0,0,0,0,0,0,0,0,0
370011,1,1,15,15,15,15,15,15,15,15,15,15
370012,1,1,0,0,0,0,0,0,0,0,0,0
370013,1,1,16,16,16,16,16,16,16,16,16,16
370014,1,1,36,36,36,36,36,36,36,36,36,36
370014,2,1,0,0,0,0,0,19,0,0,0,0
370015,1,1,0,0,0,0,0,0,0,0,0,0
370016,1,1,0,0,0,0,0,0,0,0,0,0
370016,2,1,0,0,0,0,0,0,0,0,0,0
370016,3,1,0,0,0,0,0,0,0,0,0,0
370016,4,1,0,0,0,0,0,0,0,0,0,0
370016,5,1,0,0,0,0,0,0,0,0,0,0
370017,1,1,24,24,24,24,24,24,24,24,24,24
370018,1,1,18,18,18,18,18,18,18,18,18,18
370019,1,1,0,0,13,0,0,0,0,0,0,0
370019,2,1,0,0,0,0,0,0,0,0,0,0
370020,1,1,0,0,0,0,0,10,0,0,0,0
370020,2,1,0,0,0,0,0,0,0,0,0,0
370021,0,1,0,0,0,0,0,0,0,0,0,0
370021,1,1,8,0,29,16,19,15,0,6,11,0
370022,0,1,0,0,0,0,0,0,0,0,0,0
370022,1,1,0,0,0,0,0,0,0,0,0,0
370023,1,1,0,0,0,0,0,0,0,0,0,0
370024,1,1,0,0,0,0,0,0,0,0,0,0
370024,2,1,0,0,0,18,0,0,0,0,0,0
370024,3,1,0,0,0,0,0,0,0,0,0,0
370025,1,1,27,27,27,27,27,27,27,27,27,27
370026,1,1,0,0,0,0,0,0,0,0,0,0
370026,2,1,0,0,0,0,0,0,0,0,0,0
370027,1,1,9,9,9,9,9,9,9,9,9,9
370028,1,1,28,28,28,28,28,28,28,28,28,28
370029,1,1,0,0,0,0,0,0,0,0,0,0
370029,2,1,0,0,0,0,0,0,0,0,0,0
370030,1,1,0,0,0,0,0,0,0,0,0,0
370030,2,1,0,0,0,0,0,0,0,0,0,0
370031,0,1,0,0,0,0,0,0,0,0,0,0
370031,0,2,0,46,0,0,26,0,0,0,0,23
370031,0,3,0,0,28,0,14,0,0,0,0,0
370031,1,1,0,0,0,0,29,14,0,0,0,0
370032,1,1,18,18,18,18,18,18,18,18,18,18
370033,0,1,14,14,14,14,14,14,14,14,14,14
370033,1,1,0,0,0,0,0,0,0,0,0,0
370034,1,1,0,0,0,0,0,0,0,0,0,0
370035,1,1,0,0,0,0,0,0,0,13,0,4
370036,1,1,21,0,0,0,0,0,0,0,0,0
370036,2,1,0,0,0,0,0,0,0,0,0,0
370037,1,1,0,0,0,0,0,0,0,0,0,0
370037,2,1,0,0,0,0,0,0,0,0,0,0
370038,1,1,0,0,0,0,0,0,0,0,0,0
370039,1,1,0,0,0,0,0,0,0,0,0,0
370039,2,1,0,0,0,0,0,0,0,0,0,0
370040,1,1,22,22,22,22,22,22,22,22,22,22
370041,0,1,0,0,0,0,0,0,0,0,0,0
370041,1,1,0,0,0,0,0,0,0,0,0,0
370041,2,1,0,10,0,0,0,12,0,0,0,0
370042,1,1,0,0,0,0,0,12,0,0,0,0
370043,1,1,0,0,0,0,0,0,0,0,0,0
370043,2,1,0,0,0,0,0,0,0,0,0,0
370044,0,1,20,20,20,20,20,20,20,20,20,20
370044,1,1,13,13,13,13,13,13,13,13,13,13
370045,1,1,0,0,0,0,0,0,0,0,0,0
370045,2,1,0,0,0,0,0,0,0,20,0,0
370046,1,1,20,20,20,20,20,20,20,20,20,20
370047,0,1,0,0,0,0,0,0,0,0,0,0
370047,1,1,0,0,0,0,0,0,0,0,0,0
370048,1,1,0,0,0,0,0,0,0,0,0,0
370048,2,1,0,0,0,0,0,0,0,0,0,0
370049,0,1,0,0,0,0,0,0,0,0,0,0
370049,1,1,21,0,0,24,0,8,0,0,9,18
370050,1,1,26,26,26,26,26,26,26,26,26,26
370051,1,1,0,0,0,0,0,0,0,0,0,0
370052,1,1,3,3,3,3,3,3,3,3,3,3
370052,2,1,0,0,0,0,0,0,0,0,0,0
370052,3,1,0,0,0,0,0,8,24,0,0,0
370053,1,1,17,17,17,17,17,17,17,17,17,17
370054,0,1,0,0,0,0,0,0,0,0,0,0
370054,1,1,0,0,15,0,0,0,0,0,0,6
370055,1,1,0,0,0,0,0,0,0,0,0,0
370056,1,1,0,0,0,0,0,0,0,0,0,0
370056,2,1,0,11,11,8,11,26,37,22,5,11
370057,1,1,0,0,0,0,0,0,0,0,0,17
370057,2,1,0,0,0,0,0,0,0,0,0,0
370058,1,1,0,0,0,0,0,0,0,0,0,0
370059,1,1,0,0,0,0,0,0,0,0,0,15
370059,2,1,0,0,0,0,0,0,0,0,0,0
370059,3,1,0,0,0,0,0,0,0,0,0,0
370060,1,1,0,0,0,0,0,0,0,0,0,0
370061,1,1,0,0,0,0,0,0,0,0,0,0
370061,2,1,0,0,0,0,0,0,0,0,0,0
370062,1,1,0,0,0,0,0,0,0,0,0,0
370063,1,1,0,0,0,0,0,0,0,0,0,0
370064,1,1,0,0,0,0,0,0,0,0,0,0
370064,2,1,0,0,0,0,0,0,0,0,0,0
370065,0,1,0,0,0,0,0,0,0,0,0,0
370065,1,1,0,0,0,0,0,0,0,0,0,0
370066,1,1,0,0,0,0,0,0,0,0,0,0
370067,1,1,0,0,0,0,0,0,0,0,0,0
370067,2,1,0,0,0,0,0,4,0,0,0,0
370068,1,1,0,0,0,27,0,0,0,0,0,0
370069,1,1,0,0,0,0,0,0,0,0,0,0
370069,2,1,0,0,0,0,0,0,0,0,0,0
370070,1,1,22,22,22,22,22,22,22,22,22,22
370071,1,1,26,26,26,26,26,26,26,26,26,26
370072,0,1,26,26,26,26,26,26,26,26,26,26
370072,1,1,0,0,0,0,0,0,0,0,0,12
370073,1,1,0,0,0,0,0,0,0,0,0,0
370074,1,1,0,0,0,0,0,0,0,0,0,0
370074,2,1,0,0,0,0,0,0,0,0,0,0
370075,1,1,0,0,0,0,0,0,0,0,0,0
370076,0,1,0,0,0,0,0,0,0,15,17,0
370076,1,1,0,0,0,0,0,0,0,0,0,0
370077,1,1,0,0,0,0,0,0,0,0,0,0
370079,1,1,0,0,19,0,0,0,0,0,0,0
370079,2,1,0,0,0,0,0,0,0,0,0,0
370080,1,1,0,0,0,0,0,0,0,0,0,0
370080,2,1,0,0,0,0,0,0,0,0,0,0
370081,1,1,0,0,0,0,0,0,0,0,0,0
370081,2,1,0,0,0,0,0,0,0,0,0,0
370082,1,1,0,0,0,0,0,28,0,0,0,0
370083,1,1,0,0,0,0,0,0,0,0,0,0
370083,2,1,0,0,0,0,0,0,0,0,0,0
370084,0,1,5,5,5,5,5,5,5,5,5,5
370084,1,1,0,0,0,0,0,0,0,0,14,0
370085,1,1,17,0,6,0,0,12,0,0,0,0
370086,1,1,0,0,0,0,0,0,0,0,0,0
370086,2,1,10,0,0,3,0,0,0,0,0,0
370087,1,1,0,0,0,0,0,0,0,0,12,0
370088,1,1,0,0,0,0,0,0,0,0,0,0
370089,1,1,13,13,13,13,13,13,13,13,13,13
370089,2,1,0,0,0,0,0,0,0,0,0,0
370090,0,1,0,0,0,0,0,0,0,0,0,0
370090,1,1,12,0,0,0,0,0,0,0,0,15
370091,1,1,24,24,24,24,24,24,24,24,24,24
370092,0,1,0,0,0,0,0,0,0,0,0,0
370092,0,2,0,0,0,0,0,0,0,0,0,0
370092,1,1,0,15,0,0,0,0,0,0,0,0
370093,1,1,0,0,0,0,0,0,0,0,0,0
370093,2,1,0,0,0,0,0,0,0,0,0,0
370094,1,1,0,0,0,0,0,0,0,0,0,0
370095,1,1,3,3,3,3,3,3,3,3,3,3
370096,1,1,0,0,0,0,0,0,0,0,0,0
370096,2,1,0,0,0,0,0,0,0,0,0,0
370097,1,1,0,0,0,0,0,0,0,0,0,0
370098,1,1,0,0,0,0,0,0,0,0,0,0
370099,1,1,0,0,0,0,0,0,0,0,0,0
370099,2,1,0,0,0,0,0,0,0,0,0,0
370100,1,1,24,24,24,24,24,24,24,24,24,24
370101,1,1,28,28,28,28,28,28,28,28,28,28
370101,2,1,0,0,0,0,0,0,0,0,0,0
370101,3,1,0,0,0,0,0,0,0,0,0,0
370102,1,1,0,0,0,0,0,0,0,0,0,0
370102,2,1,0,21,25,13,5,17,0,16,25,0
370103,1,1,0,0,0,0,0,0,0,0,0,0
370104,1,1,0,0,0,0,0,0,0,0,0,0
370105,0,1,0,7,0,0,0,11,48,32,14,0
370105,1,1,0,0,23,30,13,6,14,10,19,24
370106,1,1,0,0,0,0,0,0,0,0,0,0
370106,2,1,0,0,0,0,0,0,0,0,0,0
370107,1,1,0,0,0,0,0,0,0,0,0,0
370108,1,1,0,0,0,0,0,0,0,0,0,0
370108,2,1,0,0,0,0,0,0,0,0,0,0
370109,0,1,0,0,0,0,0,0,0,0,0,0
370109,1,1,0,0,0,0,0,0,0,0,0,0
370110,1,1,0,0,0,0,0,0,0,0,0,0
370110,2,1,0,0,0,0,0,0,0,0,0,0
370111,1,1,20,20,20,20,20,20,20,20,20,20
370112,1,1,19,19,19,19,19,19,19,19,19,19
370113,1,1,0,0,0,0,0,0,0,0,0,0
370113,2,1,0,0,0,0,0,0,0,8,0,0
370114,1,1,0,0,0,0,0,0,0,0,0,0
370115,1,1,0,0,0,0,0,0,0,0,0,0
370115,2,1,0,0,0,0,0,0,0,0,0,0
370116,1,1,0,0,0,0,0,0,0,0,0,0
370116,2,1,0,0,0,0,0,0,0,0,0,0
370117,1,1,0,0,0,0,0,0,0,0,0,0
370117,2,1,0,0,0,0,0,0,0,0,0,0
370117,3,1,0,11,0,0,0,10,0,0,0,0
370118,1,1,0,0,0,0,0,0,0,0,15,0
370118,2,1,0,0,0,0,0,0,0,0,0,0
370119,1,1,22,22,22,22,22,22,22,22,22,22
370120,0,1,8,8,8,8,8,8,8,8,8,8
370120,1,1,1,1,1,1,1,1,1,1,1,1
370121,1,1,0,0,0,0,0,0,0,0,0,6
370121,2,1,0,0,0,0,0,0,0,0,0,0
370122,1,1,11,11,11,11,11,11,11,11,11,11
370123,1,1,0,0,0,0,0,0,0,0,0,0
370124,0,1,0,0,0,0,0,0,0,0,0,0
370124,1,1,0,0,0,0,0,11,0,0,0,0
370124,2,1,0,0,0,0,0,0,0,0,0,0
370125,1,1,26,26,26,26,26,26,26,26,26,26
370126,0,1,0,0,0,0,0,0,0,0,0,0
370126,1,1,7,13,0,0,10,0,0,0,0,0
370127,1,1,16,16,16,16,16,16,16,16,16,16
370128,0,1,26,22,24,27,16,33,22,5,8,21
370128,1,1,0,0,0,0,0,0,0,0,0,0
370128,2,1,0,0,0,0,0,0,0,0,0,0
370129,1,1,0,0,0,0,0,0,0,0,0,0
370129,2,1,0,0,0,0,0,0,0,0,0,0
370130,1,1,0,0,0,0,0,0,0,0,0,0
370131,1,1,0,0,0,0,0,0,0,0,0,0
370131,2,1,0,0,0,0,0,0,0,0,0,0
370132,0,1,0,0,0,0,0,0,0,0,0,0
370132,1,1,0,0,0,0,0,0,0,0,0,0
370134,1,1,0,0,0,0,0,0,0,0,0,0
370134,2,1,0,0,0,0,0,0,0,0,24,0
370135,1,1,0,0,0,0,0,0,0,0,0,0
370135,2,1,0,0,0,0,0,0,7,0,0,0
370136,0,1,0,0,0,0,0,0,0,0,0,0
370136,1,1,0,0,0,29,0,0,0,0,0,0
370137,1,1,0,0,0,0,0,0,0,0,0,0
370138,1,1,16,16,16,16,16,16,16,16,16,16
370139,1,1,0,0,0,0,0,0,0,0,0,0
370140,1,1,14,14,14,14,14,14,14,14,14,14
370141,0,1,29,29,29,29,29,29,29,29,29,29
370141,1,1,0,0,0,0,0,0,0,0,15,0
370142,1,1,0,0,0,0,0,0,0,0,0,0
370143,0,1,23,0,13,40,0,34,26,0,29,17
370143,1,1,0,0,0,17,0,0,0,0,0,0
370144,0,1,0,0,0,0,0,0,0,0,0,0
370144,1,1,0,0,0,0,0,0,0,0,0,0
370145,1,1,0,0,0,0,0,0,0,0,0,0
370146,1,1,43,43,43,43,43,43,43,43,43,43
370146,2,1,0,0,0,0,0,0,0,0,0,0
370147,1,1,11,17,8,4,7,17,13,19,31,22
370147,2,1,0,22,12,15,11,15,12,11,3,2
370148,0,1,11,11,11,11,11,11,11,11,11,11
370148,1,1,0,0,0,0,0,0,0,0,0,0
370149,1,1,0,0,0,0,0,0,0,0,0,0
370149,2,1,0,0,0,0,0,0,0,0,0,0
370150,1,1,0,0,0,0,0,0,0,0,0,0
370150,2,1,0,0,0,0,0,0,0,0,0,0
370151,1,1,0,0,0,0,0,0,0,0,0,0
370151,2,1,0,0,0,0,0,0,0,0,0,0
370152,0,1,0,0,0,0,0,0,0,0,0,0
370152,1,1,0,0,0,0,0,0,0,0,0,0
370153,1,1,0,0,19,8,0,6,27,12,7,0
370154,1,1,0,0,0,0,0,0,0,0,0,0
370155,1,1,0,0,0,0,0,0,0,0,0,0
370155,2,1,0,0,0,0,0,0,12,0,0,0
370155,3,1,10,0,0,0,0,0,0,0,0,0
370156,1,1,0,0,0,0,0,0,0,0,0,0
370156,2,1,0,0,0,0,0,0,0,0,0,0
370157,1,1,0,0,0,12,0,0,0,0,0,0
370157,2,1,0,0,0,0,0,0,0,0,0,0
370158,1,1,11,12,9,12,19,23,13,5,3,5
370159,1,1,0,0,0,0,0,0,0,0,0,0
370159,2,1,0,0,0,0,0,0,0,0,0,0
370159,3,1,0,0,0,0,0,0,0,0,0,0
370160,1,1,27,15,0,17,18,9,31,5,19,0
370161,1,1,0,0,0,0,0,0,0,0,0,0
370161,2,1,0,0,0,0,0,0,0,0,0,0
370162,1,1,0,0,0,0,0,0,17,0,0,0
370163,1,1,0,0,0,0,0,0,0,0,0,0
370163,2,1,0,0,0,0,0,0,0,0,0,0
370163,3,1,0,0,0,0,0,0,0,0,22,0
370163,4,1,0,0,0,0,0,4,0,0,0,0
370164,1,1,0,0,0,0,0,0,0,0,0,0
370165,0,1,35,0,0,0,23,0,0,11,0,0
370165,1,1,0,0,0,0,0,11,9,0,14,0
370166,1,1,0,0,0,0,0,0,0,0,0,0
370167,1,1,0,0,0,0,0,0,0,0,0,0
370167,2,1,0,0,0,0,0,0,0,0,0,0
370168,0,1,0,0,0,0,0,0,0,0,0,0
370168,1,1,0,0,0,0,0,0,0,0,6,0
370169,1,1,0,0,0,0,0,0,0,0,0,0
370170,1,1,0,0,0,0,0,0,0,0,0,0
370171,1,1,0,0,0,0,13,0,0,0,0,0
370171,2,1,0,0,0,0,0,0,0,0,0,0
370172,1,1,9,9,9,9,9,9,9,9,9,9
370172,2,1,0,11,0,0,0,0,0,0,0,0
370173,1,1,0,0,0,0,0,0,0,0,0,0
370174,1,1,3,3,3,3,3,3,3,3,3,3
370175,1,1,0,0,0,0,0,0,0,0,0,0
370176,1,1,13,13,13,13,13,13,13,13,13,13
370177,1,1,0,0,0,0,0,0,0,0,0,0
370178,1,1,0,0,0,0,0,0,0,29,0,0
370179,1,1,0,0,0,0,0,0,0,0,0,0
370179,2,1,0,0,0,0,0,0,0,0,0,0
370179,3,1,0,0,0,0,0,0,0,0,0,0
370180,1,1,0,0,0,0,0,0,0,0,0,0
370181,1,1,15,0,0,0,0,0,0,10,0,0
370182,1,1,0,0,0,0,0,18,0,0,0,0
370182,2,1,0,0,0,0,0,0,0,0,0,0
370183,0,1,0,0,0,0,0,0,0,0,0,0
370183,1,1,0,0,0,0,0,0,8,0,0,0
370184,0,1,34,34,34,34,34,34,34,34,34,34
370184,1,1,0,0,0,0,0,0,0,0,0,0
370185,0,1,25,25,25,25,25,25,25,25,25,25
370185,1,1,0,18,0,0,19,0,8,0,0,0
370186,0,1,17,17,17,17,17,17,17,17,17,17
370186,1,1,0,0,0,0,0,0,0,0,0,0
370187,1,1,0,0,0,0,0,0,0,0,0,0
370188,1,1,0,0,0,0,0,0,0,0,0,0
370188,2,1,13,13,13,13,13,13,13,13,13,13
370189,1,1,0,0,0,0,0,0,0,0,0,34
370189,2,1,0,0,0,0,0,0,0,0,0,0
370190,1,1,0,0,0,0,0,0,0,0,0,0
370190,2,1,0,0,0,0,0,0,0,0,0,0
370191,1,1,0,0,0,0,0,0,0,0,0,0
370192,1,1,0,0,0,0,0,0,0,0,0,0
370193,1,1,0,0,0,0,0,0,7,0,0,0
370193,2,1,0,0,0,0,0,0,0,0,0,0
370193,3,1,0,0,0,0,0,0,0,0,0,0
370194,1,1,0,0,0,0,0,0,0,0,0,0
370195,1,1,6,6,6,6,6,6,6,6,6,6
370196,0,1,0,0,0,0,0,0,0,0,0,0
370196,1,1,0,0,0,0,0,0,0,0,0,0
370197,1,1,29,29,29,29,29,29,29,29,29,29
370197,2,1,0,0,0,0,0,0,0,0,0,0
370198,1,1,0,0,0,0,0,0,0,0,0,0
370199,0,1,32,32,32,32,32,32,32,32,32,32
370199,1,1,0,0,0,0,0,0,0,0,0,0
370200,1,1,8,8,8,8,8,8,8,8,8,8
370200,2,1,0,0,0,0,0,0,0,0,0,0
370200,3,1,0,0,0,0,0,0,0,0,0,0
370201,1,1,0,0,0,0,0,0,0,0,0,0
370201,2,1,0,0,0,0,0,0,0,0,0,0
370202,1,1,0,0,0,0,0,0,0,0,0,0
370202,2,1,0,0,0,0,0,0,0,0,0,0
370203,1,1,0,0,0,0,0,0,0,0,0,0
370204,1,1,13,0,15,20,7,10,4,5,23,23
370204,2,1,0,0,0,0,0,0,0,0,0,0
370205,1,1,1,1,1,1,1,1,1,1,1,1
370206,1,1,42,0,0,0,0,0,0,0,0,0
370206,2,1,0,0,0,0,0,0,0,0,0,17
370207,0,1,23,23,23,23,23,23,23,23,23,23
370207,1,1,0,0,0,0,0,0,0,0,0,0
370208,0,1,23,23,23,23,23,23,23,23,23,23
370208,1,1,0,0,0,0,0,9,0,0,0,0
370209,1,1,0,0,0,0,0,0,0,0,0,0
370209,2,1,0,0,0,0,0,0,0,0,0,0
370210,1,1,8,8,8,8,8,8,8,8,8,8
370210,2,1,4,11,4,7,7,25,5,27,12,7
370211,1,1,0,0,0,0,0,0,0,0,0,0
370211,2,1,0,0,0,0,0,0,14,0,0,0
370212,0,1,4,0,0,0,0,0,17,0,0,21
370212,0,2,0,0,0,0,0,0,0,0,0,0
370212,1,1,0,13,10,0,0,0,0,0,0,0
370212,2,1,0,0,0,0,0,0,0,11,0,18
370213,0,1,0,0,0,0,0,0,0,0,0,0
370213,1,1,8,10,3,15,12,15,6,0,11,13
370214,1,1,0,0,0,0,0,0,0,0,0,0
370215,1,1,26,26,26,26,26,26,26,26,26,26
370216,0,1,0,0,0,0,0,0,0,0,0,0
370216,1,1,9,9,9,9,9,9,9,9,9,9
370217,1,1,0,0,0,0,0,0,0,0,0,0
370217,2,1,0,0,0,0,0,0,0,0,0,0
370217,3,1,0,0,0,0,0,0,0,0,0,0
370218,1,1,0,0,0,0,0,0,0,0,0,0
370218,2,1,0,0,0,0,0,0,0,0,0,0
370218,3,1,0,0,0,0,0,0,0,0,0,0
370219,1,1,0,0,0,0,0,0,0,0,0,0
370219,2,1,0,0,0,0,0,0,0,0,0,0
370220,0,1,0,0,0,0,0,0,0,0,0,0
370220,1,1,0,0,0,0,0,0,0,0,0,0
370221,1,1,17,17,17,17,17,17,17,17,17,17
370222,1,1,0,0,0,0,0,0,0,0,0,0
370222,2,1,0,18,0,0,0,0,0,0,0,0
370222,3,1,0,0,13,0,0,0,0,0,8,0
370223,1,1,24,24,24,24,24,24,24,24,24,24
370224,1,1,0,0,0,0,0,0,0,0,0,0
370224,2,1,0,0,0,0,0,0,0,0,0,0
370224,3,1,0,0,0,0,0,0,0,0,0,0
370225,1,1,0,0,0,0,0,0,0,0,0,0
370226,1,1,0,0,0,0,0,0,0,0,0,0
370226,2,1,0,0,0,0,0,0,0,0,0,0
370226,3,1,0,0,0,0,24,0,0,0,7,0
370227,1,1,20,20,20,20,20,20,20,20,20,20
370227,2,1,14,14,14,14,14,14,14,14,14,14
370228,1,1,0,0,0,0,0,0,0,0,0,0
370228,2,1,0,0,0,0,0,0,0,0,0,0
370229,1,1,11,11,11,11,11,11,11,11,11,11
370230,1,1,0,0,0,0,0,0,0,22,9,0
370230,2,1,0,0,0,0,0,0,0,0,0,0
370231,0,1,56,56,56,56,56,56,56,56,56,56
370231,1,1,0,0,0,0,18,7,0,0,0,0
370232,1,1,0,14,0,0,20,0,0,21,0,0
370233,0,1,0,0,0,0,0,0,0,0,0,0
370233,0,2,0,0,0,0,7,0,0,22,0,0
370233,0,3,16,0,0,0,0,0,5,9,14,0
370233,1,1,0,0,0,0,0,0,0,0,0,0
370234,1,1,0,0,0,0,0,0,0,0,0,0
370234,2,1,0,0,0,0,0,0,0,0,0,0
370235,1,1,16,15,13,6,29,18,11,14,6,16
370236,1,1,0,0,0,0,12,10,0,0,0,0
370237,1,1,9,9,9,9,9,9,9,9,9,9
370238,1,1,0,0,0,21,0,0,16,0,0,0
370238,2,1,0,0,0,0,0,0,0,0,0,12
370239,1,1,0,0,0,0,0,0,0,0,0,0
370239,2,1,0,0,0,0,0,0,0,0,0,0
370240,1,1,20,20,20,20,20,20,20,20,20,20
370241,1,1,0,0,0,0,0,0,0,0,0,0
370242,1,1,0,0,0,0,0,0,0,0,0,0
370242,2,1,0,0,0,0,0,0,0,0,0,0
370243,1,1,0,0,0,0,0,0,0,0,0,0
370243,2,1,0,0,0,0,0,0,0,0,0,0
370244,1,1,27,27,27,27,27,27,27,27,27,27
370245,1,1,0,0,0,0,0,0,0,0,0,0
370245,2,1,0,0,0,0,0,0,0,0,0,0
370246,1,1,0,0,0,0,0,0,0,0,0,0
370246,2,1,0,0,0,0,0,0,0,0,0,0
370247,1,1,0,0,0,0,0,0,0,0,0,0
370248,1,1,0,0,0,0,0,0,0,0,0,15
370249,1,1,0,0,0,0,0,0,0,0,0,0
370250,1,1,32,32,32,32,32,32,32,32,32,32
370251,0,1,5,5,5,5,5,5,5,5,5,5
370251,1,1,25,0,0,0,0,0,21,0,0,0
370252,1,1,0,0,0,0,0,0,0,0,0,0
370252,2,1,0,0,0,0,0,0,0,0,0,0
370252,3,1,0,0,0,0,0,0,0,0,0,0
370253,1,1,0,0,0,0,0,0,0,0,0,0
370254,0,1,0,0,0,0,0,0,0,0,0,0
370254,1,1,0,0,0,0,12,0,0,15,0,12
370255,0,1,0,0,0,0,0,0,0,0,0,0
370255,1,1,0,0,0,0,0,0,0,4,0,0
370256,1,1,13,13,13,13,13,13,13,13,13,13
370256,2,1,5,5,5,5,5,5,5,5,5,5
370257,0,1,0,0,0,0,0,0,0,0,0,0
370257,1,1,0,0,0,0,0,0,0,0,0,0
370258,1,1,0,0,0,0,0,0,0,0,0,0
370258,2,1,0,0,0,0,0,0,0,0,0,0
370259,1,1,0,0,0,0,0,0,0,0,0,0
370259,2,1,0,0,0,0,0,0,0,0,0,0
370260,1,1,0,0,0,0,0,0,0,0,0,0
370260,2,1,0,0,28,0,0,0,0,0,0,0
370261,1,1,0,0,0,0,0,0,0,0,0,0
370261,2,1,0,0,0,0,0,0,0,0,0,0
370262,1,1,0,0,0,0,0,0,0,0,0,0
370262,2,1,0,0,0,0,0,0,0,0,0,0
370263,1,1,0,0,32,0,0,0,0,0,0,0
370263,2,1,2,2,2,2,2,2,2,2,2,2
370264,1,1,13,13,13,13,13,13,13,13,13,13
370265,1,1,0,0,0,0,0,0,0,0,0,0
370265,2,1,0,0,0,0,0,0,0,0,0,0
370266,1,1,0,0,0,0,0,0,0,0,0,0
370266,2,1,0,0,0,0,0,0,0,0,0,0
370267,1,1,13,0,22,0,0,0,0,0,0,0
370268,1,1,0,0,0,0,0,0,0,0,0,0
370268,2,1,16,16,16,16,16,16,16,16,16,16
370269,1,1,23,23,23,23,23,23,23,23,23,23
370270,1,1,12,25,17,4,7,10,5,0,15,14
370270,2,1,0,0,0,0,0,0,0,0,0,0
370271,1,1,0,0,0,0,11,0,0,0,0,0
370271,2,1,0,0,0,0,0,0,0,0,0,0
370271,3,1,0,0,0,0,0,0,0,0,0,0
370272,1,1,29,29,29,29,29,29,29,29,29,29
370272,2,1,0,0,0,0,0,4,0,0,0,35
370273,0,1,0,0,0,0,0,0,0,0,0,0
370273,1,1,0,0,0,0,0,0,0,0,0,0
370274,1,1,49,11,29,10,34,15,14,15,11,31
370275,1,1,0,0,0,0,26,0,0,16,0,0
370276,1,1,13,13,13,13,13,13,13,13,13,13
370277,1,1,14,14,14,14,14,14,14,14,14,14
370277,2,1,9,19,18,4,14,12,10,28,16,14
370278,1,1,0,0,0,0,0,0,0,0,0,0
370278,2,1,0,0,0,0,0,0,0,0,0,0
370278,3,1,0,0,0,0,0,0,0,0,0,0
370278,4,1,0,0,0,0,0,0,0,0,0,0
370279,1,1,0,0,6,0,0,0,0,0,0,10
370279,2,1,0,0,0,0,0,0,0,0,0,0
370280,0,1,0,0,0,0,0,0,0,0,0,0
370280,1,1,0,0,0,0,0,0,0,0,0,13
370281,1,1,0,0,0,0,0,0,0,0,0,0
370282,0,1,0,0,0,0,12,0,0,6,24,0
370282,1,1,29,26,25,0,24,0,35,18,26,41
370283,1,1,3,3,3,3,3,3,3,3,3,3
370284,1,1,0,0,0,0,0,0,0,0,12,0
370285,1,1,22,15,24,0,0,0,0,17,16,33
370286,1,1,0,0,0,0,0,0,0,0,0,0
370286,2,1,0,0,0,0,0,0,0,0,0,0
370287,1,1,0,15,0,15,8,0,0,0,0,8
370288,1,1,13,19,12,11,28,26,19,15,0,7
370288,2,1,0,0,0,0,0,0,0,0,0,0
370289,1,1,0,0,0,0,0,0,0,0,0,0
370290,1,1,6,6,6,6,6,6,6,6,6,6
370290,2,1,0,0,0,0,0,0,13,0,0,0
370291,1,1,0,17,0,0,0,0,0,0,0,0
370291,2,1,0,0,0,0,0,0,0,0,0,0
370291,3,1,0,0,0,0,0,0,0,0,0,0
370292,1,1,4,4,4,4,4,4,4,4,4,4
370292,2,1,0,0,0,0,0,0,0,0,0,0
370293,0,1,0,0,0,0,0,0,0,0,0,0
370293,1,1,0,0,0,0,0,0,0,0,0,0