ST_CASE,VEH_NO,PER_NO,P1,P2,P3,P4,P5,P6,P7,P8,P9,P10
370294,1,1,0,0,0,0,0,0,0,0,0,0
370294,2,1,0,0,0,0,0,0,0,0,0,0
370295,1,1,19,19,19,19,19,19,19,19,19,19
370295,2,1,0,0,0,0,0,0,0,0,0,0
370296,1,1,19,19,19,19,19,19,19,19,19,19
370297,1,1,0,15,0,0,9,10,0,0,23,0
370298,1,1,0,0,0,0,0,0,0,0,0,0
370298,2,1,0,0,0,0,0,0,0,0,0,0
370299,1,1,21,23,15,0,20,9,26,25,12,17
370300,1,1,0,0,0,0,0,0,0,0,0,6
370300,2,1,0,0,0,0,0,0,0,0,0,0
370301,1,1,27,27,27,27,27,27,27,27,27,27
370302,0,1,0,0,0,0,0,0,0,0,0,0
370302,1,1,0,0,0,0,0,0,0,0,0,0
370303,1,1,0,0,30,0,0,16,0,0,10,11
370304,1,1,13,13,13,13,13,13,13,13,13,13
370305,1,1,0,0,0,0,0,0,0,0,0,0
370305,2,1,0,0,0,0,0,0,0,0,0,0
370306,1,1,0,0,0,0,0,0,0,0,0,23
370306,2,1,15,0,0,0,0,0,0,0,0,0
370307,0,1,21,21,21,21,21,21,21,21,21,21
370307,1,1,0,0,0,0,0,0,17,0,0,0
370308,1,1,0,0,0,0,0,0,0,0,0,0
370308,2,1,0,0,0,0,0,0,0,0,0,0
370309,0,1,0,0,0,0,0,0,0,0,0,0
370309,1,1,0,0,0,0,0,0,0,0,0,0
370310,1,1,0,0,0,0,0,0,0,0,0,0
370311,1,1,35,35,35,35,35,35,35,35,35,35
370312,1,1,0,0,0,0,0,0,0,0,0,0
370313,1,1,25,25,25,25,25,25,25,25,25,25
370314,0,1,19,19,19,19,19,19,19,19,19,19
370314,1,1,25,0,0,0,0,0,0,0,0,0
370315,1,1,0,0,0,0,0,0,0,0,0,0
370315,2,1,0,0,0,0,0,0,0,0,0,0
370316,1,1,20,20,20,20,20,20,20,20,20,20
370317,1,1,0,0,0,0,0,0,0,0,0,14
370317,2,1,0,0,0,0,0,0,0,0,0,0
370318,1,1,0,0,0,0,0,0,0,0,0,0
370319,1,1,12,12,12,12,12,12,12,12,12,12
370320,0,1,2,2,2,2,2,2,2,2,2,2
370320,1,1,0,0,0,0,0,0,0,0,0,0
370321,1,1,26,26,26,26,26,26,26,26,26,26
370321,2,1,0,0,0,0,0,0,0,0,0,0
370322,1,1,0,0,0,10,0,0,0,0,0,0
370323,2,1,0,0,0,0,0,0,0,0,0,0
370324,0,1,24,26,10,15,0,20,0,25,0,23
370324,1,1,39,0,20,19,26,0,35,15,9,16
370325,0,1,0,0,0,0,0,0,0,0,0,0
370325,1,1,0,0,0,0,0,0,0,0,0,0
370326,1,1,0,0,0,0,0,0,0,0,0,0
370326,2,1,0,0,0,0,0,0,0,0,0,0
370326,3,1,0,0,0,0,0,0,0,0,0,0
370327,0,1,0,0,0,0,0,0,0,0,0,0
370327,1,1,0,0,0,0,0,0,0,0,0,0
370327,2,1,0,0,0,0,0,0,0,0,0,0
370327,3,1,0,0,0,0,0,0,11,0,0,0
370327,4,1,0,0,0,0,0,0,0,0,0,0
370328,1,1,0,12,0,0,0,0,4,0,0,0
370328,2,1,0,0,0,0,0,0,0,0,0,0
370328,3,1,0,21,0,0,0,0,0,0,0,0
370329,1,1,0,0,0,0,0,0,0,0,0,0
370330,1,1,11,11,11,11,11,11,11,11,11,11
370331,1,1,0,0,0,0,0,0,0,0,0,0
370332,1,1,0,0,0,4,8,0,0,0,0,0
370333,1,1,6,6,6,6,6,6,6,6,6,6
370334,1,1,0,0,0,0,0,0,0,0,0,0
370335,1,1,0,0,0,0,0,0,0,0,0,0
370336,1,1,22,22,22,22,22,22,22,22,22,22
370337,1,1,16,16,16,16,16,16,16,16,16,16
370338,1,1,0,0,0,0,0,0,0,0,0,0
370338,2,1,0,0,11,0,0,0,0,0,0,0
370339,1,1,0,0,0,0,0,0,0,0,0,0
370340,1,1,0,0,0,0,0,0,0,0,0,0
370340,2,1,0,0,0,0,0,0,0,0,0,0
370341,1,1,0,0,0,0,0,0,10,0,0,0
370341,2,1,0,0,0,0,0,0,0,0,0,0
370342,1,1,0,0,0,0,0,0,0,0,0,0
370343,1,1,20,20,20,20,20,20,20,20,20,20
370344,0,1,12,12,12,12,12,12,12,12,12,12
370344,1,1,0,0,0,0,0,0,0,0,0,0
370344,2,1,0,0,0,0,0,0,0,0,0,0
370345,1,1,0,0,0,0,0,0,0,0,0,0
370345,2,1,0,0,0,0,18,0,0,0,0,0
370345,3,1,0,0,0,0,0,0,0,0,0,0
370346,1,1,0,0,0,0,0,0,0,0,0,0
370346,2,1,0,0,0,0,0,0,0,0,0,0
370346,3,1,4,0,0,0,0,0,0,0,0,0
370347,1,1,0,0,0,0,0,0,0,0,0,0
370347,2,1,0,0,0,0,10,0,0,0,0,0
370348,1,1,0,0,0,0,0,0,0,0,0,0
370348,2,1,0,0,0,0,0,0,0,0,0,0
370349,1,1,0,0,0,0,0,0,9,0,0,0
370349,2,1,0,0,0,0,0,0,0,0,0,0
370350,1,1,6,6,6,6,6,6,6,6,6,6
370350,2,1,0,0,0,0,0,0,0,0,0,0
370352,1,1,0,0,0,0,0,0,0,0,0,0
370353,1,1,30,0,0,0,15,9,22,0,19,0
370354,0,1,35,35,35,35,35,35,35,35,35,35
370354,1,1,0,0,15,7,0,0,0,0,0,0
370355,0,1,0,0,0,0,0,0,0,0,0,0
370355,1,1,0,0,0,0,0,0,0,0,0,0
370356,1,1,18,18,18,18,18,18,18,18,18,18
370356,3,1,0,0,0,0,0,0,0,0,0,0
370357,1,1,11,11,11,11,11,11,11,11,11,11
370358,1,1,7,7,7,7,7,7,7,7,7,7
370358,2,1,0,0,0,0,0,0,0,0,0,0
370359,1,1,0,0,13,0,0,0,0,0,0,0
370359,2,1,0,0,0,0,0,0,0,0,0,0
370360,1,1,0,0,0,0,0,0,0,0,0,0
370360,2,1,0,0,0,0,0,0,0,0,8,0
370361,1,1,21,21,21,21,21,21,21,21,21,21
370362,1,1,9,9,9,9,9,9,9,9,9,9
370363,1,1,12,12,12,12,12,12,12,12,12,12
370364,1,1,0,0,0,0,0,0,0,0,0,0
370365,1,1,0,0,0,0,0,0,0,0,0,0
370366,1,1,0,0,0,0,0,0,0,0,0,0
370367,1,1,0,0,0,0,0,0,0,0,0,0
370368,1,1,0,0,0,0,0,0,0,0,0,0
370369,1,1,24,24,24,24,24,24,24,24,24,24
370370,1,1,0,0,0,0,0,0,0,0,0,0
370371,1,1,0,0,0,0,0,0,0,0,0,0
370371,2,1,0,0,0,0,0,0,0,0,0,0
370372,1,1,0,0,0,0,0,0,0,0,0,0
370372,2,1,0,0,0,0,0,0,0,0,0,0
370373,1,1,0,0,0,0,0,0,0,0,0,0
370374,1,1,0,0,0,0,11,0,0,0,0,0
370375,1,1,0,0,0,0,0,0,0,0,0,0
370375,2,1,0,0,0,0,0,0,0,0,0,0
370376,1,1,9,0,12,13,0,16,13,0,0,0
370376,2,1,0,0,0,0,0,0,0,0,0,0
370376,3,1,0,0,0,0,0,0,0,0,0,0
370377,1,1,0,0,0,0,0,0,0,0,0,0
370377,2,1,0,0,0,0,0,0,0,0,0,0
370378,0,1,0,0,0,0,0,0,0,0,0,0
370378,1,1,0,0,0,0,0,0,0,0,0,0
370379,1,1,0,0,0,0,0,0,0,0,0,0
370379,2,1,0,0,0,0,0,0,0,0,0,0
370380,1,1,0,0,0,0,0,0,0,0,0,0
370380,2,1,0,0,0,0,0,0,0,0,0,0
370381,1,1,4,4,4,4,4,4,4,4,4,4
370383,1,1,0,0,0,0,0,0,0,0,0,0
370383,2,1,0,0,0,0,0,0,0,0,0,0
370384,1,1,0,0,0,0,0,0,0,0,0,0
370385,1,1,0,0,0,0,0,0,0,0,0,0
370385,2,1,0,0,0,0,0,0,0,0,0,0
370386,1,1,0,3,0,0,0,0,0,0,0,0
370386,2,1,0,0,0,0,0,0,0,0,0,0
370387,0,1,0,0,0,0,0,0,0,0,0,0
370387,1,1,17,0,0,0,0,0,0,0,0,0
370389,1,1,0,0,0,0,0,0,0,0,0,0
370390,1,1,15,15,15,15,15,15,15,15,15,15
370391,1,1,0,0,0,0,0,0,0,0,0,0
370391,2,1,0,0,0,0,0,0,0,0,0,0
370392,1,1,0,0,0,0,0,0,0,0,0,0
370393,1,1,0,0,0,0,0,0,0,0,0,0
370394,1,1,24,24,24,24,24,24,24,24,24,24
370394,2,1,0,0,0,0,0,0,0,0,0,0
370395,1,1,0,0,0,0,0,0,14,0,14,0
370396,1,1,0,0,0,0,0,0,0,0,0,0
370397,1,1,12,13,17,14,20,3,9,28,16,21
370398,1,1,25,25,25,25,25,25,25,25,25,25
370399,1,1,6,6,0,0,16,9,21,6,7,6
370399,2,1,26,0,0,0,0,0,0,0,0,0
370399,3,1,0,0,0,0,0,0,0,0,0,0
370400,0,1,0,0,0,18,0,0,0,18,13,11
370400,1,1,0,0,0,0,19,0,0,0,0,0
370401,0,1,0,7,0,3,24,0,0,0,0,22
370401,1,1,0,18,0,0,0,23,0,14,0,0
370402,0,1,0,0,0,0,0,0,0,0,0,0
370402,1,1,0,17,0,0,0,0,0,0,0,0
370403,1,1,0,0,0,0,0,0,0,0,0,0
370404,1,1,0,0,0,0,0,0,0,0,0,0
370405,1,1,0,0,9,0,0,0,0,0,0,0
370405,2,1,0,0,0,0,0,0,41,0,0,0
370406,1,1,0,0,0,0,10,0,0,0,14,0
370407,1,1,0,0,0,0,0,0,0,0,0,0
370407,2,1,0,0,0,0,0,0,0,0,0,0
370408,1,1,14,14,14,14,14,14,14,14,14,14
370408,2,1,0,0,0,0,23,0,0,0,0,0
370409,1,1,0,0,0,0,0,0,0,0,0,0
370410,1,1,0,0,0,0,0,0,0,0,0,0
370410,2,1,0,0,0,0,0,0,0,0,0,0
370411,0,1,3,3,3,3,3,3,3,3,3,3
370411,1,1,0,0,0,0,0,13,0,0,0,0
370412,1,1,0,0,0,0,0,0,0,0,0,0
370412,2,1,9,9,9,9,9,9,9,9,9,9
370413,0,1,3,3,3,3,3,3,3,3,3,3
370413,1,1,0,0,6,13,0,0,7,14,10,0
370414,1,1,14,0,0,0,0,0,0,16,0,0
370415,1,1,0,0,0,0,0,0,0,0,0,0
370415,2,1,0,10,8,0,10,0,0,19,0,0
370416,0,1,0,0,0,0,0,0,0,0,0,0
370416,1,1,0,13,0,0,0,0,0,0,0,0
370417,1,1,9,9,9,9,9,9,9,9,9,9
370418,1,1,0,0,0,0,0,0,0,0,0,0
370419,0,1,23,23,23,23,23,23,23,23,23,23
370419,1,1,0,0,0,0,0,0,0,0,0,0
370420,1,1,0,0,0,0,0,0,0,0,0,0
370420,2,1,0,0,0,0,0,0,0,0,0,0
370421,1,1,15,15,15,15,15,15,15,15,15,15
370421,2,1,0,0,0,0,0,0,0,0,0,0
370422,1,1,0,0,0,0,0,0,0,0,0,0
370422,2,1,24,0,0,0,0,0,0,15,0,0
370422,3,1,0,0,0,15,0,0,0,0,0,0
370423,0,1,0,0,0,0,0,0,0,0,0,0
370423,1,1,0,0,0,0,0,0,0,0,0,0
370424,1,1,0,0,0,0,0,0,0,25,13,0
370425,1,1,0,0,0,0,0,0,0,0,0,0
370425,2,1,0,0,0,0,0,13,0,0,0,0
370426,1,1,0,11,0,0,0,0,0,0,0,0
370427,0,1,19,20,23,0,0,9,16,8,0,27
370427,1,1,0,0,5,0,17,0,0,0,0,2
370427,2,1,0,0,0,0,0,0,0,0,0,34
370428,1,1,25,25,25,25,25,25,25,25,25,25
370429,1,1,7,7,7,7,7,7,7,7,7,7
370430,0,1,0,0,0,0,0,0,0,0,0,0
370430,1,1,0,0,0,0,0,0,0,0,0,0
370431,1,1,0,0,0,0,0,0,0,0,0,0
370431,2,1,5,5,5,5,5,5,5,5,5,5
370432,1,1,0,0,0,0,0,0,0,0,0,0
370432,2,1,0,0,0,0,0,0,0,0,0,0
370433,1,1,0,0,0,0,0,0,0,0,0,0
370433,2,1,0,0,0,0,0,0,0,0,0,0
370434,1,1,0,0,0,0,0,0,0,0,0,0
370434,2,1,0,0,0,0,0,0,0,0,0,0
370435,0,1,0,0,0,0,0,0,0,0,0,0
370435,0,2,9,0,0,0,16,13,0,0,0,0
370435,1,1,0,0,0,0,0,0,0,0,0,0
370436,1,1,0,0,0,0,0,0,0,0,0,0
370436,2,1,0,0,0,0,0,0,0,0,0,0
370437,1,1,0,0,0,0,0,0,0,0,0,0
370438,1,1,0,0,0,0,0,0,0,0,0,0
370438,2,1,0,0,0,0,0,0,0,0,0,0
370439,0,1,35,35,35,35,35,35,35,35,35,35
370439,1,1,0,0,0,0,0,0,0,0,0,0
370440,1,1,0,0,0,0,0,0,0,0,0,0
370440,2,1,0,0,0,0,0,3,0,0,0,0
370441,0,1,0,0,0,0,0,0,0,0,0,0
370441,1,1,0,0,0,0,0,0,0,0,0,0
370441,2,1,8,0,0,0,9,0,0,0,0,0
370441,3,1,0,0,0,0,0,0,0,0,0,0
370442,1,1,3,3,3,3,3,3,3,3,3,3
370443,1,1,0,0,0,0,0,0,0,0,0,0
370444,1,1,17,17,17,17,17,17,17,17,17,17
370445,1,1,0,0,0,0,0,0,0,0,0,0
370445,2,1,0,0,0,0,0,0,0,0,0,0
370446,1,1,0,0,0,0,0,0,0,0,0,0
370446,2,1,0,0,0,0,0,0,0,0,0,0
370447,1,1,0,0,0,0,0,0,0,0,0,0
370447,2,1,0,0,0,0,0,0,0,0,0,0
370448,1,1,0,0,0,0,0,0,0,0,0,0
370448,2,1,0,0,0,0,0,0,0,0,0,0
370449,1,1,0,29,0,0,0,0,0,0,33,12
370450,1,1,0,0,0,21,0,0,0,0,0,0
370450,2,1,0,0,0,0,0,0,0,0,0,0
370451,1,1,13,13,13,13,13,13,13,13,13,13
370452,1,1,7,7,7,7,7,7,7,7,7,7
370453,1,1,0,0,0,0,0,0,0,0,0,0
370453,2,1,0,0,0,0,0,0,0,0,0,0
370454,1,1,0,0,0,0,0,0,0,0,0,0
370454,2,1,0,0,0,0,0,0,0,0,0,0
370455,0,1,0,11,0,0,0,0,0,0,27,0
370455,1,1,0,0,0,0,0,14,0,0,0,0
370455,2,1,6,0,0,35,0,0,0,0,0,0
370456,1,1,0,0,0,0,0,0,0,0,0,0
370456,2,1,0,0,0,0,0,0,0,0,0,0
370457,1,1,0,0,0,0,0,0,0,0,0,0
370458,1,1,6,6,6,6,6,6,6,6,6,6
370459,1,1,6,6,6,6,6,6,6,6,6,6
370460,1,1,16,16,16,16,16,16,16,16,16,16
370461,1,1,0,0,0,0,0,0,0,0,0,0
370461,2,1,4,0,0,0,0,18,0,0,0,30
370462,1,1,0,0,0,0,0,0,0,0,0,0
370463,1,1,11,15,0,12,22,18,5,9,19,10
370463,2,1,18,0,0,0,0,0,0,0,0,0
370464,1,1,0,0,0,0,29,0,0,0,0,0
370464,2,1,0,17,0,0,0,0,0,0,0,0
370465,0,1,0,0,0,0,0,0,0,0,0,0
370465,1,1,0,0,0,0,14,0,0,0,0,0
370466,1,1,21,21,21,21,21,21,21,21,21,21
370467,0,1,30,30,30,30,30,30,30,30,30,30
370467,1,1,0,0,0,21,0,5,0,0,0,0
370468,1,1,0,0,0,0,0,0,0,0,0,0
370469,1,1,0,0,0,0,0,0,0,0,0,0
370469,2,1,0,0,0,0,0,0,0,0,0,0
370470,1,1,14,22,6,23,35,10,8,14,29,22
370471,0,1,0,22,0,16,0,0,29,0,0,18
370471,1,1,0,0,0,0,0,0,0,0,12,0
370472,1,1,17,17,17,17,17,17,17,17,17,17
370473,1,1,0,0,0,0,0,0,0,0,0,0
370474,1,1,0,0,0,0,0,0,0,0,0,0
370475,1,1,11,11,11,11,11,11,11,11,11,11
370476,1,1,6,9,26,10,18,19,11,12,14,9
370477,1,1,0,0,0,0,0,0,0,0,0,0
370477,2,1,0,0,0,0,0,0,0,0,0,0
370478,1,1,19,19,19,19,19,19,19,19,19,19
370479,1,1,0,0,0,0,0,0,0,0,0,0
370479,2,1,0,0,0,0,0,0,0,4,0,0
370480,1,1,0,0,0,0,0,0,0,0,0,0
370480,2,1,8,8,8,8,8,8,8,8,8,8
370481,1,1,17,23,0,15,0,12,13,4,12,33
370482,1,1,0,0,0,0,0,0,0,0,0,0
370483,1,1,0,0,0,0,0,0,0,0,0,0
370484,1,1,14,14,14,14,14,14,14,14,14,14
370485,1,1,0,0,0,0,0,0,0,0,0,0
370485,2,1,0,0,0,0,0,0,0,0,0,0
370486,0,1,0,0,0,29,0,0,0,11,18,17
370486,1,1,0,13,13,0,0,0,0,0,0,0
370487,1,1,1,1,1,1,1,1,1,1,1,1
370488,0,1,19,19,19,19,19,19,19,19,19,19
370488,1,1,0,0,16,0,0,0,9,0,0,25
370489,1,1,0,0,0,0,0,0,0,0,0,0
370489,2,1,0,0,0,0,0,0,22,0,0,0
370489,3,1,0,0,0,0,0,0,0,0,0,0
370490,1,1,2,2,2,2,2,2,2,2,2,2
370490,2,1,0,0,0,0,0,13,0,0,0,13
370491,1,1,2,2,2,2,2,2,2,2,2,2
370492,1,1,0,0,0,0,0,0,0,0,0,0
370492,2,1,0,0,0,0,0,0,0,0,0,0
370493,1,1,0,22,0,0,6,0,11,0,0,0
370494,1,1,0,0,0,0,0,0,0,0,0,0
370494,2,1,16,16,16,16,16,16,16,16,16,16
370495,1,1,0,0,0,0,0,0,0,0,0,0
370496,0,1,25,25,25,25,25,25,25,25,25,25
370496,1,1,0,0,0,0,0,0,0,6,0,0
370496,2,1,0,0,0,0,0,0,0,0,7,19
370497,1,1,0,0,0,0,0,0,0,0,0,0
370498,1,1,14,14,14,14,14,14,14,14,14,14
370498,2,1,0,0,0,0,0,0,0,0,0,0
370499,0,1,7,7,7,7,7,7,7,7,7,7
370499,1,1,0,0,0,0,0,0,0,0,0,0
370500,1,1,10,10,10,10,10,10,10,10,10,10
370501,1,1,0,0,0,0,0,0,0,0,0,0
370502,1,1,13,13,13,13,13,13,13,13,13,13
370502,2,1,0,0,0,0,0,0,0,0,12,0
370503,1,1,13,13,13,13,13,13,13,13,13,13
370504,1,1,17,17,17,17,17,17,17,17,17,17
370505,1,1,8,8,8,8,8,8,8,8,8,8
370505,2,1,0,0,0,0,0,21,0,0,0,0
370506,1,1,28,28,28,28,28,28,28,28,28,28
370506,2,1,0,0,0,0,0,0,0,0,0,0
370507,1,1,24,24,24,24,24,24,24,24,24,24
370507,2,1,0,0,0,0,0,0,0,0,0,0
370508,1,1,12,0,7,0,0,0,0,0,0,0
370508,2,1,19,0,0,0,0,0,0,0,0,0
370509,1,1,28,28,28,28,28,28,28,28,28,28
370510,1,1,14,1,8,12,11,11,26,0,6,9
370511,1,1,0,0,0,0,0,0,0,0,0,0
370511,2,1,0,0,0,0,0,0,0,0,0,0
370512,1,1,32,32,32,32,32,32,32,32,32,32
370513,1,1,11,11,11,11,11,11,11,11,11,11
370514,0,1,15,15,15,15,15,15,15,15,15,15
370514,1,1,0,0,0,0,0,0,22,24,0,0
370515,1,1,0,19,26,0,0,0,0,0,0,0
370516,1,1,0,0,0,0,0,0,0,0,0,0
370516,2,1,0,0,0,9,0,0,0,0,0,0
370517,1,1,0,0,0,0,0,0,0,0,0,0
370518,1,1,0,0,0,0,0,0,0,0,0,0
370518,2,1,0,0,0,0,0,0,0,0,0,0
370519,1,1,0,0,0,0,0,0,0,0,0,0
370520,1,1,0,0,0,0,0,0,0,0,0,0
370520,2,1,0,0,0,0,0,0,0,0,0,0
370521,1,1,0,0,0,0,0,0,0,0,0,0
370521,2,1,0,0,0,0,0,0,0,0,0,0
370522,0,1,0,0,0,0,0,0,0,0,0,0
370522,1,1,0,11,0,11,0,0,0,0,0,0
370523,0,1,0,0,0,0,0,0,0,0,0,0
370523,0,2,0,0,0,0,0,0,0,0,0,0
370523,1,1,14,0,0,0,0,0,0,0,0,0
370524,1,1,32,32,32,32,32,32,32,32,32,32
370525,1,1,0,0,0,0,0,0,0,0,0,0
370525,2,1,0,0,0,0,0,0,0,0,0,0
370526,1,1,0,0,0,0,0,0,0,0,0,0
370527,1,1,19,19,19,19,19,19,19,19,19,19
370527,2,1,0,0,0,0,0,13,0,0,0,0
370528,1,1,0,16,9,15,6,12,17,16,4,38
370528,2,1,0,0,0,0,0,0,0,0,0,0
370529,1,1,0,0,0,0,0,0,0,0,0,0
370529,2,1,0,0,0,0,0,0,0,0,0,0
370530,1,1,16,0,0,0,0,0,0,0,21,0
370531,1,1,0,0,0,0,0,0,0,0,0,0
370532,1,1,0,0,0,0,0,0,0,0,0,0
370532,2,1,0,0,0,0,0,0,0,0,0,0
370532,3,1,0,0,0,0,0,0,0,0,0,0
370533,1,1,0,0,0,0,0,0,0,0,0,0
370534,1,1,0,0,0,0,0,0,0,0,0,0
370534,2,1,0,0,0,0,0,0,0,0,0,0
370535,1,1,9,9,17,23,15,39,4,10,8,33
370536,0,1,22,12,35,0,30,16,34,0,0,43
370536,1,1,0,0,0,0,0,0,0,18,0,0
370537,1,1,0,0,0,0,0,0,0,0,0,0
370537,2,1,0,0,15,0,0,0,0,0,0,0
370538,1,1,0,0,0,0,0,0,0,0,0,0
370538,2,1,0,0,0,0,0,0,0,0,0,0
370539,0,1,11,17,23,20,10,8,0,21,13,7
370539,1,1,0,0,0,0,0,0,0,0,0,0
370540,1,1,19,19,19,19,19,19,19,19,19,19
370541,1,1,0,0,0,0,0,0,0,0,0,0
370542,1,1,0,0,0,0,0,23,0,0,0,0
370542,2,1,0,0,0,0,0,0,0,0,0,0
370543,1,1,12,12,12,12,12,12,12,12,12,12
370544,1,1,0,0,0,0,0,15,13,0,0,0
370544,2,1,0,0,0,0,0,0,0,0,0,0
370545,1,1,0,0,0,0,0,0,0,0,0,0
370545,2,1,0,0,0,0,0,0,0,0,0,0
370546,1,1,0,0,0,0,0,0,0,0,10,0
370546,2,1,0,0,0,0,0,0,0,0,0,0
370547,1,1,0,0,0,0,0,0,0,0,0,0
370547,2,1,0,0,0,0,0,0,0,0,0,0
370548,0,1,0,0,0,0,0,0,0,0,0,0
370548,1,1,0,0,0,0,0,0,0,0,0,0
370549,1,1,1,1,1,1,1,1,1,1,1,1
370550,0,1,0,0,0,0,0,0,0,0,0,0
370550,1,1,0,0,0,0,0,0,0,0,0,0
370551,0,1,23,23,23,23,23,23,23,23,23,23
370551,1,1,0,0,0,0,0,0,0,0,0,0
370552,1,1,1,1,1,1,1,1,1,1,1,1
370553,1,1,0,0,0,0,0,0,0,0,0,0
370553,2,1,0,0,0,0,0,0,0,0,0,0
370554,1,1,0,0,0,0,0,0,0,0,0,0
370555,1,1,18,18,18,18,18,18,18,18,18,18
370556,1,1,20,20,20,20,20,20,20,20,20,20
370557,1,1,0,0,0,0,0,0,0,0,0,0
370557,2,1,0,0,0,0,0,0,0,0,0,0
370558,1,1,0,0,0,0,0,0,0,0,0,0
370558,2,1,0,27,0,0,13,0,0,0,0,0
370559,1,1,0,0,0,0,0,0,0,0,0,0
370560,1,1,0,0,0,0,0,0,0,0,0,0
370560,2,1,0,0,0,0,0,0,0,0,0,0
370560,3,1,0,0,0,0,0,0,0,0,0,0
370561,1,1,0,0,0,0,0,0,0,0,0,0
370561,2,1,20,20,20,20,20,20,20,20,20,20
370562,1,1,0,0,0,0,0,0,0,0,0,0
370562,2,1,0,0,0,0,0,0,0,0,0,0
370563,1,1,0,0,0,0,0,0,0,0,0,0
370564,1,1,0,0,0,0,0,0,0,0,0,0
370564,2,1,0,0,0,0,0,0,0,0,0,0
370565,1,1,0,0,0,0,0,0,0,0,0,0
370565,2,1,0,0,0,0,0,0,0,0,0,0
370565,3,1,0,0,0,0,0,0,0,0,0,0
370565,4,1,0,0,0,0,0,0,0,0,0,0
370566,1,1,0,0,0,0,0,0,0,0,0,0
370567,1,1,4,13,22,8,9,15,28,16,16,23
370567,2,1,0,0,0,0,0,7,8,19,0,0
370568,1,1,5,5,5,5,5,5,5,5,5,5
370568,2,1,0,0,0,0,0,0,0,0,0,0
370569,1,1,0,0,0,0,0,0,0,0,0,0
370570,1,1,0,0,0,0,0,0,0,0,0,0
370570,2,1,0,0,0,0,0,0,0,0,0,0
370571,1,1,0,0,0,0,0,0,0,0,0,0
370572,1,1,0,0,0,0,0,0,0,0,0,0
370572,2,1,0,0,0,0,0,0,0,0,0,0
370573,1,1,0,0,0,0,0,0,0,0,0,0
370573,2,1,0,0,0,0,0,0,0,0,0,0
370574,1,1,17,17,17,17,17,17,17,17,17,17
370575,1,1,0,0,33,0,0,0,0,0,0,0
370576,1,1,4,15,18,22,15,3,12,13,11,4
370577,0,1,9,47,7,0,37,34,25,15,23,17
370577,1,1,8,15,9,0,17,0,0,0,0,0
370578,1,1,0,0,0,0,0,0,0,0,0,0
370578,2,1,0,0,0,0,0,0,0,0,0,0
370579,1,1,0,0,0,0,0,0,0,0,0,0
370579,2,1,0,0,0,0,0,0,0,0,0,12
370580,1,1,0,0,0,0,0,0,0,0,0,0
370580,2,1,0,0,0,0,0,0,0,0,0,0
370581,1,1,0,0,0,0,0,0,0,0,0,0
370581,2,1,0,0,0,0,0,0,0,0,0,0
370581,3,1,0,0,0,0,0,0,0,0,0,0
370582,1,1,0,0,0,0,0,0,0,0,0,0
370582,2,1,0,0,0,0,0,0,0,0,0,0
370583,1,1,15,15,15,15,15,15,15,15,15,15
370584,1,1,20,20,20,20,20,20,20,20,20,20
370585,1,1,2,2,2,2,2,2,2,2,2,2
370586,1,1,0,0,0,0,0,0,0,0,0,0
370586,2,1,0,0,0,0,0,0,0,0,0,0
370587,1,1,0,0,0,0,0,0,0,0,0,0
370587,2,1,0,0,0,14,0,0,0,0,0,0
370587,3,1,0,0,0,0,13,15,0,27,0,0
370588,1,1,17,17,17,17,17,17,17,17,17,17
370588,2,1,0,0,16,0,0,0,0,0,0,0
370589,1,1,6,6,6,6,6,6,6,6,6,6
370590,1,1,0,0,0,0,0,0,0,0,0,0
370591,1,1,0,0,0,0,0,0,0,0,0,0
370591,2,1,0,0,0,0,0,0,0,0,0,0
370591,3,1,0,0,0,0,0,0,0,0,0,0
370592,1,1,0,0,0,0,0,0,0,0,0,0
370592,2,1,0,19,0,0,0,0,4,0,0,0
370593,1,1,0,0,0,0,0,0,0,0,0,0
370594,1,1,22,19,22,11,7,30,16,14,19,14
370595,1,1,0,0,0,0,0,0,10,0,0,0
370595,2,1,0,0,0,0,0,0,0,16,0,0
370596,1,1,0,0,0,0,0,0,0,0,0,0
370596,2,1,0,0,0,0,0,0,0,0,0,0
370597,1,1,0,0,0,0,0,0,0,0,0,0
370597,2,1,0,0,0,0,0,0,0,0,0,0
370598,1,1,0,0,0,0,0,0,0,0,0,0
370599,1,1,0,0,0,0,0,0,0,0,0,0
370600,1,1,0,0,0,0,0,0,0,0,0,0
370600,2,1,0,0,0,0,0,0,0,0,0,0
370601,1,1,0,0,0,0,0,0,0,0,0,0
370601,2,1,0,0,0,0,0,0,0,0,0,0
370602,1,1,0,0,0,0,0,0,0,0,0,0
370602,2,1,0,0,0,0,0,0,0,0,0,0
370602,3,1,0,0,0,0,0,0,0,0,0,0
370603,1,1,0,0,0,0,0,0,0,0,0,0
370603,2,1,0,0,0,0,0,0,0,0,0,0
370604,1,1,19,19,19,19,19,19,19,19,19,19
370605,1,1,27,14,15,5,22,22,12,17,16,12
370605,2,1,0,0,0,0,16,0,0,0,0,0
370606,0,1,0,0,0,0,0,0,0,0,0,0
370606,1,1,0,0,0,0,0,0,0,0,0,0