ST_CASE,VEH_NO,PER_NO,P1,P2,P3,P4,P5,P6,P7,P8,P9,P10
370607,1,1,0,0,0,0,0,0,0,0,0,0
370607,2,1,0,0,0,0,0,0,0,0,0,0
370608,1,1,17,17,17,17,17,17,17,17,17,17
370609,1,1,0,0,0,19,14,11,11,3,0,8
370610,1,1,17,17,17,17,17,17,17,17,17,17
370610,2,1,0,0,0,21,0,0,0,0,0,0
370611,1,1,0,0,0,0,0,0,0,0,0,0
370612,0,1,10,10,10,10,10,10,10,10,10,10
370612,1,1,3,0,18,0,14,0,0,0,0,0
370613,1,1,24,24,24,24,24,24,24,24,24,24
370614,1,1,26,26,26,26,26,26,26,26,26,26
370615,1,1,0,0,0,0,0,0,0,0,0,18
370615,2,1,19,19,19,19,19,19,19,19,19,19
370616,1,1,29,29,29,29,29,29,29,29,29,29
370617,1,1,23,23,23,23,23,23,23,23,23,23
370618,1,1,0,0,0,0,0,0,0,0,0,0
370619,1,1,0,0,0,0,0,0,0,0,0,0
370619,2,1,0,0,0,0,0,0,0,0,0,0
370620,1,1,12,0,0,0,25,0,12,0,0,0
370621,1,1,0,0,0,0,0,0,0,0,0,0
370622,1,1,0,0,0,0,0,0,0,0,0,0
370622,2,1,0,0,0,0,0,0,0,0,0,0
370623,1,1,0,0,0,0,0,0,0,0,26,0
370623,2,1,0,0,0,0,13,0,0,0,0,0
370624,1,1,0,0,0,0,0,0,0,0,0,0
370624,2,1,0,0,0,0,0,0,0,0,0,0
370625,0,1,11,11,11,11,11,11,11,11,11,11
370625,1,1,0,0,0,0,0,0,0,0,0,0
370626,1,1,0,0,0,0,0,0,0,0,0,0
370626,2,1,0,0,0,0,22,0,5,0,0,0
370627,1,1,4,4,4,4,4,4,4,4,4,4
370628,1,1,0,0,0,0,0,0,0,0,0,0
370629,1,1,14,14,14,14,14,14,14,14,14,14
370629,2,1,0,0,0,0,0,0,0,0,0,0
370629,3,1,0,20,0,0,0,0,0,0,0,0
370630,1,1,31,0,0,0,0,0,0,0,0,0
370630,2,1,0,0,0,0,0,0,0,0,0,0
370630,3,1,0,0,37,16,0,0,0,0,0,0
370631,1,1,0,0,0,0,0,0,0,0,0,0
370631,2,1,0,0,0,0,0,0,0,0,0,0
370632,1,1,20,20,20,20,20,20,20,20,20,20
370633,0,1,0,0,0,0,0,0,0,0,0,0
370633,0,2,0,0,0,0,0,0,0,0,0,0
370633,1,1,25,0,0,0,0,0,0,0,19,0
370634,0,1,0,0,0,0,0,0,0,0,0,0
370634,0,2,23,38,22,15,16,17,16,29,28,12
370634,1,1,0,12,0,0,0,0,0,12,18,18
370635,1,1,0,0,0,0,0,0,0,0,0,0
370636,1,1,0,0,0,0,0,0,0,14,0,0
370636,2,1,0,0,0,0,0,0,0,0,0,0
370637,0,1,0,0,0,0,0,0,0,0,0,0
370637,1,1,0,0,0,0,0,30,0,8,0,0
370638,1,1,0,0,0,0,0,0,0,7,0,22
370639,1,1,0,0,0,0,0,0,14,0,0,0
370639,2,1,0,0,0,0,0,0,0,0,0,0
370640,1,1,0,0,0,0,0,0,0,0,0,0
370640,2,1,0,0,0,0,0,0,0,0,0,0
370641,1,1,0,0,0,0,0,0,0,0,0,0
370641,2,1,3,0,0,0,0,0,0,0,0,0
370642,1,1,13,13,13,13,13,13,13,13,13,13
370642,2,1,0,0,0,0,0,0,0,0,0,0
370643,1,1,0,0,0,0,0,0,0,0,0,0
370643,2,1,0,0,0,0,0,0,0,0,0,0
370644,1,1,0,0,0,0,0,0,0,0,0,0
370645,1,1,0,0,0,0,0,0,0,0,0,0
370646,1,1,0,0,0,0,0,0,0,0,0,0
370646,2,1,0,0,20,0,0,0,0,0,0,0
370647,1,1,0,0,0,0,0,0,0,0,0,0
370648,0,1,22,22,22,22,22,22,22,22,22,22
370648,1,1,0,0,0,0,0,0,0,0,0,0
370649,1,1,0,0,0,0,0,0,0,0,0,0
370649,2,1,0,0,0,0,0,0,0,0,0,0
370650,1,1,0,0,0,0,0,0,0,0,0,0
370651,1,1,22,22,22,22,22,22,22,22,22,22
370652,0,1,2,0,34,16,36,18,24,21,29,30
370652,1,1,0,0,0,9,6,0,3,0,0,0
370653,0,1,0,17,11,36,20,31,0,0,0,0
370653,1,1,0,0,0,7,0,3,0,0,0,0
370654,1,1,0,0,0,0,0,0,0,0,0,0
370654,2,1,0,0,0,0,19,10,0,0,0,0
370655,1,1,0,0,0,0,0,0,0,0,0,0
370655,2,1,0,0,0,0,0,0,0,0,0,0
370656,0,1,14,14,14,14,14,14,14,14,14,14
370656,1,1,0,0,18,0,0,0,0,6,0,26
370657,1,1,13,33,17,23,14,26,14,8,13,21
370658,1,1,21,21,21,21,21,21,21,21,21,21
370659,1,1,2,2,2,2,2,2,2,2,2,2
370659,2,1,20,0,0,0,0,0,0,12,0,0
370660,0,1,0,0,0,0,0,0,0,0,0,0
370660,1,1,0,0,0,0,10,0,0,0,0,0
370661,1,1,13,0,0,0,0,0,0,0,0,0
370661,2,1,24,24,24,24,24,24,24,24,24,24
370662,1,1,0,0,0,0,0,0,0,0,0,0
370663,1,1,2,2,2,2,2,2,2,2,2,2
370663,2,1,0,0,0,0,0,0,0,0,0,0
370664,1,1,3,3,3,3,3,3,3,3,3,3
370665,1,1,0,0,0,0,0,0,0,10,0,0
370665,2,1,0,0,0,0,0,0,0,0,0,0
370666,1,1,0,0,0,0,0,0,0,0,0,0
370666,2,1,0,0,0,0,0,0,0,0,0,0
370667,1,1,0,0,0,0,0,0,0,0,0,0
370667,2,1,0,0,0,0,0,0,0,0,0,0
370668,1,1,0,0,0,0,0,0,0,14,0,0
370668,2,1,0,0,0,0,0,0,0,0,0,12
370668,3,1,0,0,0,0,0,0,0,0,0,0
370669,1,1,14,14,14,14,14,14,14,14,14,14
370669,2,1,1,1,1,1,1,1,1,1,1,1
370670,1,1,0,0,0,0,0,0,0,0,0,0
370670,2,1,0,0,0,0,0,0,0,0,0,0
370671,1,1,0,0,0,0,0,0,0,0,0,0
370671,2,1,0,0,0,0,0,0,0,0,0,0
370672,1,1,20,20,20,20,20,20,20,20,20,20
370672,2,1,12,16,20,6,14,4,8,16,11,17
370673,1,1,8,0,0,0,0,0,12,5,0,0
370673,2,1,0,0,0,0,0,0,0,0,0,0
370673,3,1,0,0,6,0,0,0,0,0,0,0
370674,1,1,14,14,14,14,14,14,14,14,14,14
370675,1,1,0,0,0,0,0,0,0,0,0,0
370676,1,1,0,0,0,0,0,0,0,0,0,0
370676,2,1,0,0,0,0,0,0,0,0,0,0
370677,1,1,12,12,12,12,12,12,12,12,12,12
370678,1,1,17,17,17,17,17,17,17,17,17,17
370679,1,1,0,0,0,0,0,0,0,0,0,0
370679,2,1,0,0,0,0,0,0,0,0,0,0
370679,3,1,0,0,0,0,0,0,0,0,0,0
370679,4,1,0,0,0,0,0,0,0,0,0,0
370680,1,1,15,15,15,15,15,15,15,15,15,15
370681,1,1,0,0,0,0,0,0,0,0,10,0
370681,2,1,0,6,0,0,0,11,0,0,0,0
370682,1,1,0,0,0,7,13,14,0,0,0,0
370682,2,1,3,3,3,3,3,3,3,3,3,3
370683,1,1,0,0,0,0,0,0,0,0,0,0
370683,2,1,0,0,0,0,0,0,0,0,0,0
370684,0,1,0,0,0,0,0,0,0,0,0,0
370684,1,1,0,0,0,0,0,10,0,0,0,0
370685,1,1,37,37,37,37,37,37,37,37,37,37
370686,1,1,5,5,5,5,5,5,5,5,5,5
370687,1,1,0,0,0,0,0,0,0,0,0,0
370688,0,1,25,25,25,25,25,25,25,25,25,25
370688,0,2,0,0,0,0,0,0,0,0,0,0
370688,1,1,0,0,0,0,0,0,20,0,0,0
370689,1,1,0,0,0,0,0,0,0,0,0,0
370689,2,1,0,0,0,0,0,0,0,0,0,0
370690,1,1,0,0,0,0,0,0,0,0,9,0
370690,2,1,0,0,0,0,0,0,0,0,0,0
370691,1,1,0,0,0,0,0,0,0,0,0,0
370692,1,1,25,0,0,0,0,0,0,0,0,0
370692,2,1,0,0,0,0,0,0,0,0,0,0
370693,1,1,0,0,0,0,0,0,0,0,0,0
370693,2,1,0,0,0,0,0,0,0,0,0,0
370694,1,1,20,20,0,0,0,0,0,0,0,0
370694,2,1,0,0,0,0,0,0,0,0,0,0
370694,3,1,0,0,0,0,0,0,9,0,0,0
370695,1,1,0,0,0,0,0,0,0,0,0,0
370696,1,1,0,0,0,0,0,0,0,0,0,0
370697,1,1,0,0,0,0,0,4,0,0,0,0
370698,1,1,3,3,3,3,3,3,3,3,3,3
370698,2,1,0,0,0,0,0,0,0,0,8,0
370699,1,1,0,0,0,0,0,0,0,0,0,0
370699,2,1,0,0,0,0,0,0,0,0,0,0
370700,1,1,20,20,20,20,20,20,20,20,20,20
370701,1,1,14,0,0,0,0,29,0,0,18,0
370701,2,1,0,0,0,0,0,0,0,0,0,0
370701,3,1,0,0,0,0,0,0,0,0,0,0
370702,1,1,0,0,0,0,0,0,0,0,0,0
370702,2,1,0,0,0,0,0,0,0,0,0,0
370703,0,1,0,0,0,0,0,0,0,0,0,0
370703,1,1,0,7,0,0,0,14,3,9,0,0
370704,1,1,18,18,18,18,18,18,18,18,18,18
370705,1,1,0,0,0,0,0,0,0,0,0,0
370706,0,1,13,0,9,8,12,20,16,21,21,18
370706,1,1,0,0,0,0,0,0,0,0,22,0
370707,0,1,0,0,0,0,0,0,0,0,0,0
370707,1,1,0,0,0,0,0,0,0,0,0,0
370708,1,1,25,25,25,25,25,25,25,25,25,25
370709,1,1,0,8,0,0,0,0,0,0,0,0
370710,1,1,0,12,0,0,0,0,14,0,0,15
370710,2,1,0,0,0,0,0,0,0,0,0,0
370711,1,1,0,0,0,0,0,0,0,0,0,0
370711,2,1,0,0,0,0,0,0,0,0,0,0
370712,1,1,0,0,28,0,0,0,0,0,0,0
370712,2,1,0,0,0,0,0,0,0,0,0,0
370713,1,1,0,0,0,0,0,0,0,0,0,0
370713,2,1,0,0,0,0,0,0,0,0,0,0
370714,1,1,20,20,20,20,20,20,20,20,20,20
370715,1,1,8,8,8,8,8,8,8,8,8,8
370716,1,1,0,0,0,0,0,0,0,0,0,0
370717,0,1,32,32,32,32,32,32,32,32,32,32
370717,1,1,0,0,0,0,0,0,0,0,0,0
370718,0,1,0,0,0,0,0,0,0,0,0,0
370718,1,1,5,5,5,5,5,5,5,5,5,5
370719,1,1,0,0,0,0,0,0,0,0,0,0
370719,2,1,0,0,0,0,0,0,0,0,0,0
370720,0,1,0,0,0,0,0,0,0,0,0,0
370720,1,1,25,0,0,0,12,0,0,0,0,0
370721,1,1,18,18,18,18,18,18,18,18,18,18
370721,2,1,0,0,0,0,0,0,0,24,0,0
370722,0,1,5,5,5,5,5,5,5,5,5,5
370722,1,1,0,0,0,0,0,0,0,0,0,0
370723,1,1,0,0,0,0,0,0,0,0,0,0
370724,1,1,0,29,0,0,0,0,0,0,0,18
370725,1,1,0,29,0,0,0,0,0,0,0,0
370726,1,1,0,0,0,0,0,0,0,0,0,0
370726,2,1,0,0,0,0,0,0,0,0,0,0
370727,1,1,0,0,0,0,0,0,0,0,0,0
370727,2,1,0,0,0,0,0,0,0,0,0,0
370727,3,1,0,20,0,0,0,0,0,0,0,27
370728,1,1,0,0,0,0,0,0,0,0,0,0
370728,2,1,0,0,0,0,0,0,0,0,0,0
370729,1,1,0,0,0,0,0,0,0,0,0,0
370730,1,1,0,0,0,0,0,0,0,0,0,0
370730,2,1,0,0,0,0,0,0,0,0,0,0
370731,1,1,0,0,0,0,0,0,0,0,0,0
370732,1,1,37,0,6,23,0,20,0,0,29,6
370732,2,1,0,0,0,0,0,0,32,13,0,0
370733,1,2,0,0,0,0,0,0,0,0,0,0
370734,1,1,18,18,18,18,18,18,18,18,18,18
370735,1,1,24,24,24,24,24,24,24,24,24,24
370735,2,1,0,0,0,0,15,0,0,0,0,0
370736,1,1,24,24,18,26,22,12,20,0,15,20
370737,1,1,0,0,0,0,0,0,0,20,0,25
370737,2,1,0,0,0,0,0,0,0,0,7,0
370738,1,1,12,12,12,12,12,12,12,12,12,12
370739,0,1,0,18,0,13,0,0,0,0,0,22
370739,1,1,0,0,0,0,0,0,0,0,0,0
370740,1,1,0,0,0,0,0,0,0,0,0,0
370741,1,1,5,0,0,0,0,0,0,9,0,0
370742,1,1,0,0,0,0,0,0,0,0,0,0
370742,2,1,0,0,0,0,0,0,0,0,0,0
370743,1,1,16,16,16,16,16,16,16,16,16,16
370743,2,1,14,0,0,0,0,0,0,0,23,6
370744,1,1,12,12,12,12,12,12,12,12,12,12
370745,1,1,0,0,0,0,0,0,0,0,0,0
370745,2,1,0,0,0,0,9,22,0,0,0,0
370746,1,1,23,23,23,23,23,23,23,23,23,23
370747,1,1,0,0,0,0,0,0,0,0,0,0
370747,2,1,0,10,0,0,0,0,0,0,0,0
370748,1,1,0,0,0,0,0,0,0,0,0,0
370749,1,1,17,17,17,17,17,17,17,17,17,17
370750,1,1,0,0,0,0,0,0,0,0,0,0
370751,0,1,8,8,8,8,8,8,8,8,8,8
370751,1,1,0,0,0,0,0,0,0,0,0,0
370752,0,1,23,23,23,23,23,23,23,23,23,23
370752,1,1,0,0,0,0,0,0,13,0,0,0
370753,1,1,0,0,0,0,0,0,22,0,0,27
370753,2,1,5,5,5,5,5,5,5,5,5,5
370754,1,1,0,0,0,0,0,0,0,0,0,0
370755,0,1,0,0,0,0,0,0,0,0,0,0
370755,1,1,0,0,0,28,0,0,0,0,0,0
370755,2,1,0,0,0,0,0,0,7,0,0,0
370756,1,1,0,0,0,0,0,0,0,0,0,0
370756,2,1,0,5,0,0,0,0,6,0,0,0
370757,1,1,0,0,0,0,0,0,0,0,0,0
370757,2,1,0,0,0,0,0,0,0,0,0,0
370758,1,1,22,22,22,22,22,22,22,22,22,22
370759,0,1,26,26,26,26,26,26,26,26,26,26
370759,1,1,0,0,0,10,0,0,0,0,0,0
370760,1,1,0,0,0,0,0,0,0,0,0,0
370760,2,1,0,0,0,0,0,0,0,0,0,0
370761,1,1,20,9,15,15,11,22,28,23,19,24
370762,1,1,0,0,0,0,0,0,0,0,0,0
370763,1,1,15,15,15,15,15,15,15,15,15,15
370764,1,1,0,0,0,0,0,0,0,0,0,0
370765,1,1,0,0,0,0,0,0,0,0,0,0
370765,2,1,0,6,0,0,0,0,0,0,0,0
370766,1,1,0,0,0,0,0,0,0,0,0,0
370767,1,1,21,21,21,21,21,21,21,21,21,21
370768,1,1,0,0,0,0,11,0,23,0,0,0
370768,2,1,0,0,0,0,0,0,0,0,0,0
370769,1,1,22,22,22,22,22,22,22,22,22,22
370770,1,1,0,0,0,0,0,0,0,0,0,0
370770,2,1,0,0,0,0,0,0,0,0,0,0
370771,1,1,0,0,0,0,0,0,0,0,0,0
370771,2,1,0,0,0,0,0,0,0,0,0,0
370772,1,1,0,0,0,0,0,11,0,12,14,0
370772,2,1,0,0,0,0,0,0,21,0,0,0
370773,1,1,0,0,0,0,0,0,0,0,0,0
370774,1,1,0,0,0,0,0,0,0,0,0,21
370775,1,1,0,0,0,0,0,19,0,0,0,0
370776,1,1,18,18,18,18,18,18,18,18,18,18
370777,1,1,0,0,0,0,0,0,0,0,0,0
370777,2,1,0,0,0,0,0,0,0,0,0,0
370778,1,1,0,0,0,0,0,0,0,0,0,0
370779,0,1,0,0,0,0,0,0,0,0,0,0
370779,1,1,0,0,0,0,0,0,0,0,0,0
370780,1,1,10,18,17,12,37,20,15,8,5,9
370781,1,1,0,0,0,0,0,0,0,0,0,0
370782,1,1,0,0,0,0,0,0,0,0,0,0
370782,2,1,15,15,15,15,15,15,15,15,15,15
370783,1,1,0,0,0,0,0,0,17,0,0,27
370783,2,1,0,0,0,0,0,0,0,0,0,0
370783,3,1,0,0,0,0,0,0,0,42,0,0
370784,1,1,0,0,0,0,0,0,0,0,0,0
370785,0,1,1,1,1,1,1,1,1,1,1,1
370785,1,1,0,0,0,0,0,20,0,0,0,0
370786,0,1,0,0,0,0,0,0,0,0,0,0
370786,1,1,0,0,0,11,0,0,0,0,7,0
370787,0,1,29,0,0,19,0,0,23,0,18,17
370787,1,1,0,0,0,0,0,0,0,0,0,0
370788,0,1,10,24,28,0,0,0,39,17,13,0
370788,1,1,0,0,0,0,10,0,0,0,0,0
370789,1,1,0,0,0,0,13,0,0,0,0,0
370790,1,1,0,12,0,0,0,22,0,0,0,0
370790,2,1,8,8,8,8,8,8,8,8,8,8
370791,1,1,0,0,0,0,0,0,0,0,27,0
370792,1,1,0,0,0,0,0,0,0,0,0,0
370792,2,1,0,0,0,0,0,0,0,0,0,0
370793,1,1,29,29,29,29,29,29,29,29,29,29
370794,1,1,20,20,20,20,20,20,20,20,20,20
370795,1,1,0,0,0,0,0,0,0,0,0,0
370795,2,1,0,0,0,0,0,0,0,0,0,0
370796,0,1,0,0,0,0,0,0,0,0,0,0
370796,1,1,0,0,0,0,0,0,0,0,0,0
370797,1,1,0,0,0,0,0,0,0,0,0,0
370798,1,1,0,0,0,0,0,0,0,0,0,0
370798,2,1,0,0,0,0,0,0,0,0,0,0
370799,1,1,0,0,0,0,0,0,0,0,0,0
370799,2,1,0,0,0,0,0,0,0,0,0,0
370800,1,1,2,2,2,2,2,2,2,2,2,2
370801,1,1,7,7,7,7,7,7,7,7,7,7
370801,2,1,0,0,0,0,0,0,0,0,0,0
370801,3,1,0,0,0,0,0,0,0,0,20,0
370801,4,1,0,0,0,0,0,0,0,0,0,0
370801,5,1,0,10,0,0,17,0,0,0,0,20
370802,1,1,0,0,0,0,0,0,0,0,0,0
370803,1,1,15,15,15,15,15,15,15,15,15,15
370804,1,1,5,3,20,15,15,18,12,23,15,24
370805,1,1,0,0,0,0,18,9,0,0,9,11
370806,1,1,0,0,0,0,0,0,0,0,0,0
370806,2,1,0,16,0,8,0,0,0,0,0,0
370807,1,1,0,0,0,0,0,0,0,0,0,0
370808,1,1,28,28,28,28,28,28,28,28,28,28
370809,1,1,0,0,0,0,0,0,0,0,0,0
370809,2,1,0,0,0,0,0,0,0,0,0,0
370810,1,1,0,0,0,0,0,0,0,0,0,0
370811,1,1,0,0,0,0,0,0,0,0,0,0
370811,2,1,0,0,0,0,0,0,0,0,0,0
370812,1,1,0,0,0,0,0,0,0,0,0,0
370813,1,1,0,0,0,0,0,0,0,0,0,0
370813,2,1,0,0,0,0,0,0,7,0,0,0
370813,3,1,0,9,0,0,0,0,0,0,0,0
370814,1,1,0,0,0,0,0,0,0,0,0,0
370814,2,1,0,0,0,0,0,0,0,0,0,0
370815,1,1,9,14,0,39,4,0,15,37,24,5
370816,0,1,0,0,0,0,0,0,0,0,0,0
370816,1,1,0,0,0,0,0,0,0,0,0,0
370817,1,1,0,0,0,0,0,0,0,0,0,0
370818,1,1,18,18,18,18,18,18,18,18,18,18
370819,0,1,0,0,0,0,0,0,0,0,0,0
370819,1,1,0,0,0,21,0,0,0,0,0,0
370820,1,1,0,0,0,0,0,0,0,0,0,0
370820,2,1,0,0,0,0,0,0,0,0,0,0
370821,1,1,0,0,0,0,0,0,0,0,0,0
370822,0,1,0,0,0,0,0,0,0,0,0,0
370822,1,1,0,19,0,0,0,23,0,0,0,0
370823,0,1,0,0,4,12,0,0,0,0,0,0
370823,1,1,0,0,18,0,0,0,22,0,0,0
370824,1,1,0,0,0,0,0,0,0,0,0,0
370824,2,1,0,0,0,0,0,0,0,0,0,0
370825,1,1,16,0,20,11,0,18,10,16,13,12
370825,2,1,0,0,0,0,0,0,0,0,0,0
370825,3,1,0,0,0,0,0,0,0,0,0,0
370825,4,1,0,0,0,0,0,0,0,0,0,0
370826,1,1,0,0,0,0,0,0,0,13,0,0
370826,2,1,0,0,0,0,0,0,0,0,0,0
370827,1,1,0,0,0,0,0,0,0,0,0,0
370827,2,1,0,0,0,0,0,0,0,0,0,0
370828,1,1,0,0,0,0,0,24,0,0,0,0
370829,1,1,0,0,0,0,0,0,0,0,0,0
370830,1,1,0,0,0,0,0,0,0,0,0,0
370830,2,1,0,0,0,0,0,0,0,0,0,0
370831,1,1,0,0,0,0,0,0,0,0,0,0
370832,0,1,26,26,26,26,26,26,26,26,26,26
370832,1,1,0,0,0,0,0,0,0,0,0,0
370833,0,1,0,0,0,0,0,0,0,0,0,0
370833,1,1,0,0,0,0,0,0,0,0,0,0
370834,1,1,15,15,15,15,15,15,15,15,15,15
370834,2,1,0,0,0,0,0,0,0,0,0,0
370835,0,1,0,0,0,0,0,0,0,0,0,0
370835,0,2,0,0,0,0,0,0,0,0,0,0
370835,0,3,0,0,0,0,0,0,0,0,0,0
370835,1,1,0,0,0,0,0,0,0,0,0,0
370836,1,1,16,14,11,0,38,21,30,8,9,13
370837,0,1,34,34,34,34,34,34,34,34,34,34
370837,1,1,0,0,0,0,0,0,0,0,0,0
370838,1,1,0,0,0,0,0,0,0,0,0,0
370838,2,1,0,0,0,0,0,0,0,0,0,0
370838,3,1,0,0,0,0,0,0,0,0,0,15
370838,4,1,0,0,0,0,0,0,0,0,0,0
370838,5,1,0,0,0,0,0,0,0,0,0,0
370838,6,1,0,0,0,0,0,0,0,0,0,0
370838,7,1,0,0,0,0,0,0,0,0,0,0
370839,1,1,0,0,0,0,0,0,0,0,0,0
370840,1,1,2,2,2,2,2,2,2,2,2,2
370841,1,1,0,0,0,0,0,0,0,0,0,0
370841,2,1,0,0,0,0,0,0,0,0,0,0
370841,3,1,0,0,0,0,0,0,0,0,0,0
370842,1,1,0,0,0,0,0,0,0,25,0,0
370843,1,1,22,22,22,22,22,22,22,22,22,22
370844,1,1,0,0,0,0,0,0,0,0,0,0
370844,2,1,3,9,0,0,0,0,0,0,0,0
370845,1,1,0,0,0,0,0,0,0,0,0,0
370845,2,1,0,0,0,0,0,0,0,0,0,0
370846,0,1,0,0,0,0,0,0,0,0,0,0
370846,1,1,0,0,0,0,0,0,0,0,0,0
370847,1,1,15,15,15,15,15,15,15,15,15,15
370848,1,1,2,2,2,2,2,2,2,2,2,2
370848,2,1,23,0,0,0,21,0,0,0,0,0
370849,1,1,0,0,0,0,0,0,0,0,0,0
370849,2,1,0,0,0,0,0,0,0,0,0,0
370850,0,1,57,26,7,19,19,23,27,16,17,16
370850,1,1,0,0,0,0,0,22,0,0,0,0
370851,0,1,0,0,0,0,0,0,0,0,0,0
370851,1,1,8,0,16,0,0,0,0,0,0,0
370852,0,1,0,0,0,0,0,0,0,0,0,0
370852,0,2,0,0,0,23,0,0,0,11,0,0
370852,1,1,9,5,6,14,15,11,6,11,8,8
370853,0,1,29,29,29,29,29,29,29,29,29,29
370853,1,1,0,0,11,0,0,19,0,17,0,0
370853,2,1,0,0,0,0,0,0,0,0,0,0
370853,3,1,0,0,0,0,0,0,13,0,0,0
370854,0,1,15,15,15,15,15,15,15,15,15,15
370854,1,1,0,0,0,0,0,0,0,0,0,0
370855,1,1,0,0,0,0,0,0,0,0,0,0
370855,2,1,23,23,23,23,23,23,23,23,23,23
370856,1,1,0,0,0,0,0,0,0,0,0,0
370856,2,1,0,0,0,0,0,0,0,0,0,0
370856,3,1,0,0,0,0,0,0,0,0,0,0
370857,1,1,0,0,7,0,0,0,24,0,0,0
370857,2,1,16,20,0,0,0,7,0,18,0,0
370858,1,1,39,0,0,0,0,0,0,0,0,0
370860,0,1,0,0,0,0,0,0,0,0,0,0
370860,1,1,0,0,0,0,14,0,0,0,0,4
370861,1,1,0,0,15,0,10,0,0,0,0,0
370861,2,1,0,0,0,0,0,0,0,0,0,0
370862,1,1,0,0,31,0,0,0,0,0,0,0
370863,1,1,0,0,0,23,0,22,0,0,0,0
370864,1,1,0,0,0,0,0,0,0,0,0,0
370865,1,1,0,0,0,9,0,0,17,22,0,0
370866,1,1,16,16,16,16,16,16,16,16,16,16
370866,2,1,0,0,0,0,0,0,0,0,0,0
370867,1,1,8,6,11,10,8,8,0,21,20,8
370867,2,1,0,0,0,0,0,0,0,0,0,0
370868,1,1,11,20,5,9,18,16,15,23,13,12
370869,1,1,0,0,0,0,0,0,0,0,0,0
370870,1,1,24,24,24,24,24,24,24,24,24,24
370871,1,1,0,0,0,42,23,0,26,11,8,0
370872,1,1,0,0,0,0,0,0,0,0,0,0
370873,1,1,1,1,1,1,1,1,1,1,1,1
370874,1,1,0,0,0,0,0,0,0,0,0,0
370874,2,1,0,0,0,0,0,0,0,0,0,0
370875,1,1,12,7,10,11,31,32,11,24,9,5
370876,1,1,0,0,0,0,0,0,0,0,0,0
370877,1,1,0,0,0,0,0,0,0,0,0,0
370877,2,1,0,0,0,0,0,0,0,0,0,0
370878,1,1,0,0,0,0,0,0,0,0,0,0
370878,2,1,2,2,2,2,2,2,2,2,2,2
370879,1,1,18,0,22,25,24,0,2,10,14,9
370879,2,1,0,0,0,0,0,0,0,0,0,0
370880,0,1,0,0,0,21,0,0,22,0,0,0
370880,1,1,0,0,0,0,0,11,0,0,0,11
370881,1,1,0,0,0,0,0,0,0,0,16,0
370881,2,1,0,0,0,0,0,0,0,0,0,0
370882,1,1,0,0,0,0,0,0,0,0,0,0
370882,2,1,0,0,0,0,0,0,0,0,0,0
370883,1,1,0,0,0,0,0,0,0,0,0,0
370884,1,1,5,17,15,11,12,12,25,11,2,8
370884,2,1,0,0,0,0,0,0,0,0,0,0
370885,0,1,3,3,3,3,3,3,3,3,3,3
370885,1,1,0,0,0,0,0,0,0,0,0,0
370886,1,1,0,0,0,0,0,0,0,0,0,0
370887,1,1,0,0,0,0,0,0,0,0,0,0
370887,2,1,0,0,0,0,0,0,0,0,0,0
370888,1,1,0,0,0,0,0,0,0,0,0,0
370889,1,1,0,0,0,0,0,18,0,0,0,0
370890,1,1,0,0,0,4,0,0,17,0,0,0
370891,1,1,2,2,2,2,2,2,2,2,2,2
370892,1,1,30,30,30,30,30,30,30,30,30,30
370893,1,1,0,0,0,0,0,0,0,0,0,0
370894,1,1,0,0,0,0,0,0,0,0,0,0
370895,1,1,0,0,0,0,0,0,0,0,0,0
370895,2,1,0,0,0,0,0,0,0,0,0,0
370896,1,1,0,0,0,0,0,0,0,0,0,0
370896,2,1,0,0,0,0,0,0,0,0,0,0
370897,1,1,0,0,0,36,0,0,0,0,0,0
370897,2,1,0,0,0,0,0,0,0,0,0,0
370898,1,1,30,30,30,30,30,30,30,30,30,30
370898,2,1,0,0,0,0,0,0,0,0,0,0
370899,1,1,0,0,0,0,0,0,0,0,0,0
370899,2,1,0,0,0,0,0,0,0,0,0,0
370900,1,1,14,9,0,0,17,0,21,12,32,28
370901,1,1,0,0,0,0,0,0,0,0,0,0
370902,1,1,0,0,0,0,0,0,8,0,0,0
370902,2,1,0,0,0,0,0,0,0,0,0,0
370903,1,1,0,0,0,0,0,0,0,0,0,0
370903,2,1,0,0,0,0,0,0,0,0,0,0
370904,1,1,0,0,0,0,0,0,0,0,11,0
370905,1,1,0,0,0,0,0,0,0,0,0,0
370906,1,1,0,0,0,0,0,0,0,0,0,0
370907,1,1,0,0,0,0,0,0,0,0,0,0
370907,2,1,0,0,0,0,0,0,0,0,0,0
370908,1,1,0,0,0,0,0,0,0,0,0,0
370909,1,1,0,0,0,0,0,0,0,0,0,0
370910,1,1,0,0,0,0,7,0,14,0,0,0
370911,1,1,15,29,19,0,6,20,0,10,13,17
370911,2,1,0,0,0,0,0,0,0,0,0,0
370911,3,1,0,0,0,0,0,0,0,0,0,0
370911,4,1,0,0,0,0,0,0,0,0,0,0
370911,5,1,0,0,0,0,0,0,0,0,0,0
370911,6,1,0,0,0,0,0,0,0,0,0,0
370912,0,1,0,0,0,0,0,0,0,0,0,0