ST_CASE,VEH_NO,PER_NO,P1,P2,P3,P4,P5,P6,P7,P8,P9,P10
370912,1,1,0,7,0,0,0,0,0,0,0,0
370913,1,1,0,0,0,0,0,0,0,0,0,0
370913,2,1,0,0,0,0,0,0,0,0,0,0
370914,1,1,0,0,0,0,0,0,0,0,0,0
370915,1,1,0,0,0,0,0,0,0,0,0,0
370915,2,1,0,0,0,0,0,0,0,0,0,0
370916,1,1,0,18,0,0,0,0,0,0,0,0
370917,0,1,0,0,0,0,0,0,0,0,0,0
370917,1,1,14,18,0,29,17,37,0,20,10,13
370918,1,1,0,0,0,0,0,23,0,0,0,0
370918,2,1,0,0,0,0,0,0,0,0,0,0
370919,1,1,0,0,0,0,0,0,0,0,0,0
370919,2,1,0,0,0,0,0,0,0,0,0,0
370920,1,1,0,0,0,0,0,0,0,0,0,0
370920,2,1,0,0,0,0,0,0,0,0,0,0
370921,0,1,0,0,0,0,0,0,0,0,0,0
370921,1,1,0,0,0,0,0,0,0,0,0,0
370922,1,1,1,1,1,1,1,1,1,1,1,1
370922,2,1,0,0,0,0,0,0,0,0,0,0
370923,1,1,24,0,0,0,0,0,0,11,27,26
370924,0,1,0,0,0,0,0,0,0,0,0,0
370924,1,1,0,0,19,0,0,0,0,0,0,0
370925,1,1,22,22,22,22,22,22,22,22,22,22
370926,1,1,24,24,24,24,24,24,24,24,24,24
370927,0,1,22,22,22,22,22,22,22,22,22,22
370927,1,1,0,0,0,0,15,0,0,0,0,0
370928,1,1,0,0,0,0,0,0,0,0,0,0
370929,1,1,0,0,0,0,0,0,0,0,0,0
370930,1,1,0,0,0,0,0,0,0,15,0,0
370930,2,1,0,0,0,0,0,0,0,0,0,0
370931,0,1,17,18,14,10,28,19,39,31,17,0
370931,1,1,0,0,0,0,0,0,0,0,0,0
370931,2,1,0,0,0,0,0,0,0,0,0,0
370931,3,1,0,0,0,3,16,0,0,0,0,0
370932,0,1,0,0,0,0,0,0,0,0,0,0
370932,1,1,0,0,0,0,0,0,5,0,0,0
370933,1,1,0,0,0,0,0,0,0,0,0,0
370933,2,1,0,0,0,0,0,0,7,0,0,0
370934,1,1,0,0,0,0,0,0,0,0,0,0
370935,1,1,2,2,2,2,2,2,2,2,2,2
370936,1,1,0,0,0,0,0,0,0,0,0,0
370936,2,1,0,0,0,0,0,0,0,0,0,0
370937,1,1,0,0,0,0,0,0,0,0,0,0
370937,2,1,0,0,0,0,0,0,0,0,0,0
370937,3,1,0,0,0,0,0,0,0,0,0,0
370938,0,1,0,0,0,0,0,0,0,0,0,0
370938,1,1,0,0,6,0,0,0,0,0,0,0
370938,2,1,0,0,0,21,0,0,0,0,0,9
370939,1,1,0,0,0,0,0,0,0,0,0,0
370939,2,1,0,0,0,0,0,0,0,0,0,0
370940,1,1,0,0,0,0,0,0,0,0,14,0
370941,1,1,20,0,6,24,0,12,0,0,0,0
370942,1,1,0,0,19,0,0,0,0,0,0,0
370942,2,1,0,0,0,0,0,0,0,0,0,0
370943,1,1,19,19,19,19,19,19,19,19,19,19
370944,1,1,0,0,0,0,0,0,0,0,0,0
370944,2,1,0,0,0,19,0,0,0,0,0,0
370945,1,1,12,0,0,0,0,0,0,0,0,0
370946,1,1,0,0,0,0,0,21,5,15,41,0
370947,1,1,0,0,0,0,0,0,0,0,0,0
370947,2,1,0,0,0,0,0,0,0,0,0,0
370948,1,1,0,0,0,0,0,0,0,0,0,0
370949,1,1,0,0,0,0,0,0,0,0,0,0
370949,2,1,0,0,0,0,0,0,0,0,0,0
370950,1,1,20,5,23,16,18,0,0,6,20,0
370950,2,1,3,0,0,0,0,0,0,0,0,0
370951,0,1,32,32,32,32,32,32,32,32,32,32
370951,1,1,0,0,0,0,0,0,20,0,0,0
370952,1,1,16,16,16,16,16,16,16,16,16,16
370953,1,1,16,0,0,0,12,0,0,0,0,0
370953,2,1,0,0,0,0,0,0,0,0,0,0
370953,3,1,0,0,0,0,0,0,0,9,0,0
370954,1,1,0,0,0,0,0,0,0,0,0,0
370954,2,1,0,0,0,0,0,0,0,0,0,0
370955,1,1,0,0,0,0,0,0,0,0,0,0
370955,2,1,0,0,0,0,0,0,0,0,0,0
370956,1,1,9,0,0,0,0,11,0,0,16,0
370957,1,1,0,0,0,0,0,0,0,0,0,0
370958,1,1,6,0,0,0,0,0,0,0,0,0
370959,1,1,27,0,38,18,10,8,11,5,19,13
370960,1,1,0,0,0,8,0,0,18,0,0,0
370960,2,1,0,0,0,0,0,0,12,0,0,0
370961,0,1,0,0,0,0,0,33,0,23,0,0
370961,1,1,0,0,0,0,0,0,0,5,0,0
370962,1,1,0,9,0,0,0,0,0,0,0,0
370963,1,1,10,32,12,18,25,21,14,9,29,26
370964,1,1,0,0,0,0,0,0,32,0,0,0
370964,2,1,0,0,0,0,0,0,6,0,0,25
370965,1,1,0,0,8,0,0,0,0,0,0,0
370965,2,1,0,0,0,0,0,23,0,0,0,0
370966,0,1,0,0,0,0,0,0,0,0,0,0
370966,1,1,0,0,0,0,0,0,0,0,0,0
370967,1,1,0,0,0,0,0,0,0,0,0,0
370968,1,1,0,0,0,0,0,0,0,16,6,14
370969,1,1,24,24,24,24,24,24,24,24,24,24
370970,2,1,2,21,6,8,25,23,19,26,10,27
370970,3,1,0,0,8,4,0,0,0,0,0,0
370971,1,1,11,0,0,0,0,0,0,0,0,0
370971,2,1,0,0,0,0,0,0,0,0,0,0
370972,1,1,0,0,0,0,0,0,0,0,0,0
370972,2,1,0,0,0,0,0,0,0,0,0,0
370973,1,1,0,5,0,0,0,0,0,0,0,0
370974,1,1,0,0,0,0,0,0,0,0,0,0
370975,1,1,1,1,1,1,1,1,1,1,1,1
370976,1,1,2,2,2,2,2,2,2,2,2,2
370977,0,1,0,0,0,0,0,0,0,24,0,0
370977,2,1,0,0,0,0,0,0,0,0,0,0
370978,1,1,0,0,0,0,0,0,0,0,0,0
370979,1,1,0,0,0,0,0,0,6,0,0,0
370980,1,1,0,0,0,0,0,0,0,0,0,0
370981,1,1,16,19,0,18,12,31,0,19,33,3
370981,2,1,0,0,0,0,0,0,0,0,0,0
370982,1,1,3,3,3,3,3,3,3,3,3,3
370983,1,1,1,1,1,1,1,1,1,1,1,1
370984,1,1,0,0,0,0,0,0,0,0,0,0
370984,2,1,1,1,1,1,1,1,1,1,1,1
370985,1,1,0,0,0,0,0,0,0,0,0,0
370985,2,1,0,0,0,0,0,0,0,0,0,0
370986,1,1,0,0,0,0,0,0,21,0,0,0
370987,1,1,0,0,15,0,13,0,0,0,0,21
370987,2,1,0,0,0,0,0,0,0,0,0,0
370988,1,1,1,1,1,1,1,1,1,1,1,1
370989,1,1,0,0,0,0,0,0,0,0,0,0
370990,1,1,27,21,4,23,11,16,12,28,30,15
370991,1,1,18,16,22,12,22,3,12,9,11,36
370991,2,1,0,16,0,0,0,23,0,0,0,0
370992,1,1,0,0,0,0,0,0,0,0,0,0
370992,2,1,0,0,0,0,0,0,0,13,0,0
370993,1,1,0,0,0,0,0,0,0,0,0,0
370993,2,1,0,0,0,0,0,0,0,0,0,0
370994,1,1,0,0,0,0,0,0,0,0,0,0
370994,2,1,0,0,0,0,0,0,0,0,0,0
370994,3,1,14,0,0,0,0,0,0,0,0,0
370995,1,1,0,0,0,0,0,0,0,0,0,0
370995,2,1,0,0,0,0,0,0,0,0,0,0
370996,1,1,0,0,0,0,0,0,0,0,0,0
370997,1,1,0,0,0,0,0,0,0,0,0,0
370997,2,1,0,0,0,0,0,0,0,0,0,0
370998,1,1,0,0,19,0,0,0,0,0,0,0
370999,1,1,0,0,0,0,0,0,0,0,0,0
370999,2,1,0,0,0,0,0,0,0,0,0,0
371000,0,1,1,1,1,1,1,1,1,1,1,1
371000,1,1,0,0,0,0,0,0,0,0,0,0
371000,2,1,0,0,0,0,0,0,0,0,0,0
371001,1,1,1,1,1,1,1,1,1,1,1,1
371002,0,1,7,7,7,7,7,7,7,7,7,7
371002,1,1,0,0,0,0,0,0,0,0,0,0
371003,1,1,0,0,0,0,0,0,0,0,0,0
371003,2,1,0,0,0,0,0,0,0,0,0,0
371004,1,1,0,0,0,0,0,0,0,0,0,0
371005,1,1,0,0,0,0,0,0,0,0,0,0
371006,1,1,0,0,0,0,0,0,0,0,0,0
371007,0,1,0,0,0,0,0,0,0,0,0,0
371007,1,1,0,0,0,0,0,0,0,0,0,0
371008,1,1,0,0,0,0,0,0,0,0,0,0
371009,1,1,0,0,0,0,3,0,0,0,0,0
371010,1,1,0,0,8,0,0,0,0,0,0,0
371010,2,1,0,0,0,0,0,0,0,0,0,0
371010,3,1,0,0,0,0,0,0,0,0,0,0
371010,4,1,17,0,0,0,0,0,0,0,0,0
371010,5,1,0,0,0,0,0,0,0,0,0,0
371011,1,1,0,0,0,0,0,0,0,0,0,0
371012,1,1,0,0,0,0,0,0,0,0,0,0
371013,1,1,0,0,0,0,0,0,0,0,0,0
371013,2,1,0,0,0,27,0,0,0,0,0,34
371014,1,1,0,9,0,0,0,0,0,0,0,0
371014,2,1,0,0,0,0,0,0,0,0,0,0
371014,3,1,0,0,0,0,0,0,0,0,0,0
371015,0,1,0,0,0,0,0,0,0,0,0,0
371015,1,1,0,0,0,0,0,0,0,0,0,0
371015,2,1,0,19,0,0,0,0,0,0,0,0
371016,0,1,0,0,0,0,0,0,0,0,0,0
371016,1,1,1,1,1,1,1,1,1,1,1,1
371017,1,1,0,0,0,0,0,0,0,0,0,0
371017,2,1,0,0,0,0,0,0,0,0,0,0
371018,1,1,0,0,0,0,0,0,0,0,0,0
371018,2,1,0,0,0,0,0,0,0,0,0,0
371019,1,1,0,0,0,0,0,0,0,0,0,0
371019,2,1,0,0,0,0,0,0,0,0,0,0
371020,0,1,28,28,28,28,28,28,28,28,28,28
371020,1,1,0,0,0,0,0,0,12,0,0,0
371021,1,1,0,0,0,0,0,0,15,0,15,0
371022,1,1,17,17,17,17,17,17,17,17,17,17
371023,1,1,29,29,29,29,29,29,29,29,29,29
371024,1,1,2,2,2,2,2,2,2,2,2,2
371025,0,1,8,8,8,8,8,8,8,8,8,8
371025,0,2,1,1,1,1,1,1,1,1,1,1
371025,0,3,0,0,0,0,0,0,9,0,14,9
371025,1,1,0,0,0,0,0,0,0,0,0,0
371026,1,1,0,0,0,0,0,0,0,0,0,0
371027,1,1,0,0,0,0,0,0,0,0,0,0
371028,1,1,11,23,0,12,16,0,0,26,7,10
371029,1,1,0,0,0,0,18,2,0,0,0,0
371029,2,1,0,0,0,0,0,0,0,0,0,0
371031,1,1,0,0,0,0,0,0,0,0,0,0
371032,1,1,0,0,0,0,0,0,0,0,0,0
371032,2,1,0,0,0,0,0,0,0,0,0,0
371033,1,1,0,0,0,0,0,0,0,0,0,0
371033,2,1,0,0,0,20,0,21,22,0,12,0
371034,1,1,0,0,0,0,0,0,0,0,0,0
371034,2,1,0,0,0,0,0,0,0,0,0,0
371035,1,1,2,2,2,2,2,2,2,2,2,2
371036,1,1,0,0,0,0,0,0,0,0,0,0
371036,2,1,0,0,0,0,0,0,0,0,0,0
371037,1,1,0,0,22,0,0,0,0,17,0,0
371038,1,1,0,0,0,0,0,0,0,0,0,0
371038,2,1,0,0,0,0,0,0,0,0,0,0
371039,1,1,0,0,0,0,0,0,0,0,0,0
371040,1,1,0,0,0,0,0,0,0,0,0,0
371041,1,1,0,0,24,0,0,0,0,0,0,0
371042,1,1,1,1,1,1,1,1,1,1,1,1
371043,1,1,1,1,1,1,1,1,1,1,1,1
371044,1,1,23,0,0,6,0,15,8,17,17,11
371044,2,1,0,0,0,0,0,0,0,0,0,0
371045,1,1,2,2,2,2,2,2,2,2,2,2
371046,1,1,0,0,0,0,0,0,0,0,0,0
371046,2,1,0,0,0,0,0,0,0,0,0,0
371047,1,1,24,7,22,12,9,23,14,12,5,12
371047,2,1,10,0,0,0,0,0,0,0,0,0
371048,1,1,0,0,0,0,0,0,0,0,0,0
371049,1,1,21,21,21,21,21,21,21,21,21,21
371050,1,1,0,0,0,0,0,0,0,0,0,0
371050,2,1,0,0,0,0,0,0,0,0,0,0
371050,3,1,0,0,0,0,0,0,0,0,0,0
371051,1,1,0,0,0,0,0,0,0,0,0,0
371051,2,1,0,0,0,0,0,0,0,0,0,0
371052,1,1,0,0,0,0,0,0,0,0,0,0
371052,2,1,0,0,0,0,0,0,0,0,0,0
371053,1,1,0,0,0,0,0,0,0,0,0,0
371054,1,1,0,0,0,0,0,0,0,0,0,0
371055,1,1,1,1,1,1,1,1,1,1,1,1
371056,0,1,2,2,2,2,2,2,2,2,2,2
371056,1,1,0,0,0,0,0,0,0,0,0,0
371057,0,1,0,0,0,0,0,0,0,0,0,0
371057,1,1,0,0,0,0,0,0,0,0,0,0
371058,0,1,0,0,0,0,0,0,0,17,0,0
371058,1,1,0,0,0,0,0,0,0,0,0,0
371059,0,1,0,0,0,0,0,0,0,0,0,0
371059,1,1,0,0,0,0,0,0,0,0,0,0
371060,1,1,0,0,0,0,0,0,0,0,0,0
371060,2,1,0,0,0,19,0,0,0,0,0,0
371061,1,1,20,24,20,33,0,9,18,12,5,6
371062,1,1,0,23,0,0,0,0,0,0,0,0
371063,1,1,0,0,0,0,0,0,0,0,0,0
371063,2,1,1,1,1,1,1,1,1,1,1,1
371064,1,1,0,0,0,0,0,0,0,0,0,0
371064,2,1,0,0,0,0,0,0,0,0,0,0
371065,0,1,0,0,0,0,0,0,0,0,0,0
371065,1,1,0,0,7,0,0,0,15,0,0,0
371066,0,1,0,0,0,0,9,0,5,0,0,11
371066,1,1,0,0,0,6,0,0,0,0,5,0
371067,1,1,0,0,0,0,0,0,0,0,0,0
371067,2,1,0,0,0,0,0,0,0,0,0,0
371068,1,1,0,11,0,0,0,0,0,0,0,0
371068,2,1,0,0,0,0,0,0,0,0,0,0
371069,0,1,0,0,0,0,0,0,0,0,0,0
371069,1,1,0,0,0,0,0,0,14,0,0,0
371070,1,1,1,1,1,1,1,1,1,1,1,1
371071,1,1,0,0,0,0,0,0,0,0,0,0
371071,2,1,0,0,0,0,0,0,0,0,0,0
371072,1,1,0,0,0,0,0,0,0,0,0,0
371072,2,1,0,0,0,0,0,0,0,0,0,0
371073,1,1,1,1,1,1,1,1,1,1,1,1
371074,1,1,0,0,0,0,0,0,0,0,0,0
371074,2,1,0,17,0,0,0,0,0,0,0,0
371075,0,1,0,0,0,0,0,0,0,0,0,0
371075,1,1,0,0,0,0,9,0,0,0,0,0
371076,1,1,10,17,0,6,20,0,0,9,13,24
371076,2,1,0,0,0,0,0,0,0,0,0,0
371077,1,1,0,0,0,0,0,0,0,7,0,0
371077,2,1,0,0,0,0,0,0,0,0,0,0
371078,1,1,0,0,0,0,0,0,0,0,0,0
371078,2,1,0,0,0,0,0,0,0,0,0,0
371079,1,1,23,23,23,23,23,23,23,23,23,23
371080,1,1,0,0,0,0,0,0,0,0,0,0
371081,1,1,20,20,20,20,20,20,20,20,20,20
371081,2,1,0,0,0,0,0,0,0,0,0,0
371082,1,1,10,12,0,17,0,0,0,0,10,21
371083,1,1,0,15,24,10,0,16,14,0,11,0
371084,1,1,0,0,37,0,0,0,0,25,0,0
371085,1,1,3,3,3,3,3,3,3,3,3,3
371086,1,1,0,0,0,0,0,0,0,0,0,0
371086,2,1,0,0,0,0,0,0,0,0,0,0
371086,3,1,0,0,0,0,0,0,0,0,0,0
371086,4,1,0,0,0,0,0,0,0,0,0,0
371087,0,1,0,0,30,0,23,0,0,0,0,9
371087,1,1,0,0,0,18,0,0,0,0,0,0
371087,2,1,12,0,0,0,0,0,0,0,0,0
371088,1,1,0,0,0,0,0,0,0,0,0,0
371089,1,1,0,0,0,0,0,0,0,0,0,0
371089,2,1,0,0,0,0,0,0,0,0,0,0
371090,1,1,15,14,5,16,18,12,11,23,13,17
371091,1,1,0,0,0,0,0,0,0,0,14,0
371091,2,1,0,0,0,0,0,0,0,0,0,0
371092,1,1,0,0,0,0,0,0,12,0,0,0
371093,1,1,23,23,23,23,23,23,23,23,23,23
371094,1,1,0,0,0,0,0,0,0,0,0,0
371094,2,1,0,0,0,0,0,0,0,0,0,0
371095,1,1,0,0,0,0,0,0,0,0,0,0
371095,2,1,0,0,0,0,0,0,0,0,0,0
371096,1,1,0,0,0,0,0,0,0,0,0,0
371096,2,1,17,7,9,28,9,10,8,14,10,20
371097,0,1,0,0,0,0,11,0,29,0,0,0
371097,1,1,0,0,0,0,0,0,0,0,0,0
371098,1,1,0,0,0,0,0,15,0,0,0,0
371099,1,1,17,13,0,0,28,15,19,24,9,30
371100,1,1,13,16,30,16,6,7,14,10,17,3
371100,2,1,13,0,4,36,0,0,16,0,20,9
371101,0,1,0,0,0,0,0,0,0,23,0,0
371101,1,1,8,18,14,7,14,15,22,14,26,23
371102,1,1,0,0,0,0,0,0,0,0,0,0
371103,0,1,20,10,14,20,23,29,29,7,35,14
371103,1,1,0,0,0,0,0,0,0,0,0,0
371104,1,1,0,0,0,0,0,0,0,0,0,0
371105,1,1,17,17,17,17,17,17,17,17,17,17
371105,2,1,0,0,0,0,0,0,0,0,0,0
371106,1,1,0,0,0,0,0,0,0,0,0,10
371106,2,1,0,0,0,0,0,0,0,0,0,0
371107,1,1,0,0,0,0,0,0,0,0,0,0
371107,2,1,0,0,0,0,0,0,0,0,0,0
371108,1,1,0,0,0,0,0,0,0,0,0,0
371109,1,1,28,36,21,30,27,11,0,43,13,30
371110,1,1,1,1,1,1,1,1,1,1,1,1
371110,2,1,0,0,0,0,0,0,0,0,0,0
371111,1,1,1,1,1,1,1,1,1,1,1,1
371112,1,1,0,0,0,0,0,0,0,0,0,0
371112,2,1,0,0,0,0,0,0,0,0,0,0
371112,3,1,0,3,0,0,0,0,0,0,9,0
371113,0,1,0,0,0,0,0,0,0,0,0,0
371113,1,1,0,0,0,0,0,0,0,0,0,0
371114,1,1,0,0,0,0,0,0,0,9,0,0
371114,2,1,6,0,0,0,0,0,0,0,0,0
371115,1,1,0,0,0,0,19,0,0,0,0,0
371116,1,1,30,28,5,11,6,23,18,15,4,13
371117,1,1,0,0,0,0,0,0,0,0,0,0
371117,2,1,0,0,0,0,0,0,0,0,0,0
371117,3,1,0,0,0,0,0,0,0,0,0,0
371118,0,1,25,15,20,9,22,13,13,3,12,8
371118,1,1,30,0,0,0,0,0,0,0,0,0
371119,1,1,0,0,0,0,0,0,0,0,0,0
371119,2,1,0,0,0,0,0,0,0,0,0,0
371120,0,1,0,0,0,0,0,0,0,0,0,0
371120,1,1,0,0,0,0,0,0,0,0,0,0
371121,1,1,17,0,0,4,0,0,0,0,0,0
371122,1,1,0,0,0,0,0,0,0,0,0,0
371123,1,1,0,0,0,0,0,0,0,0,0,0
371124,1,1,0,0,0,0,0,0,0,0,0,0
371124,2,1,0,0,0,0,0,0,0,0,12,0
371125,0,1,0,0,0,0,17,0,18,0,0,0
371125,1,1,35,0,0,0,18,0,0,0,0,0
371126,1,1,1,1,1,1,1,1,1,1,1,1
371127,1,1,0,27,0,0,0,0,0,0,0,0
371128,1,1,0,0,0,0,0,0,0,0,0,0
371128,2,1,0,0,0,0,0,0,0,0,0,0
371129,0,1,0,12,18,16,0,0,0,0,0,61
371129,1,1,0,0,0,0,0,0,10,0,0,0
371130,1,1,22,11,15,20,26,10,13,22,36,36
371130,2,1,0,8,0,0,0,0,0,0,0,0
371130,3,1,0,8,0,0,0,0,0,0,0,0
371130,4,1,14,0,0,0,12,0,0,0,0,0
371130,5,1,0,0,0,0,0,0,0,0,0,0
371130,6,1,0,0,0,0,0,0,26,0,0,0
371131,1,1,0,0,0,0,0,0,0,0,0,0
371131,2,1,17,0,0,0,0,0,0,0,0,0
371131,3,1,0,0,0,0,0,0,0,0,0,0
371132,0,1,0,0,18,0,26,0,0,11,0,0
371132,1,1,0,0,0,0,0,0,0,0,0,0
371134,0,1,28,24,11,4,26,26,34,51,23,17
371134,1,1,0,0,0,0,0,16,9,0,0,0
371135,1,1,0,0,0,0,0,0,0,0,0,0
371135,2,1,0,3,0,0,0,23,0,13,12,0
371136,0,1,0,0,0,0,0,0,0,0,0,0
371136,1,1,0,0,0,0,0,0,0,0,0,0
371137,1,1,0,0,0,0,0,0,0,0,0,0
371138,0,1,0,0,0,0,0,0,0,0,0,0
371138,1,1,0,14,0,0,0,23,0,0,0,0
371139,0,1,0,0,26,0,0,0,0,0,17,0
371139,1,1,6,15,12,19,10,16,12,19,28,7
371140,1,1,0,0,24,0,0,0,0,0,0,0
371140,2,1,0,0,0,0,0,0,0,0,0,0
371141,1,1,0,0,0,0,0,0,0,0,0,0
371142,1,1,22,11,3,9,6,54,18,8,38,10
371143,1,1,0,0,0,0,0,0,0,0,0,0
371143,2,1,0,0,0,0,0,0,0,0,0,0
371143,3,1,0,0,0,0,0,0,0,0,0,0
371144,1,1,0,0,0,0,0,0,0,0,0,0
371145,1,1,0,0,0,0,0,0,0,0,0,0
371145,2,1,0,0,0,0,0,0,0,0,0,0
371146,1,1,14,7,7,15,0,12,6,21,10,0
371146,2,1,0,0,0,0,0,0,0,0,0,0
371147,1,1,0,0,0,0,0,0,0,0,0,0
371147,2,1,0,0,0,0,0,0,0,0,0,0
371148,1,1,27,0,0,0,0,0,0,0,0,0
371148,2,1,0,0,0,0,24,0,25,12,0,0
371150,1,1,0,0,0,0,0,0,0,0,0,0
371151,1,1,2,2,2,2,2,2,2,2,2,2
371152,0,1,0,0,0,0,0,0,0,0,0,0
371152,1,1,0,0,0,0,0,0,0,0,0,0
371153,0,1,0,0,0,0,0,0,6,0,0,0
371153,0,2,0,0,31,0,29,0,23,0,0,0
371153,1,1,0,0,0,0,0,0,0,0,0,0
371154,1,1,0,35,0,0,20,19,9,0,0,6
371155,1,1,0,0,0,0,0,0,0,0,0,0
371155,2,1,0,0,0,0,0,15,0,0,0,0
371156,1,1,0,0,0,0,0,0,0,0,0,0
371157,0,1,0,0,0,0,0,0,0,0,0,0
371157,1,1,0,0,0,0,0,0,0,0,0,0
371158,1,1,1,1,1,1,1,1,1,1,1,1
371159,1,1,0,0,0,0,0,0,0,0,0,0
371159,2,1,0,0,0,0,0,0,0,0,0,0
371160,1,1,0,0,0,0,0,0,0,0,0,0
371160,2,1,0,0,0,0,0,0,0,0,0,0
371161,1,1,0,0,0,0,0,0,0,0,0,0
371162,1,1,0,0,0,0,0,0,0,0,0,0
371163,1,1,0,0,23,0,0,8,6,0,0,30
371164,1,1,0,0,0,0,0,0,10,18,27,22
371165,1,1,0,0,0,0,0,0,0,0,0,0
371166,1,1,0,0,0,0,0,0,0,0,0,0
371167,1,1,1,1,1,1,1,1,1,1,1,1
371168,1,1,1,1,1,1,1,1,1,1,1,1
371169,1,1,2,2,2,2,2,2,2,2,2,2
371170,1,1,1,1,1,1,1,1,1,1,1,1
371170,2,1,0,0,0,0,0,0,0,0,0,0
371171,1,1,13,0,0,0,14,0,0,0,0,0
371172,1,1,0,0,0,0,0,0,0,0,0,0
371173,1,1,0,0,0,0,0,0,0,0,0,0
371173,2,1,0,0,0,0,0,0,0,0,0,0
371173,3,1,25,0,0,0,0,0,0,0,0,0
371174,1,1,1,1,1,1,1,1,1,1,1,1
371175,1,1,0,0,0,0,0,0,0,0,0,0
371176,1,1,0,0,0,0,0,0,0,0,0,0
371177,1,1,0,0,0,0,0,0,0,0,0,0
371177,2,1,0,0,0,0,0,0,0,0,0,0
371177,3,1,0,0,0,0,0,0,0,0,0,0
371178,1,1,15,0,0,0,0,0,0,0,0,0
371179,1,1,0,0,0,0,0,0,0,0,0,0
371180,1,1,0,0,0,0,0,0,0,0,0,0
371181,1,1,0,0,0,0,0,0,0,0,0,0
371181,2,1,0,0,0,0,0,0,0,0,0,0
371182,0,1,0,0,0,0,0,0,0,0,0,0
371182,1,1,0,0,0,0,0,0,0,0,0,0
371183,1,1,9,0,0,4,0,23,0,0,0,18
371184,0,1,0,0,0,0,0,0,0,0,0,0
371184,1,1,0,0,0,0,0,0,0,0,0,0
371185,1,1,0,0,0,0,0,0,0,0,0,0
371185,2,1,0,0,12,0,0,0,0,0,0,0
371186,1,1,1,1,1,1,1,1,1,1,1,1
371187,1,1,1,1,1,1,1,1,1,1,1,1
371188,1,1,0,0,0,0,0,0,0,0,0,0
371188,2,1,0,0,0,0,0,0,0,0,0,0
371188,3,1,0,0,0,0,0,0,0,0,0,0
371189,0,1,3,3,3,3,3,3,3,3,3,3
371189,1,1,0,0,0,0,0,0,0,0,0,0
371190,0,1,0,0,0,0,0,0,0,0,0,0
371190,1,1,0,0,0,0,0,0,0,0,0,0
371191,1,1,0,0,0,16,0,0,0,0,0,0
371191,2,1,0,0,0,0,0,0,0,0,0,0
371192,1,1,0,0,4,0,0,0,0,0,0,0
371192,2,1,0,0,0,0,0,0,0,15,0,0
371193,1,1,5,0,0,0,20,0,12,0,17,19
371194,1,1,0,0,0,0,0,0,0,0,23,0
371194,2,1,0,0,0,0,0,0,0,0,0,0
371195,1,1,0,0,0,0,0,0,0,0,0,0
371196,1,1,0,0,0,0,0,0,0,0,0,0
371196,2,1,0,0,0,0,0,0,0,0,0,0
371197,1,1,0,0,0,0,0,0,3,0,0,0
371198,1,1,0,0,0,0,0,0,0,0,0,0
371198,2,1,0,0,0,11,0,0,0,0,0,0
371199,1,1,0,0,0,0,0,0,0,0,0,0
371199,2,1,0,0,0,0,0,0,6,0,0,0
371200,1,1,18,18,18,18,18,18,18,18,18,18
371201,1,1,0,0,0,0,0,0,0,0,0,0
371202,1,1,19,19,19,19,19,19,19,19,19,19
371202,2,1,13,0,0,0,0,0,0,0,0,10
371203,1,1,28,17,20,9,4,26,9,10,24,30
371204,1,1,0,0,22,0,0,0,0,0,0,0
371204,2,1,0,0,0,0,0,0,0,0,0,0
371205,0,1,0,0,0,0,0,0,0,0,0,0
371205,1,1,23,23,23,23,23,23,23,23,23,23
371206,1,1,0,0,0,0,0,0,0,0,0,0
371206,2,1,0,0,0,0,0,0,0,0,0,0
371207,1,1,0,10,0,0,0,0,40,0,0,0
371208,1,1,0,0,19,0,7,13,14,3,14,0
371208,2,1,0,0,0,0,0,0,0,0,0,0
371209,1,1,0,0,0,0,0,0,0,0,2,0
371209,2,1,0,0,0,0,0,0,0,0,0,0
371209,3,1,0,0,0,0,0,0,0,0,0,0
371210,0,1,12,21,20,22,34,36,32,20,7,21
371210,1,1,0,0,0,0,0,0,0,0,0,0
371211,1,1,0,0,0,0,0,0,0,0,0,0
371211,2,1,0,0,0,0,0,0,0,0,0,0
371212,0,1,14,14,14,14,14,14,14,14,14,14
371213,1,1,0,0,0,0,0,26,10,0,0,0
371214,1,1,21,30,6,12,26,42,9,5,9,15
371214,2,1,0,0,0,0,10,0,0,0,0,0
371215,1,1,0,0,0,0,0,0,0,0,17,10
371215,2,1,2,2,2,2,2,2,2,2,2,2
371216,1,1,1,1,1,1,1,1,1,1,1,1
371216,2,1,0,0,6,17,26,0,0,0,0,24
371217,1,1,0,0,18,0,0,0,0,0,0,16
371217,2,1,0,0,0,0,0,0,0,0,0,0
371218,1,1,0,14,22,11,0,19,10,7,0,18
371219,1,1,0,0,0,0,0,6,17,0,0,0
371220,0,1,0,0,0,0,0,0,0,0,0,0
371220,1,1,0,0,0,0,0,0,0,0,0,0
371220,2,1,0,0,0,0,0,0,0,16,0,0
371221,1,1,21,5,4,9,8,19,0,33,29,0
371221,2,1,0,0,0,0,0,0,0,0,0,0
371221,3,1,0,0,0,17,0,0,0,0,0,0
371222,1,1,0,0,0,0,0,0,0,8,0,0
371222,2,1,0,0,0,0,0,0,0,0,0,0
371223,1,1,1,1,1,1,1,1,1,1,1,1
371224,1,1,0,0,0,0,0,0,0,0,0,0
371224,2,1,0,0,0,23,0,0,0,0,0,0
371225,0,1,22,17,16,21,32,30,16,0,19,17
371225,1,1,0,0,0,0,0,0,0,0,0,0
371226,1,1,0,0,0,0,0,0,0,0,0,0
371226,2,1,0,0,0,0,0,0,0,0,0,0
371227,0,1,0,0,21,24,36,28,5,0,0,20
371227,1,1,0,0,0,0,0,0,0,0,0,0
371228,1,1,3,1,0,7,0,0,2,10,11,0
371229,1,1,0,0,0,0,0,0,0,0,0,0