ST_CASE,VEH_NO,PER_NO,P1,P2,P3,P4,P5,P6,P7,P8,P9,P10
390090,1,1,12,12,12,12,12,12,12,12,12,12
390090,2,1,0,0,0,0,0,0,0,0,0,0
390091,1,1,37,37,37,37,37,37,37,37,37,37
390092,1,1,13,13,13,13,13,13,13,13,13,13
390093,1,1,0,0,0,0,0,0,0,0,0,0
390093,2,1,0,0,0,0,0,0,20,0,0,0
390094,1,1,0,0,0,0,0,0,0,0,0,0
390094,2,1,0,0,0,0,0,0,0,0,0,0
390094,3,1,0,0,0,0,8,0,0,0,0,0
390095,1,1,24,24,24,24,24,24,24,24,24,24
390095,2,1,16,16,16,16,16,16,16,16,16,16
390096,0,1,0,0,0,0,23,22,21,0,0,0
390097,1,1,11,11,11,11,11,11,11,11,11,11
390098,1,1,20,20,20,20,20,20,20,20,20,20
390098,2,1,0,0,0,0,0,0,0,0,0,0
390099,1,1,16,25,17,28,23,0,20,39,27,6
390099,2,1,0,0,0,0,0,0,0,0,0,0
390100,1,1,0,0,0,0,0,0,0,0,0,0
390100,2,1,0,0,0,0,0,0,0,0,0,0
390101,1,1,0,0,0,0,0,0,0,0,0,0
390101,2,1,0,0,0,0,0,0,0,0,0,0
390103,0,1,0,0,0,0,0,0,0,0,0,0
390103,1,1,7,7,7,7,7,7,7,7,7,7
390104,1,1,0,0,0,0,0,0,0,0,0,0
390104,2,1,0,0,0,0,0,0,0,0,0,0
390105,0,1,0,0,0,0,0,0,0,0,0,0
390105,1,1,0,0,5,0,0,0,0,0,0,0
390106,1,1,0,0,0,0,0,0,0,0,0,0
390106,2,1,0,0,0,0,0,0,0,0,0,0
390106,3,1,0,0,0,0,0,0,0,0,0,0
390106,4,1,0,0,0,0,0,0,0,0,22,0
390107,1,1,0,0,0,0,0,0,0,0,0,0
390107,2,1,0,0,0,0,0,0,0,0,0,0
390107,3,1,0,0,0,0,0,0,0,0,0,0
390108,1,1,0,0,0,0,0,0,0,0,0,0
390108,2,1,0,0,0,0,0,0,0,0,0,0
390109,1,1,0,0,0,0,0,0,0,0,0,0
390110,1,1,16,7,25,13,7,25,8,30,33,0
390110,2,1,0,0,34,21,0,0,0,0,0,0
390111,1,1,0,0,0,0,0,0,0,0,0,0
390111,2,1,0,0,0,0,0,0,0,0,0,0
390112,1,1,0,0,0,0,0,0,0,0,0,0
390112,2,1,0,0,0,0,0,0,0,0,0,0
390112,3,1,0,0,0,0,0,0,0,0,0,0
390113,0,1,29,29,29,29,29,29,29,29,29,29
390113,1,1,0,0,0,0,0,0,0,0,0,9
390114,0,1,24,24,24,24,24,24,24,24,24,24
390114,1,1,0,0,29,0,0,0,2,0,0,13
390115,1,1,0,0,0,0,0,0,0,0,0,0
390116,1,1,0,0,0,0,0,0,0,0,0,0
390116,2,1,0,0,0,0,0,0,0,0,0,0
390117,1,1,24,24,24,24,24,24,24,24,24,24
390118,0,1,0,0,0,0,0,0,0,0,0,0
390118,1,1,0,7,18,0,0,0,0,0,8,0
390118,2,1,0,0,0,0,0,0,0,0,0,0
390118,3,1,0,0,0,0,0,0,0,0,0,0
390120,0,1,0,0,0,0,0,0,0,0,0,0
390120,1,1,0,0,0,0,0,0,0,0,0,0
390121,1,1,15,15,15,15,15,15,15,15,15,15
390122,1,1,0,0,0,0,0,0,0,0,0,0
390122,2,1,0,0,0,0,0,0,0,0,0,0
390123,1,1,9,18,29,13,3,27,12,19,39,13
390123,2,1,0,0,0,0,0,0,0,0,0,0
390124,1,1,0,0,0,0,0,0,0,0,0,0
390124,2,1,0,0,0,0,0,0,0,0,0,0
390124,3,1,0,0,0,0,0,0,0,0,0,0
390125,1,1,0,0,0,0,0,0,0,0,0,0
390126,1,1,12,12,12,12,12,12,12,12,12,12
390126,2,1,22,0,9,7,8,9,10,16,9,13
390127,0,1,19,19,19,19,19,19,19,19,19,19
390127,1,1,0,0,0,0,0,8,5,0,0,0
390128,1,1,0,0,0,0,0,0,0,0,0,0
390130,1,1,0,0,0,0,0,0,0,0,0,0
390130,2,1,0,0,0,0,0,0,0,0,0,0
390131,0,1,0,0,0,0,0,0,0,0,0,0
390131,1,1,0,0,0,0,0,0,0,0,0,0
390132,0,1,0,0,18,0,0,0,0,0,0,0
390132,1,1,0,0,0,0,0,0,0,0,0,0
390132,2,1,0,0,8,0,0,0,0,6,0,0
390133,1,1,0,0,0,0,0,0,0,0,0,0
390133,2,1,0,0,0,0,0,0,0,0,0,0
390133,3,1,0,0,0,0,0,0,10,0,0,0
390133,4,1,8,0,0,0,0,0,0,0,0,0
390134,1,1,0,0,0,0,0,0,0,0,0,0
390134,2,1,0,0,0,0,0,0,0,0,0,0
390135,1,1,0,0,0,0,0,0,0,0,0,0
390135,2,1,0,0,0,0,0,0,0,0,0,0
390136,1,1,0,0,0,0,0,0,0,0,0,0
390136,2,1,0,0,0,0,0,0,0,0,0,0
390137,1,1,0,0,0,0,0,0,0,0,0,0
390137,2,1,0,0,0,0,0,0,0,0,0,0
390138,1,1,0,0,0,0,0,0,0,0,0,0
390138,2,1,0,0,0,0,0,0,0,0,0,0
390139,0,1,0,36,0,0,0,0,0,0,0,0
390139,1,1,0,0,0,0,27,0,0,0,0,0
390140,1,1,0,0,0,0,0,0,0,0,0,0
390140,2,1,0,0,0,0,0,0,0,0,0,0
390140,3,1,0,0,0,0,0,0,0,0,0,0
390141,1,1,2,2,2,2,2,2,2,2,2,2
390142,1,1,0,0,22,0,0,12,21,0,8,5
390143,1,1,0,0,0,0,0,0,0,0,0,0
390144,1,1,13,13,13,13,13,13,13,13,13,13
390145,1,1,0,0,0,0,0,0,0,0,0,0
390146,0,1,25,25,25,25,25,25,25,25,25,25
390146,1,1,0,0,0,0,0,0,0,16,0,0
390148,1,1,0,0,0,0,0,0,0,0,0,0
390148,2,1,29,29,29,29,29,29,29,29,29,29
390149,1,1,0,0,0,0,0,0,0,0,0,0
390149,2,1,0,0,0,0,0,0,0,0,0,0
390150,1,1,0,0,0,0,0,0,0,0,0,0
390151,1,1,0,0,0,0,0,0,0,0,0,0
390151,2,1,0,0,0,0,10,0,0,0,0,0
390152,1,1,28,28,28,28,28,28,28,28,28,28
390153,1,1,0,0,0,0,0,0,0,0,0,0
390153,2,1,0,0,0,0,0,0,0,0,0,0
390154,1,1,0,0,0,0,0,0,0,0,0,0
390155,1,1,12,12,12,12,12,12,12,12,12,12
390155,2,1,0,16,0,0,0,0,0,0,0,15
390155,3,1,0,0,0,11,0,0,0,0,0,0
390155,4,1,17,0,11,0,0,25,0,0,0,0
390157,1,1,18,18,18,18,18,18,18,18,18,18
390158,1,1,0,0,0,0,0,0,0,0,0,0
390158,2,1,0,0,0,0,0,0,0,0,0,0
390159,1,1,22,22,22,22,22,22,22,22,22,22
390160,1,1,31,31,31,31,31,31,31,31,31,31
390161,1,1,24,24,24,24,24,24,24,24,24,24
390162,1,1,0,0,0,0,0,0,0,0,0,0
390163,1,1,0,0,0,0,0,0,0,0,0,10
390163,2,1,0,0,0,0,0,0,0,0,14,0
390164,1,1,22,22,22,22,22,22,22,22,22,22
390164,2,1,0,0,0,0,0,0,0,0,0,0
390165,1,1,16,16,16,16,16,16,16,16,16,16
390166,1,1,0,0,0,0,0,0,0,0,0,0
390166,2,1,0,0,0,0,0,0,0,0,0,0
390167,1,1,0,0,0,0,0,0,0,0,0,0
390168,1,1,0,0,0,0,0,0,0,0,0,0
390168,2,1,0,0,0,0,0,0,0,0,0,0
390169,1,1,0,0,0,0,0,0,0,0,0,0
390170,1,1,0,0,0,0,0,0,0,0,0,0
390171,1,1,0,0,0,0,0,0,0,0,0,0
390171,2,1,0,0,0,0,0,0,0,0,0,0
390172,1,1,22,22,22,22,22,22,22,22,22,22
390172,2,1,10,0,0,0,0,0,0,0,0,0
390173,1,1,20,20,20,20,20,20,20,20,20,20
390174,1,1,0,0,0,0,0,0,0,0,0,0
390174,2,1,0,0,0,0,0,0,0,0,0,0
390175,1,1,0,0,0,0,0,0,0,0,21,0
390175,2,1,0,0,0,0,0,0,0,0,0,0
390176,1,1,0,0,0,0,0,0,0,0,0,0
390176,2,1,0,0,0,0,0,0,0,0,0,0
390177,1,1,0,0,0,0,0,0,0,0,0,0
390177,2,1,0,0,0,0,0,0,0,0,0,0
390178,0,1,0,0,0,0,0,0,0,0,0,0
390178,1,1,0,0,0,0,0,0,13,0,0,0
390179,1,1,0,0,0,0,0,0,0,0,0,0
390179,2,1,0,0,0,0,0,0,0,0,0,0
390180,1,1,0,0,0,0,0,0,0,0,0,0
390181,0,1,0,0,0,0,0,0,0,0,0,0
390181,0,2,0,0,0,0,0,0,0,0,0,0
390181,0,3,0,0,0,0,0,0,0,0,0,0
390181,2,1,0,0,0,0,0,0,0,0,0,0
390182,1,1,0,0,0,0,0,0,0,0,0,0
390183,0,1,0,0,0,0,0,0,0,0,0,0
390183,0,2,0,0,0,26,0,0,0,0,0,0
390183,1,1,0,0,0,0,0,0,0,0,0,0
390186,0,1,27,27,27,27,27,27,27,27,27,27
390186,1,1,0,0,0,0,0,0,0,0,0,14
390187,1,1,0,0,0,0,0,0,0,0,0,0
390187,2,1,0,0,0,0,0,0,0,0,0,0
390188,1,1,0,0,0,0,0,0,0,0,0,0
390188,2,1,0,0,0,0,0,0,0,0,0,0
390188,3,1,0,0,0,0,0,0,0,0,0,0
390189,1,1,0,0,0,0,0,0,0,0,0,0
390189,2,1,0,0,0,0,0,0,0,0,0,0
390190,1,1,7,0,11,0,0,24,21,0,0,0
390191,1,1,15,15,15,15,15,15,15,15,15,15
390192,1,1,18,18,18,18,18,18,18,18,18,18
390192,2,1,9,9,9,9,9,9,9,9,9,9
390194,1,1,1,1,1,1,1,1,1,1,1,1
390195,1,1,33,0,0,0,0,0,0,0,0,16
390195,2,1,0,0,0,0,0,0,0,0,0,0
390196,1,1,3,3,3,3,3,3,3,3,3,3
390196,2,1,13,13,13,13,13,13,13,13,13,13
390197,1,1,0,0,0,0,0,0,35,0,0,13
390197,2,1,20,20,20,20,20,20,20,20,20,20
390198,1,1,9,9,9,9,9,9,9,9,9,9
390199,1,1,0,0,0,0,0,0,0,0,0,0
390199,2,1,0,0,0,0,0,0,0,0,0,0
390200,1,1,0,0,0,0,0,0,0,0,0,0
390200,2,1,0,0,0,0,0,0,0,0,0,0
390201,1,1,16,0,0,0,0,0,9,12,0,0
390201,2,1,0,0,0,0,0,0,0,0,0,0
390202,1,1,0,0,0,0,0,0,0,0,0,0
390202,2,1,0,0,0,0,0,0,0,0,0,0
390203,1,1,0,0,0,0,0,0,0,0,0,0
390203,2,1,0,0,0,0,0,0,0,0,0,0
390204,0,1,29,29,29,29,29,29,29,29,29,29
390204,1,1,0,0,0,0,0,0,0,0,0,0
390204,2,1,0,0,0,23,0,0,0,0,16,5
390205,1,1,26,26,26,26,26,26,26,26,26,26
390205,2,1,0,0,0,0,0,0,0,0,0,0
390206,1,1,20,20,20,20,20,20,20,20,20,20
390206,2,1,3,10,16,0,25,18,31,22,0,26
390207,1,1,12,12,12,12,12,12,12,12,12,12
390208,1,1,0,0,0,0,0,0,0,0,0,0
390208,2,1,0,0,0,0,0,0,0,0,0,0
390209,1,1,0,0,0,0,0,0,0,0,0,0
390209,2,1,4,4,4,4,4,4,4,4,4,4
390210,1,1,0,0,0,0,0,0,0,0,0,0
390210,2,1,0,0,0,0,0,0,0,0,0,0
390211,1,1,11,11,11,11,11,11,11,11,11,11
390212,1,1,0,0,0,0,0,0,0,0,0,0
390213,1,1,0,0,9,0,0,0,0,0,0,0
390214,1,1,0,0,0,0,0,0,0,0,0,0
390214,2,1,0,0,0,0,0,0,0,0,0,0
390214,3,1,0,0,0,0,0,0,0,9,0,0
390215,1,1,0,0,0,0,0,0,0,0,0,0
390215,2,1,0,0,0,0,0,0,0,0,0,0
390216,1,1,13,13,13,13,13,13,13,13,13,13
390216,2,1,0,0,0,0,0,0,0,0,0,0
390217,1,1,0,0,0,0,0,0,0,0,0,0
390218,1,1,18,18,18,18,18,18,18,18,18,18
390219,1,1,0,0,0,0,0,0,0,0,0,0
390219,2,1,0,0,0,0,0,0,0,0,0,0
390220,1,1,0,0,0,0,0,0,0,0,0,0
390220,2,1,0,0,0,0,0,0,0,0,0,0
390221,0,1,0,0,0,0,0,0,0,0,0,0
390221,1,1,0,0,0,0,0,0,0,0,0,0
390222,0,1,14,14,14,14,14,14,14,14,14,14
390222,1,1,0,0,0,0,0,0,0,0,0,0
390223,0,1,0,0,0,0,0,0,0,0,0,0
390223,1,1,0,0,0,0,0,0,0,0,0,0
390224,1,1,0,0,0,0,0,0,0,0,0,0
390225,1,1,0,0,0,0,0,0,0,0,0,0
390226,1,1,0,0,0,0,0,0,0,0,0,0
390226,2,1,0,0,0,0,0,0,0,0,0,0
390227,1,1,0,0,0,0,0,0,0,0,0,0
390228,1,1,7,7,7,7,7,7,7,7,7,7
390228,2,1,0,0,0,0,0,0,0,0,0,0
390229,0,1,0,0,0,0,0,0,0,0,0,0
390229,0,2,22,0,38,0,0,0,36,0,0,0
390229,0,3,0,20,0,0,0,0,21,0,0,0
390229,1,1,0,0,0,0,0,0,0,0,0,0
390230,1,1,0,0,0,0,0,0,0,0,0,0
390231,1,1,0,0,0,0,0,0,0,0,0,0
390231,2,1,0,0,0,0,0,0,0,0,0,0
390232,1,1,0,0,0,0,0,0,0,0,0,0
390233,0,1,18,18,18,18,18,18,18,18,18,18
390233,1,1,0,0,21,0,0,0,0,0,0,0
390235,1,1,19,19,19,19,19,19,19,19,19,19
390235,2,1,19,19,14,6,19,11,16,17,33,9
390235,3,1,0,28,11,35,12,21,22,12,4,43
390236,1,1,23,23,23,23,23,23,23,23,23,23
390237,1,1,10,10,10,10,10,10,10,10,10,10
390238,1,1,0,0,0,0,0,0,0,0,0,0
390238,2,1,0,0,0,0,0,0,0,0,0,0
390239,1,1,0,0,0,30,0,0,0,0,0,0
390239,2,1,14,14,14,14,14,14,14,14,14,14
390240,0,1,0,0,0,0,0,0,0,0,0,0
390240,1,1,0,0,0,0,0,0,0,0,0,0
390240,2,1,0,0,21,0,0,0,19,0,0,0
390241,1,1,0,0,0,0,0,0,0,0,0,0
390242,1,1,0,0,0,0,0,0,0,0,0,0
390242,2,1,6,0,0,0,9,0,0,0,0,0
390243,1,1,0,0,0,0,0,0,0,0,0,0
390244,1,1,0,0,0,0,0,0,0,0,0,0
390244,2,1,9,0,0,0,0,0,0,0,0,0
390244,3,1,0,0,0,0,0,0,0,0,0,0
390245,1,1,0,0,0,0,0,0,0,0,0,0
390245,2,1,0,12,0,0,0,0,0,0,5,0
390245,3,1,0,0,0,0,0,0,0,0,0,21
390245,4,1,0,0,46,0,0,0,0,0,0,0
390246,1,1,0,0,0,0,0,0,0,0,0,0
390246,2,1,0,0,0,0,0,0,0,0,0,0
390247,1,1,0,0,0,0,0,0,0,0,0,0
390247,2,1,21,21,21,21,21,21,21,21,21,21
390248,1,1,0,0,0,0,0,0,0,0,0,0
390248,2,1,18,0,0,24,0,0,0,0,0,0
390249,1,1,0,0,0,0,0,0,0,0,0,0
390249,2,1,0,0,0,0,0,0,0,0,0,0
390250,1,1,11,0,0,0,0,0,0,0,0,0
390250,2,1,0,0,0,0,0,0,0,0,0,0
390251,1,1,23,23,23,23,23,23,23,23,23,23
390252,1,1,0,0,0,0,0,0,0,0,0,0
390253,1,1,9,9,9,9,9,9,9,9,9,9
390254,1,1,0,0,0,0,0,0,0,0,0,0
390254,2,1,0,0,0,0,0,0,0,0,0,0
390255,0,1,0,0,0,0,0,0,0,0,0,0
390255,1,1,0,0,0,0,0,0,0,0,0,0
390256,1,1,0,0,0,0,0,0,0,0,0,0
390257,1,1,0,0,0,0,0,0,0,0,0,16
390257,2,1,0,0,0,0,0,0,0,0,0,0
390257,3,1,0,0,0,0,0,0,0,0,0,0
390259,1,1,0,0,7,19,0,0,24,0,0,18
390260,1,1,0,19,0,18,0,0,0,15,0,0
390261,0,1,0,0,0,0,0,0,0,0,0,0
390261,1,1,0,0,0,0,0,0,0,0,0,0
390262,1,1,14,14,14,14,14,14,14,14,14,14
390263,1,1,14,14,14,14,14,14,14,14,14,14
390264,1,1,0,0,0,0,0,0,0,0,0,0
390265,1,1,8,0,0,0,0,0,7,0,0,0
390265,2,1,0,0,0,0,0,0,0,0,0,0
390266,1,1,0,0,0,0,0,0,0,0,0,0
390266,2,1,0,0,0,0,0,0,0,0,0,0
390267,1,1,0,0,0,0,0,0,0,0,0,0
390267,2,1,0,0,0,0,0,0,0,0,0,0
390268,1,1,17,17,17,17,17,17,17,17,17,17
390268,2,1,18,0,0,0,0,0,0,0,0,0
390269,0,1,0,0,0,0,0,0,0,0,0,0
390269,1,1,0,0,0,0,0,0,0,0,0,0
390270,1,1,0,0,0,13,0,18,0,0,0,0
390270,2,1,0,0,0,0,0,0,0,0,0,0
390271,1,1,11,11,11,11,11,11,11,11,11,11
390272,1,1,0,0,0,0,0,0,0,0,0,0
390272,2,1,0,0,0,0,0,0,0,0,0,0
390273,0,1,0,0,0,0,0,0,0,0,0,0
390273,1,1,0,0,0,0,0,0,0,0,0,0
390274,0,1,0,0,0,0,0,0,0,0,0,0
390274,1,1,10,33,7,4,9,24,22,10,13,0
390275,1,1,20,20,20,20,20,20,20,20,20,20
390276,0,1,31,31,31,31,31,31,31,31,31,31
390276,1,1,0,0,0,0,10,0,10,0,0,0
390277,1,1,13,13,13,13,13,13,13,13,13,13
390278,1,1,0,0,0,0,0,0,0,0,0,0
390278,2,1,0,0,0,0,0,0,0,0,0,0
390279,1,1,2,2,2,2,2,2,2,2,2,2
390280,1,1,0,0,0,0,0,0,0,0,0,0
390280,2,1,0,21,0,0,0,0,0,0,0,8
390281,1,1,0,0,0,0,0,0,0,0,0,0
390282,1,1,0,0,0,0,0,0,0,0,0,0
390283,1,1,0,0,0,0,0,4,0,0,0,0
390284,0,1,28,28,28,28,28,28,28,28,28,28
390284,1,1,0,0,0,0,0,0,0,0,0,0
390285,1,1,0,0,19,12,0,0,16,0,0,0
390286,0,1,24,24,24,24,24,24,24,24,24,24
390286,1,1,0,0,0,0,0,0,0,0,0,0
390287,1,1,0,0,0,0,0,0,0,0,0,0
390287,2,1,0,0,0,0,0,0,0,0,0,0
390287,3,1,0,0,0,0,0,0,0,0,0,0
390288,1,1,10,10,10,10,10,10,10,10,10,10
390289,1,1,38,38,38,38,38,38,38,38,38,38
390290,1,1,0,0,0,0,0,0,0,0,0,0
390291,0,1,0,0,0,0,0,0,0,0,0,0
390291,1,1,0,0,0,0,0,0,0,0,0,0
390292,1,1,22,22,22,22,22,22,22,22,22,22
390294,1,1,0,0,0,0,0,0,0,0,0,0
390295,1,1,0,0,0,0,0,0,0,0,0,0
390296,1,1,19,19,19,19,19,19,19,19,19,19
390296,2,1,27,13,0,0,0,0,0,0,0,0
390297,1,1,30,30,30,30,30,30,30,30,30,30
390297,2,1,0,0,0,0,0,0,0,0,0,0
390298,1,1,0,0,0,0,0,0,0,0,0,0
390298,2,1,0,0,0,0,0,0,0,0,0,0
390299,0,1,22,22,22,22,22,22,22,22,22,22
390299,1,1,0,0,0,0,0,0,0,0,0,0
390300,1,1,0,0,0,0,0,0,0,0,0,0
390301,1,1,0,0,0,0,0,0,0,0,0,0
390301,2,1,0,0,0,0,0,0,0,0,0,0
390303,1,1,8,8,8,8,8,8,8,8,8,8
390303,2,1,0,0,0,0,0,0,0,0,0,0
390304,1,1,20,20,20,20,20,20,20,20,20,20
390304,2,1,0,0,0,0,0,0,0,0,0,0
390304,3,1,0,31,0,0,0,0,0,0,0,0
390305,1,1,2,2,2,2,2,2,2,2,2,2
390305,2,1,0,0,0,0,0,0,0,0,0,0
390306,1,1,0,0,0,0,0,0,0,0,0,0
390307,1,1,0,0,0,0,0,0,0,0,0,0
390307,2,1,0,0,0,0,0,0,0,0,0,0
390307,3,1,0,0,0,0,0,0,0,0,0,0
390307,4,1,0,0,0,0,0,0,0,0,0,0
390308,1,1,0,0,0,0,0,0,0,0,0,0
390308,2,1,0,0,0,0,0,0,0,0,0,0
390309,1,1,0,0,0,0,0,0,0,0,0,0
390309,2,1,0,0,0,0,0,0,0,0,16,0
390310,1,1,11,11,11,11,11,11,11,11,11,11
390310,2,1,0,0,0,0,0,0,0,0,0,0
390310,3,1,0,17,0,16,0,0,0,0,17,0
390311,1,1,0,0,0,0,0,0,0,0,0,0
390311,2,1,0,0,0,0,0,0,0,0,0,0
390312,1,1,0,0,0,0,0,0,0,0,0,0
390312,2,1,0,0,0,0,0,0,0,0,0,0
390313,1,1,0,0,0,0,0,0,0,0,0,0
390314,1,1,10,10,10,10,10,10,10,10,10,10
390315,1,1,0,0,0,0,0,0,0,0,0,20
390316,1,1,0,0,0,0,0,0,0,0,0,0
390317,1,1,26,26,26,26,26,26,26,26,26,26
390318,1,1,0,0,0,0,0,0,0,0,0,0
390318,2,1,0,0,0,0,0,0,0,0,0,0
390319,1,1,0,0,0,0,0,0,0,0,0,0
390319,2,1,0,0,0,0,0,0,0,0,0,0
390320,1,1,0,0,0,0,0,0,0,19,0,0
390320,2,1,24,0,0,0,0,0,0,0,0,0
390320,3,1,0,0,0,0,0,0,0,0,0,0
390321,1,1,0,18,0,0,0,0,0,0,9,0
390321,2,1,0,0,0,0,0,0,0,0,0,0
390322,1,1,23,23,23,23,23,23,23,23,23,23
390323,1,1,12,12,12,12,12,12,12,12,12,12
390324,1,1,0,0,0,0,0,0,0,0,0,0
390325,1,1,0,0,0,0,0,0,0,0,0,0
390325,2,1,0,0,0,0,0,0,0,0,0,0
390325,3,1,0,0,0,0,0,0,0,0,0,0
390326,1,1,15,15,15,15,15,15,15,15,15,15
390326,2,1,0,0,0,0,0,0,0,0,0,0
390326,3,1,18,0,0,0,0,0,0,0,0,0
390327,1,1,19,19,19,19,19,19,19,19,19,19
390328,0,1,0,18,0,0,0,0,0,0,0,0
390328,2,1,0,0,0,0,0,0,0,0,0,0
390328,3,1,0,0,8,0,0,0,0,0,15,0
390328,4,1,10,0,0,0,0,0,0,0,0,0
390328,5,1,0,0,0,0,0,0,0,0,0,0
390329,1,1,26,26,26,26,26,26,26,26,26,26
390329,2,1,0,0,0,0,0,0,0,0,0,0
390330,1,1,4,4,4,4,4,4,4,4,4,4
390331,1,1,0,0,0,0,0,0,0,0,0,0
390333,1,1,20,20,20,20,20,20,20,20,20,20
390334,1,1,0,0,0,0,0,0,0,0,0,0
390336,1,1,19,19,19,19,19,19,19,19,19,19
390336,2,1,0,0,0,0,0,0,0,0,0,0
390337,1,1,0,0,0,0,0,0,0,0,0,0
390337,2,1,0,0,0,0,0,0,0,0,0,0
390338,1,1,0,0,0,0,0,0,0,0,0,0
390339,1,1,4,4,4,4,4,4,4,4,4,4
390339,2,1,0,0,0,0,0,0,0,0,0,0
390340,1,1,0,0,0,0,0,0,0,0,0,0
390341,1,1,0,0,28,0,0,0,0,0,0,0
390342,1,1,0,0,0,0,0,0,0,0,0,0
390342,2,1,0,0,0,0,0,0,0,0,0,0
390343,0,1,0,30,40,0,28,10,0,0,0,0
390343,0,2,0,0,0,0,0,0,0,0,0,0
390343,1,1,0,0,0,0,0,0,0,0,0,0
390344,1,1,0,0,0,0,0,0,0,0,0,0
390344,2,1,0,0,0,0,0,0,0,0,0,0
390345,1,1,0,6,0,0,0,0,0,15,0,0
390345,2,1,0,0,0,0,0,0,0,0,0,0
390346,1,1,0,0,0,0,0,0,0,10,0,0
390346,2,1,0,0,0,0,0,0,0,0,0,0
390347,1,1,0,0,0,0,0,0,0,0,0,0
390347,2,1,0,0,0,0,0,0,0,0,0,0
390347,3,1,0,0,0,0,0,0,0,0,0,0
390348,1,1,0,0,0,0,0,0,0,0,0,0
390349,0,1,0,0,0,0,0,0,0,0,0,0
390349,1,1,0,0,0,0,0,20,0,0,0,0
390350,1,1,0,0,0,0,0,0,0,0,0,0
390351,1,1,0,0,0,0,0,0,0,0,0,0
390351,2,1,0,0,0,0,0,0,0,0,0,0
390352,1,1,0,0,0,0,0,0,0,0,0,0
390353,1,1,0,0,0,0,0,0,0,0,0,0
390353,2,1,11,11,11,11,11,11,11,11,11,11
390354,0,1,0,0,0,0,0,0,0,0,0,0
390354,1,1,0,0,0,0,0,0,0,0,0,0
390355,1,1,28,28,28,28,28,28,28,28,28,28
390356,1,1,13,13,13,13,13,13,13,13,13,13
390358,1,1,14,14,14,14,14,14,14,14,14,14
390359,1,1,0,0,0,0,0,0,0,0,0,0
390359,2,1,0,0,0,0,0,0,0,0,0,0
390360,1,1,23,23,23,23,23,23,23,23,23,23
390360,2,1,0,0,0,0,0,0,0,0,0,0
390361,1,1,9,9,9,9,9,9,9,9,9,9
390362,1,1,10,10,10,10,10,10,10,10,10,10
390363,1,1,0,0,0,0,0,0,0,0,0,0
390363,2,1,0,0,0,0,0,0,0,0,0,0
390364,1,1,0,0,0,0,0,0,0,0,0,0
390364,2,1,16,16,16,16,16,16,16,16,16,16
390365,1,1,0,0,0,0,0,0,0,0,0,0
390365,2,1,0,0,0,0,0,0,0,0,0,0
390366,1,1,0,0,0,0,0,0,0,0,0,0
390366,2,1,0,0,0,0,0,0,0,0,0,0
390367,1,1,0,0,0,0,0,0,0,0,0,0
390368,1,1,0,0,0,0,0,0,0,0,0,0
390368,2,1,0,0,0,0,0,0,0,0,0,0
390369,1,1,0,15,0,0,0,0,16,0,13,0
390370,1,1,0,14,0,0,0,0,0,0,0,0
390371,1,1,11,11,11,11,11,11,11,11,11,11
390371,2,1,0,0,0,0,0,0,0,0,0,0
390372,1,1,0,0,0,0,0,0,0,0,0,0
390373,1,1,0,0,0,0,0,0,0,0,0,0
390373,2,1,0,0,0,0,0,0,0,0,0,0
390374,1,1,20,20,20,20,20,20,20,20,20,20
390375,1,1,0,0,0,11,0,0,0,0,12,0
390375,2,1,0,0,0,0,0,0,0,0,0,0
390376,1,1,0,0,0,0,0,0,0,0,0,0
390376,2,1,0,0,0,0,0,0,0,0,0,0
390377,1,1,17,17,17,17,17,17,17,17,17,17
390378,1,1,0,0,0,0,0,0,20,0,0,0
390379,1,1,0,0,0,0,0,0,0,0,0,0
390379,2,1,0,0,0,0,0,0,0,0,0,0
390380,1,1,0,0,0,0,0,0,0,0,0,0
390381,1,1,0,0,0,0,0,0,0,0,0,0
390381,2,1,6,6,6,6,6,6,6,6,6,6
390382,2,1,18,10,7,18,11,12,6,12,12,8
390383,0,1,0,20,0,0,12,10,0,0,0,12
390383,1,1,0,0,0,0,0,0,0,0,0,13
390384,0,1,0,0,0,16,0,0,0,0,0,19
390384,1,1,0,0,0,0,0,0,0,0,0,0
390385,1,1,0,0,0,0,0,0,0,0,0,0
390386,1,1,0,0,0,0,0,0,0,0,0,0
390386,2,1,0,0,0,0,0,0,0,0,0,17
390387,1,1,0,0,0,0,0,0,0,0,0,0
390388,0,1,0,0,0,0,2,0,0,0,0,0
390388,1,1,0,0,0,0,0,0,0,0,0,0
390389,1,1,6,6,6,6,6,6,6,6,6,6
390390,1,1,0,0,0,0,0,0,0,0,0,0
390391,1,1,0,0,0,0,0,0,0,0,0,0
390392,1,1,0,0,0,0,0,0,0,0,0,0
390392,2,1,0,0,0,0,0,0,0,0,0,0
390394,1,1,27,16,10,24,13,14,13,27,4,26
390395,1,1,0,0,0,0,29,0,0,0,0,0
390395,2,1,0,0,5,0,0,0,0,0,0,0
390395,3,1,0,0,0,0,0,0,12,0,11,0
390396,0,1,0,0,0,0,0,0,0,0,0,0