ST_CASE,VEH_NO,PER_NO,P1,P2,P3,P4,P5,P6,P7,P8,P9,P10
390396,1,1,0,0,0,0,0,0,0,0,0,0
390397,1,1,0,0,0,0,0,0,0,0,0,0
390397,2,1,0,0,0,0,0,0,0,0,0,0
390398,1,1,0,0,0,0,0,0,0,0,9,0
390398,2,1,0,0,0,0,0,0,0,0,42,0
390400,1,1,0,0,0,0,0,0,0,0,0,0
390401,1,1,11,23,20,18,32,14,13,4,24,5
390401,2,1,0,0,0,0,0,0,0,0,0,0
390402,1,1,0,0,0,0,0,0,0,0,0,0
390403,1,1,0,0,0,0,0,0,0,0,0,0
390403,2,1,0,0,0,0,0,0,0,0,0,0
390404,1,1,0,0,0,0,0,0,0,0,0,0
390404,2,1,0,0,15,0,0,0,0,0,0,0
390405,1,1,0,0,0,0,0,0,0,0,0,0
390405,2,1,0,0,0,0,0,0,0,0,0,0
390406,1,1,0,0,0,0,0,0,0,0,0,0
390406,2,1,0,0,0,0,0,0,0,0,0,0
390407,1,1,0,0,0,0,0,0,0,0,0,0
390407,2,1,21,21,21,21,21,21,21,21,21,21
390408,1,1,0,0,0,0,0,0,0,0,0,0
390408,2,1,0,0,0,0,0,0,0,0,0,0
390409,0,1,0,0,0,0,0,0,0,0,0,0
390409,1,1,0,0,0,0,0,0,5,0,0,0
390410,1,1,0,0,0,0,0,0,0,0,0,0
390410,2,1,0,0,0,0,0,0,0,0,0,0
390411,1,1,0,0,0,12,0,0,0,0,7,0
390411,2,1,7,0,0,0,0,0,0,0,11,0
390412,1,1,0,0,0,0,0,0,0,0,0,0
390414,1,1,7,7,7,7,7,7,7,7,7,7
390415,1,1,23,23,23,23,23,23,23,23,23,23
390416,1,1,21,21,21,21,21,21,21,21,21,21
390417,1,1,0,0,0,0,0,0,0,0,0,0
390417,2,1,0,0,0,0,0,0,0,0,0,0
390417,3,1,0,0,0,0,0,0,0,0,0,0
390418,1,1,0,0,0,0,0,0,0,0,0,0
390418,2,1,0,0,0,0,0,0,0,0,0,0
390419,0,1,24,24,24,24,24,24,24,24,24,24
390419,1,1,0,0,0,0,0,0,0,0,0,0
390420,1,1,0,0,0,0,0,0,0,0,0,0
390420,2,1,0,0,0,0,0,0,0,0,0,0
390421,1,1,0,0,0,0,0,0,12,0,0,0
390421,2,1,0,0,0,0,0,15,0,0,0,10
390422,0,1,13,13,13,13,13,13,13,13,13,13
390422,1,1,0,22,0,12,0,0,16,0,0,11
390423,1,1,0,0,0,0,0,0,0,0,0,24
390423,2,1,0,0,0,0,0,0,0,9,0,11
390424,1,1,3,3,3,3,3,3,3,3,3,3
390424,2,1,0,0,0,0,0,0,0,0,0,0
390425,1,1,13,13,13,13,13,13,13,13,13,13
390426,1,1,18,18,18,18,18,18,18,18,18,18
390427,1,1,0,0,0,0,0,0,0,0,0,0
390428,1,1,0,0,0,0,0,0,0,0,0,0
390428,2,1,11,18,11,17,7,20,2,9,24,11
390429,1,1,0,0,0,0,0,0,0,0,0,25
390430,1,1,0,0,0,0,0,0,0,0,0,0
390430,2,1,0,0,0,0,0,0,0,0,0,0
390431,1,1,0,0,0,0,0,0,0,0,0,0
390431,2,1,0,0,0,0,0,0,0,0,0,0
390432,1,1,24,24,24,24,24,24,24,24,24,24
390433,1,1,22,22,22,22,22,22,22,22,22,22
390433,2,1,19,19,19,19,19,19,19,19,19,19
390434,1,1,0,0,0,0,0,0,0,0,0,0
390434,2,1,0,0,0,0,0,0,0,0,0,0
390435,1,1,18,18,18,18,18,18,18,18,18,18
390436,1,1,10,10,10,10,10,10,10,10,10,10
390436,2,1,0,0,0,0,0,0,0,0,8,0
390437,1,1,12,12,12,12,12,12,12,12,12,12
390438,1,1,0,0,0,0,0,0,0,0,0,0
390439,1,1,0,0,0,0,0,0,0,0,0,0
390439,2,1,5,5,5,5,5,5,5,5,5,5
390440,1,1,27,0,0,0,0,0,0,11,0,0
390440,2,1,0,0,0,16,0,0,0,0,0,6
390441,1,1,0,0,0,0,0,0,0,0,0,0
390442,1,1,0,0,0,0,0,0,0,0,0,0
390443,1,1,21,21,21,21,21,21,21,21,21,21
390443,2,1,0,0,0,0,0,0,0,0,0,0
390444,1,1,25,25,25,25,25,25,25,25,25,25
390445,1,1,0,0,0,0,0,0,0,0,0,0
390445,2,1,0,0,0,0,0,0,0,0,0,0
390446,1,1,0,0,0,0,0,0,0,0,0,0
390448,1,1,27,27,27,27,27,27,27,27,27,27
390449,0,1,0,0,0,0,0,0,0,0,0,0
390449,1,1,0,0,0,0,0,0,21,0,0,26
390450,1,1,0,0,0,0,0,0,0,0,0,0
390450,2,1,0,0,0,0,0,0,0,0,0,0
390451,0,1,0,0,0,0,0,0,0,0,0,0
390451,1,1,0,0,0,0,0,0,0,0,0,0
390452,1,1,3,3,3,3,3,3,3,3,3,3
390453,1,1,0,0,0,0,0,0,0,0,0,0
390453,2,1,0,0,0,0,0,0,0,0,0,0
390453,3,1,0,0,0,0,0,20,0,0,0,0
390453,4,1,0,0,0,0,0,0,0,0,0,0
390454,1,1,0,0,0,0,0,0,0,0,0,0
390454,2,1,0,0,0,0,0,0,0,0,0,0
390455,1,1,0,0,0,0,0,0,0,0,0,0
390455,2,1,0,0,0,0,0,0,0,0,0,0
390455,3,1,0,0,0,0,0,0,0,0,0,0
390456,1,1,0,0,0,0,0,0,0,0,0,0
390456,2,1,0,0,0,0,0,0,0,0,0,0
390456,3,1,0,0,0,0,0,0,0,0,15,0
390457,1,1,0,0,0,0,0,0,0,0,0,0
390457,2,1,0,0,0,0,0,0,0,0,0,0
390458,1,1,17,7,0,20,12,23,6,9,15,14
390458,2,1,0,0,0,0,0,0,0,0,0,0
390459,1,1,0,0,0,27,0,0,0,0,0,0
390459,2,1,0,0,0,0,0,16,0,0,0,0
390459,3,1,0,0,0,0,0,0,0,0,0,0
390460,0,1,0,0,0,0,0,0,0,0,0,0
390460,1,1,0,0,0,0,24,0,0,0,0,0
390461,1,1,0,0,0,0,0,0,0,0,0,0
390462,1,1,1,1,1,1,1,1,1,1,1,1
390463,1,1,20,20,20,20,20,20,20,20,20,20
390464,1,1,0,0,0,9,0,0,0,12,0,0
390464,2,1,0,0,0,0,0,0,0,0,0,0
390465,1,1,0,0,0,0,0,0,0,0,0,0
390466,1,1,17,17,17,17,17,17,17,17,17,17
390466,2,1,0,0,0,0,0,0,0,0,0,0
390467,0,1,0,0,21,0,0,0,0,0,0,0
390467,1,1,0,0,0,6,0,0,0,0,0,0
390468,1,1,22,22,22,22,22,22,22,22,22,22
390469,1,1,0,0,0,0,0,0,23,21,0,0
390469,2,1,0,0,0,0,0,0,0,0,0,0
390470,1,1,17,17,17,17,17,17,17,17,17,17
390471,1,1,0,0,0,0,0,0,0,0,0,18
390472,1,1,16,16,16,16,16,16,16,16,16,16
390472,2,1,0,0,10,0,0,15,0,0,0,0
390473,1,1,23,0,0,0,23,0,0,0,0,14
390473,2,1,0,0,0,0,0,0,0,0,0,0
390475,1,1,0,0,0,0,0,0,0,0,0,0
390475,2,1,0,0,8,0,0,0,0,0,0,0
390476,1,1,0,0,0,0,0,0,0,0,0,0
390477,1,1,22,0,30,0,0,0,0,0,0,0
390477,2,1,0,0,0,0,0,0,0,0,0,0
390478,1,1,0,0,0,0,0,0,0,0,0,0
390478,2,1,0,0,0,0,0,0,0,0,0,0
390479,1,1,0,0,0,0,0,0,0,0,0,0
390479,2,1,0,0,0,0,0,0,0,0,0,0
390480,0,1,0,0,0,0,0,0,0,0,0,0
390480,0,2,0,0,0,0,0,0,0,0,0,23
390480,1,1,0,0,0,0,0,0,0,0,0,0
390480,2,1,0,0,0,0,0,0,0,0,0,0
390481,1,1,18,18,18,18,18,18,18,18,18,18
390482,1,1,0,0,0,0,0,0,0,0,0,0
390482,2,1,0,0,0,0,0,0,0,0,0,0
390483,1,1,0,0,0,0,0,0,0,0,0,0
390483,2,1,0,0,0,0,0,0,0,0,0,0
390484,1,1,0,0,0,0,0,0,0,0,0,0
390484,2,1,22,0,0,0,0,0,0,0,0,0
390485,1,1,29,29,29,29,29,29,29,29,29,29
390486,1,1,15,15,15,15,15,15,15,15,15,15
390487,1,1,0,0,0,0,0,0,0,0,0,0
390487,2,1,0,0,0,0,0,0,0,0,0,0
390487,3,1,0,0,0,0,5,0,0,0,0,0
390488,1,1,1,1,1,1,1,1,1,1,1,1
390490,1,1,0,0,0,0,0,0,0,0,0,0
390490,2,1,20,0,0,0,0,0,0,0,0,0
390490,3,1,0,17,0,0,0,0,0,0,0,0
390490,4,1,0,0,0,0,0,0,0,0,0,0
390491,1,1,18,18,18,18,18,18,18,18,18,18
390492,1,1,10,10,10,10,10,10,10,10,10,10
390493,1,1,24,24,24,24,24,24,24,24,24,24
390495,1,1,0,0,0,0,0,0,0,0,0,0
390495,2,1,0,0,0,0,0,0,0,0,0,0
390496,1,1,0,0,0,0,0,0,0,0,0,0
390496,2,1,9,9,9,9,9,9,9,9,9,9
390497,0,1,0,0,0,0,0,0,0,0,0,0
390497,1,1,11,0,0,0,2,0,0,0,0,0
390498,1,1,18,18,18,18,18,18,18,18,18,18
390499,1,1,0,0,0,0,0,0,0,0,0,0
390500,1,1,5,5,5,5,5,5,5,5,5,5
390500,2,1,0,0,0,0,0,0,0,0,0,0
390501,1,1,0,0,0,0,0,0,0,0,0,0
390502,1,1,33,33,33,33,33,33,33,33,33,33
390503,1,1,0,0,0,0,0,0,0,0,0,0
390503,2,1,0,26,0,0,0,0,10,0,0,4
390504,1,1,22,22,22,22,22,22,22,22,22,22
390505,0,1,0,0,0,0,0,0,0,0,0,0
390505,1,1,0,0,0,0,0,0,0,0,0,0
390506,1,1,19,19,19,19,19,19,19,19,19,19
390507,0,1,15,15,15,15,15,15,15,15,15,15
390507,1,1,0,0,0,0,0,0,0,0,0,0
390508,1,1,8,8,8,8,8,8,8,8,8,8
390508,2,1,19,10,13,3,18,16,24,9,12,9
390508,3,1,0,0,9,0,7,0,0,0,0,0
390509,1,1,20,20,20,20,20,20,20,20,20,20
390510,0,1,0,0,0,0,0,0,0,0,0,0
390510,1,1,0,0,0,0,0,0,0,0,0,0
390511,1,1,4,4,4,4,4,4,4,4,4,4
390511,2,1,0,0,0,0,12,6,25,6,0,0
390512,0,1,0,0,0,0,0,0,0,0,0,0
390512,1,1,0,0,44,0,0,0,0,0,0,0
390513,1,1,26,26,26,26,26,26,26,26,26,26
390514,1,1,0,0,0,0,0,0,0,0,0,0
390514,2,1,11,11,11,11,11,11,11,11,11,11
390515,1,1,0,0,0,0,0,0,12,0,0,0
390515,2,1,0,0,0,0,0,0,0,0,0,0
390515,3,1,0,0,0,0,0,0,0,0,0,0
390515,4,1,0,0,0,0,0,0,0,0,0,0
390515,5,1,0,0,0,0,0,0,0,0,0,0
390516,1,1,0,0,0,0,0,0,0,0,0,0
390517,1,1,0,0,0,0,0,0,0,0,0,0
390519,1,1,10,33,14,17,4,19,31,12,21,14
390520,1,1,10,10,10,10,10,10,10,10,10,10
390521,1,1,0,0,0,0,0,0,0,0,0,0
390522,1,1,0,0,0,0,0,0,0,0,0,0
390522,2,1,0,0,0,0,0,0,0,0,0,0
390523,1,1,0,0,0,0,0,0,0,0,0,0
390523,2,1,0,0,0,0,0,0,0,0,0,0
390524,1,1,0,0,0,0,0,0,0,0,0,0
390524,2,1,0,0,0,0,0,0,0,0,0,0
390525,1,1,0,0,0,0,0,0,0,0,0,0
390526,1,1,0,0,0,0,0,0,0,0,0,0
390526,2,1,0,0,0,0,0,0,0,0,0,0
390527,1,1,24,24,24,24,24,24,24,24,24,24
390527,2,1,0,0,0,0,0,0,0,0,0,0
390528,1,1,0,0,0,0,0,0,0,0,0,0
390528,2,1,0,0,0,0,0,0,0,0,0,0
390529,1,1,0,0,0,0,0,0,0,0,6,0
390529,2,1,0,0,0,0,0,0,0,0,0,0
390530,1,1,35,35,35,35,35,35,35,35,35,35
390530,2,1,0,0,0,0,0,0,0,0,0,0
390531,1,1,19,0,0,0,28,0,0,0,0,0
390532,1,1,19,19,19,19,19,19,19,19,19,19
390532,2,1,10,10,10,10,10,10,10,10,10,10
390533,1,1,0,0,0,0,0,0,0,0,0,0
390534,1,1,0,0,0,0,0,0,0,0,0,0
390534,2,1,0,0,0,0,0,0,0,0,0,0
390535,1,1,0,0,0,0,0,0,0,0,0,0
390535,2,1,0,0,0,0,0,0,0,0,0,0
390536,1,1,8,0,0,0,0,0,0,0,0,0
390537,1,1,0,0,0,7,0,0,9,0,0,0
390538,1,1,13,13,13,13,13,13,13,13,13,13
390539,1,1,6,6,6,6,6,6,6,6,6,6
390539,2,1,0,0,0,0,0,10,0,0,0,0
390540,0,1,1,1,1,1,1,1,1,1,1,1
390540,1,1,0,0,0,0,0,0,0,0,0,0
390541,1,1,0,0,0,0,0,0,0,0,0,0
390542,1,1,2,2,2,2,2,2,2,2,2,2
390542,2,1,0,0,0,0,0,0,0,0,0,0
390543,1,1,14,14,14,14,14,14,14,14,14,14
390543,2,1,0,0,0,0,0,0,0,0,0,0
390544,1,1,0,0,0,0,0,0,0,0,0,0
390545,1,1,0,0,12,0,0,0,0,0,0,0
390545,2,1,0,0,0,0,0,0,0,0,0,0
390546,1,1,15,15,15,15,15,15,15,15,15,15
390547,0,1,0,0,0,0,0,0,0,0,0,0
390547,1,1,0,0,0,0,0,0,0,0,0,0
390548,1,1,0,0,0,0,0,0,0,0,0,0
390548,2,1,0,0,0,0,0,0,0,0,0,0
390550,1,1,0,0,0,0,0,0,0,0,0,0
390550,2,1,0,0,0,0,0,0,0,0,0,0
390550,3,1,0,0,0,0,0,0,14,0,0,0
390550,4,1,0,0,0,0,0,0,0,0,0,0
390551,1,1,0,0,0,0,0,0,0,0,0,0
390551,2,1,0,0,0,0,0,0,0,0,0,0
390552,1,1,0,0,0,0,0,0,0,0,0,0
390552,2,1,0,0,0,0,0,0,0,0,0,0
390553,1,1,0,0,0,0,0,0,0,0,0,0
390553,2,1,0,0,0,0,0,0,0,0,0,0
390554,1,1,0,0,0,0,0,0,0,0,0,0
390555,1,1,0,0,0,0,0,0,0,0,0,0
390556,1,1,0,0,0,3,0,0,0,0,0,0
390556,2,1,0,0,0,0,0,0,0,0,0,0
390557,1,1,0,0,0,0,0,0,0,0,0,0
390559,1,1,8,8,8,8,8,8,8,8,8,8
390560,1,1,0,0,0,0,0,0,0,0,0,0
390561,1,1,0,0,0,26,0,0,0,0,0,0
390561,2,1,0,0,0,0,0,0,0,0,0,0
390562,1,1,22,22,22,22,22,22,22,22,22,22
390563,1,1,1,1,1,1,1,1,1,1,1,1
390564,1,1,21,21,21,21,21,21,21,21,21,21
390565,0,1,18,18,18,18,18,18,18,18,18,18
390565,1,1,0,0,0,0,0,0,0,0,0,0
390566,1,1,0,0,0,0,0,0,0,0,0,0
390566,2,1,0,0,0,0,0,0,0,0,0,0
390566,3,1,0,0,0,0,0,0,0,0,0,0
390566,4,1,0,0,0,0,0,0,0,0,0,0
390567,1,1,0,0,0,0,0,0,0,0,0,0
390567,2,1,0,0,0,0,0,0,0,0,0,0
390568,1,1,21,21,21,21,21,21,21,21,21,21
390569,1,1,15,15,15,15,15,15,15,15,15,15
390569,2,1,0,0,0,0,0,11,0,0,0,0
390570,0,1,16,16,16,16,16,16,16,16,16,16
390570,1,1,9,13,5,2,18,8,13,21,13,3
390571,1,1,0,0,0,0,0,0,0,0,0,0
390572,1,1,0,0,0,0,0,0,0,0,0,0
390573,1,1,0,0,0,0,0,0,21,2,0,0
390574,1,1,0,0,0,0,0,0,0,0,0,0
390574,2,1,23,0,0,0,23,0,16,0,0,0
390575,1,1,0,0,0,0,0,0,0,0,0,0
390575,2,1,0,0,0,0,0,0,0,0,0,0
390576,1,1,0,0,0,0,0,0,0,0,0,0
390577,1,1,0,0,0,0,0,0,0,0,0,0
390578,0,1,24,24,24,24,24,24,24,24,24,24
390578,1,1,0,0,0,0,0,0,0,0,0,0
390579,1,1,0,0,0,0,0,0,0,0,0,0
390580,1,1,0,0,0,0,0,0,0,0,0,0
390580,2,1,0,0,0,0,0,0,0,0,0,0
390581,0,1,11,11,11,11,11,11,11,11,11,11
390581,1,1,0,0,0,0,0,0,0,0,0,0
390582,1,1,14,0,0,0,0,0,0,0,0,0
390583,1,1,23,23,23,23,23,23,23,23,23,23
390584,1,1,0,0,0,0,0,0,0,0,0,0
390584,2,1,0,0,0,0,0,0,0,0,0,0
390585,1,1,6,6,6,6,6,6,6,6,6,6
390586,1,1,23,23,23,23,23,23,23,23,23,23
390587,1,1,0,0,0,9,9,0,0,0,0,0
390588,1,1,28,28,28,28,28,28,28,28,28,28
390589,0,1,0,0,10,0,0,0,0,23,0,0
390589,1,1,0,0,0,0,0,0,0,0,0,0
390590,1,1,0,0,0,0,0,0,0,0,0,0
390591,0,1,0,0,0,0,0,0,0,0,0,0
390591,1,1,0,0,0,0,0,0,0,0,0,0
390592,0,1,11,11,11,11,11,11,11,11,11,11
390592,1,1,0,0,0,0,0,0,0,0,2,0
390593,1,1,22,19,19,18,13,0,18,12,0,13
390594,1,1,16,16,16,16,16,16,16,16,16,16
390594,2,1,17,7,0,11,0,0,11,0,0,20
390595,1,1,20,20,20,20,20,20,20,20,20,20
390596,1,1,25,25,25,25,25,25,25,25,25,25
390597,1,1,0,0,0,0,16,10,0,0,0,0
390598,1,1,0,0,0,0,0,0,0,0,0,0
390598,2,1,5,5,5,5,5,5,5,5,5,5
390599,1,1,0,0,0,0,0,0,0,0,0,0
390599,2,1,0,0,0,0,0,0,0,0,0,0
390600,1,1,0,0,0,0,0,0,0,0,0,0
390600,2,1,0,0,0,0,0,0,0,0,0,0
390601,1,1,25,25,25,25,25,25,25,25,25,25
390602,1,1,0,13,0,0,0,0,0,0,0,0
390602,2,1,0,0,0,0,0,0,0,0,0,0
390603,1,1,0,0,0,0,0,0,0,0,0,0
390603,2,1,0,0,0,0,0,0,0,0,0,0
390604,1,1,18,18,18,18,18,18,18,18,18,18
390605,1,1,0,0,0,0,0,0,0,0,0,0
390605,2,1,0,0,0,0,0,0,0,0,0,0
390606,1,1,13,13,13,13,13,13,13,13,13,13
390607,1,1,0,0,0,0,0,0,0,0,0,0
390608,1,1,0,0,0,0,0,0,0,0,0,0
390609,1,1,0,0,0,0,0,0,0,0,0,17
390610,1,1,8,8,8,8,8,8,8,8,8,8
390610,2,1,0,0,0,0,0,0,0,0,0,0
390611,0,1,3,3,3,3,3,3,3,3,3,3
390611,1,1,0,0,0,0,0,0,0,0,0,0
390612,1,1,0,0,0,0,0,0,0,0,0,0
390613,0,1,0,0,0,0,0,0,0,0,34,0
390613,1,1,0,0,0,0,0,0,25,0,0,0
390614,1,1,15,15,15,15,15,15,15,15,15,15
390614,2,1,0,0,0,0,0,0,0,0,0,0
390615,1,1,0,0,0,0,0,0,0,0,0,0
390615,2,1,0,0,0,0,0,0,0,0,0,0
390616,1,1,24,24,24,24,24,24,24,24,24,24
390617,1,1,20,20,20,20,20,20,20,20,20,20
390618,1,1,10,10,10,10,10,10,10,10,10,10
390619,1,1,0,0,0,0,0,0,0,0,0,0
390619,2,1,0,0,0,0,0,0,0,0,0,0
390619,3,1,0,0,0,0,0,0,0,0,0,0
390619,4,1,0,0,0,0,0,0,0,0,0,0
390619,5,1,0,0,0,0,0,0,0,0,0,0
390619,6,1,0,0,0,0,0,0,0,0,0,0
390619,7,1,0,0,0,0,0,0,0,20,0,0
390619,8,1,0,0,0,0,0,0,0,0,0,0
390619,9,1,0,0,0,0,0,0,0,0,0,0
390619,10,1,0,0,0,0,0,0,0,0,0,0
390620,1,1,22,22,22,22,22,22,22,22,22,22
390620,2,1,0,0,0,0,0,0,0,0,0,0
390621,1,1,0,0,0,0,0,0,0,0,0,0
390622,1,1,0,0,0,0,0,0,0,0,0,0
390622,2,1,0,0,0,0,0,0,0,0,0,0
390623,1,1,8,0,0,44,0,0,0,0,0,0
390623,2,1,11,11,11,11,11,11,11,11,11,11
390624,1,1,0,23,0,0,0,3,0,0,0,0
390624,2,1,17,17,17,17,17,17,17,17,17,17
390625,1,1,10,10,10,10,10,10,10,10,10,10
390625,2,1,0,0,0,3,0,0,0,0,0,0
390626,1,1,0,0,0,0,0,0,0,0,0,0
390626,2,1,0,0,16,0,0,0,0,0,0,0
390627,1,1,0,0,0,0,0,0,0,0,0,0
390628,1,1,11,11,11,11,11,11,11,11,11,11
390628,2,1,0,0,0,0,0,0,0,0,0,0
390629,1,1,0,0,0,0,0,0,0,0,0,0
390630,1,1,0,0,0,0,0,0,0,0,0,0
390631,1,1,0,0,0,0,0,0,0,0,0,0
390633,0,1,0,0,0,0,0,0,0,0,0,0
390633,1,1,0,0,0,0,0,0,0,0,0,0
390634,1,1,0,0,0,0,0,0,0,0,0,0
390634,2,1,0,0,0,0,0,0,0,0,0,0
390635,1,1,0,0,0,0,0,0,0,0,0,0
390636,1,1,0,0,0,0,0,0,0,0,0,0
390637,1,1,20,20,20,20,20,20,20,20,20,20
390638,1,1,0,0,0,0,0,0,0,0,0,0
390638,2,1,0,0,0,0,0,0,0,0,0,0
390639,1,1,0,7,0,0,0,0,29,0,0,0
390639,2,1,0,0,0,0,0,6,0,0,0,0
390639,3,1,0,0,0,0,0,0,0,0,0,0
390640,1,1,24,24,24,24,24,24,24,24,24,24
390641,1,1,16,0,0,2,0,4,26,0,0,0
390642,1,1,0,0,0,0,6,0,0,0,0,0
390642,2,1,0,0,0,0,0,0,0,0,0,0
390643,1,1,15,15,15,15,15,15,15,15,15,15
390644,0,1,0,0,0,0,0,0,0,0,0,0
390644,0,2,3,3,3,3,3,3,3,3,3,3
390644,0,3,0,0,0,0,0,0,0,0,0,0
390644,2,1,0,0,0,0,0,0,0,0,0,0
390645,1,1,6,6,6,6,6,6,6,6,6,6
390646,1,1,0,0,0,0,0,0,0,0,0,0
390646,2,1,0,0,0,0,0,0,0,0,0,0
390647,1,1,0,0,0,0,0,0,0,0,0,0
390647,2,1,0,0,10,0,0,0,0,0,0,0
390648,1,1,0,0,0,0,0,0,0,18,0,0
390649,1,1,0,0,0,0,0,0,9,16,0,0
390650,1,1,0,11,8,0,0,0,0,0,4,0
390650,2,1,0,0,1,0,0,0,5,0,0,0
390651,1,1,0,0,0,0,0,0,0,0,0,0
390651,2,1,0,0,0,0,0,0,0,0,0,0
390652,1,1,0,0,0,0,0,0,0,0,0,0
390653,0,1,32,32,32,32,32,32,32,32,32,32
390653,1,1,0,0,0,0,0,0,0,15,0,0
390654,1,1,0,0,0,0,0,0,0,0,0,0
390655,1,1,0,0,0,0,0,0,0,0,0,0
390655,2,1,0,0,0,0,0,0,0,0,0,0
390655,3,1,0,0,0,0,0,0,0,0,0,0
390656,1,1,19,19,19,19,19,19,19,19,19,19
390657,1,1,34,34,34,34,34,34,34,34,34,34
390657,2,1,0,0,0,0,0,0,0,0,0,0
390658,1,1,0,0,0,0,8,0,0,0,0,0
390659,1,1,18,18,18,18,18,18,18,18,18,18
390660,1,1,0,0,0,0,0,0,0,0,0,0
390661,1,1,16,16,16,16,16,16,16,16,16,16
390662,1,1,7,7,7,7,7,7,7,7,7,7
390663,1,1,0,0,0,0,0,0,0,0,0,0
390663,2,1,0,0,0,0,0,0,0,0,0,0
390663,3,1,0,0,0,0,0,0,0,0,0,0
390665,1,1,0,0,0,0,0,0,0,0,0,0
390665,2,1,0,0,0,0,0,0,0,0,20,0
390666,1,1,22,22,22,22,22,22,22,22,22,22
390667,1,1,0,0,0,0,0,0,0,0,0,0
390667,2,1,0,0,0,0,0,0,0,0,0,0
390668,1,1,14,14,14,14,14,14,14,14,14,14
390669,1,1,0,0,0,0,0,0,0,0,0,0
390669,2,1,0,0,0,0,0,0,0,0,0,0
390670,1,1,0,0,0,0,0,0,18,0,0,17
390670,2,1,0,0,0,0,0,0,0,0,0,0
390670,3,1,0,0,0,22,0,0,0,11,0,0
390671,1,1,0,0,0,0,0,0,0,0,0,0
390671,2,1,0,0,0,0,0,0,0,0,0,0
390672,1,1,0,0,0,0,0,0,0,0,0,0
390672,2,1,0,0,10,0,0,14,14,0,0,0
390673,1,1,0,0,0,0,0,0,0,0,0,0
390674,1,1,0,0,0,0,0,0,0,0,0,0
390675,1,1,14,14,14,14,14,14,14,14,14,14
390676,1,1,0,0,0,26,0,0,0,0,0,0
390676,2,1,0,0,0,0,0,0,0,0,0,0
390677,1,1,10,0,0,0,0,0,0,0,0,0
390678,1,1,0,0,0,0,0,0,0,0,0,0
390678,2,1,0,0,0,0,0,0,0,0,0,0
390679,1,1,12,12,12,12,12,12,12,12,12,12
390680,1,1,16,16,16,16,16,16,16,16,16,16
390681,1,1,0,0,0,0,0,0,0,0,0,0
390681,2,1,0,0,0,0,0,0,0,0,0,0
390681,3,1,0,0,0,0,0,0,0,0,0,0
390681,4,1,0,0,0,0,0,0,0,0,0,6
390681,5,1,0,0,0,0,0,0,0,0,0,0
390682,1,1,23,23,23,23,23,23,23,23,23,23
390683,0,1,0,0,0,0,0,0,0,0,0,0
390683,1,1,0,0,0,0,0,0,0,0,0,0
390684,0,1,0,0,0,0,0,0,0,0,0,0
390684,1,1,12,0,0,0,0,0,0,0,0,0
390685,1,1,0,0,0,0,0,0,0,0,0,0
390686,0,1,22,22,22,22,22,22,22,22,22,22
390686,1,1,0,0,0,0,0,0,0,0,0,0
390687,1,1,0,0,0,0,16,0,0,0,0,0
390688,0,1,0,0,0,0,0,0,0,0,0,0
390688,1,1,0,0,0,25,0,0,0,0,0,0
390689,0,1,14,14,14,14,14,14,14,14,14,14
390689,1,1,0,0,0,0,0,0,0,0,0,0
390690,1,1,9,9,9,9,9,9,9,9,9,9
390690,2,1,0,0,0,0,0,0,0,0,0,0
390691,1,1,7,7,7,7,7,7,7,7,7,7
390692,1,1,0,0,0,0,0,0,0,0,0,0
390692,2,1,0,0,0,0,0,0,0,0,0,0
390693,1,1,0,0,0,0,0,0,0,0,0,0
390693,2,1,0,0,0,0,0,0,0,0,0,0
390693,3,1,0,0,0,0,0,0,0,0,0,29
390694,1,1,2,2,2,2,2,2,2,2,2,2
390695,1,1,2,2,2,2,2,2,2,2,2,2
390696,0,1,0,0,0,0,0,0,0,0,0,0
390696,1,1,0,0,0,0,0,0,0,0,0,0
390697,1,1,32,32,32,32,32,32,32,32,32,32
390698,0,1,0,0,0,0,0,0,0,0,0,0
390698,1,1,0,0,0,0,0,0,0,1,0,0
390699,1,1,0,0,0,0,0,0,0,0,0,0
390699,2,1,0,0,0,0,0,0,0,0,0,0
390699,3,1,0,0,0,0,0,0,0,0,0,0
390700,1,1,20,20,20,20,20,20,20,20,20,20
390701,1,1,0,0,0,0,0,0,0,0,0,0
390701,2,1,0,0,0,0,0,0,0,11,0,0
390702,1,1,0,0,0,0,0,0,0,0,0,0
390703,1,1,0,0,0,0,0,0,0,0,0,0
390704,1,1,0,0,0,0,0,0,0,0,0,0
390705,1,1,0,0,0,0,0,0,0,0,0,0
390705,2,1,0,0,0,0,0,0,0,0,0,0
390706,0,1,0,0,0,0,0,0,0,0,0,0
390706,1,1,0,0,0,0,0,0,0,0,25,0
390707,1,1,0,0,0,0,0,0,0,0,0,0
390707,2,1,0,0,0,0,0,0,0,0,0,0
390708,1,1,6,6,6,6,6,6,6,6,6,6
390709,0,1,0,0,0,0,0,0,0,0,0,0
390709,1,1,0,0,0,0,0,0,0,0,0,0