ST_CASE,VEH_NO,PER_NO,P1,P2,P3,P4,P5,P6,P7,P8,P9,P10
391022,1,1,0,0,0,0,0,0,0,0,0,0
391023,1,1,0,0,0,0,0,0,0,0,0,0
391023,2,1,0,0,0,0,0,0,0,0,0,0
391024,1,1,0,0,0,0,0,0,0,0,0,0
391025,1,1,7,7,7,7,7,7,7,7,7,7
391027,1,1,0,0,0,0,15,0,0,0,0,0
391028,0,1,0,0,0,0,0,0,0,0,0,0
391028,0,2,0,0,0,0,0,0,0,0,0,0
391028,1,1,0,0,0,0,0,0,0,0,0,0
391029,1,1,0,0,0,0,0,0,0,0,0,0
391030,1,1,20,20,20,20,20,20,20,20,20,20
391030,2,1,0,0,0,0,0,0,0,0,0,0
391031,1,1,0,0,0,0,0,0,0,0,0,0
391031,2,1,0,0,0,0,0,0,0,0,0,0
391031,3,1,0,0,0,0,0,0,0,0,0,0
391032,1,1,7,23,37,41,26,0,9,6,12,25
391032,2,1,0,0,0,0,0,0,0,0,0,0
391033,1,1,15,15,15,15,15,15,15,15,15,15
391034,0,1,0,0,0,0,0,0,0,0,0,0
391034,1,1,0,0,0,0,0,0,0,0,0,0
391035,1,1,0,0,0,0,0,0,0,0,0,0
391036,1,1,1,1,1,1,1,1,1,1,1,1
391037,1,1,23,23,23,23,23,23,23,23,23,23
391037,2,1,0,0,0,0,0,0,0,0,0,0
391038,0,1,9,35,17,17,17,8,26,0,5,19
391038,1,1,17,11,0,16,14,0,0,6,30,20
391039,1,1,0,0,0,0,0,0,0,0,0,0
391040,1,1,35,35,35,35,35,35,35,35,35,35
391041,0,1,0,0,0,0,0,0,0,0,0,0
391041,1,1,0,0,0,0,0,0,0,0,0,0
391042,1,1,0,0,0,0,0,0,0,0,0,0
391043,0,1,0,0,0,0,0,0,0,0,0,0
391043,1,1,31,0,0,0,0,0,0,0,0,0
391044,1,1,0,0,0,0,0,0,0,0,0,0
391045,1,1,0,0,0,0,0,0,0,0,0,0
391046,1,1,0,0,0,0,0,0,0,0,0,0
391046,2,1,0,0,0,0,0,0,0,3,12,0
391046,3,1,0,0,0,0,0,0,0,0,0,35
391046,4,1,0,0,7,8,0,0,0,2,0,0
391046,5,1,0,10,19,0,7,17,0,0,0,0
391047,1,1,15,15,15,15,15,15,15,15,15,15
391048,1,1,0,0,0,0,0,0,0,0,23,22
391048,2,1,0,0,0,0,0,0,0,0,0,0
391049,1,1,0,17,0,0,0,0,0,0,0,0
391050,0,1,0,0,0,0,0,0,0,0,0,0
391050,1,1,0,0,0,0,0,0,0,0,0,0
391051,1,1,0,0,0,0,0,0,0,0,0,0
391051,2,1,0,0,0,0,0,0,0,0,0,0
391052,1,1,0,0,0,0,0,0,0,0,0,0
391052,2,1,0,0,0,0,0,0,0,0,0,0
391052,3,1,0,0,0,0,0,0,0,0,0,0
391053,0,1,0,0,0,0,0,0,0,0,0,0
391053,1,1,0,0,0,3,0,0,16,0,0,6
391054,1,1,0,0,0,0,0,0,0,0,0,0
391054,2,1,0,0,0,0,0,0,0,0,0,0
391055,0,1,0,0,0,0,0,0,0,0,0,0
391055,1,1,0,0,0,0,0,0,0,0,0,0
391056,0,1,0,0,0,0,0,0,0,0,0,0
391056,1,1,0,0,0,5,0,0,0,0,0,0
391057,0,1,0,0,18,0,0,0,0,0,0,0
391057,1,1,0,0,0,0,0,0,0,0,0,0
391058,1,1,0,0,0,0,0,0,0,0,0,0
391060,1,1,0,0,0,0,0,0,0,0,0,0
391060,2,1,0,0,0,0,0,0,0,8,0,0
391060,3,1,0,0,0,0,0,0,0,0,0,0
391061,1,1,0,0,0,0,0,0,0,0,0,0
391061,2,1,2,2,2,2,2,2,2,2,2,2
391062,1,1,40,40,40,40,40,40,40,40,40,40
391063,1,1,0,0,0,0,0,0,0,0,0,0
391064,0,1,0,0,0,0,0,0,0,0,0,0
391064,1,1,0,0,0,0,0,0,0,0,0,0
391065,1,1,23,23,23,23,23,23,23,23,23,23
391066,1,1,0,0,0,0,0,0,0,0,0,0
391067,1,1,5,5,5,5,5,5,5,5,5,5
391068,0,1,0,0,0,0,0,0,0,0,0,0
391068,1,1,0,0,0,0,0,0,0,0,0,0
391070,1,1,0,34,0,0,0,0,0,0,0,0
391070,2,1,0,0,0,0,23,0,0,0,0,0
391071,1,1,0,0,0,0,0,0,0,0,0,0
391071,2,1,0,0,0,0,0,0,0,0,0,0
391072,1,1,0,0,0,0,0,0,0,0,0,0
391073,1,1,0,0,0,0,0,0,0,0,0,0
391073,2,1,0,0,0,0,0,0,7,0,0,0
391073,3,1,0,0,0,0,0,0,0,0,0,0
391074,1,1,18,0,10,0,0,0,0,0,0,0
391075,1,1,0,0,0,0,0,0,0,0,0,0
391075,2,1,0,0,0,0,0,0,0,0,0,0
391075,3,1,0,0,0,0,0,0,0,0,0,0
391076,1,1,0,0,0,0,0,0,0,0,0,0
391076,2,1,0,0,0,0,0,0,0,0,0,0
391077,0,1,0,0,0,0,0,0,0,0,0,0
391077,1,1,17,23,5,18,17,9,11,0,6,9
391078,0,1,19,19,19,19,19,19,19,19,19,19
391078,1,1,0,0,0,3,0,0,0,0,0,0
391079,1,1,0,0,0,0,0,0,0,0,0,0
391080,0,1,0,0,0,0,0,0,0,0,0,0
391080,0,2,28,0,0,0,0,0,0,0,0,17
391080,1,1,0,0,0,0,0,0,0,0,0,0
391080,2,1,8,30,0,0,0,0,0,0,0,0
391080,3,1,0,0,0,0,14,0,0,0,0,0
391081,1,1,16,16,16,16,16,16,16,16,16,16
391082,1,1,0,0,0,0,0,0,0,0,0,0
391082,2,1,0,0,0,0,0,0,0,0,0,0
391083,1,1,0,23,28,15,7,0,13,13,0,0
391084,1,1,5,5,5,5,5,5,5,5,5,5
391085,1,1,0,0,0,0,0,0,0,0,0,0
391085,2,1,0,0,0,0,0,0,0,0,0,0
391086,1,1,17,17,17,17,17,17,17,17,17,17
391087,1,1,0,0,0,0,0,0,0,0,0,0
391088,1,1,21,19,12,15,0,16,4,10,21,6
391088,2,1,0,0,0,0,0,0,0,0,0,0
391089,1,1,0,0,0,0,0,0,0,0,0,0
391090,1,1,0,0,0,0,0,0,0,0,0,0
391091,0,1,0,0,0,0,0,0,0,0,0,0
391091,1,1,0,0,0,0,0,0,0,0,0,0
391092,1,1,0,0,0,0,0,0,0,0,0,0
391092,2,1,0,0,0,0,0,0,0,0,0,0
391093,0,1,8,0,0,37,0,0,0,0,0,16
391093,1,1,31,0,0,0,29,0,0,0,0,0
391094,1,1,0,0,0,0,0,0,7,0,0,0
391094,2,1,29,29,29,29,29,29,29,29,29,29
391095,1,1,0,0,0,0,0,0,0,0,0,0
391095,2,1,0,0,0,0,0,0,0,0,0,0
391095,3,1,0,0,0,0,0,0,0,0,0,0
391096,1,1,0,0,0,0,0,0,0,0,0,0
391096,2,1,0,0,0,0,0,0,0,0,0,0
391097,1,1,0,0,0,0,0,0,0,0,0,0
391097,2,1,0,0,0,0,0,0,0,0,0,12
391098,0,1,0,0,0,0,0,0,0,0,0,0
391098,1,1,5,5,5,5,5,5,5,5,5,5
391099,1,1,3,3,3,3,3,3,3,3,3,3
391100,0,1,0,0,0,0,0,12,0,0,0,0
391100,1,1,0,0,0,0,0,0,0,0,0,0
400001,0,1,2,2,2,2,2,2,2,2,2,2
400001,1,1,0,0,0,0,0,0,0,0,0,0
400002,1,1,18,18,18,18,18,18,18,18,18,18
400003,1,1,0,0,0,0,0,0,0,0,0,0
400004,1,1,0,0,0,0,0,0,0,0,0,0
400004,2,1,0,0,0,0,0,0,0,0,0,0
400005,1,1,4,4,4,4,4,4,4,4,4,4
400005,2,1,0,0,0,4,0,0,0,0,0,0
400006,1,1,0,0,0,0,0,0,0,0,0,0
400006,2,1,30,30,30,30,30,30,30,30,30,30
400007,1,1,0,0,0,0,0,0,0,0,0,0
400008,1,1,0,0,0,0,0,0,0,0,0,0
400008,2,1,0,0,0,0,0,0,0,0,0,0
400009,0,1,23,23,23,23,23,23,23,23,23,23
400009,1,1,0,0,0,0,0,0,0,0,0,0
400010,1,1,0,0,0,0,0,0,0,0,0,0
400011,1,1,0,0,0,0,0,0,0,0,0,0
400011,2,1,0,0,0,0,0,0,0,0,0,0
400012,1,1,0,0,0,0,0,0,0,0,0,0
400012,2,1,0,0,0,0,0,8,0,0,0,0
400012,3,1,10,0,0,0,0,0,0,0,0,0
400013,1,1,0,0,0,0,0,0,0,0,0,0
400014,1,1,0,0,0,0,0,0,0,0,26,0
400014,2,1,0,0,0,0,0,0,0,0,0,0
400014,3,1,0,0,0,0,0,0,0,0,0,0
400015,1,1,0,0,0,0,0,0,0,0,0,0
400015,2,1,0,0,0,0,0,0,0,0,0,0
400016,1,1,22,22,22,22,22,22,22,22,22,22
400016,2,1,9,9,9,9,9,9,9,9,9,9
400017,1,1,13,13,13,13,13,13,13,13,13,13
400018,1,1,0,0,0,0,0,0,0,0,0,0
400019,1,1,0,0,0,0,0,0,0,0,0,0
400020,1,1,0,0,0,0,0,0,0,0,0,0
400020,2,1,23,23,23,23,23,23,23,23,23,23
400021,1,1,0,0,0,0,0,0,0,0,0,0
400021,2,1,0,0,0,0,0,0,0,0,0,0
400022,1,1,18,18,18,18,18,18,18,18,18,18
400023,1,1,0,0,0,0,0,0,0,0,0,0
400024,1,1,29,29,29,29,29,29,29,29,29,29
400025,1,1,24,24,24,24,24,24,24,24,24,24
400025,2,1,0,0,0,0,0,0,0,0,0,0
400026,1,1,0,0,0,0,0,0,0,0,0,0
400027,1,1,18,18,18,18,18,18,18,18,18,18
400028,1,1,11,11,11,11,11,11,11,11,11,11
400028,2,1,0,0,0,0,0,0,0,0,0,0
400029,1,1,0,0,0,0,0,0,0,0,0,0
400030,1,1,0,0,0,0,0,0,0,0,0,0
400030,2,1,0,0,0,0,0,0,0,0,0,0
400031,1,1,0,0,0,0,0,0,0,0,0,0
400031,2,1,0,0,0,0,0,0,0,0,0,0
400032,1,1,0,0,0,0,0,0,0,0,0,0
400032,2,1,0,0,0,0,0,0,0,0,0,0
400032,3,1,0,0,0,0,0,0,0,0,0,0
400033,1,1,23,23,23,23,23,23,23,23,23,23
400034,1,1,0,0,0,0,0,0,0,0,0,0
400035,1,1,19,19,19,19,19,19,19,19,19,19
400035,2,1,0,0,0,0,0,0,0,0,0,0
400036,1,1,0,0,0,0,0,0,0,0,0,0
400037,1,1,0,0,0,0,0,0,0,0,0,0
400038,1,1,0,0,0,0,0,0,0,0,0,0
400038,2,1,0,0,0,0,0,0,0,0,0,0
400039,1,1,0,0,33,0,14,0,0,0,0,0
400039,2,1,0,0,0,0,0,0,0,0,0,0
400039,3,1,0,0,0,0,0,0,0,0,27,0
400040,1,1,0,0,0,0,0,0,0,0,0,0
400041,1,1,0,0,0,0,0,0,0,0,0,0
400041,2,1,0,23,0,7,0,0,0,0,0,0
400041,3,1,0,0,0,0,17,0,0,0,0,0
400042,1,1,6,6,6,6,6,6,6,6,6,6
400043,1,1,0,0,0,0,0,0,0,0,0,0
400044,1,1,0,0,0,0,0,0,0,0,0,0
400045,0,1,0,0,0,0,0,0,0,0,0,0
400045,1,1,0,0,0,0,11,6,0,0,0,0
400046,1,1,4,4,4,4,4,4,4,4,4,4
400047,1,1,19,19,19,19,19,19,19,19,19,19
400047,2,1,0,0,0,0,0,0,0,0,0,0
400048,1,1,0,0,0,0,0,0,0,0,0,0
400049,1,1,0,0,0,0,0,0,0,0,0,0
400050,1,1,0,0,0,0,0,0,0,0,0,0
400050,2,1,0,0,0,0,0,0,0,0,0,0
400051,1,1,0,0,0,0,0,0,0,0,0,0
400051,2,1,0,0,0,0,0,0,0,0,0,0
400051,3,1,0,0,0,0,0,0,0,0,0,0
400053,0,1,0,0,0,0,0,0,0,0,0,0
400053,1,1,0,0,0,0,0,0,0,0,0,0
400054,1,1,0,0,0,0,0,0,0,0,0,0
400055,1,1,0,19,0,0,0,23,22,0,0,17
400056,1,1,0,0,0,0,0,0,0,0,0,0
400057,1,1,22,22,22,22,22,22,22,22,22,22
400058,1,1,0,0,0,0,0,0,0,0,0,0
400058,2,1,0,0,0,0,0,0,0,0,0,0
400059,1,1,0,0,0,0,0,0,0,0,0,0
400060,1,1,15,15,15,15,15,15,15,15,15,15
400061,1,1,0,0,0,0,0,0,0,0,0,0
400061,2,1,0,0,0,0,0,0,0,0,0,0
400062,1,1,0,0,0,0,0,0,0,0,0,0
400062,2,1,0,0,0,0,0,0,0,0,0,0
400063,1,1,0,0,0,0,0,0,0,0,0,0
400064,1,1,0,0,0,0,0,0,0,0,0,0
400064,2,1,0,0,0,0,0,0,0,0,0,0
400065,1,1,2,2,2,2,2,2,2,2,2,2
400066,0,1,0,0,0,0,0,0,0,0,0,0
400066,1,1,0,0,0,0,0,0,0,0,0,0
400067,0,1,0,0,0,0,0,0,0,0,0,0
400067,1,1,0,0,0,0,0,0,0,0,0,0
400068,1,1,0,0,0,0,0,0,0,0,0,0
400068,2,1,0,0,0,0,0,0,0,0,0,0
400069,1,1,0,0,0,0,0,0,0,0,0,0
400070,1,1,0,0,0,0,0,0,0,0,0,0
400070,2,1,0,0,0,0,0,0,0,0,0,0
400071,1,1,0,0,0,0,0,0,0,0,0,0
400071,2,1,22,22,22,22,22,22,22,22,22,22
400072,1,1,0,0,0,0,0,0,0,0,0,0
400072,2,1,0,0,0,0,0,0,0,0,0,0
400073,1,1,0,0,0,0,0,0,0,0,0,0
400073,2,1,0,0,0,0,0,0,0,0,0,0
400074,0,1,15,15,15,15,15,15,15,15,15,15
400074,1,1,0,10,0,0,0,0,0,0,16,0
400075,1,1,9,9,9,9,9,9,9,9,9,9
400075,2,1,0,0,0,0,0,0,0,0,0,0
400076,1,1,0,0,0,0,0,0,0,0,0,0
400076,2,1,0,0,0,0,0,0,0,0,0,0
400077,1,1,20,20,20,20,20,20,20,20,20,20
400078,1,1,20,30,25,21,11,17,14,14,36,18
400079,1,1,21,21,21,21,21,21,21,21,21,21
400080,1,1,0,0,0,0,0,0,0,0,0,0
400080,2,1,0,0,0,0,0,0,0,0,0,0
400081,1,1,0,0,0,0,0,0,0,0,0,0
400081,2,1,0,0,23,0,0,0,0,0,0,0
400082,1,1,0,0,0,0,0,0,0,0,0,0
400083,1,1,0,0,0,0,0,0,0,0,0,0
400083,2,1,0,0,0,0,0,0,0,0,0,0
400083,3,1,0,0,0,0,0,0,0,0,0,0
400084,1,1,20,20,20,20,20,20,20,20,20,20
400085,1,1,0,0,0,0,0,0,0,0,0,0
400086,1,1,0,0,0,0,0,0,0,0,0,0
400087,1,1,0,0,0,0,0,0,0,0,0,0
400087,2,1,0,0,0,0,0,0,0,0,0,0
400088,1,1,26,23,0,0,18,16,0,0,0,0
400089,1,1,27,27,27,27,27,27,27,27,27,27
400090,1,1,0,0,0,0,0,0,0,0,0,0
400090,2,1,0,0,0,0,0,0,0,0,0,0
400091,1,1,22,22,22,22,22,22,22,22,22,22
400092,1,1,0,0,0,0,0,0,0,0,0,0
400093,1,1,0,0,0,0,0,0,0,0,0,0
400094,1,1,0,0,0,0,0,0,0,0,0,0
400095,1,1,19,19,19,19,19,19,19,19,19,19
400096,1,1,0,0,0,0,0,0,0,0,0,0
400097,1,1,0,0,0,0,0,0,0,0,0,0
400097,2,1,0,0,0,0,0,0,0,0,0,0
400098,1,1,0,0,0,0,0,0,0,0,0,0
400098,2,1,0,0,0,0,0,0,0,0,0,0
400098,3,1,0,0,0,0,0,0,0,0,0,0
400098,4,1,0,0,0,0,0,0,0,0,0,0
400099,1,1,14,14,14,14,14,14,14,14,14,14
400099,2,1,0,0,0,0,0,0,0,0,0,0
400100,1,1,0,0,0,0,0,0,0,0,0,0
400100,2,1,0,0,0,0,0,0,0,0,0,0
400101,1,1,12,12,12,12,12,12,12,12,12,12
400101,2,1,0,0,0,0,0,0,0,0,0,0
400102,1,1,0,0,0,0,0,0,0,0,0,0
400102,2,1,0,0,0,0,0,0,0,0,0,0
400103,1,1,23,23,23,23,23,23,23,23,23,23
400104,1,1,0,0,0,0,0,0,0,0,0,0
400105,0,1,0,0,0,0,0,0,0,0,0,0
400105,1,1,0,0,0,15,24,0,0,0,0,0
400106,0,1,18,18,18,18,18,18,18,18,18,18
400106,1,1,0,0,0,0,0,0,0,0,0,0
400107,1,1,0,0,0,0,0,0,0,0,0,0
400107,2,1,0,0,0,0,0,0,0,0,0,0
400108,1,1,0,11,0,0,0,0,0,0,16,0
400109,1,1,0,0,0,0,0,0,0,0,0,0
400110,1,1,0,0,0,0,0,0,0,0,0,0
400110,2,1,0,0,0,0,0,0,0,0,0,0
400111,0,1,22,22,22,22,22,22,22,22,22,22
400111,1,1,0,0,0,49,0,0,0,0,0,0
400112,1,1,0,0,0,0,0,0,0,0,0,0
400112,2,1,0,0,0,0,0,0,0,0,0,0
400113,1,1,0,0,0,0,0,0,0,0,0,0
400113,2,1,0,0,0,0,0,0,0,0,0,0
400114,1,1,0,0,0,0,0,0,0,0,0,0
400114,2,1,0,0,0,0,0,0,0,0,0,0
400115,1,1,22,22,22,22,22,22,22,22,22,22
400115,2,1,20,0,0,11,0,0,0,0,0,0
400115,3,1,0,0,7,16,0,0,10,7,0,14
400116,1,1,0,0,0,0,0,0,0,0,0,0
400116,2,1,0,0,0,0,0,0,0,0,0,0
400117,1,1,24,24,24,24,24,24,24,24,24,24
400118,1,1,0,0,0,0,0,0,0,0,0,0
400118,2,1,0,0,0,0,0,5,0,0,0,0
400119,0,1,13,13,13,13,13,13,13,13,13,13
400119,0,2,12,12,12,12,12,12,12,12,12,12
400119,1,1,0,0,0,0,0,0,0,0,0,0
400120,1,1,0,10,0,14,3,0,0,0,0,0
400120,2,1,0,0,0,0,0,0,0,0,0,0
400120,3,1,0,0,0,0,0,0,0,0,0,0
400121,1,1,16,16,16,16,16,16,16,16,16,16
400122,1,1,0,0,0,0,0,0,0,0,0,0
400122,2,1,0,0,0,0,0,0,0,0,0,0
400123,1,1,24,24,24,24,24,24,24,24,24,24
400124,1,1,0,0,0,0,0,0,0,0,0,0
400125,1,1,0,0,0,0,0,0,0,0,0,0
400126,0,1,0,0,0,0,0,0,0,0,0,0
400126,1,1,0,0,0,0,0,0,0,0,0,0
400127,1,1,4,4,4,4,4,4,4,4,4,4
400128,0,1,0,0,0,0,0,0,0,0,0,0
400128,1,1,0,0,0,0,0,0,0,0,0,0
400129,1,1,9,9,9,9,9,9,9,9,9,9
400130,1,1,0,0,0,0,0,0,0,0,0,0
400130,2,1,0,0,0,0,0,0,0,0,0,0
400131,1,1,0,0,0,0,0,0,0,0,0,0
400131,2,1,0,0,0,0,0,0,0,0,0,0
400132,1,1,0,0,0,0,0,0,0,0,0,0
400132,2,1,0,0,0,0,0,0,0,0,0,0
400133,1,1,24,24,24,24,24,24,24,24,24,24
400134,1,1,22,22,22,22,22,22,22,22,22,22
400134,2,1,0,0,0,0,0,0,0,0,0,0
400135,1,1,0,0,0,0,0,0,0,0,0,0
400136,1,1,0,0,0,0,0,0,0,0,0,0
400136,2,1,0,0,0,0,0,0,0,0,0,0
400136,3,1,0,0,0,0,0,0,0,0,0,0
400137,1,1,0,0,0,0,0,0,0,0,0,0
400137,2,1,0,0,0,12,0,0,0,0,0,0
400138,0,1,35,35,35,35,35,35,35,35,35,35
400138,0,2,0,0,0,0,16,22,11,0,7,20
400138,1,1,0,0,13,0,0,0,0,0,0,0
400139,1,1,0,0,0,0,0,0,0,0,0,0
400139,2,1,0,0,0,0,0,0,0,0,0,0
400140,1,1,17,17,17,17,17,17,17,17,17,17
400140,2,1,0,0,0,0,0,0,0,0,0,0
400141,1,1,0,0,0,0,0,0,0,0,0,0
400141,2,1,0,0,0,0,0,0,0,0,0,0
400142,1,1,0,0,0,0,0,0,0,0,0,0
400143,1,1,0,0,0,0,0,0,0,0,0,0
400143,2,1,0,0,0,0,0,0,0,0,0,0
400144,1,1,0,0,0,0,0,0,0,0,0,0
400145,1,1,0,0,0,0,0,0,0,0,0,0
400145,2,1,0,0,0,0,0,0,0,0,0,0
400146,1,1,0,0,0,0,0,0,0,0,0,0
400146,2,1,0,7,0,0,0,0,0,17,0,0
400147,1,1,0,0,0,0,0,0,0,0,0,0
400148,1,1,0,0,0,0,0,0,0,0,0,0
400148,2,1,0,0,0,0,0,0,0,0,0,0
400149,1,1,0,0,0,0,0,0,0,0,0,0
400150,1,1,12,12,12,12,12,12,12,12,12,12
400151,1,1,9,9,9,9,9,9,9,9,9,9
400152,1,1,0,0,0,0,0,0,0,0,0,0
400153,1,1,20,20,20,20,20,20,20,20,20,20
400154,1,1,0,0,0,0,0,0,0,0,0,0
400154,2,1,0,0,0,0,0,0,0,0,0,0
400154,3,1,0,0,0,0,0,0,0,0,0,0
400155,1,1,0,0,0,0,0,0,0,0,0,0
400155,2,1,10,0,0,0,0,0,0,0,0,0
400156,1,1,0,0,0,0,0,0,0,0,0,0
400156,2,1,0,0,0,0,0,0,0,0,0,0
400157,1,1,0,0,0,0,0,0,0,0,0,0
400157,2,1,0,0,0,0,0,0,0,0,0,0
400158,1,1,39,39,39,39,39,39,39,39,39,39
400158,2,1,0,0,0,0,0,0,0,0,18,0
400159,1,1,0,0,0,0,0,0,0,0,0,0
400159,2,1,0,0,0,0,0,0,0,0,0,0
400160,0,1,0,31,19,0,14,0,18,32,24,25
400160,1,1,8,0,0,0,0,0,0,0,0,0
400161,1,1,18,18,18,18,18,18,18,18,18,18
400161,2,1,0,0,0,0,0,0,0,0,0,0
400162,1,1,0,0,0,0,0,0,0,0,0,0
400162,2,1,0,0,0,0,0,0,0,0,0,0
400163,1,1,0,0,0,0,0,0,0,0,0,0
400164,1,1,0,0,15,30,12,0,0,25,0,0
400165,0,1,0,0,0,0,0,0,0,0,0,0
400165,1,1,0,0,0,0,0,0,0,0,0,0
400166,1,1,0,0,0,0,0,0,0,0,0,0
400167,1,1,0,0,0,0,0,0,0,0,0,0
400168,1,1,0,0,0,0,0,0,0,0,0,0
400169,1,1,10,10,10,10,10,10,10,10,10,10
400170,1,1,14,14,14,14,14,14,14,14,14,14
400170,2,1,0,0,0,0,0,0,0,0,0,0
400171,1,1,0,0,0,0,0,0,0,0,0,0
400171,2,1,0,0,0,0,0,0,0,0,0,0
400171,3,1,0,0,0,0,0,5,0,0,0,0
400172,1,1,24,24,24,24,24,24,24,24,24,24
400173,1,1,24,24,24,24,24,24,24,24,24,24
400174,1,1,22,22,22,22,22,22,22,22,22,22
400175,1,1,20,20,20,20,20,20,20,20,20,20
400176,1,1,0,0,0,0,0,0,0,0,0,0
400177,1,1,0,0,0,0,0,0,0,0,0,0
400178,1,1,0,0,0,0,0,0,0,0,0,0
400179,1,1,0,0,0,0,0,0,0,0,0,0
400179,2,1,11,0,0,0,0,0,0,0,0,0
400180,1,1,0,0,0,0,0,0,0,0,0,0
400180,2,1,11,11,11,11,11,11,11,11,11,11
400181,1,1,0,0,0,0,0,0,0,0,0,0
400182,1,1,0,0,0,0,0,0,0,0,0,0
400182,2,1,0,0,0,0,0,0,0,0,0,0
400183,1,1,0,0,0,0,0,0,0,0,0,0
400183,2,1,0,0,0,0,0,0,0,0,0,0
400183,3,1,0,0,0,0,0,0,16,0,0,0
400184,1,1,18,18,18,18,18,18,18,18,18,18
400184,2,1,0,0,0,0,0,0,0,0,0,0
400185,1,1,3,0,29,12,31,16,11,6,6,6
400186,1,1,0,0,0,0,0,0,0,0,0,0
400187,1,1,0,0,0,0,0,0,0,0,0,0
400188,0,1,0,0,0,0,0,0,0,0,0,0
400188,1,1,0,0,0,0,0,15,0,9,0,0
400189,0,1,0,0,0,0,0,0,0,0,0,0
400189,1,1,0,0,0,0,0,0,0,0,0,0
400190,1,1,10,10,10,10,10,10,10,10,10,10
400191,1,1,0,0,0,0,0,0,0,0,0,0
400191,2,1,0,0,0,0,0,0,0,0,0,0
400192,0,1,16,16,16,16,16,16,16,16,16,16
400192,1,1,0,0,0,0,0,0,0,0,0,0
400193,1,1,0,0,0,0,0,0,0,0,0,0
400193,2,1,0,3,0,0,0,0,0,0,0,0
400193,3,1,0,0,19,0,0,0,0,0,0,10
400194,1,1,0,0,0,0,0,0,0,0,0,0
400194,2,1,0,0,0,0,0,0,0,0,0,0
400195,1,1,0,0,0,0,0,0,0,0,0,0
400196,1,1,0,0,0,0,0,0,0,0,0,0
400197,1,1,0,0,0,0,0,0,0,0,0,0
400197,2,1,0,0,0,0,0,0,0,0,0,0
400198,1,1,0,0,0,0,0,0,0,0,0,0
400199,1,1,17,17,17,17,17,17,17,17,17,17
400200,1,1,0,0,0,0,0,0,0,0,0,0
400201,1,1,0,0,20,0,23,0,0,0,0,0
400202,1,1,16,16,16,16,16,16,16,16,16,16
400203,1,1,0,0,0,0,0,0,0,0,0,0
400203,2,1,0,0,0,12,0,0,0,0,0,0
400204,0,1,0,0,0,0,0,0,0,0,0,0
400204,1,1,0,0,0,0,0,0,0,0,0,0
400205,1,1,0,0,0,0,0,0,0,0,0,0
400205,2,1,0,0,8,0,0,0,0,0,24,0
400205,3,1,0,0,0,0,0,0,0,0,0,0
400206,1,1,18,18,18,18,18,18,18,18,18,18
400207,1,1,0,0,0,0,0,0,0,0,0,0
400208,1,1,14,14,14,14,14,14,14,14,14,14
400209,1,1,0,0,0,0,0,0,0,0,0,0
400210,1,1,9,9,9,9,9,9,9,9,9,9
400211,1,1,0,0,0,0,0,0,0,0,0,0
400211,2,1,0,0,0,0,0,0,0,0,0,0
400211,3,1,0,0,0,0,0,0,0,0,0,0
400212,1,1,0,0,0,0,0,0,0,0,0,0
400212,2,1,0,0,0,0,0,0,0,0,0,0
400212,3,1,0,0,0,0,0,0,0,0,0,0
400213,1,1,0,0,0,0,0,0,0,0,0,0
400213,2,1,0,0,0,0,0,0,0,0,0,0
400214,1,1,0,0,0,0,0,0,0,0,0,0
400214,2,1,0,0,0,0,0,0,0,0,0,0
400215,1,1,0,0,0,0,0,0,0,0,0,0
400215,2,1,0,0,0,0,0,0,0,39,0,0
400215,3,1,0,0,0,0,0,0,0,0,0,0
400216,1,1,0,0,0,0,0,0,0,0,0,0
400217,1,1,0,0,0,0,0,0,0,0,0,0
400217,2,1,0,0,0,0,0,0,0,0,0,0
400217,3,1,0,0,0,0,0,0,0,0,0,0
400217,4,1,0,0,0,0,0,0,0,0,0,0
400218,1,1,0,0,0,0,0,0,0,0,0,0
400219,0,1,0,0,0,0,0,0,0,0,0,0
400219,1,1,15,15,15,15,15,15,15,15,15,15
400220,1,1,0,0,0,0,0,0,0,0,0,0
400220,2,1,0,0,0,0,0,0,0,0,0,0
400221,1,1,0,0,0,0,0,0,0,0,0,0
400221,2,1,0,0,0,0,0,0,0,0,0,0
400222,1,1,22,22,22,22,22,22,22,22,22,22
400222,2,1,0,0,0,0,0,0,0,0,0,45
400223,1,1,0,0,0,0,0,8,0,0,0,0
400224,1,1,0,0,0,0,0,0,0,0,0,0
400225,1,1,0,0,0,0,0,0,0,0,0,0
400225,2,1,0,0,0,0,0,0,0,0,0,0
400226,0,1,0,0,0,0,0,0,0,0,0,0
400226,1,1,0,0,0,0,0,0,0,0,0,0
400227,1,1,12,12,12,12,12,12,12,12,12,12
400228,1,1,0,0,0,0,0,0,0,0,0,0
400230,1,1,23,23,23,23,23,23,23,23,23,23
400231,1,1,0,0,0,0,0,0,0,0,0,0
400231,2,1,0,0,0,0,0,0,0,0,0,0
400232,0,1,0,0,0,0,0,0,0,0,0,0
400232,1,1,0,0,0,0,0,0,0,0,0,0
400232,2,1,0,0,0,0,0,0,0,0,0,0
400233,1,1,0,0,16,0,0,0,0,0,0,0
400234,1,1,0,0,0,0,0,0,0,0,0,0
400234,2,1,0,0,0,0,0,0,0,0,0,0