ST_CASE,VEH_NO,PER_NO,P1,P2,P3,P4,P5,P6,P7,P8,P9,P10
420079,2,1,0,0,0,0,0,0,0,0,0,0
420080,1,1,0,0,0,0,0,0,0,0,0,0
420080,2,1,0,0,0,0,0,0,0,0,0,0
420081,1,1,0,0,0,0,0,0,0,0,0,0
420081,2,1,0,0,0,0,0,0,0,0,0,0
420082,1,1,21,21,21,21,21,21,21,21,21,21
420083,0,1,25,25,25,25,25,25,25,25,25,25
420083,1,1,0,0,0,0,0,0,0,0,0,0
420084,0,1,0,12,0,0,46,9,0,0,4,0
420084,1,1,16,0,0,0,0,0,0,0,0,0
420085,1,1,22,22,22,22,22,22,22,22,22,22
420085,2,1,0,0,0,0,0,0,0,0,10,0
420086,1,1,0,0,0,0,0,0,0,0,0,0
420086,2,1,0,0,0,0,0,0,0,0,21,0
420087,2,1,0,0,0,0,0,0,0,0,14,0
420088,1,1,0,0,0,0,0,0,0,0,0,0
420088,2,1,0,0,0,0,0,0,0,0,0,0
420089,1,1,0,0,0,0,0,0,0,0,0,0
420089,2,1,0,0,0,0,0,0,0,9,0,0
420089,3,1,0,0,0,0,0,0,0,0,0,0
420090,1,1,0,0,4,0,0,0,0,0,0,0
420090,2,1,0,0,0,0,0,0,0,0,0,0
420091,1,1,0,0,0,0,0,0,0,8,0,0
420092,1,1,0,0,0,0,0,0,0,0,0,0
420092,2,1,0,0,14,0,0,0,0,0,0,0
420092,3,1,0,0,20,0,0,0,0,0,0,0
420093,0,1,7,7,7,7,7,7,7,7,7,7
420094,1,1,11,0,0,12,0,12,0,11,28,0
420094,2,1,0,20,10,20,13,10,9,4,3,17
420095,1,1,0,0,27,0,0,29,0,9,0,23
420096,1,1,0,0,0,0,0,0,0,0,0,0
420096,2,1,0,0,0,8,0,0,0,0,0,0
420097,0,1,0,0,0,0,0,0,0,0,0,0
420097,1,1,0,0,0,0,0,0,16,0,0,0
420098,0,1,0,23,30,0,0,17,0,0,0,8
420098,1,1,0,0,0,0,0,14,0,0,0,0
420099,0,1,6,0,0,32,0,0,0,0,0,0
420099,1,1,0,0,0,0,0,0,0,0,0,0
420100,1,1,0,0,0,0,0,0,0,0,0,0
420100,2,1,0,0,0,0,0,0,0,0,0,0
420100,3,1,0,0,0,0,0,0,0,0,0,0
420101,1,1,18,15,21,12,6,10,4,17,10,22
420102,1,1,0,0,0,0,0,0,0,0,0,0
420103,1,1,0,0,0,0,0,0,0,0,0,0
420104,1,1,12,12,12,12,12,12,12,12,12,12
420105,1,1,0,0,0,0,0,0,0,0,0,0
420106,1,1,0,0,0,0,0,0,0,0,0,0
420107,1,1,0,16,0,0,22,0,9,25,0,0
420108,1,1,17,28,31,16,0,22,34,16,3,9
420109,1,1,0,0,0,0,0,0,0,0,0,0
420110,1,1,0,0,0,0,0,0,0,0,0,0
420110,2,1,0,0,0,0,0,0,0,0,0,0
420110,3,1,0,0,0,0,0,0,0,0,0,0
420111,0,1,0,0,0,0,0,0,0,0,0,0
420111,1,1,0,0,0,0,0,0,0,0,0,0
420112,1,1,20,20,20,20,20,20,20,20,20,20
420113,1,1,16,16,16,16,16,16,16,16,16,16
420114,1,1,11,11,11,11,11,11,11,11,11,11
420115,1,1,0,0,0,0,0,0,0,0,0,0
420116,1,1,0,0,0,0,0,0,0,0,0,0
420116,2,1,0,0,0,0,0,0,0,0,0,0
420117,1,1,30,30,30,30,30,30,30,30,30,30
420117,2,1,0,0,0,0,0,0,0,0,0,0
420118,1,1,0,0,0,0,0,0,0,0,0,0
420118,2,2,0,0,0,0,0,0,0,0,0,0
420119,1,1,20,20,20,20,20,20,20,20,20,20
420120,1,1,0,0,0,0,0,0,0,0,0,0
420120,2,1,0,0,0,0,0,0,0,0,0,0
420121,1,1,0,0,0,0,0,0,0,0,0,0
420122,1,1,0,0,0,0,0,0,0,0,0,0
420123,1,1,0,0,0,0,0,0,0,0,0,0
420124,1,1,12,13,17,24,0,6,28,22,20,27
420124,2,1,0,0,0,0,0,0,0,9,0,0
420125,1,1,0,0,0,9,0,0,0,0,0,0
420126,0,1,0,0,0,0,0,0,0,0,0,0
420126,1,1,0,0,0,0,0,0,0,0,0,0
420127,1,1,0,0,35,0,0,0,0,0,19,0
420127,2,1,0,0,0,0,0,0,0,0,0,0
420127,3,1,0,0,0,0,0,0,0,0,0,0
420128,1,1,21,21,21,21,21,21,21,21,21,21
420129,1,1,14,0,0,0,2,24,0,0,17,0
420130,1,1,25,25,25,25,25,25,25,25,25,25
420130,2,1,0,0,0,0,0,0,0,0,0,0
420131,0,1,0,0,0,0,0,0,0,0,0,0
420131,1,1,0,0,0,0,0,0,0,0,0,0
420132,1,1,11,11,11,11,11,11,11,11,11,11
420133,1,1,0,0,0,0,0,0,0,9,0,0
420133,2,1,0,0,0,0,0,0,0,0,0,0
420134,1,1,0,0,0,0,0,0,0,0,0,0
420134,2,1,0,0,0,0,0,0,0,0,0,0
420135,1,1,0,0,0,0,0,0,0,0,0,0
420135,2,1,0,0,0,0,0,0,0,0,0,24
420136,0,1,0,0,0,0,0,0,0,0,0,0
420136,1,1,13,0,0,0,0,0,0,0,0,0
420137,0,1,0,0,0,0,0,0,0,0,0,0
420137,1,1,0,0,0,0,0,0,0,0,0,0
420137,2,1,0,0,0,0,0,0,0,0,0,0
420138,1,1,0,0,0,0,0,0,0,0,0,0
420138,2,1,0,0,0,0,0,0,0,0,0,0
420138,3,1,0,0,0,0,0,0,0,0,0,0
420139,1,1,0,0,0,0,0,0,0,0,0,0
420139,2,1,0,0,0,0,13,0,0,0,0,0
420140,1,1,14,11,22,30,11,0,28,29,8,17
420140,2,1,0,0,0,0,0,16,0,0,0,0
420141,0,1,0,0,0,0,0,0,0,0,0,0
420141,1,1,0,0,0,0,0,23,0,0,0,0
420142,1,1,0,0,0,0,0,0,0,0,11,0
420142,2,1,0,0,0,0,0,0,0,0,0,0
420142,3,1,0,0,0,0,0,0,0,0,0,0
420143,1,1,0,0,0,0,0,0,0,0,0,0
420144,1,1,2,13,17,18,22,21,9,15,17,16
420145,1,1,0,0,0,0,0,0,0,0,0,0
420146,1,1,0,0,0,0,0,0,0,0,0,0
420147,1,1,17,23,0,0,0,0,10,13,0,0
420148,1,1,3,18,24,15,24,11,16,23,16,19
420149,1,1,12,0,0,0,18,17,0,36,0,0
420150,0,1,0,0,0,0,0,0,0,0,0,0
420150,1,1,0,0,0,0,0,7,0,0,0,0
420151,1,1,0,0,0,0,0,0,0,0,0,0
420151,2,1,0,0,0,0,0,0,0,0,0,0
420152,1,1,16,6,0,19,18,14,17,31,21,31
420153,1,1,4,35,12,6,17,8,11,10,29,6
420154,1,1,0,0,0,0,0,0,0,0,0,0
420155,1,1,0,0,0,0,0,0,0,0,0,0
420156,1,1,0,0,0,0,0,0,25,0,0,0
420156,2,1,0,0,0,0,0,0,0,0,0,0
420156,3,1,0,0,0,0,0,0,0,0,12,0
420157,1,1,7,0,0,23,26,0,14,7,20,0
420157,2,1,0,0,0,0,0,0,0,0,0,0
420158,1,1,0,0,0,0,0,0,0,0,0,0
420159,1,1,12,12,12,12,12,12,12,12,12,12
420160,1,1,0,0,0,0,0,0,0,0,0,0
420161,1,1,0,0,0,0,0,0,0,0,0,0
420161,2,1,0,0,0,0,0,0,0,0,0,0
420162,1,1,0,0,0,0,0,0,0,0,0,0
420162,2,1,0,0,0,0,0,0,0,0,0,0
420163,1,1,0,32,0,0,0,0,0,0,17,0
420163,2,1,13,0,0,0,6,0,0,0,22,0
420164,1,1,11,11,11,11,11,11,11,11,11,11
420165,1,1,15,15,15,15,15,15,15,15,15,15
420166,1,1,0,0,0,0,0,0,0,0,0,0
420167,1,1,24,19,12,15,13,9,29,24,17,19
420167,2,1,0,0,0,0,0,0,0,0,0,0
420168,0,1,12,12,12,12,12,12,12,12,12,12
420168,1,1,0,9,0,5,0,0,0,0,0,0
420169,0,1,0,0,0,0,0,0,0,0,0,0
420169,1,1,0,0,0,0,0,0,27,0,0,0
420170,1,1,15,15,15,15,15,15,15,15,15,15
420171,1,1,0,0,0,0,0,0,0,0,0,0
420172,0,1,0,0,0,0,0,0,0,0,0,0
420172,2,1,0,0,0,0,0,0,0,0,0,0
420172,3,1,0,22,0,0,0,0,0,0,0,9
420173,1,1,0,0,0,0,0,0,0,0,0,0
420173,2,1,0,0,0,0,0,0,0,0,0,0
420174,0,1,9,9,9,9,9,9,9,9,9,9
420174,1,1,0,0,0,0,0,0,0,0,0,0
420174,2,1,0,9,0,0,0,0,0,0,0,0
420175,1,1,0,0,0,0,0,0,0,0,0,0
420176,1,1,17,0,34,0,14,9,0,13,38,0
420177,1,1,0,0,0,0,0,0,0,0,0,0
420178,1,1,0,0,0,0,0,0,0,0,0,0
420179,1,1,0,0,0,0,0,0,0,0,0,0
420180,0,1,0,0,0,0,0,0,0,0,0,0
420180,1,1,0,0,0,0,0,17,0,0,0,0
420180,2,1,0,0,0,0,0,0,0,0,0,0
420181,1,1,0,0,0,0,0,0,0,0,0,0
420182,1,1,16,16,16,16,16,16,16,16,16,16
420183,1,1,11,11,11,11,11,11,11,11,11,11
420184,1,1,0,0,0,0,0,0,0,0,0,0
420185,1,1,0,0,0,0,0,0,0,0,0,0
420186,1,1,0,0,0,0,0,0,0,6,0,0
420187,1,1,0,0,0,0,0,0,0,0,24,0
420188,1,1,0,0,0,0,0,0,0,0,0,0
420189,1,1,0,0,0,0,0,0,0,0,0,0
420189,2,1,0,0,0,0,0,0,0,0,0,0
420190,0,1,0,0,0,0,0,0,0,0,0,0
420190,1,1,0,0,0,0,0,0,0,0,0,0
420191,1,1,0,0,0,0,0,0,0,0,0,0
420192,1,1,30,30,30,30,30,30,30,30,30,30
420193,0,1,0,0,0,0,24,0,0,0,0,0
420193,1,1,0,0,0,0,27,0,0,0,0,0
420194,0,1,10,0,0,0,0,0,0,0,0,0
420194,1,1,27,0,0,0,0,0,0,0,0,0
420195,1,1,31,31,31,31,31,31,31,31,31,31
420196,1,1,24,16,24,16,6,9,15,4,12,10
420197,1,1,17,15,0,16,0,20,5,0,30,0
420198,1,1,0,0,0,0,0,0,0,0,0,0
420198,2,1,0,0,0,0,0,0,0,0,0,0
420199,1,1,15,15,15,15,15,15,15,15,15,15
420200,0,1,12,5,16,22,9,20,15,41,26,20
420200,1,1,13,0,7,0,0,0,14,0,0,0
420201,1,1,0,0,0,0,0,0,0,0,0,0
420202,0,1,0,0,0,0,0,0,0,0,0,0
420202,1,1,0,0,8,0,8,19,0,0,0,0
420203,0,1,0,0,0,0,0,0,0,0,0,0
420203,0,2,0,0,0,0,0,0,0,0,0,0
420203,0,3,0,0,0,0,0,0,0,0,0,0
420203,1,1,0,0,0,0,0,0,0,0,0,0
420204,1,1,0,0,0,0,0,0,0,0,0,0
420205,1,1,0,0,0,0,0,0,0,0,0,0
420206,1,1,0,0,0,0,0,0,0,0,0,0
420206,2,1,28,28,28,28,28,28,28,28,28,28
420207,0,1,0,0,0,0,0,0,0,0,0,0
420207,1,1,0,0,5,0,0,13,0,0,20,0
420208,1,1,7,34,21,28,28,15,27,12,30,10
420209,0,1,0,0,0,0,0,0,0,0,0,0
420209,1,1,0,0,0,0,0,0,0,0,0,0
420210,1,1,21,22,15,4,19,19,17,19,42,0
420210,2,1,0,0,0,0,0,0,0,0,0,0
420211,1,1,0,0,0,0,0,0,0,0,0,0
420211,2,1,0,0,0,0,0,0,0,0,0,0
420212,1,1,0,0,0,0,0,0,0,0,0,0
420212,2,1,0,0,0,0,27,0,0,0,0,0
420213,1,1,0,0,0,0,0,0,0,23,0,0
420213,2,1,0,0,0,0,0,0,0,0,0,0
420213,3,1,0,0,0,0,0,0,0,0,0,0
420214,1,1,0,0,0,0,0,0,0,0,0,0
420214,2,1,0,0,0,0,0,0,0,0,0,0
420215,1,1,20,21,24,19,18,10,21,13,20,11
420215,2,1,0,3,0,0,21,0,0,0,0,0
420216,1,1,0,0,0,0,0,0,0,0,0,0
420216,2,1,0,0,0,0,0,0,0,0,0,0
420217,1,1,0,16,11,0,0,0,0,0,0,0
420217,2,1,19,0,0,0,0,0,0,0,0,0
420218,1,1,0,0,0,0,0,0,0,0,0,0
420218,2,1,0,0,0,17,0,0,0,0,0,0
420219,1,1,0,0,0,0,0,0,0,0,0,0
420219,2,1,0,0,13,0,0,0,0,0,0,0
420220,1,1,0,0,0,0,0,0,0,0,0,0
420220,2,1,0,0,0,0,0,8,10,0,0,0
420221,0,1,0,0,0,0,0,0,0,0,0,0
420221,1,1,0,0,0,4,0,0,0,0,0,0
420222,1,1,0,0,0,0,0,0,0,0,0,0
420223,1,1,15,15,15,15,15,15,15,15,15,15
420224,1,1,0,0,0,0,0,0,0,0,0,0
420224,2,1,0,0,0,0,0,0,0,0,0,0
420225,1,1,9,9,9,9,9,9,9,9,9,9
420226,1,1,23,23,23,23,23,23,23,23,23,23
420227,1,1,18,18,18,11,37,16,19,29,19,15
420228,1,1,0,0,0,0,0,0,0,0,0,0
420229,1,1,0,0,0,0,0,0,0,0,0,0
420229,2,1,0,0,0,0,0,0,0,0,0,0
420230,1,1,0,0,0,0,0,0,0,0,0,0
420230,2,1,0,0,0,17,0,0,0,0,0,0
420231,1,1,0,0,0,0,0,0,0,0,0,0
420231,2,1,0,0,0,0,0,0,0,0,0,0
420232,1,1,0,0,0,0,0,0,9,0,0,0
420233,1,1,41,41,41,41,41,41,41,41,41,41
420234,1,1,12,0,0,0,0,0,0,13,0,0
420235,0,1,27,0,0,0,36,0,0,0,0,20
420235,1,1,0,0,0,0,12,0,0,0,0,0
420236,1,1,17,22,29,18,13,8,12,18,0,15
420237,1,1,0,0,0,0,14,0,0,0,0,0
420237,2,1,9,0,17,15,0,0,0,0,0,0
420238,1,1,0,0,0,0,0,0,0,0,0,0
420238,2,1,0,0,0,0,0,0,0,0,0,14
420239,1,1,0,0,0,0,0,0,0,0,0,0
420239,2,1,0,0,0,0,8,0,0,0,0,0
420239,3,1,1,1,1,1,1,1,1,1,1,1
420240,1,1,26,26,26,26,26,26,26,26,26,26
420241,1,1,0,0,0,0,0,0,0,0,0,0
420241,2,1,0,0,0,0,0,0,0,8,0,0
420242,1,1,0,0,0,0,0,0,0,0,0,0
420242,2,1,0,0,0,0,0,0,0,0,0,0
420243,1,1,0,0,0,0,0,0,0,0,0,0
420243,2,1,0,0,0,0,0,0,0,0,0,0
420244,1,1,0,20,0,0,0,0,0,0,0,0
420245,1,1,0,0,0,0,0,0,0,0,0,0
420246,1,1,0,0,0,0,0,0,0,0,0,0
420246,2,1,0,0,0,0,0,0,0,0,0,0
420247,1,1,0,0,0,0,0,0,0,0,0,0
420248,1,1,4,0,16,0,0,12,15,0,16,12
420249,1,1,17,17,17,17,17,17,17,17,17,17
420250,1,1,0,0,5,0,25,0,0,0,0,0
420251,1,1,22,22,22,22,22,22,22,22,22,22
420252,0,1,0,0,0,0,0,0,0,0,0,0
420252,1,1,0,13,0,0,0,20,0,0,0,0
420253,1,1,0,0,0,0,0,0,0,0,0,0
420253,2,1,11,11,11,11,11,11,11,11,11,11
420254,1,1,0,20,0,5,0,0,0,0,0,0
420255,1,1,0,0,0,0,0,0,0,0,0,0
420255,2,1,0,0,0,0,0,0,0,0,0,0
420256,1,1,15,0,9,14,31,0,8,15,0,0
420256,2,1,0,0,0,0,0,0,0,0,0,0
420257,1,1,26,5,19,26,15,0,8,0,18,25
420258,1,1,0,0,0,0,0,0,0,0,0,0
420258,2,1,0,0,0,0,0,0,0,0,0,0
420259,1,1,9,9,9,9,9,9,9,9,9,9
420260,1,1,0,0,0,0,0,0,0,0,0,0
420261,1,1,0,0,0,0,0,0,0,0,0,0
420262,1,1,15,22,27,0,7,22,23,30,10,11
420263,0,1,0,0,0,0,0,0,0,0,0,0
420263,1,1,0,0,0,0,0,0,0,0,0,0
420265,1,1,11,8,17,8,19,23,14,13,37,31
420266,1,1,0,0,0,0,0,0,0,0,0,0
420267,1,1,18,18,18,18,18,18,18,18,18,18
420268,1,1,0,0,0,0,0,0,0,0,0,0
420268,2,1,0,0,0,0,0,0,0,0,0,0
420269,1,1,0,0,0,0,0,0,0,0,0,0
420270,1,1,0,0,0,0,0,0,0,0,0,0
420271,1,1,15,9,23,11,16,31,25,22,8,24
420272,1,1,25,25,25,25,25,25,25,25,25,25
420273,1,1,15,15,15,15,15,15,15,15,15,15
420274,1,1,0,0,0,0,22,0,0,5,7,0
420274,2,1,0,0,0,0,0,0,0,0,0,0
420275,0,1,0,0,0,0,0,0,0,0,0,0
420275,1,1,0,0,0,0,0,0,0,0,0,0
420276,1,1,18,18,18,18,18,18,18,18,18,18
420277,1,1,0,0,0,0,0,0,0,0,0,0
420278,1,1,16,16,16,16,16,16,16,16,16,16
420279,0,1,17,18,46,15,23,18,10,38,9,34
420279,1,1,15,27,5,17,5,18,28,24,22,14
420280,1,1,0,0,0,0,0,0,0,0,0,0
420280,2,1,0,0,0,0,0,0,0,0,0,0
420281,1,1,0,0,0,0,0,0,0,0,0,0
420281,2,1,0,0,0,0,0,0,0,0,0,0
420282,1,1,23,23,23,23,23,23,23,23,23,23
420283,1,1,19,18,38,14,14,25,11,14,25,12
420284,1,1,0,0,0,0,0,0,0,6,0,0
420284,2,1,0,0,0,0,0,0,0,0,0,0
420285,1,1,9,0,0,0,0,0,15,0,22,0
420285,2,1,0,0,17,10,0,0,0,8,0,0
420286,1,1,0,0,0,0,0,0,0,0,0,0
420286,2,1,0,0,0,0,0,0,0,0,0,0
420287,1,1,4,20,25,16,32,42,25,13,22,9
420288,1,1,10,6,10,24,30,21,49,10,14,17
420289,1,1,0,0,0,0,0,0,0,0,0,0
420290,1,1,10,10,10,10,10,10,10,10,10,10
420291,1,1,30,30,30,30,30,30,30,30,30,30
420292,0,1,26,0,0,24,0,0,0,0,0,0
420292,1,1,11,11,11,11,11,11,11,11,11,11
420292,3,1,17,0,0,0,0,0,0,0,0,0
420292,4,1,0,0,0,17,0,0,0,0,0,0
420293,1,1,19,0,0,0,0,0,0,0,13,0
420295,0,1,0,0,0,0,0,0,0,0,0,0
420295,1,1,0,0,0,0,0,0,0,0,0,0
420296,1,1,0,0,0,0,0,0,0,0,0,0
420297,0,1,0,0,0,0,0,0,0,0,0,0
420297,1,1,0,0,0,0,0,0,0,0,0,0
420298,0,1,0,0,23,0,0,0,0,0,0,0
420298,1,1,0,0,0,0,0,0,0,0,0,0
420299,1,1,30,22,16,12,23,4,20,11,8,19
420300,0,1,0,0,0,0,0,0,0,0,0,0
420300,1,1,0,0,0,0,0,0,0,0,0,0
420301,0,1,37,37,37,37,37,37,37,37,37,37
420301,1,1,0,0,0,0,0,0,0,0,0,0
420302,0,1,1,1,1,1,1,1,1,1,1,1
420302,1,1,1,1,1,1,1,1,1,1,1,1
420303,1,1,0,23,0,15,0,0,21,0,15,6
420303,2,1,0,0,27,0,0,0,0,0,0,0
420304,1,1,0,0,0,0,0,0,0,0,0,0
420304,2,1,0,0,0,0,0,0,0,0,0,0
420305,1,1,27,7,25,5,15,23,6,34,23,17
420306,1,1,0,0,0,13,0,0,0,0,0,0
420307,1,1,0,0,0,0,25,0,0,0,0,0
420308,1,1,0,0,8,0,0,0,0,0,0,0
420308,2,1,0,0,0,0,0,0,0,0,0,0
420309,1,1,15,23,17,13,11,25,0,18,22,32
420309,2,1,0,0,0,0,0,0,0,0,0,0
420310,1,1,0,0,0,0,0,0,0,0,0,0
420310,2,1,0,0,0,0,0,0,0,0,0,0
420311,1,1,0,0,0,0,0,0,0,0,0,0
420311,2,1,0,0,0,0,0,0,0,0,0,0
420312,1,1,0,21,0,0,0,0,0,0,0,0
420313,1,1,0,0,0,0,0,0,0,0,0,0
420313,2,1,0,0,0,0,0,6,0,0,0,0
420313,3,1,0,0,0,0,0,0,0,0,0,0
420314,1,1,14,0,0,0,0,0,11,0,0,0
420315,1,1,10,24,0,18,22,9,0,0,7,12
420316,1,1,0,0,0,0,0,0,0,0,0,0
420317,1,1,0,0,0,0,0,0,0,6,0,0
420318,1,1,2,2,2,2,2,2,2,2,2,2
420319,0,1,0,0,0,0,0,0,0,0,0,0
420319,1,1,0,0,0,0,0,0,0,0,0,0
420320,0,1,0,0,0,0,0,0,0,0,0,0
420320,1,1,5,5,5,5,5,5,5,5,5,5
420320,2,1,0,0,0,16,21,0,0,0,0,0
420321,1,1,0,0,0,0,0,0,0,0,0,0
420321,2,1,0,0,0,0,0,0,0,0,0,0
420322,1,1,0,0,0,0,0,0,0,0,0,0
420322,2,1,0,0,19,0,0,0,0,0,0,0
420322,3,1,0,0,0,0,0,0,0,0,0,0
420322,4,1,0,0,0,0,0,0,0,0,0,0
420323,1,1,0,0,0,0,0,0,0,0,0,0
420323,2,1,0,0,0,12,0,0,0,0,0,0
420324,1,1,0,0,0,11,17,11,8,2,10,6
420324,2,1,0,0,26,0,0,0,12,0,0,0
420324,3,1,0,19,0,0,0,0,0,0,0,0
420325,1,1,0,0,0,0,0,0,0,0,0,0
420326,1,1,0,0,0,0,0,0,0,0,0,0
420326,2,1,0,0,0,0,0,0,0,0,0,0
420327,1,1,0,0,0,0,0,0,0,0,0,0
420327,2,1,0,0,0,0,0,0,0,0,0,0
420327,3,1,0,0,0,0,0,0,0,0,0,0
420328,1,1,17,11,26,25,13,8,18,20,6,27
420329,1,1,0,0,0,0,7,0,0,0,0,0
420330,1,1,19,19,19,19,19,19,19,19,19,19
420330,2,1,0,0,0,0,6,0,0,0,0,0
420331,1,1,0,0,0,0,0,0,0,0,0,0
420331,2,1,0,0,0,0,0,0,0,0,0,0
420332,1,1,0,24,0,0,0,0,0,24,0,0
420333,1,1,0,0,0,0,0,0,0,0,0,0
420334,0,1,0,0,0,0,0,0,0,0,0,0
420334,1,1,0,0,18,0,0,0,25,0,0,0
420335,1,1,0,0,0,0,0,0,0,0,0,0
420335,2,1,0,0,0,0,0,0,0,0,0,0
420336,1,1,5,5,5,5,5,5,5,5,5,5
420336,2,1,0,0,0,0,8,0,0,0,0,0
420337,1,1,0,0,0,0,0,0,0,0,0,0
420337,2,1,0,0,0,0,0,0,0,0,0,0
420338,1,1,28,20,36,17,5,19,8,22,28,19
420339,1,1,15,0,0,0,6,12,0,0,18,12
420339,2,1,23,12,22,0,20,13,19,22,7,11
420340,1,1,0,0,26,0,0,0,0,6,0,19
420340,2,1,0,0,0,0,0,0,0,0,0,0
420341,1,1,0,0,0,0,0,0,0,0,0,0
420342,1,2,0,0,10,0,0,0,0,0,0,0
420343,1,1,0,0,0,0,0,0,0,0,0,0
420343,2,1,0,0,0,0,0,0,0,0,0,0
420344,1,1,10,10,10,10,10,10,10,10,10,10
420345,1,1,0,0,0,10,0,0,0,0,0,0
420346,1,1,15,15,15,15,15,15,15,15,15,15
420347,1,1,5,19,18,0,51,0,17,0,0,0
420348,1,1,0,0,0,0,13,0,29,0,0,0
420349,0,1,0,0,0,0,0,0,0,0,0,0
420349,1,1,11,0,0,0,0,0,0,0,0,0
420350,1,1,13,13,13,13,13,13,13,13,13,13
420351,1,1,30,25,20,20,13,22,33,15,21,14
420352,1,1,0,0,20,0,0,0,0,0,0,0
420353,1,1,0,0,0,0,31,13,0,26,0,0
420354,1,1,10,0,0,22,0,0,32,0,0,0
420355,1,1,0,19,0,0,15,16,0,0,0,0
420356,1,1,0,0,0,0,0,0,0,0,0,0
420357,0,1,31,31,31,31,31,31,31,31,31,31
420357,1,1,10,10,10,7,18,16,11,8,16,6
420358,0,1,14,23,7,13,22,34,4,11,12,19
420358,1,1,0,0,0,0,0,0,0,0,0,0
420358,2,1,0,0,0,0,0,0,0,0,0,0
420359,1,1,0,0,0,0,0,0,0,0,0,0
420360,1,1,0,0,0,0,0,0,0,0,0,0
420360,2,1,0,0,0,0,0,0,0,0,0,0
420361,1,1,0,0,0,0,0,0,0,0,0,0
420362,1,1,0,0,0,13,0,0,0,0,0,0
420362,2,1,0,0,0,0,0,0,0,0,0,0
420363,1,1,0,0,0,0,0,0,0,0,0,0
420363,2,2,17,0,0,0,0,0,0,0,0,0
420364,1,1,10,27,0,19,12,25,0,8,0,10
420365,1,1,0,0,0,0,0,22,0,0,0,0
420365,2,1,0,0,0,0,0,0,0,0,0,0
420366,1,1,0,0,0,29,0,0,0,0,0,9
420366,2,1,0,0,0,0,0,0,0,6,0,0
420367,1,1,0,0,0,0,0,0,3,0,0,0
420367,2,1,0,0,0,0,0,5,0,0,0,0
420368,1,1,0,0,0,0,0,0,0,0,0,0
420368,2,1,0,0,0,0,0,0,0,0,0,0
420369,1,1,12,8,4,8,14,13,6,4,16,13
420369,2,1,0,0,0,0,0,0,0,0,0,0
420370,1,1,0,0,0,16,0,21,0,0,0,0
420370,2,1,0,0,0,0,0,0,0,0,0,0
420371,1,1,19,0,0,0,0,0,0,0,0,0
420371,2,1,0,0,0,0,0,0,0,0,0,0
420372,1,1,0,0,0,0,0,0,0,0,0,0
420372,2,1,0,18,18,0,0,0,0,0,18,0
420373,1,1,0,0,0,0,0,0,0,0,0,0
420373,2,1,0,0,0,0,0,0,0,0,23,0
420374,1,1,0,0,0,0,0,0,0,0,0,0
420374,2,1,0,0,0,0,0,0,0,0,0,0
420375,1,1,0,0,0,0,0,0,0,0,0,0
420375,2,1,0,0,0,0,0,0,0,0,0,0
420376,0,1,0,17,13,0,0,0,0,0,17,0
420376,1,1,0,0,14,0,21,0,0,0,21,0
420377,1,1,0,0,0,0,0,0,0,0,0,0
420377,2,1,0,0,0,0,0,0,0,0,0,0
420378,1,1,0,0,0,0,0,0,0,0,0,0
420378,2,1,0,0,0,0,0,0,0,0,0,0
420379,1,1,6,12,5,9,11,29,16,14,14,18
420380,1,1,0,16,0,0,0,0,0,0,0,0
420380,2,1,0,0,0,0,0,0,0,0,0,0
420380,3,1,0,0,0,0,0,0,0,0,0,0
420381,1,1,0,0,0,8,0,0,6,0,0,0
420382,1,1,0,0,0,0,0,0,0,0,0,0
420383,0,1,31,0,0,0,0,0,0,0,10,0
420383,1,1,35,10,0,0,0,0,0,0,0,0
420384,1,1,0,0,0,0,0,0,0,0,0,0
420384,2,1,0,0,7,0,0,0,0,0,0,0
420385,1,1,15,0,0,26,0,0,13,16,0,16
420386,1,1,0,0,0,0,0,0,0,0,0,0
420386,2,1,0,0,0,0,0,0,0,0,0,0
420386,3,1,0,0,0,0,15,13,57,0,0,12
420387,1,1,15,0,10,0,0,0,0,0,0,0
420387,2,1,0,0,0,0,0,0,0,0,0,0
420388,0,1,0,0,0,0,0,0,0,0,0,0
420388,1,1,0,0,11,0,0,0,15,0,15,14
420389,1,1,34,34,34,34,34,34,34,34,34,34
420390,1,1,0,0,0,0,0,0,0,0,0,0
420391,1,1,0,0,0,0,0,0,0,0,0,0
420392,1,1,9,14,0,0,0,0,0,27,18,25
420393,0,1,0,9,23,0,0,13,31,13,0,0
420393,1,1,0,0,0,0,0,0,6,0,0,0
420394,1,1,18,18,18,18,18,18,18,18,18,18
420395,1,1,0,0,0,0,0,0,0,20,0,0
420395,2,1,0,0,0,0,0,0,0,0,0,0
420395,3,1,0,0,0,0,0,0,0,0,0,0
420395,4,1,0,0,0,16,0,12,0,0,0,0
420396,1,1,0,0,0,0,0,0,0,0,0,0
420396,2,1,8,8,8,8,8,8,8,8,8,8
420397,0,1,16,16,16,16,16,16,16,16,16,16
420397,1,1,11,0,0,0,0,0,0,0,0,0
420398,1,1,0,0,0,0,0,0,0,0,0,0