ST_CASE,VEH_NO,PER_NO,P1,P2,P3,P4,P5,P6,P7,P8,P9,P10
420398,2,1,0,0,0,0,0,0,0,0,0,0
420399,1,1,23,22,9,16,11,17,21,6,19,18
420399,2,1,0,0,0,0,0,0,12,15,0,28
420399,3,1,18,14,19,16,25,12,18,15,23,14
420400,1,1,0,12,0,18,0,0,0,16,0,0
420401,1,1,0,0,0,0,31,0,0,0,0,0
420401,2,2,0,0,0,0,0,0,0,0,0,0
420402,1,1,0,0,0,0,0,0,0,0,0,0
420402,2,1,0,0,0,0,0,0,0,27,0,0
420403,1,1,8,0,0,0,0,21,0,0,8,0
420404,1,1,0,0,0,0,0,0,0,0,0,0
420405,1,1,8,8,8,8,8,8,8,8,8,8
420406,1,1,9,9,9,9,9,9,9,9,9,9
420407,1,1,0,0,0,0,0,0,0,0,0,0
420408,1,1,0,0,0,0,0,0,0,0,0,0
420409,1,1,0,0,0,0,0,0,0,0,0,0
420409,2,1,0,0,0,0,0,0,0,0,0,0
420410,1,1,0,0,0,9,0,0,0,30,0,0
420411,1,1,0,42,0,0,0,0,0,0,0,0
420412,1,1,0,0,0,0,0,0,0,0,0,0
420412,2,1,0,0,0,0,0,0,0,0,0,0
420413,1,1,0,0,0,0,0,0,0,0,0,0
420414,0,1,37,46,0,32,0,0,0,0,0,0
420414,1,1,0,0,0,0,0,0,0,0,0,0
420415,0,1,0,0,0,0,0,0,0,0,0,0
420415,1,1,0,0,0,0,0,3,0,0,0,0
420416,1,1,0,0,0,0,0,0,0,0,0,0
420416,2,1,0,0,17,0,0,0,0,0,14,0
420416,3,1,0,0,0,0,0,0,0,0,0,0
420416,4,1,0,0,0,0,0,0,0,0,0,0
420417,1,1,19,19,19,19,19,19,19,19,19,19
420418,1,1,0,0,0,0,0,0,0,0,0,0
420419,1,1,0,0,0,0,0,0,0,0,10,0
420419,2,1,0,0,0,0,0,0,0,0,0,0
420420,1,1,0,0,0,0,0,0,0,0,0,0
420420,2,1,0,0,0,0,0,0,0,0,0,0
420421,1,1,20,20,20,20,20,20,20,20,20,20
420422,1,1,0,19,0,0,11,0,0,32,17,0
420422,2,1,0,0,0,0,0,0,0,0,0,0
420423,1,1,0,0,0,0,0,0,0,0,0,0
420423,2,1,0,0,0,0,0,0,0,0,0,0
420424,1,1,0,0,0,0,0,0,0,0,0,0
420424,2,1,26,0,0,0,0,0,0,0,0,0
420424,3,1,0,0,0,0,0,28,0,0,0,0
420425,0,1,0,0,14,0,0,0,0,29,0,0
420425,1,1,3,0,7,12,18,0,16,17,29,0
420425,2,1,0,0,0,0,0,0,0,0,0,0
420426,1,1,14,14,14,14,14,14,14,14,14,14
420427,1,3,19,19,19,19,19,19,19,19,19,19
420428,1,1,0,0,0,0,0,0,0,0,0,0
420429,1,1,0,0,0,0,0,0,0,0,0,0
420430,1,1,0,0,0,0,0,20,0,0,11,0
420430,2,1,0,0,0,0,0,0,0,0,0,0
420431,0,1,0,0,0,0,0,0,6,0,0,0
420431,1,1,0,0,0,0,0,0,0,0,0,0
420431,2,1,0,0,0,0,0,0,0,0,0,0
420432,1,1,0,0,27,0,0,17,0,0,0,0
420433,1,1,0,0,0,0,0,0,0,0,0,0
420433,2,1,0,18,0,0,0,0,0,0,0,0
420434,1,1,0,0,0,0,0,0,0,0,7,0
420435,1,1,0,0,0,0,0,0,0,0,0,0
420436,1,1,0,0,0,0,0,0,0,0,0,0
420437,1,1,0,0,0,0,0,0,13,0,0,0
420438,1,1,0,0,0,0,0,0,0,0,0,0
420439,1,1,0,0,0,0,0,0,0,0,0,0
420440,1,1,24,24,24,24,24,24,24,24,24,24
420441,0,1,22,22,22,22,22,22,22,22,22,22
420441,1,1,0,0,0,0,0,0,0,0,0,0
420442,0,1,0,0,17,0,0,0,0,0,0,0
420442,1,1,19,9,15,0,7,22,25,22,13,10
420443,0,1,0,13,0,18,0,0,0,0,0,0
420443,1,1,0,0,15,0,0,0,0,0,0,0
420444,1,1,0,0,0,0,0,0,0,0,0,0
420445,1,1,0,0,0,0,0,0,0,0,0,0
420446,0,1,0,0,0,0,0,0,0,0,0,0
420446,1,1,0,0,0,0,8,0,0,0,0,0
420447,0,1,0,0,61,0,0,0,0,0,0,19
420447,1,1,0,7,0,0,0,0,0,0,0,0
420448,1,1,24,24,24,24,24,24,24,24,24,24
420449,1,1,20,11,20,18,12,15,25,16,22,14
420449,2,1,28,8,6,14,6,8,19,29,15,14
420450,1,1,22,22,22,22,22,22,22,22,22,22
420451,1,1,0,0,0,0,0,0,0,0,0,0
420451,2,1,0,0,0,0,0,0,0,0,0,0
420452,1,1,0,0,0,0,0,0,0,0,0,0
420452,2,1,0,0,0,0,0,0,0,10,0,0
420453,1,1,0,0,0,0,0,0,0,0,0,0
420453,2,1,0,0,0,0,0,0,0,0,0,0
420454,1,1,17,17,17,17,17,17,17,17,17,17
420454,2,1,1,1,1,1,1,1,1,1,1,1
420455,1,1,0,0,0,0,0,0,23,0,0,0
420456,1,1,0,0,18,0,8,0,0,0,6,20
420456,2,1,13,0,0,0,0,0,0,0,0,0
420456,3,1,8,0,0,11,0,0,0,0,7,0
420457,0,1,0,0,0,0,0,0,0,0,0,0
420457,1,1,0,0,0,0,0,0,0,0,0,0
420458,0,1,38,4,15,29,21,29,15,32,15,36
420458,1,1,0,0,0,0,0,0,0,10,0,0
420459,0,1,0,0,0,0,0,11,0,0,0,0
420459,1,1,0,0,0,0,0,0,0,0,0,0
420460,0,1,24,24,24,24,24,24,24,24,24,24
420460,1,1,0,0,0,0,0,0,0,17,0,0
420461,1,1,0,0,0,0,0,0,0,0,0,0
420461,2,1,0,0,0,0,0,0,0,27,13,6
420462,1,1,0,0,0,0,0,0,0,0,0,0
420463,1,1,0,0,0,0,0,0,0,0,0,0
420463,2,1,0,0,0,0,0,0,0,0,0,0
420464,1,1,0,0,0,0,0,0,0,0,0,0
420464,2,1,13,11,6,14,6,10,15,11,5,13
420465,1,1,0,0,0,0,0,0,0,0,0,0
420465,2,1,0,0,0,0,0,0,0,0,0,0
420466,1,1,24,24,24,24,24,24,24,24,24,24
420467,1,1,2,2,2,2,2,2,2,2,2,2
420468,1,1,14,14,14,14,14,14,14,14,14,14
420469,1,1,25,25,25,25,25,25,25,25,25,25
420470,1,1,9,21,38,0,7,2,13,16,25,18
420471,0,1,0,0,0,0,0,0,0,0,0,0
420471,0,2,0,0,0,0,0,9,0,20,0,0
420471,0,3,0,0,0,0,0,0,0,0,0,0
420471,1,1,0,0,0,0,0,0,0,0,0,0
420472,1,1,0,0,0,0,0,0,0,0,0,0
420473,1,1,0,0,0,0,0,0,0,0,0,0
420473,2,1,0,0,0,0,0,0,5,0,0,0
420474,1,1,0,0,0,0,0,0,0,0,0,0
420474,2,1,0,0,0,0,0,0,0,0,0,0
420475,1,1,0,0,0,0,0,0,0,0,0,0
420475,2,1,0,0,0,0,0,0,0,0,0,0
420476,1,1,0,0,0,0,0,0,0,0,0,0
420477,0,1,0,0,0,0,0,0,0,0,0,0
420477,1,1,0,0,0,0,18,5,0,0,0,0
420478,0,1,0,0,6,0,0,0,0,33,0,0
420478,1,1,0,0,0,0,0,0,0,0,0,0
420479,0,1,0,0,0,0,0,0,0,0,0,0
420479,1,1,0,0,0,0,0,0,0,0,0,0
420480,1,1,17,17,17,17,17,17,17,17,17,17
420481,1,1,0,0,0,0,0,0,0,0,0,0
420481,2,1,0,0,0,0,0,0,0,0,0,0
420482,1,1,0,0,0,0,0,0,0,0,0,0
420482,2,1,0,0,0,0,0,0,0,0,0,0
420483,0,1,0,0,0,0,0,0,0,0,0,20
420483,0,2,0,0,0,0,0,0,0,0,0,0
420483,0,3,0,0,0,0,0,0,0,0,0,0
420483,1,1,0,0,22,0,0,0,0,0,0,0
420483,2,1,0,0,0,17,0,0,21,0,0,0
420484,0,1,9,9,9,9,9,9,9,9,9,9
420484,1,1,7,7,4,1,7,13,21,26,17,20
420485,1,1,22,22,22,22,22,22,22,22,22,22
420486,1,1,14,0,0,0,11,0,14,0,10,20
420486,2,1,0,0,0,0,0,0,0,0,0,0
420487,1,1,0,0,0,0,0,0,0,0,0,0
420487,2,1,0,0,0,0,0,0,0,0,0,0
420488,1,1,0,0,0,0,0,0,0,0,0,0
420488,2,1,0,0,0,0,0,0,0,0,0,0
420489,1,1,0,0,0,0,0,0,0,0,0,0
420490,1,1,8,8,8,8,8,8,8,8,8,8
420490,2,1,0,0,0,0,0,0,0,14,0,0
420491,1,1,0,0,0,0,0,0,0,0,0,0
420491,2,1,0,0,0,0,0,0,0,0,0,0
420492,1,1,0,0,0,0,0,0,0,0,0,0
420492,2,1,0,0,0,0,0,0,0,0,0,0
420493,1,1,22,22,22,22,22,22,22,22,22,22
420494,1,1,13,13,13,13,13,13,13,13,13,13
420495,1,1,0,0,0,0,0,0,0,0,0,0
420496,1,1,0,0,0,12,0,0,0,0,12,0
420496,2,1,0,0,0,0,0,0,0,0,0,0
420497,1,1,0,0,0,0,0,0,0,0,0,0
420497,2,1,0,0,0,0,0,0,0,22,0,11
420498,1,1,0,0,0,0,0,0,22,0,0,0
420498,2,1,0,0,0,0,0,0,0,0,0,0
420499,1,1,13,0,0,24,4,9,6,9,0,0
420500,1,1,0,0,0,0,0,23,0,0,0,0
420500,2,1,0,0,0,0,0,0,0,0,0,0
420501,1,1,0,0,0,17,0,13,25,0,0,0
420502,1,1,0,0,0,0,0,7,12,0,0,0
420503,1,1,0,0,0,0,0,0,0,0,0,0
420504,1,1,0,0,0,0,0,0,0,18,0,0
420505,1,1,0,0,0,0,0,0,0,0,0,0
420505,2,1,0,0,0,0,0,0,0,0,0,0
420506,1,1,17,17,17,17,17,17,17,17,17,17
420506,2,1,0,0,0,0,0,0,0,0,0,0
420506,3,1,0,0,0,0,0,0,0,0,0,0
420506,4,1,0,0,0,9,0,0,0,0,0,0
420506,5,1,0,0,0,0,0,0,0,0,0,0
420507,1,1,0,0,27,0,0,0,0,0,0,0
420507,2,1,17,0,0,0,0,0,0,0,0,0
420508,0,1,0,0,0,0,0,0,0,0,0,0
420508,1,1,0,5,0,0,0,0,26,29,29,23
420509,1,1,18,18,18,18,18,18,18,18,18,18
420510,1,1,0,0,0,0,0,0,0,0,0,0
420511,1,1,0,0,0,0,0,0,0,0,0,0
420511,2,1,0,0,0,0,0,7,0,0,0,0
420512,1,1,0,0,0,0,0,0,0,0,0,0
420512,2,1,0,0,0,0,0,0,0,0,0,0
420513,1,1,0,0,0,0,6,0,0,0,0,0
420513,2,1,0,14,0,0,0,0,0,0,0,0
420514,1,1,0,0,0,0,0,0,0,0,14,0
420514,2,1,0,0,0,0,0,0,0,0,0,0
420515,1,1,0,0,0,0,0,0,0,0,0,0
420515,2,1,0,0,0,0,0,0,0,0,0,0
420516,1,1,0,0,0,0,0,0,0,0,0,0
420517,1,1,0,0,0,0,0,0,0,0,0,0
420518,1,1,0,0,0,0,0,0,0,0,0,0
420519,1,1,0,37,0,0,0,0,28,0,41,0
420520,1,1,21,21,21,21,21,21,21,21,21,21
420521,1,1,0,0,0,0,0,0,0,0,0,0
420522,1,1,18,18,18,18,18,18,18,18,18,18
420523,0,1,0,0,0,0,0,0,0,0,0,0
420523,1,1,0,0,0,0,0,10,0,0,0,0
420524,0,1,6,6,6,6,6,6,6,6,6,6
420524,0,2,0,0,0,0,0,13,28,0,0,0
420524,1,1,0,0,0,0,0,0,0,0,0,0
420525,1,1,0,0,0,0,0,0,0,0,0,0
420525,2,1,10,0,13,28,13,4,19,12,27,0
420526,1,1,0,0,0,0,0,0,0,0,0,0
420526,2,1,0,0,0,0,0,0,0,0,0,0
420527,1,1,0,0,0,0,0,0,0,0,0,0
420527,2,1,0,0,0,0,0,0,11,0,0,0
420527,3,1,0,0,0,0,0,0,0,0,0,0
420528,1,1,6,0,0,0,0,0,0,0,44,0
420529,1,1,11,12,0,16,0,0,19,0,19,21
420530,1,1,0,9,18,14,18,0,0,15,0,26
420531,1,1,0,0,0,0,0,0,23,0,0,0
420532,0,1,12,0,0,0,0,0,0,0,0,0
420532,1,1,16,33,12,0,26,13,10,2,11,18
420533,1,1,10,0,0,0,0,0,0,0,0,0
420533,2,1,0,0,0,0,0,0,0,0,0,0
420534,0,1,0,0,0,0,0,0,0,0,0,0
420534,1,1,0,0,0,0,0,0,0,0,0,0
420535,1,1,19,19,19,19,19,19,19,19,19,19
420535,2,1,28,32,12,15,12,15,20,20,47,20
420536,1,1,0,0,15,0,0,0,0,14,0,0
420536,2,1,12,27,14,0,16,0,17,20,0,18
420536,3,1,7,0,0,5,0,0,0,0,0,0
420537,1,1,0,0,15,0,0,0,0,0,0,0
420537,2,1,0,0,0,0,0,0,0,0,0,0
420538,1,1,0,0,0,0,0,0,0,0,0,0
420539,1,1,24,24,24,24,24,24,24,24,24,24
420540,1,1,0,0,0,0,0,0,0,0,0,0
420540,2,1,0,0,0,0,0,0,0,5,0,0
420541,1,1,0,0,0,0,0,0,0,0,0,0
420541,2,1,0,0,0,0,0,0,0,0,0,0
420542,1,1,10,15,27,17,12,14,19,6,8,0
420543,1,1,30,30,30,30,30,30,30,30,30,30
420543,2,1,0,0,0,0,0,0,0,0,0,0
420544,1,1,0,0,0,26,20,0,15,0,0,26
420545,1,1,0,0,0,0,0,0,0,0,0,0
420545,2,1,0,0,0,0,0,21,0,0,0,0
420546,1,1,24,0,0,9,0,18,14,10,14,0
420547,1,1,23,7,6,7,4,7,8,12,11,23
420548,1,1,19,19,19,19,19,19,19,19,19,19
420549,1,1,0,0,0,0,0,0,0,0,0,0
420550,0,1,0,0,0,0,0,0,0,0,0,0
420550,1,1,0,0,0,0,0,0,0,0,0,0
420551,1,1,18,18,18,18,18,18,18,18,18,18
420551,2,1,0,0,0,0,0,0,0,0,0,29
420552,1,1,0,0,0,0,0,0,0,0,0,0
420553,1,1,0,0,0,0,9,0,0,0,0,0
420553,2,1,0,0,0,0,0,0,0,0,0,0
420554,1,1,14,14,14,14,14,14,14,14,14,14
420555,1,1,0,0,0,0,0,0,0,0,0,0
420556,1,1,0,17,0,0,17,0,0,0,0,0
420556,2,1,0,0,0,8,5,0,0,0,0,0
420557,1,1,0,0,0,0,0,0,0,0,0,0
420557,2,1,0,0,13,0,8,0,0,0,0,0
420558,1,1,0,0,0,0,3,0,22,0,11,10
420558,2,1,0,0,0,0,0,0,24,0,0,0
420559,1,1,0,0,0,0,0,0,0,0,0,0
420560,1,1,0,0,0,7,27,0,12,0,0,0
420560,2,1,8,0,0,0,0,0,10,0,0,0
420560,3,1,0,0,0,0,0,0,0,0,0,0
420561,1,1,0,0,0,0,0,0,0,0,0,0
420561,2,1,0,0,0,0,0,0,0,0,0,0
420562,1,1,0,0,0,0,0,26,0,0,0,0
420563,1,1,0,0,0,25,0,0,0,0,0,0
420563,2,1,0,0,0,0,0,0,0,0,0,0
420564,1,1,0,0,0,0,0,0,0,0,0,0
420564,2,1,0,0,0,0,0,0,0,0,0,0
420565,1,1,0,0,0,0,0,0,0,0,0,0
420565,2,1,0,0,0,28,0,0,0,0,0,0
420566,1,1,0,0,0,0,0,0,0,0,0,0
420566,2,1,0,0,0,0,0,13,0,12,0,10
420567,1,1,16,0,0,0,0,9,5,0,0,0
420567,2,1,0,0,0,0,10,0,0,0,0,0
420568,1,1,0,0,0,0,0,0,0,0,0,0
420569,1,1,0,0,0,0,0,0,0,0,0,0
420569,2,1,10,0,0,0,0,0,10,0,19,0
420570,1,1,0,0,0,0,0,0,0,0,0,0
420570,2,1,0,0,0,0,0,0,0,0,0,0
420571,1,1,0,0,0,0,0,0,0,0,0,0
420571,2,1,0,0,0,0,0,0,0,0,0,0
420572,1,1,0,0,0,0,0,0,0,0,0,0
420572,2,1,0,0,0,0,0,0,0,0,0,0
420573,1,1,0,0,0,0,0,0,0,0,0,0
420574,1,1,0,0,0,0,0,0,0,0,0,0
420574,2,1,0,0,0,0,0,0,0,0,0,0
420575,1,1,0,0,0,0,0,0,0,0,0,0
420575,2,1,0,0,0,0,0,0,0,0,0,0
420576,1,1,0,0,0,0,0,0,0,0,0,0
420576,2,1,0,0,0,0,0,0,0,0,0,0
420577,0,1,23,23,23,23,23,23,23,23,23,23
420577,1,1,0,0,0,7,0,0,0,0,0,0
420578,1,1,0,0,0,0,0,33,0,0,0,0
420579,1,1,13,0,0,18,3,0,17,25,35,40
420580,1,1,17,11,16,6,12,16,4,16,0,0
420581,1,1,13,0,0,0,16,0,0,0,0,0
420581,2,1,0,0,0,0,0,13,0,0,20,0
420581,3,1,0,0,0,0,0,0,11,0,0,0
420582,1,1,0,0,0,0,0,0,0,0,0,0
420583,1,1,11,39,13,37,0,16,0,0,12,15
420584,1,1,10,10,10,10,10,10,10,10,10,10
420585,0,1,0,0,0,0,0,0,0,0,0,0
420585,1,1,0,0,0,0,0,0,0,0,13,0
420586,1,1,0,0,0,0,0,0,0,0,0,0
420586,2,1,0,0,0,0,0,0,0,0,0,0
420587,1,1,0,0,0,22,0,0,0,0,0,0
420588,0,1,0,0,0,0,0,0,0,0,0,0
420588,1,1,0,0,0,0,0,0,0,0,0,0
420589,1,1,11,11,11,11,11,11,11,11,11,11
420589,2,1,0,0,0,0,0,0,0,0,0,11
420589,3,1,0,0,0,0,40,0,0,21,0,0
420589,4,1,0,0,0,0,0,0,0,0,0,0
420590,1,1,0,0,0,0,0,0,0,0,0,0
420591,1,1,14,0,0,0,0,9,0,0,0,14
420592,1,1,11,17,4,25,16,26,18,16,2,19
420593,1,1,0,0,0,0,21,0,0,0,0,0
420593,2,1,0,10,0,0,0,0,0,0,0,0
420594,1,1,15,4,22,42,11,12,19,5,25,8
420594,2,1,0,0,0,0,0,0,0,0,0,14
420595,1,1,0,12,19,12,9,17,16,0,0,5
420595,2,1,0,0,0,0,0,0,0,0,0,0
420596,1,1,0,0,23,0,11,0,0,0,0,0
420596,2,1,0,0,0,0,0,0,0,0,0,0
420597,1,1,0,0,0,0,0,0,0,0,0,0
420598,1,1,0,0,0,0,0,0,0,0,0,0
420598,2,1,0,0,0,0,0,0,0,0,0,0
420598,3,1,0,0,0,0,0,0,0,0,0,0
420599,1,1,0,0,0,0,0,0,0,0,0,0
420599,2,1,0,0,0,0,0,0,0,0,0,0
420599,3,1,0,0,0,0,0,7,0,0,0,0
420599,4,1,0,0,0,0,0,15,0,0,0,19
420600,0,1,0,15,27,36,5,14,25,5,0,5
420600,1,1,0,0,0,0,0,0,0,0,12,7
420601,1,1,0,0,0,0,0,0,0,0,0,0
420602,1,1,26,26,26,26,26,26,26,26,26,26
420603,1,1,0,0,0,0,0,0,0,0,0,0
420604,1,1,25,25,25,25,25,25,25,25,25,25
420605,1,1,0,13,0,0,0,0,0,0,0,8
420605,2,1,0,0,15,0,0,0,0,0,0,0
420606,1,1,27,27,27,27,27,27,27,27,27,27
420607,1,1,24,24,24,24,24,24,24,24,24,24
420608,1,1,0,0,0,0,0,0,0,0,0,0
420609,1,1,0,0,0,23,0,0,0,0,0,0
420610,1,1,0,0,0,0,0,0,0,0,0,11
420610,2,1,0,0,0,0,0,0,0,0,0,0
420610,3,1,0,0,0,0,0,0,0,0,0,0
420611,1,1,6,0,0,0,0,0,0,9,0,0
420611,2,1,0,0,0,0,0,0,0,0,0,0
420612,1,1,0,0,5,0,9,0,17,12,7,0
420613,1,1,0,0,0,0,21,0,24,0,0,0
420614,1,1,20,20,20,20,20,20,20,20,20,20
420615,1,1,0,0,0,0,0,0,0,0,0,0
420615,2,1,0,0,0,0,0,0,0,0,0,0
420616,1,1,0,0,0,0,0,0,0,0,0,0
420616,2,1,0,0,0,0,0,0,0,0,0,0
420617,1,1,0,0,0,0,0,0,0,0,0,0
420617,2,1,0,0,0,0,0,0,0,0,0,0
420618,1,1,5,0,0,12,20,0,30,10,0,17
420619,1,1,0,0,0,0,0,0,16,0,0,0
420620,1,1,0,0,0,0,0,0,0,0,0,0
420621,1,1,0,0,0,0,0,0,0,0,0,0
420621,2,1,0,0,0,0,0,0,0,0,0,6
420621,3,1,0,0,0,0,0,0,0,0,0,0
420622,1,1,13,0,9,14,11,5,13,22,15,20
420622,2,1,23,14,23,0,0,13,9,0,5,0
420623,0,1,0,0,0,0,0,0,7,0,0,17
420623,1,1,0,0,5,0,0,10,0,0,0,0
420624,1,1,16,0,10,11,8,0,13,0,10,0
420624,2,1,9,15,0,0,15,5,27,0,6,0
420625,1,1,22,24,5,19,17,7,21,12,19,7
420626,1,1,0,0,0,0,0,0,0,0,0,0
420627,1,1,0,0,0,0,0,0,0,0,6,0
420627,2,1,0,0,0,0,0,0,0,0,0,0
420628,1,1,0,0,0,0,0,0,0,0,0,0
420628,2,1,0,0,0,0,0,0,0,0,0,0
420629,1,1,0,0,0,0,0,0,0,0,0,0
420629,2,1,0,0,0,0,0,0,0,0,0,0
420630,0,1,0,0,0,0,0,0,0,0,0,0
420630,1,1,0,0,0,0,0,0,0,0,0,0
420631,1,1,0,0,0,0,0,0,0,0,0,0
420631,2,1,0,0,0,0,0,0,0,0,0,0
420632,0,1,0,0,0,0,0,0,0,14,0,4
420632,1,1,0,0,0,0,6,0,0,0,0,0
420633,1,1,0,0,0,0,0,0,0,0,0,0
420633,2,1,0,0,0,0,0,0,0,0,0,0
420634,1,1,0,0,0,0,0,0,0,0,0,0
420634,2,1,0,0,0,13,0,0,0,0,0,16
420635,0,1,23,23,23,23,23,23,23,23,23,23
420635,1,1,21,10,15,14,0,0,0,0,0,7
420636,0,1,0,0,0,0,0,28,0,0,0,0
420636,0,2,15,0,0,0,0,0,20,0,0,0
420636,0,3,0,0,0,0,26,0,21,0,0,0
420636,2,1,0,0,0,0,0,0,0,0,0,0
420637,1,1,9,0,0,14,0,0,0,14,0,0
420637,2,1,0,0,0,0,0,0,0,0,22,0
420638,1,1,0,0,0,0,0,0,0,0,0,0
420638,2,1,0,0,0,0,0,0,0,0,0,0
420639,1,1,0,0,0,0,0,0,0,23,5,0
420639,2,1,0,0,0,0,0,0,0,0,0,0
420640,1,1,0,0,12,17,0,0,21,0,0,0
420641,1,1,0,0,0,0,0,0,0,0,0,11
420641,2,1,0,0,0,0,0,0,0,0,0,0
420642,1,1,0,0,0,0,25,0,0,0,0,18
420643,1,1,0,0,0,0,0,0,0,0,0,0
420644,1,1,11,15,13,15,17,24,9,27,8,18
420644,2,1,0,0,0,32,0,0,0,0,29,0
420644,3,1,0,6,0,0,0,0,14,0,0,0
420645,1,1,0,0,0,22,13,14,10,0,0,0
420646,1,1,0,0,0,0,0,0,0,0,0,0
420646,2,1,0,0,0,0,0,0,0,0,0,0
420647,1,1,0,0,0,0,18,0,0,0,0,0
420647,2,1,0,0,0,0,0,0,0,0,0,0
420648,1,1,0,0,0,0,0,0,0,0,0,0
420649,1,1,16,16,16,16,16,16,16,16,16,16
420650,1,1,0,0,12,12,0,15,27,0,10,20
420651,1,1,0,12,21,0,0,20,26,0,25,21
420652,1,1,15,26,12,18,16,19,19,12,21,5
420653,1,1,26,26,26,26,26,26,26,26,26,26
420653,2,3,20,0,0,0,0,0,0,0,0,0
420654,1,1,28,0,0,0,13,0,0,0,0,0
420655,1,1,0,0,0,0,0,0,0,0,0,0
420656,1,1,31,30,16,19,14,20,25,16,22,24
420657,1,1,0,0,17,0,0,25,0,0,0,0
420658,1,1,0,0,0,0,0,0,0,0,0,0
420659,1,1,0,0,0,0,0,0,0,0,0,0
420660,1,1,0,0,0,0,0,0,0,0,0,0
420660,2,1,0,0,0,0,0,0,0,0,0,0
420661,1,1,0,0,0,0,0,0,0,0,0,0
420662,1,1,0,0,29,15,0,0,0,0,10,21
420663,1,1,0,0,0,0,0,0,0,0,0,0
420664,1,1,29,20,21,21,25,14,15,15,29,10
420665,1,1,14,0,3,0,22,7,8,0,11,0
420666,1,1,0,13,0,0,0,0,0,0,0,0
420666,2,1,0,0,13,0,0,0,0,0,0,0
420667,1,1,0,0,0,0,0,0,0,0,0,0
420667,2,1,0,0,0,0,0,0,0,0,0,0
420669,1,1,0,0,0,15,0,0,0,0,2,0
420669,2,1,0,11,13,17,0,0,0,0,0,13
420670,1,1,0,0,0,0,0,0,0,0,0,0
420670,2,1,0,0,0,0,0,0,0,0,0,0
420671,1,1,0,0,0,0,0,0,0,0,0,0
420672,1,1,18,17,17,30,16,26,31,18,18,8
420673,0,1,0,0,0,0,0,0,0,0,0,0
420673,1,1,0,0,0,0,0,0,0,0,0,0
420674,1,1,15,15,15,15,15,15,15,15,15,15
420675,1,1,0,0,0,0,0,0,0,0,0,0
420675,2,1,0,0,0,0,0,0,0,0,0,0
420676,1,1,0,0,0,0,0,0,0,0,0,0
420676,2,1,0,0,0,0,0,0,0,0,0,0
420677,1,1,0,28,4,0,0,13,0,25,0,0
420677,2,1,0,0,0,0,0,0,0,0,0,0
420678,1,1,0,0,0,0,0,0,0,0,0,0
420679,1,1,23,14,0,41,30,29,15,19,18,21
420680,0,1,0,0,0,0,0,0,0,0,0,0
420680,1,1,0,0,0,0,0,0,0,0,0,0
420681,1,1,10,8,18,5,9,13,19,0,8,7
420682,1,1,15,15,15,15,15,15,15,15,15,15
420682,2,1,0,0,0,0,0,0,0,0,0,0
420683,0,1,0,14,16,0,0,41,23,0,0,11
420683,1,1,0,6,0,0,0,8,17,18,0,0
420684,0,1,0,0,0,0,0,0,0,0,0,0
420685,0,1,23,23,23,23,23,23,23,23,23,23
420685,1,1,0,0,0,0,0,0,0,11,0,0
420686,1,1,0,0,0,0,0,0,0,0,0,0
420686,2,1,0,0,0,0,0,0,0,0,0,0
420687,1,1,0,0,0,0,0,0,0,0,0,0
420687,2,1,0,0,0,0,0,0,0,0,0,0
420688,1,1,0,0,0,0,0,0,0,0,0,0
420688,2,1,0,0,8,0,0,0,0,0,0,0
420689,1,1,12,12,12,12,12,12,12,12,12,12
420690,1,1,0,0,0,0,0,0,0,0,0,0
420691,0,1,0,0,0,0,0,0,0,0,0,0
420691,1,1,0,19,0,0,0,23,0,0,11,0
420692,1,1,0,0,0,0,0,0,0,0,0,0
420693,1,1,0,0,0,50,16,0,0,0,0,0
420694,1,1,0,0,0,0,0,0,0,0,0,0
420694,2,1,0,0,0,0,0,0,0,0,0,0
420695,1,1,0,0,0,0,22,0,0,0,0,0
420695,2,1,0,0,0,0,0,0,0,0,0,0
420696,1,1,0,0,0,0,0,0,0,0,0,0
420696,2,1,0,0,0,0,0,0,0,0,0,0
420696,3,1,0,0,0,0,0,0,0,0,0,0
420696,4,1,0,0,0,0,0,2,0,0,0,0
420697,1,1,0,8,6,30,32,6,7,28,0,6
420698,1,1,0,0,0,0,0,0,0,0,0,0
420699,1,1,15,7,24,0,0,0,0,12,0,0
420700,1,1,0,0,0,0,0,0,0,0,0,0
420701,1,1,0,0,0,0,0,0,0,0,0,0
420701,2,1,0,0,0,0,0,0,0,0,0,0
420702,1,1,0,0,0,0,15,0,0,11,0,0
420702,2,1,0,11,19,0,0,0,0,0,0,15
420703,1,1,0,0,0,0,0,0,0,0,0,0
420703,2,1,0,0,0,0,0,0,0,0,0,0
420703,3,1,0,0,0,0,0,0,0,0,0,0
420703,4,1,0,0,0,0,0,0,0,0,0,0
420703,5,1,0,0,0,0,0,0,0,32,0,0
420704,1,1,22,22,22,22,22,22,22,22,22,22
420704,2,1,0,0,0,0,0,0,0,0,0,0
420705,0,1,13,13,13,13,13,13,13,13,13,13
420705,1,1,1,1,1,1,1,1,1,1,1,1
420706,1,1,15,15,15,15,15,15,15,15,15,15
420707,1,1,0,0,0,0,0,0,0,0,0,0