ST_CASE,VEH_NO,PER_NO,P1,P2,P3,P4,P5,P6,P7,P8,P9,P10
420707,2,1,0,0,0,0,0,0,0,0,0,0
420708,1,1,0,0,0,0,0,0,0,0,0,0
420709,1,1,0,0,0,0,0,0,0,0,0,0
420710,1,1,2,2,2,2,2,2,2,2,2,2
420711,1,1,0,0,0,0,0,0,0,0,0,0
420712,1,1,13,13,13,13,13,13,13,13,13,13
420712,2,1,8,8,8,8,8,8,8,8,8,8
420712,3,1,0,0,0,0,0,0,0,0,0,0
420713,1,1,0,0,0,0,0,0,0,0,0,29
420714,0,1,25,26,0,7,0,16,0,0,0,0
420714,1,1,18,0,0,0,0,0,0,0,0,0
420715,0,1,0,0,0,0,0,0,0,0,0,0
420715,0,2,0,0,0,0,0,0,0,0,0,0
420715,1,1,0,0,0,0,0,0,0,0,0,0
420716,1,1,0,0,0,0,0,0,0,0,0,0
420716,2,1,0,0,0,0,0,0,0,0,0,0
420717,1,1,0,0,0,0,0,0,0,0,0,0
420717,2,1,0,0,0,0,0,0,0,0,0,0
420718,1,1,0,0,0,0,0,0,22,0,24,0
420719,1,1,8,10,12,0,22,0,12,9,0,17
420719,2,1,0,0,21,15,0,22,10,22,7,6
420720,0,1,21,21,21,21,21,21,21,21,21,21
420720,1,1,0,0,0,13,0,0,0,0,0,0
420721,0,1,0,0,0,0,0,0,0,0,21,0
420721,0,2,0,0,0,0,0,0,0,0,0,0
420721,1,1,14,0,0,0,0,0,0,0,0,0
420722,1,1,25,11,11,17,0,21,0,12,27,25
420723,1,1,0,0,0,0,0,0,0,0,0,0
420723,2,1,0,0,0,0,0,0,0,0,0,0
420724,1,1,0,0,0,0,0,0,0,0,0,0
420724,2,1,0,6,0,0,0,0,0,0,0,0
420725,1,1,0,28,0,14,13,0,0,0,0,0
420725,2,1,0,0,0,0,0,0,0,0,0,0
420726,0,1,20,20,20,20,20,20,20,20,20,20
420726,1,1,0,0,0,0,2,0,0,0,0,0
420727,1,1,0,13,0,0,0,0,0,24,0,0
420727,2,1,0,0,0,0,0,0,0,0,0,0
420728,1,1,0,0,0,0,0,16,0,0,23,0
420728,2,1,11,0,0,0,0,0,0,0,0,0
420729,1,1,0,10,0,0,0,0,0,0,0,0
420729,2,1,0,0,0,0,0,0,0,0,0,0
420730,1,1,0,0,0,0,0,0,0,0,0,0
420730,3,1,0,0,0,0,0,0,0,0,0,0
420731,1,1,0,0,0,0,0,0,0,0,0,0
420731,2,1,0,28,0,0,0,16,0,0,0,0
420732,1,1,0,0,0,0,0,0,0,0,0,0
420732,2,1,0,0,0,0,0,0,0,0,0,0
420733,1,1,0,0,0,0,0,0,0,0,0,0
420733,2,1,0,0,0,0,0,0,0,0,0,0
420734,1,1,11,11,11,11,11,11,11,11,11,11
420735,1,1,0,0,0,18,0,0,0,0,15,0
420735,2,1,0,0,0,0,0,0,0,0,0,0
420736,1,1,18,0,0,0,0,0,0,0,0,0
420737,1,1,17,2,15,15,15,10,12,13,10,11
420738,1,1,0,0,0,0,0,0,0,0,0,0
420738,2,1,0,21,0,0,0,22,0,0,0,0
420739,1,1,0,0,0,0,0,0,0,0,0,0
420739,2,1,0,0,0,0,0,0,0,0,0,0
420740,1,1,17,25,20,8,15,16,6,8,15,15
420741,1,1,0,0,0,0,0,0,0,0,0,0
420741,2,1,0,0,0,0,0,0,0,0,0,0
420742,1,1,0,0,0,0,0,0,0,0,0,0
420743,0,1,0,16,0,0,0,16,0,0,0,0
420743,1,1,0,0,19,0,12,0,0,0,0,0
420744,1,1,0,0,0,0,0,0,0,0,0,0
420744,2,1,0,0,0,0,0,0,0,0,0,0
420745,1,1,0,0,0,0,0,0,0,0,0,0
420745,2,1,0,0,0,0,0,0,0,0,0,0
420746,1,1,15,0,0,0,0,0,0,17,0,0
420747,1,1,14,14,14,14,14,14,14,14,14,14
420748,0,1,0,0,0,0,0,0,0,0,0,0
420748,1,1,0,0,19,0,0,0,0,0,0,0
420749,0,1,18,0,0,0,0,0,0,16,0,38
420749,0,2,0,0,30,0,0,0,0,26,0,0
420749,1,1,0,0,0,11,0,7,0,0,16,8
420750,1,1,2,2,2,2,2,2,2,2,2,2
420751,1,1,0,0,0,0,0,0,0,0,0,0
420751,2,1,0,0,0,0,0,0,0,7,0,0
420752,1,1,0,0,0,0,0,0,0,0,0,0
420752,2,1,0,0,0,0,0,0,0,0,0,0
420752,3,1,0,0,0,0,0,0,0,0,0,0
420752,4,1,0,0,0,0,0,0,0,0,0,0
420753,1,1,0,0,0,0,0,0,0,0,0,0
420753,2,1,0,0,0,0,9,0,0,0,0,0
420753,3,1,0,0,0,0,0,0,0,0,0,0
420753,4,1,0,0,0,0,0,0,0,0,0,0
420754,1,1,0,0,0,0,0,18,0,12,0,0
420755,1,1,0,0,0,0,0,0,0,0,0,0
420756,1,1,7,7,7,7,7,7,7,7,7,7
420757,1,1,0,0,20,0,0,0,0,0,0,0
420758,1,1,0,0,0,0,0,0,0,0,0,0
420758,2,1,0,0,0,0,0,0,0,0,0,0
420759,1,1,0,0,0,16,0,0,0,0,0,0
420759,2,1,0,0,0,0,0,0,0,0,0,0
420760,1,1,0,0,0,0,0,0,0,0,0,0
420761,1,1,28,28,28,28,28,28,28,28,28,28
420762,1,1,0,0,0,0,0,0,0,0,0,0
420763,1,1,0,0,0,8,0,0,0,0,22,0
420763,2,1,0,0,0,0,0,0,0,0,0,0
420764,1,1,0,0,0,0,0,0,0,0,0,0
420764,2,1,0,0,0,0,0,0,0,0,0,0
420765,1,1,0,0,0,0,0,0,0,0,0,0
420766,1,1,2,0,17,0,0,0,14,0,0,0
420767,0,1,0,0,0,0,0,0,0,0,0,0
420767,1,1,0,12,0,4,0,0,0,0,0,0
420768,1,1,19,0,0,0,12,0,4,0,0,0
420768,2,1,0,0,0,0,0,0,0,0,0,0
420769,0,1,0,0,0,0,0,0,0,0,0,0
420769,1,1,0,0,0,0,0,0,0,0,0,0
420770,0,1,0,0,0,0,20,39,0,21,11,0
420770,1,1,0,0,0,0,0,0,0,0,0,0
420771,1,1,0,0,0,0,0,0,0,0,0,0
420771,2,1,0,0,0,0,0,0,0,0,0,0
420772,1,1,0,0,0,0,0,0,0,0,0,0
420772,2,1,0,0,0,0,0,0,0,0,0,0
420773,1,1,0,0,0,0,0,0,0,0,0,0
420774,1,1,0,0,0,0,0,0,0,0,0,0
420774,2,1,0,0,0,0,0,0,0,0,0,0
420775,1,1,0,0,0,0,0,0,0,0,0,0
420775,2,1,0,0,0,22,0,0,0,0,0,0
420776,1,1,0,0,31,0,0,0,0,0,0,0
420776,2,1,0,0,0,0,0,0,0,0,0,0
420777,1,1,21,21,21,21,21,21,21,21,21,21
420777,2,1,0,0,15,0,0,0,0,0,0,0
420778,1,1,0,0,0,0,0,0,0,0,0,0
420779,1,1,0,0,0,0,0,0,0,12,0,0
420779,2,1,0,0,10,8,0,0,0,0,10,0
420780,1,1,0,0,0,0,0,32,0,0,0,0
420780,2,1,0,0,0,0,0,0,0,0,0,0
420781,1,1,6,6,6,6,6,6,6,6,6,6
420782,1,1,0,0,0,8,0,0,13,0,9,0
420783,1,1,22,22,22,22,22,22,22,22,22,22
420784,1,1,11,11,11,11,11,11,11,11,11,11
420784,2,1,0,0,0,0,0,0,0,0,0,0
420785,0,1,18,0,3,0,7,0,0,15,0,0
420785,1,1,0,0,0,0,0,0,0,0,0,0
420786,1,1,7,0,0,17,0,0,0,0,0,0
420787,1,1,6,6,6,6,6,6,6,6,6,6
420788,0,1,0,0,16,0,0,0,0,0,0,0
420788,1,1,0,0,0,0,0,0,0,0,0,0
420789,1,1,0,0,0,0,0,3,0,0,0,0
420789,2,1,0,0,0,0,0,19,0,0,0,0
420790,1,1,0,0,0,0,0,21,0,0,0,0
420791,1,1,23,26,12,17,28,30,12,9,15,0
420792,0,1,1,1,1,1,1,1,1,1,1,1
420792,1,1,0,0,17,0,0,0,0,0,0,0
420793,1,1,0,0,9,25,0,0,0,0,0,0
420794,1,1,0,0,0,17,0,0,0,0,0,0
420794,2,1,0,0,0,0,0,0,0,0,0,0
420795,1,1,0,0,0,0,0,0,0,0,0,0
420795,2,1,0,0,0,0,0,0,0,0,0,0
420796,1,1,0,0,0,0,0,0,0,0,0,0
420796,2,1,0,0,0,0,0,0,0,0,0,0
420797,1,1,0,0,0,0,0,0,0,0,0,0
420797,2,1,0,0,0,0,0,0,0,0,0,0
420798,1,1,0,0,0,0,0,0,0,0,0,0
420798,2,1,0,0,0,0,0,0,0,0,0,0
420799,1,1,0,0,0,0,0,0,0,0,0,0
420799,2,1,0,0,0,0,0,0,0,0,0,0
420800,0,1,0,0,0,0,0,27,0,0,0,16
420800,1,1,0,0,0,0,0,0,10,0,0,0
420801,1,1,0,0,0,0,0,0,0,0,0,18
420801,2,1,0,0,0,0,0,0,0,0,0,0
420802,1,1,0,0,0,0,0,0,0,0,0,0
420803,1,1,0,0,0,0,0,0,2,0,0,8
420804,1,1,0,0,0,0,0,0,0,0,0,0
420804,2,1,0,0,0,0,0,0,0,0,0,0
420804,3,1,0,0,0,0,0,0,0,0,0,0
420805,0,1,20,20,20,20,20,20,20,20,20,20
420805,1,1,0,0,0,0,0,0,18,0,0,0
420806,1,1,0,0,0,0,0,0,0,0,0,11
420806,2,1,0,0,0,0,0,0,0,0,0,0
420807,0,1,15,15,15,15,15,15,15,15,15,15
420807,1,1,0,0,25,0,0,0,0,0,0,0
420807,2,1,0,0,0,0,0,0,0,0,0,0
420808,1,1,0,0,0,0,0,0,0,0,0,0
420808,2,1,0,0,0,0,0,0,0,0,0,0
420809,1,1,0,0,0,0,0,0,0,0,0,0
420809,2,1,0,0,0,0,0,0,0,0,0,0
420810,1,1,13,8,17,6,19,0,25,24,11,12
420811,0,1,0,0,0,0,0,0,0,0,0,0
420811,1,1,0,0,0,0,0,0,0,0,0,0
420812,0,1,28,28,28,28,28,28,28,28,28,28
420812,1,1,4,4,0,9,8,0,12,0,0,0
420813,1,1,27,27,27,27,27,27,27,27,27,27
420814,0,1,0,0,38,17,16,0,0,0,26,25
420814,1,1,0,5,0,0,0,0,0,0,0,0
420815,0,1,0,0,0,0,0,0,0,0,0,0
420815,1,1,0,0,0,0,0,0,0,0,0,0
420816,1,1,0,0,0,0,0,0,0,0,0,0
420816,2,1,0,0,0,0,0,0,0,0,0,0
420816,3,1,0,0,0,0,0,0,0,0,0,0
420816,4,1,0,0,2,0,0,0,26,0,0,0
420817,1,1,19,7,8,36,0,0,13,0,0,7
420818,1,1,0,0,0,0,0,0,0,0,0,0
420819,1,1,21,21,21,21,21,21,21,21,21,21
420820,0,1,0,0,0,0,0,0,5,0,0,0
420820,1,1,0,0,0,0,0,0,0,0,0,0
420821,1,1,0,0,0,0,0,19,0,0,0,0
420822,0,1,0,18,6,0,0,0,0,0,0,22
420822,1,1,18,17,24,9,3,0,0,31,3,5
420822,2,1,0,0,17,0,0,0,0,15,0,0
420823,0,1,31,22,24,13,37,36,0,19,0,24
420823,0,2,19,0,18,0,25,26,0,18,0,0
420823,1,1,9,16,8,9,32,8,34,16,19,15
420824,1,1,0,31,0,19,0,17,0,24,13,11
420825,1,1,0,0,0,0,0,0,0,0,0,0
420826,1,1,0,0,0,0,0,0,0,0,0,0
420827,1,1,0,0,0,0,0,0,0,0,0,0
420827,2,1,0,0,0,0,0,0,0,0,0,0
420828,1,1,0,0,0,0,0,0,0,0,0,0
420828,2,1,0,0,0,20,0,0,0,5,26,13
420829,1,1,0,0,0,0,0,0,0,0,10,0
420830,1,1,0,0,0,0,0,0,0,0,0,0
420830,2,1,0,0,0,0,0,0,0,0,0,0
420831,1,1,9,9,9,9,9,9,9,9,9,9
420832,1,1,0,0,0,0,0,0,0,0,0,0
420833,1,1,0,0,0,0,0,0,18,0,0,0
420834,1,1,1,1,1,1,1,1,1,1,1,1
420835,0,1,0,0,0,23,19,15,0,0,0,0
420835,1,1,0,0,0,0,0,0,0,0,0,0
420836,1,1,0,0,0,0,0,0,0,0,0,0
420837,1,1,0,0,29,0,0,0,0,25,0,0
420837,2,1,0,0,0,0,0,0,0,0,0,0
420838,0,1,0,0,0,0,0,0,0,0,0,0
420838,1,1,21,0,22,4,0,6,12,0,17,9
420839,1,1,0,0,0,0,0,0,0,0,0,0
420839,2,1,0,0,20,0,0,0,0,0,9,0
420840,1,1,0,0,0,0,0,0,0,0,8,0
420841,1,1,0,0,0,0,0,0,0,0,0,0
420842,0,1,27,0,0,0,19,0,32,0,0,20
420842,1,1,0,0,0,0,0,0,0,0,0,0
420843,1,1,27,27,27,27,27,27,27,27,27,27
420844,0,1,0,0,0,0,0,16,15,0,0,0
420844,1,1,9,39,9,8,28,26,19,0,18,20
420845,0,1,0,0,0,26,0,23,0,0,25,8
420845,1,1,0,0,0,0,0,0,0,0,0,0
420846,1,1,20,20,20,20,20,20,20,20,20,20
420847,1,1,0,0,0,0,0,0,0,0,0,0
420848,1,1,15,12,0,22,8,8,18,0,10,0
420849,0,1,0,32,34,0,24,6,8,6,10,24
420849,1,1,0,0,0,0,0,0,0,0,0,0
420850,1,1,0,0,0,0,0,0,0,0,0,0
420851,0,1,13,13,13,13,13,13,13,13,13,13
420851,1,1,0,0,0,0,8,0,12,0,0,0
420852,1,1,0,0,0,0,0,0,0,0,0,0
420852,2,1,0,0,0,0,0,0,0,0,0,27
420853,0,1,0,0,0,0,0,0,0,0,0,0
420853,1,1,0,0,0,0,0,0,0,0,0,0
420854,1,1,0,0,0,0,0,0,0,0,0,0
420854,2,1,0,0,0,0,0,0,12,0,0,0
420855,1,1,0,0,0,0,0,0,0,0,0,0
420856,1,1,0,0,0,0,0,0,0,0,0,0
420856,2,5,0,0,0,0,0,0,0,0,0,0
420857,1,1,0,0,0,0,0,0,0,0,0,0
420858,0,1,20,20,20,20,20,20,20,20,20,20
420858,1,1,6,20,15,16,13,15,2,13,14,12
420859,1,1,21,21,21,21,21,21,21,21,21,21
420860,1,1,0,0,0,0,0,0,0,0,0,0
420860,2,1,12,12,12,12,12,12,12,12,12,12
420861,1,1,0,0,0,0,0,0,0,0,0,0
420861,2,1,0,0,0,0,0,0,0,0,0,0
420862,1,1,5,5,5,5,5,5,5,5,5,5
420863,1,1,18,24,0,11,0,18,18,0,0,10
420864,1,1,0,0,0,0,0,0,0,0,0,0
420864,2,1,0,0,0,0,0,0,0,0,0,20
420865,1,1,14,22,0,0,12,0,20,9,26,11
420866,1,1,0,0,0,0,0,0,0,0,0,0
420866,2,1,0,0,0,0,0,0,0,0,0,0
420867,1,1,16,16,16,16,16,16,16,16,16,16
420867,2,1,0,0,0,13,0,0,0,0,0,0
420868,1,1,0,0,0,0,0,0,0,0,0,0
420868,2,1,0,0,0,0,0,0,0,0,0,0
420869,1,1,15,28,29,10,25,12,15,23,21,4
420870,1,1,0,0,0,0,0,0,0,0,0,0
420870,2,1,0,0,0,0,0,0,0,0,0,0
420871,0,1,26,26,26,26,26,26,26,26,26,26
420871,1,1,16,12,0,6,5,13,12,23,16,23
420872,1,1,0,0,0,0,0,0,17,5,0,0
420873,0,1,0,0,0,0,0,0,0,0,0,0
420873,1,1,0,0,0,0,0,0,0,0,0,0
420874,0,1,0,0,0,0,0,0,0,0,0,0
420874,1,1,0,0,0,0,0,0,0,0,0,0
420875,1,1,0,0,0,0,0,0,0,0,0,0
420876,1,1,0,0,0,0,0,0,0,0,15,0
420876,2,1,0,0,0,0,0,0,0,0,0,0
420876,3,1,0,0,0,0,0,21,0,0,0,0
420877,1,1,0,0,0,0,0,0,0,0,0,0
420878,1,1,6,16,15,9,20,10,0,12,7,3
420879,1,1,0,0,0,0,0,0,0,0,0,0
420879,2,1,0,0,0,0,8,0,0,0,0,0
420880,1,1,0,0,16,0,0,5,0,0,24,0
420880,2,1,0,0,0,0,0,0,0,0,0,0
420881,0,1,0,0,0,0,0,0,0,0,0,0
420881,1,1,34,0,0,0,12,0,0,15,0,0
420882,1,1,0,0,0,0,0,0,0,0,0,0
420882,2,1,0,0,0,0,0,0,0,0,0,0
420883,1,1,0,9,13,0,0,0,9,0,0,26
420883,2,1,0,0,0,0,0,0,0,0,0,0
420883,3,1,0,0,0,23,0,0,5,0,0,0
420884,0,1,0,0,0,0,0,0,41,0,0,10
420884,1,1,0,0,0,0,0,38,0,0,0,0
420885,1,1,21,21,21,21,21,21,21,21,21,21
420886,1,1,0,0,0,0,0,0,0,0,0,0
420886,2,1,16,16,0,17,28,0,0,0,8,12
420887,1,1,0,0,0,0,0,0,0,0,0,0
420887,2,1,0,0,0,0,0,0,0,0,0,0
420888,1,1,0,0,0,0,0,0,0,0,0,0
420889,1,2,0,34,0,0,12,0,16,10,0,0
420890,1,1,0,0,0,0,0,0,0,0,0,0
420891,1,1,0,0,0,0,0,0,0,0,0,0
420891,2,1,0,0,0,0,0,0,0,0,0,0
420891,3,1,0,0,0,0,0,0,0,0,0,0
420891,6,1,0,0,0,0,0,0,0,0,0,0
420892,1,1,0,15,0,0,0,0,0,15,0,0
420893,1,1,0,0,0,0,0,12,0,0,0,0
420894,1,1,3,3,3,3,3,3,3,3,3,3
420894,2,1,0,0,0,0,0,0,0,0,0,0
420895,1,1,0,0,0,20,0,0,0,0,0,29
420896,0,1,0,0,0,0,0,0,0,0,0,0
420896,1,1,0,0,0,0,0,0,0,0,0,0
420897,1,1,0,0,0,0,0,0,0,0,0,0
420897,2,1,0,0,0,0,0,0,0,0,0,0
420898,0,1,0,0,0,0,0,0,0,0,0,0
420898,1,1,10,0,0,16,16,2,8,0,0,8
420899,1,1,0,0,0,0,0,0,0,0,0,0
420899,2,1,5,0,0,0,0,0,0,0,0,0
420900,1,1,35,0,0,20,0,0,0,0,0,8
420900,2,1,0,0,15,0,0,0,0,19,0,0
420901,1,1,0,0,0,0,0,0,0,0,0,0
420902,1,1,0,0,0,0,0,0,0,0,0,0
420903,1,1,27,27,27,27,27,27,27,27,27,27
420904,1,1,0,0,0,0,0,0,0,0,0,0
420904,2,1,0,0,0,0,0,0,0,0,0,0
420905,0,1,0,0,0,0,0,8,0,12,0,0
420905,1,1,0,0,0,0,0,0,0,14,0,0
420906,1,1,0,0,0,0,0,0,0,0,0,0
420906,2,1,9,0,0,0,10,0,13,0,0,0
420907,1,1,17,9,0,9,10,24,15,27,9,23
420907,2,1,0,0,0,0,0,0,0,0,0,11
420908,1,1,0,0,0,0,0,0,0,0,0,0
420908,2,1,0,0,0,0,0,0,0,0,0,0
420909,1,1,0,0,0,0,0,0,0,0,0,11
420909,2,1,0,0,0,0,0,0,0,0,0,0
420910,1,1,0,0,0,0,0,0,0,0,0,0
420910,2,1,0,0,0,0,0,0,0,0,0,0
420911,1,1,0,0,0,0,0,0,0,0,0,0
420911,2,1,0,0,0,0,0,5,0,0,0,0
420912,1,1,0,0,0,0,0,0,0,0,0,0
420912,2,1,0,0,0,0,0,0,0,0,0,0
420912,3,1,0,0,0,0,0,0,0,0,0,0
420912,4,1,0,0,0,0,0,0,0,0,0,0
420912,5,1,0,0,0,36,0,0,0,0,0,0
420912,6,1,27,0,0,0,0,0,0,0,0,0
420912,7,1,0,0,0,0,0,0,0,0,0,0
420912,8,1,0,22,0,0,0,0,0,0,0,0
420912,9,1,0,0,0,0,0,0,0,0,0,0
420912,10,1,0,0,0,0,0,0,0,0,0,0
420912,11,1,0,0,0,0,0,0,0,0,0,0
420912,12,1,0,0,0,0,0,0,0,0,0,0
420912,13,1,0,0,0,0,0,0,0,0,0,0
420912,14,1,0,0,0,0,0,0,0,0,0,0
420912,15,1,0,0,18,0,0,0,0,0,0,0
420912,16,1,0,0,0,0,0,0,0,0,0,0
420912,17,2,0,0,0,0,0,0,0,0,0,0
420912,18,1,0,0,0,0,0,0,0,0,0,0
420912,19,1,0,0,0,0,0,0,0,0,0,0
420912,20,1,0,0,0,0,0,0,0,0,0,0
420912,21,1,0,0,0,0,0,0,0,0,0,0
420912,22,1,0,0,0,0,0,0,0,0,0,0
420912,23,1,0,0,0,0,0,0,0,0,0,0
420912,24,1,0,0,0,0,0,0,0,0,0,0
420912,25,1,0,0,0,0,0,0,0,0,0,0
420912,26,1,0,9,0,0,0,0,0,0,0,0
420912,27,1,0,0,0,0,0,0,0,5,0,0
420912,28,1,0,0,0,0,0,0,0,0,0,0
420912,29,1,0,0,0,0,0,0,0,0,0,0
420912,30,1,0,0,0,0,0,0,0,0,0,0
420912,31,1,0,0,0,0,0,0,0,0,0,0
420912,32,1,0,0,0,0,0,0,0,0,0,0
420912,33,1,0,0,0,20,0,0,0,0,0,0
420912,34,1,0,0,0,0,0,0,0,0,0,0
420912,35,1,0,9,0,0,0,0,0,0,0,0
420912,36,1,0,0,0,0,0,0,0,0,0,0
420912,37,1,0,0,0,0,0,0,0,0,0,0
420912,38,1,0,0,0,0,0,0,0,0,0,0
420912,39,1,0,0,0,0,0,0,0,0,0,0
420912,40,1,0,0,0,0,0,0,0,0,0,0
420912,41,1,0,0,0,0,0,0,0,0,0,0
420912,42,1,0,0,0,0,0,0,0,0,0,0
420912,43,1,0,0,0,0,0,0,0,0,0,0
420912,44,1,0,0,0,0,0,0,0,0,0,0
420912,45,1,0,0,0,0,0,0,4,0,0,0
420912,46,1,0,0,0,0,0,0,0,0,0,0
420912,47,1,0,0,0,0,0,0,0,0,0,0
420912,48,1,0,0,0,0,0,0,0,0,0,0
420912,49,1,0,0,0,0,0,0,0,0,0,0
420912,50,1,0,0,0,0,0,0,0,0,0,0
420912,51,1,0,0,0,0,0,0,0,0,0,0
420912,52,1,0,0,7,0,0,0,0,0,0,0
420912,53,1,0,0,0,0,0,0,0,0,0,0
420912,54,1,0,0,0,0,0,0,0,0,0,0
420912,55,1,0,0,0,0,0,0,0,0,0,0
420912,56,1,0,0,0,0,0,0,0,0,0,0
420912,57,1,0,0,0,0,0,0,0,0,0,0
420912,58,1,0,0,0,0,0,0,0,0,0,0
420912,59,1,0,0,0,0,0,0,0,0,0,0
420912,60,1,0,0,0,0,0,0,0,0,0,0
420912,61,1,0,0,0,0,0,0,0,0,0,0
420912,62,1,0,0,0,0,0,0,0,0,0,0
420912,63,1,0,0,0,0,0,0,6,0,0,0
420912,64,1,0,0,0,0,0,0,0,0,0,0
420913,1,1,12,26,45,26,0,14,0,4,12,0
420914,1,1,26,26,26,26,26,26,26,26,26,26
420915,1,1,0,0,0,0,0,0,0,0,12,0
420916,1,1,0,0,0,0,0,0,0,0,0,0
420916,2,1,0,0,0,0,0,0,0,0,0,0
420917,1,1,0,0,0,0,0,0,0,0,0,0
420917,2,1,0,0,0,0,0,0,0,0,0,0
420917,3,1,0,0,0,0,0,0,0,0,0,0
420918,0,1,0,0,0,0,0,0,0,0,0,0
420918,0,2,0,0,0,9,0,0,0,0,0,0
420918,1,1,0,0,0,0,0,0,0,0,0,0
420919,0,1,0,23,0,0,7,0,0,18,17,3
420919,1,1,0,14,0,19,0,3,0,0,0,0
420920,0,1,0,0,0,0,0,0,0,0,0,0
420920,1,1,0,0,0,0,0,0,0,0,0,0
420921,1,1,8,30,15,11,13,13,12,9,13,15
420922,1,1,0,0,7,0,0,0,0,0,0,0
420922,2,1,0,0,0,0,0,0,0,0,0,0
420923,0,1,0,0,0,0,0,0,0,0,0,0
420923,0,2,0,0,0,0,0,0,0,0,0,0
420923,1,1,0,0,0,16,0,0,0,0,0,0
420924,0,1,0,0,0,29,0,0,29,0,0,0
420924,1,1,0,0,0,0,0,0,0,0,0,0
420926,1,2,13,0,0,0,0,0,0,0,0,0
420926,2,1,0,0,0,0,0,0,0,0,0,0
420927,1,1,25,46,19,12,22,34,23,26,26,0
420928,1,1,0,0,0,0,0,0,0,0,0,0
420928,2,1,0,0,0,0,0,0,0,0,0,0
420928,3,1,0,0,0,0,0,0,0,0,0,0
420928,4,1,0,0,0,0,0,0,0,0,0,0
420928,5,1,0,0,0,0,0,0,0,0,0,0
420929,1,1,0,0,0,0,0,0,0,0,0,0
420930,1,1,0,0,0,0,0,0,0,0,0,0
420930,2,1,0,0,0,4,0,0,0,0,0,0
420930,3,1,0,24,0,0,0,0,0,0,0,0
420930,4,1,0,0,0,0,0,0,0,0,0,0
420931,1,1,0,0,0,0,0,20,0,0,0,0
420931,2,1,0,0,0,0,0,0,0,0,0,0
420932,1,1,0,0,0,0,0,0,0,0,0,0
420933,1,1,0,0,0,0,0,0,0,0,0,0
420934,1,1,0,0,0,0,0,0,0,0,0,0
420934,2,1,0,0,0,0,0,0,0,0,0,0
420934,3,1,0,0,0,0,0,0,0,0,0,0
420935,1,1,23,23,23,23,23,23,23,23,23,23
420936,1,1,0,0,0,0,0,0,0,0,0,0
420936,2,1,0,0,0,0,0,0,0,0,0,0
420937,1,1,0,0,0,0,0,0,26,23,0,0
420938,0,1,0,0,0,0,0,0,0,0,0,0
420938,1,1,0,0,0,0,0,0,0,0,0,0
420939,0,1,0,0,0,0,0,0,0,0,0,0
420939,1,1,0,0,0,0,0,0,14,0,0,0
420940,0,1,0,0,0,0,0,0,0,0,0,0
420940,1,1,0,0,0,0,0,0,0,0,0,0
420941,1,1,0,0,0,0,0,0,0,0,0,0
420941,2,1,2,16,32,29,9,0,23,20,13,34
420942,0,1,0,0,0,0,0,0,0,0,0,0
420942,1,1,0,0,0,0,0,0,0,0,0,0
420943,0,1,0,0,0,0,0,0,0,0,0,0
420943,1,1,0,0,0,0,24,0,0,0,0,0
420944,1,1,17,17,17,17,17,17,17,17,17,17
420945,1,1,0,0,0,0,0,0,0,0,0,0
420945,2,1,0,0,0,0,0,0,0,0,0,0
420946,1,1,0,0,17,11,0,0,16,0,0,0
420947,0,1,21,21,21,21,21,21,21,21,21,21
420947,1,1,0,0,0,0,0,0,0,0,0,0
420948,0,1,0,14,25,0,0,0,14,20,0,25
420948,1,1,0,0,0,0,0,0,0,0,0,0
420949,1,1,0,0,0,0,0,0,0,0,0,0
420949,2,1,0,0,0,0,0,0,0,0,0,0
420949,3,1,0,0,0,0,0,0,0,0,0,0
420949,4,1,0,0,0,0,0,0,0,0,0,0
420950,1,1,0,0,0,0,0,0,0,0,0,0
420951,1,1,22,22,22,22,22,22,22,22,22,22
420951,2,1,7,0,0,0,0,0,0,0,0,0
420952,1,1,24,17,17,4,0,0,22,0,0,0
420952,2,1,11,11,11,11,11,11,11,11,11,11
420953,1,1,0,0,0,0,0,0,0,0,0,0
420954,1,1,0,0,0,0,0,0,0,0,0,0
420954,2,1,9,0,0,0,0,0,0,0,0,0
420955,1,1,27,27,27,27,27,27,27,27,27,27
420956,1,1,0,0,0,0,0,0,0,0,0,0
420957,1,1,0,0,0,0,0,0,0,0,0,0
420958,1,1,38,7,0,0,12,0,0,0,20,14
420959,1,1,15,8,15,0,0,0,0,17,4,13
420960,1,1,0,0,0,0,0,0,0,0,0,0
420960,2,1,0,0,0,0,0,0,0,0,0,0
420961,1,1,0,0,19,0,0,0,0,0,0,0
420961,2,1,0,0,0,0,0,0,0,0,0,0
420962,0,1,15,29,10,5,14,11,13,13,14,13
420962,1,1,0,0,0,0,0,0,0,0,0,0
420963,0,1,33,0,24,0,0,0,0,0,0,0
420963,1,1,0,0,0,0,0,0,0,0,0,0
420964,0,1,34,50,35,15,29,14,27,23,50,34
420964,1,1,0,17,17,0,10,5,0,0,0,9
420965,0,1,28,25,26,8,0,12,40,23,40,19
420965,1,1,0,0,0,0,0,0,0,0,19,0
420966,0,1,0,27,0,15,17,0,0,0,0,0
420966,0,2,0,0,14,0,0,21,0,0,5,0
420966,1,1,0,0,0,0,0,0,0,0,0,10
420967,1,1,0,0,0,0,0,0,0,0,0,0
420967,2,1,0,0,0,0,0,0,0,0,0,0
420968,1,1,0,0,0,11,0,39,17,7,0,15
420968,2,1,0,10,0,0,8,0,0,0,0,0
420969,1,1,0,0,0,6,0,0,3,0,0,22