ST_CASE,VEH_NO,PER_NO,P1,P2,P3,P4,P5,P6,P7,P8,P9,P10
460094,1,1,0,0,0,0,0,0,0,0,0,0
460095,1,1,3,3,3,3,3,3,3,3,3,3
460096,1,1,0,0,0,0,0,0,0,0,0,0
460096,2,1,0,0,0,0,0,0,0,0,0,0
460097,1,1,24,24,24,24,24,24,24,24,24,24
460098,1,1,13,13,13,13,13,13,13,13,13,13
460099,1,1,0,0,0,0,0,0,0,0,0,0
460099,2,1,0,0,0,0,0,0,0,0,0,0
460100,1,1,13,13,13,13,13,13,13,13,13,13
460101,1,1,19,19,19,19,19,19,19,19,19,19
460102,1,1,0,0,0,0,0,0,0,0,0,0
460103,1,1,17,0,0,0,16,26,0,0,0,0
470001,1,1,0,0,0,0,0,0,0,0,0,0
470001,2,1,0,0,0,0,0,0,0,0,0,0
470001,3,1,0,10,0,0,12,0,0,6,0,0
470002,1,1,0,0,0,0,0,0,0,0,0,0
470002,2,1,0,0,0,0,0,0,0,0,0,0
470003,1,1,0,0,0,0,0,0,0,0,0,0
470003,2,1,0,0,0,0,0,0,0,0,0,0
470004,1,1,0,0,0,0,0,0,0,0,0,0
470004,2,1,0,0,0,0,0,0,0,0,0,0
470005,1,1,0,0,0,0,0,0,0,0,0,0
470005,2,1,0,0,0,0,0,0,0,0,0,0
470006,1,1,0,0,0,0,0,0,0,0,0,0
470006,2,1,0,0,0,0,0,0,0,0,0,0
470007,0,1,0,0,0,0,0,0,0,0,0,0
470007,1,1,0,0,0,0,0,0,0,0,0,0
470008,0,1,0,0,0,0,0,0,0,0,0,0
470008,1,1,0,17,0,0,0,0,0,0,0,0
470009,1,1,0,0,0,0,0,0,0,0,0,0
470009,2,1,0,0,0,0,0,0,0,0,0,0
470010,1,1,16,16,16,16,16,16,16,16,16,16
470010,2,1,0,0,0,0,0,0,0,0,0,0
470011,1,1,0,0,0,0,0,0,0,0,0,0
470011,2,1,0,0,0,0,0,0,0,0,0,0
470012,1,1,0,0,0,0,0,0,0,0,0,0
470013,1,1,0,0,0,0,0,0,0,0,0,0
470013,2,1,10,0,0,0,0,0,0,0,0,0
470014,1,1,0,0,0,0,0,0,0,0,0,0
470014,2,1,0,0,0,0,0,0,0,0,0,0
470015,1,1,7,4,26,32,20,17,12,8,13,2
470016,1,1,0,0,0,0,0,0,0,0,0,0
470016,2,1,0,0,0,0,0,0,0,0,0,0
470016,3,1,0,0,0,0,0,0,11,0,0,0
470017,1,1,0,0,0,0,0,0,0,0,0,0
470017,2,1,0,0,0,0,0,0,0,0,0,0
470018,0,1,0,0,0,0,0,0,0,0,0,0
470018,1,1,0,0,0,0,0,0,0,0,0,0
470019,1,1,23,0,10,0,17,12,0,0,9,0
470020,1,1,0,0,0,0,0,0,0,0,0,0
470021,1,1,30,30,30,30,30,30,30,30,30,30
470022,1,1,0,17,15,0,0,12,0,8,0,12
470023,1,1,0,0,0,0,0,0,0,0,0,0
470024,1,1,0,0,0,0,0,0,0,0,0,0
470025,0,1,0,0,0,0,0,0,0,0,0,0
470025,1,1,0,0,0,0,0,0,0,0,0,29
470026,1,1,18,18,18,18,18,18,18,18,18,18
470027,1,1,0,0,0,0,0,0,0,0,0,0
470028,1,1,0,0,0,0,0,0,0,0,0,0
470028,2,1,0,0,0,12,0,0,0,0,0,0
470028,3,1,0,0,0,0,0,0,0,0,0,0
470029,1,1,0,0,0,0,0,0,0,0,0,0
470029,2,1,0,0,0,0,0,0,0,0,0,0
470030,1,1,0,0,0,0,0,0,0,0,0,0
470030,2,1,0,0,0,23,0,28,0,0,0,0
470031,1,1,0,0,0,10,0,0,0,0,0,0
470031,2,1,0,0,0,0,0,0,0,0,0,0
470032,1,1,0,0,0,0,0,0,0,0,0,0
470033,0,1,0,0,0,0,0,0,0,0,0,0
470033,1,1,0,0,0,0,0,0,0,0,0,0
470034,1,1,2,0,0,0,0,0,0,0,0,0
470035,1,1,7,7,7,7,7,7,7,7,7,7
470035,2,1,0,0,0,0,0,0,0,0,0,0
470036,1,1,0,0,0,0,0,0,0,0,0,0
470036,2,1,0,0,0,0,0,0,0,0,0,0
470037,1,1,0,0,0,0,0,0,0,0,0,0
470038,1,1,7,7,7,7,7,7,7,7,7,7
470040,1,1,0,0,19,0,0,0,0,0,0,0
470041,1,1,0,0,0,0,0,0,0,0,0,0
470041,2,1,0,0,0,0,0,0,0,0,0,21
470042,1,1,0,0,0,0,0,0,0,0,0,0
470043,1,1,0,0,0,0,0,0,0,0,0,0
470043,2,1,0,0,0,0,0,0,0,0,0,0
470043,3,1,0,0,0,0,0,0,0,0,0,0
470043,4,1,0,0,0,0,0,0,0,0,0,0
470044,1,1,17,17,17,17,17,17,17,17,17,17
470045,1,1,0,0,0,0,0,0,0,0,0,0
470045,2,1,0,0,0,0,0,0,0,0,0,0
470046,1,1,0,0,0,0,0,0,0,0,0,0
470046,2,1,0,0,0,0,0,0,0,0,0,0
470047,1,1,11,11,11,11,11,11,11,11,11,11
470048,1,1,0,0,0,0,0,0,0,0,0,0
470049,1,1,18,18,18,18,18,18,18,18,18,18
470050,1,1,7,7,7,7,7,7,7,7,7,7
470051,1,1,0,0,0,0,0,0,0,0,0,0
470051,2,1,0,0,0,0,0,0,0,0,0,0
470052,1,1,0,0,0,0,0,0,0,0,0,0
470052,2,1,0,0,0,0,0,0,0,0,0,0
470053,1,1,2,2,2,2,2,2,2,2,2,2
470054,1,1,0,0,0,0,0,0,0,0,0,0
470055,1,1,0,0,0,0,0,0,0,0,0,0
470056,1,1,0,0,0,0,0,0,0,0,0,0
470056,2,1,0,0,0,0,0,0,0,0,0,0
470056,3,1,0,0,0,0,0,0,0,0,0,0
470057,0,1,0,0,0,0,0,0,0,0,0,0
470057,1,1,0,0,0,0,0,0,0,0,0,0
470058,1,1,3,3,3,3,3,3,3,3,3,3
470060,0,1,0,0,0,0,0,0,0,0,0,0
470060,1,1,0,0,0,0,0,0,0,0,0,0
470061,1,1,0,0,0,0,0,0,0,0,0,0
470061,2,1,0,0,0,0,0,0,0,0,0,0
470062,1,1,0,0,0,0,0,0,0,0,0,0
470063,1,1,0,0,0,0,0,0,0,0,0,0
470063,2,1,0,0,0,0,0,0,0,0,0,0
470064,1,1,0,0,0,0,0,0,0,13,0,0
470064,2,1,0,0,0,0,0,0,0,0,0,0
470065,1,1,0,0,0,0,0,0,0,0,0,0
470066,1,1,0,0,0,0,0,0,0,0,0,0
470066,2,1,0,0,0,0,0,0,0,0,0,0
470067,1,1,19,0,0,0,0,0,0,0,0,0
470067,2,1,0,0,0,0,0,0,0,0,0,0
470068,1,1,0,0,0,26,0,0,0,0,0,0
470068,2,1,0,0,0,0,0,0,0,0,0,0
470068,3,1,0,0,0,0,0,0,0,0,0,0
470069,1,1,13,13,13,13,13,13,13,13,13,13
470069,2,1,0,0,0,0,0,0,0,0,0,0
470070,0,1,24,24,24,24,24,24,24,24,24,24
470070,1,1,10,10,10,0,23,6,0,0,18,19
470071,1,1,0,0,0,0,0,0,0,0,0,0
470072,1,1,0,0,0,0,0,0,12,0,0,0
470072,2,1,0,0,0,0,0,0,0,0,0,0
470073,1,1,0,0,0,0,0,0,0,0,0,0
470074,1,1,0,21,8,0,29,24,0,0,0,35
470075,1,1,0,0,0,0,0,0,0,0,0,0
470075,2,1,0,0,0,0,0,0,0,0,0,0
470076,1,1,0,0,0,0,0,0,0,0,0,0
470076,2,1,0,0,0,0,0,14,0,0,0,0
470077,1,1,0,0,0,0,0,0,0,0,0,0
470077,2,1,0,0,0,0,0,0,0,0,0,0
470077,3,1,0,0,0,0,0,0,0,0,0,0
470078,1,1,0,10,0,0,0,0,0,0,11,0
470079,1,1,0,0,0,17,0,0,0,0,0,0
470080,1,1,23,23,23,23,23,23,23,23,23,23
470080,2,1,0,0,0,0,0,0,0,0,0,0
470081,1,1,0,0,0,0,0,0,0,0,0,18
470082,1,1,34,15,0,0,0,0,0,22,26,0
470083,1,1,0,16,0,0,0,0,0,0,17,0
470084,1,1,0,0,0,0,0,0,0,0,0,0
470084,2,1,10,0,18,0,0,0,0,0,0,0
470085,1,1,0,0,0,0,0,0,0,0,0,0
470086,1,1,18,15,16,15,24,10,15,26,13,31
470087,1,1,0,19,0,0,0,0,0,0,0,0
470087,2,1,4,4,4,4,4,4,4,4,4,4
470088,1,1,0,0,0,0,0,0,0,0,0,0
470088,2,1,0,0,0,0,0,0,0,0,0,0
470089,1,1,20,20,20,20,20,20,20,20,20,20
470090,1,1,0,0,0,0,0,0,0,0,0,0
470090,2,1,0,0,0,0,0,0,0,0,0,0
470090,3,1,0,0,0,0,0,0,0,17,0,0
470091,1,1,0,0,0,0,0,0,0,0,0,0
470091,2,1,0,0,0,0,0,0,0,0,0,0
470092,1,1,0,0,0,0,0,0,0,0,0,0
470092,2,1,0,0,0,0,0,0,0,0,0,0
470092,3,1,0,0,0,0,0,0,0,0,0,0
470093,1,1,0,0,0,0,0,0,0,0,0,0
470094,0,1,1,1,1,1,1,1,1,1,1,1
470094,1,1,24,24,24,24,24,24,24,24,24,24
470094,2,1,0,0,0,0,0,0,0,0,0,0
470095,0,1,33,33,33,33,33,33,33,33,33,33
470095,1,1,0,0,0,0,0,0,0,0,0,0
470095,2,1,0,0,0,0,0,0,0,0,0,0
470096,0,1,0,0,0,0,0,0,0,0,0,0
470096,1,1,0,0,0,0,0,0,0,0,0,0
470097,1,1,0,0,0,0,0,0,0,0,0,0
470098,1,1,0,0,0,0,0,0,0,0,0,0
470099,0,1,15,0,28,0,0,0,0,0,0,25
470099,1,1,0,0,0,0,0,0,0,0,0,0
470100,1,1,0,0,0,0,20,0,0,8,0,0
470100,2,1,0,0,0,0,0,0,0,0,0,0
470101,1,1,0,0,0,0,0,0,0,0,0,0
470102,1,1,0,0,0,0,0,0,0,0,0,0
470103,1,1,0,0,0,0,0,0,0,0,0,0
470104,1,1,4,4,4,4,4,4,4,4,4,4
470105,1,1,0,0,0,0,0,0,0,0,0,0
470105,2,1,0,0,0,0,0,0,0,0,0,0
470106,0,1,0,0,0,0,4,0,0,0,32,0
470106,1,1,22,22,22,22,22,22,22,22,22,22
470107,1,1,0,29,0,12,0,23,31,0,8,10
470108,0,1,0,0,0,0,0,0,0,0,0,0
470108,1,1,0,0,7,0,0,10,0,0,0,0
470109,1,1,0,0,0,0,0,0,0,0,0,0
470109,2,1,0,0,0,0,0,0,0,0,0,0
470110,1,1,0,0,0,0,0,0,0,0,0,0
470110,2,1,0,0,0,0,0,0,0,0,0,0
470111,1,1,0,0,0,0,0,0,0,0,0,0
470112,1,1,0,0,0,0,0,0,0,0,0,0
470112,2,1,0,0,0,0,0,0,0,0,0,25
470113,1,1,0,0,0,0,0,0,0,0,0,0
470114,1,1,0,0,0,0,0,0,0,0,0,0
470114,2,1,0,0,0,0,0,0,0,0,0,0
470115,1,1,21,21,21,21,21,21,21,21,21,21
470116,1,1,22,22,22,22,22,22,22,22,22,22
470117,1,1,22,22,22,22,22,22,22,22,22,22
470117,2,1,25,25,25,25,25,25,25,25,25,25
470118,1,1,0,0,0,0,0,0,0,0,0,0
470118,2,1,0,0,0,0,0,0,0,0,0,0
470119,1,1,0,0,0,0,0,0,0,0,0,0
470120,1,1,0,0,65,0,0,0,0,0,0,0
470120,2,1,0,0,0,0,0,0,0,0,0,0
470121,1,1,0,0,0,0,0,0,0,0,0,25
470122,1,1,0,0,0,0,0,0,0,0,0,0
470123,1,1,0,0,0,0,0,0,0,0,0,0
470124,1,1,0,0,0,0,0,0,0,0,0,0
470125,0,1,0,0,0,0,0,0,0,0,0,0
470125,1,1,0,0,0,0,0,0,0,0,0,0
470127,1,1,0,0,0,0,0,0,0,0,0,0
470128,1,1,0,0,0,0,0,0,0,0,0,0
470128,2,1,0,0,0,19,0,0,0,0,0,0
470129,1,1,2,2,2,2,2,2,2,2,2,2
470129,2,1,0,0,0,22,0,0,14,0,0,0
470129,3,1,0,0,0,0,0,0,0,0,0,0
470129,4,1,0,0,0,0,5,0,5,4,0,20
470130,0,1,19,0,13,0,0,0,0,0,0,0
470130,1,1,0,0,0,0,0,0,0,0,0,0
470131,1,1,0,0,0,0,0,0,0,0,0,0
470131,2,1,0,0,0,0,0,0,0,0,0,0
470132,1,1,0,0,0,0,0,0,0,0,0,0
470133,0,1,24,24,24,24,24,24,24,24,24,24
470133,1,1,0,0,0,0,0,0,0,0,0,0
470134,1,1,0,0,0,0,22,16,0,3,0,0
470134,2,1,17,17,17,17,17,17,17,17,17,17
470134,3,1,0,0,0,0,0,5,0,0,0,0
470135,1,1,0,13,0,25,0,0,0,0,0,0
470135,2,1,0,0,0,0,0,0,0,0,0,0
470136,1,1,15,15,15,15,15,15,15,15,15,15
470137,1,1,0,0,0,0,0,0,0,0,0,0
470137,2,1,0,0,0,0,0,0,0,0,0,0
470137,3,1,0,0,0,0,9,0,0,0,0,0
470138,1,1,0,0,0,0,0,0,0,0,0,0
470138,2,1,0,15,9,0,0,20,6,0,0,0
470139,1,1,20,32,15,24,0,0,37,14,17,20
470140,1,1,15,15,15,15,15,15,15,15,15,15
470141,1,1,19,0,0,0,0,0,0,0,0,0
470142,1,1,0,0,0,0,0,0,0,0,0,0
470142,2,1,0,0,0,0,0,0,0,0,0,0
470142,3,1,0,0,0,0,0,0,0,0,0,0
470143,1,1,0,0,0,0,0,0,0,0,0,0
470143,2,1,0,0,0,0,0,0,0,0,0,0
470144,1,1,0,0,0,0,0,0,0,0,0,0
470145,1,1,0,0,0,0,0,0,0,0,0,0
470145,2,1,0,0,0,0,0,0,0,0,0,0
470146,1,1,0,0,0,0,0,0,0,0,0,0
470146,2,1,0,0,0,0,0,0,0,0,0,0
470147,1,1,3,3,3,3,3,3,3,3,3,3
470148,1,1,0,0,0,0,0,0,0,0,0,0
470149,1,1,11,27,14,26,33,15,0,6,12,12
470150,1,1,0,0,0,0,0,0,0,0,0,0
470151,1,1,0,0,0,0,0,0,0,0,0,0
470151,2,1,0,0,0,0,0,0,0,0,0,0
470152,0,1,27,27,27,27,27,27,27,27,27,27
470152,1,1,0,0,0,0,0,0,0,0,0,0
470153,1,1,0,0,0,0,0,0,0,0,0,0
470154,1,1,0,0,0,0,0,0,0,0,0,0
470154,2,1,2,2,2,2,2,2,2,2,2,2
470155,1,1,0,0,0,0,0,0,0,0,0,0
470155,2,1,7,0,0,0,0,0,7,13,17,3
470156,1,1,5,5,5,5,5,5,5,5,5,5
470157,1,1,11,11,11,11,11,11,11,11,11,11
470157,2,1,0,0,0,0,0,0,0,0,0,0
470158,1,1,0,0,0,0,0,0,0,15,10,11
470158,2,1,0,0,0,0,0,0,0,0,0,0
470159,1,1,0,0,18,0,0,0,0,0,0,0
470159,2,1,0,0,0,0,0,0,0,0,0,0
470160,1,1,26,26,26,26,26,26,26,26,26,26
470161,1,1,24,24,24,24,24,24,24,24,24,24
470162,1,1,0,0,0,0,0,0,0,0,0,0
470163,1,1,0,0,0,0,0,0,0,0,0,0
470163,2,1,0,0,0,0,0,0,0,0,0,0
470164,0,1,18,0,13,22,22,0,0,19,0,0
470164,1,1,0,0,0,0,0,11,4,25,0,15
470165,0,1,0,4,35,0,0,0,0,0,0,0
470165,1,1,0,0,0,0,0,0,0,0,26,0
470166,1,1,14,14,14,14,14,14,14,14,14,14
470167,1,1,0,0,0,0,0,0,0,0,0,0
470167,2,1,0,0,0,0,0,0,0,0,0,0
470168,1,1,11,11,11,11,11,11,11,11,11,11
470169,1,1,0,0,0,0,0,0,0,0,0,0
470170,1,1,21,21,21,21,21,21,21,21,21,21
470172,1,1,0,0,0,0,0,0,0,0,0,0
470173,1,1,20,20,20,20,20,20,20,20,20,20
470174,0,1,0,0,0,0,0,0,0,0,0,0
470174,1,1,10,0,0,0,0,0,0,0,0,23
470174,2,1,0,0,0,0,0,0,0,0,0,0
470175,1,1,0,0,0,0,0,0,0,0,0,0
470176,1,1,0,10,17,26,11,22,11,15,20,16
470177,1,1,0,0,0,0,0,0,0,0,0,0
470177,2,1,0,0,0,0,0,0,0,0,0,0
470178,1,1,29,0,0,0,14,23,0,24,0,0
470179,1,1,20,0,17,9,0,20,0,9,14,0
470180,1,1,0,0,0,0,0,0,0,0,0,0
470180,2,1,0,0,0,0,0,0,0,0,0,0
470181,1,1,0,0,0,0,0,0,0,0,0,0
470182,1,1,0,0,0,0,0,0,0,0,0,0
470182,2,1,0,0,39,0,0,0,0,0,0,0
470183,1,1,20,20,20,20,20,20,20,20,20,20
470183,2,1,0,0,0,0,0,0,0,0,0,0
470184,1,1,25,25,25,25,25,25,25,25,25,25
470185,1,1,0,0,21,0,0,0,0,0,23,0
470186,1,1,9,9,9,9,9,9,9,9,9,9
470187,1,1,0,0,0,0,0,0,6,15,0,14
470188,1,1,0,0,0,0,0,0,0,0,13,0
470188,2,1,0,0,0,0,0,0,0,0,0,0
470189,1,1,0,0,0,0,0,0,0,0,0,0
470190,0,1,19,19,19,19,19,19,19,19,19,19
470190,1,1,0,0,0,0,0,0,0,0,0,0
470191,1,1,0,0,0,0,0,0,0,0,0,0
470191,2,1,0,0,0,0,0,0,0,0,0,0
470192,0,1,0,0,0,0,0,0,0,0,0,0
470192,1,1,0,0,0,0,0,0,0,0,0,0
470193,1,1,0,0,0,0,0,0,0,0,0,0
470193,2,1,0,0,0,0,0,0,0,0,0,0
470194,1,1,0,0,0,0,0,0,0,0,0,0
470194,2,1,0,0,19,0,0,0,0,0,0,0
470195,1,1,0,14,0,11,24,15,8,0,0,11
470196,1,1,0,0,0,0,0,0,0,0,0,0
470198,1,1,0,0,0,0,0,0,0,0,0,0
470198,2,1,0,0,0,0,0,0,0,0,0,0
470199,1,1,0,0,0,0,0,0,0,0,0,0
470200,1,1,12,12,12,12,12,12,12,12,12,12
470201,1,1,0,22,0,0,19,0,8,0,0,0
470202,1,1,0,0,0,0,0,0,0,0,0,0
470202,2,1,0,0,0,0,0,0,0,0,0,0
470203,1,1,12,0,0,0,0,0,0,0,0,0
470203,2,1,0,0,0,0,0,0,0,0,0,0
470204,1,1,21,21,21,21,21,21,21,21,21,21
470205,1,1,0,0,0,0,0,0,0,0,0,0
470206,1,1,15,15,15,15,15,15,15,15,15,15
470206,2,1,0,13,0,0,0,0,0,12,0,0
470207,1,1,0,0,0,0,0,0,0,0,0,0
470208,1,1,0,0,0,25,7,0,20,0,0,23
470209,1,1,0,0,0,0,0,0,0,0,0,0
470210,1,1,0,0,0,0,0,0,0,0,0,0
470211,1,1,0,0,0,0,0,0,0,0,0,0
470212,1,1,0,0,0,0,0,0,0,0,0,0
470213,1,1,15,15,15,15,15,15,15,15,15,15
470214,1,1,19,19,19,19,19,19,19,19,19,19
470215,1,1,0,0,0,0,0,0,0,0,0,0
470216,1,1,0,0,0,0,0,0,0,0,0,0
470216,2,1,0,0,0,0,0,0,0,0,0,0
470217,1,1,0,0,0,0,0,0,0,0,0,0
470218,1,1,0,0,0,0,0,0,0,0,0,0
470219,1,1,0,0,0,0,0,0,0,0,0,0
470219,2,1,1,1,1,1,1,1,1,1,1,1
470220,1,1,0,0,0,2,0,0,0,0,0,0
470220,2,1,0,0,0,0,0,0,0,0,0,0
470221,1,1,0,0,0,0,0,0,0,0,0,0
470221,2,1,0,0,0,0,0,0,0,0,0,0
470222,1,1,0,0,0,0,0,0,0,0,0,0
470222,2,1,0,0,0,0,0,0,0,0,0,0
470223,1,1,18,0,4,29,29,23,18,13,0,14
470224,1,1,0,0,0,0,0,0,0,0,0,0
470225,1,1,3,3,3,3,3,3,3,3,3,3
470225,2,1,0,0,0,0,0,0,0,0,0,0
470226,0,1,9,9,9,9,9,9,9,9,9,9
470226,1,1,0,0,0,0,0,0,0,0,0,0
470227,1,1,0,0,0,0,0,0,0,0,0,0
470228,1,1,13,0,0,0,0,0,0,0,0,6
470229,1,1,14,14,14,14,14,14,14,14,14,14
470229,2,1,0,0,0,0,0,0,0,0,0,0
470230,1,1,0,0,0,0,0,0,0,0,0,0
470231,1,1,23,23,23,23,23,23,23,23,23,23
470232,1,1,0,0,0,0,0,0,0,0,0,0
470232,2,1,0,0,0,0,0,0,0,0,0,0
470233,1,1,0,0,0,7,0,0,0,0,0,26
470234,1,1,18,18,18,18,18,18,18,18,18,18
470235,1,1,0,0,0,0,0,0,0,0,0,0
470235,2,1,3,3,3,3,3,3,3,3,3,3
470236,1,1,0,0,0,0,0,0,0,0,0,15
470236,2,1,0,0,0,0,0,0,0,0,0,0
470237,1,1,13,0,0,0,0,0,16,0,0,4
470238,1,1,0,0,0,0,0,0,0,0,0,0
470239,1,1,0,0,0,0,0,0,0,0,0,0
470239,2,1,0,0,0,0,13,0,0,0,20,0
470240,0,1,0,0,0,0,0,0,0,0,0,0
470240,1,1,0,0,0,0,0,0,0,0,0,0
470241,1,1,0,0,0,0,0,0,0,0,0,0
470242,1,1,12,12,12,12,12,12,12,12,12,12
470243,1,1,0,0,0,0,0,0,0,0,0,0
470243,2,1,0,0,0,0,0,0,0,0,7,0
470244,1,1,13,13,13,13,13,13,13,13,13,13
470245,1,1,11,11,11,11,11,11,11,11,11,11
470246,1,1,0,0,0,0,0,0,0,0,0,0
470247,1,1,0,0,0,0,0,0,0,0,0,0
470248,1,1,0,0,0,0,0,0,0,0,0,0
470248,2,1,0,0,0,0,0,0,0,0,0,0
470248,3,1,19,0,0,0,0,0,0,0,0,0
470249,0,1,21,21,21,21,21,21,21,21,21,21
470249,1,1,0,13,10,0,0,0,0,17,0,0
470250,1,1,0,0,0,0,0,0,0,0,0,0
470250,2,1,0,0,0,0,0,0,0,0,0,0
470251,1,1,10,10,10,10,10,10,10,10,10,10
470252,1,1,4,4,4,4,4,4,4,4,4,4
470252,2,1,0,0,0,0,0,0,0,0,0,0
470254,1,1,0,0,0,0,0,0,0,0,0,0
470255,1,1,0,0,0,0,0,0,0,0,0,0
470255,2,1,0,0,0,0,0,0,0,0,0,0
470256,0,1,0,16,0,0,0,29,0,0,0,0
470256,1,1,0,0,0,11,0,0,0,0,0,0
470257,1,1,0,0,0,0,0,0,0,0,0,0
470258,1,1,0,0,0,0,0,0,0,0,0,0
470258,2,1,0,0,0,0,0,0,0,0,0,0
470259,1,1,0,0,0,0,0,0,0,0,0,0
470260,0,1,0,0,0,0,0,0,0,0,0,0
470260,1,1,0,0,0,0,0,0,0,0,0,0
470261,1,1,0,0,0,0,0,0,0,0,0,0
470261,2,1,0,0,0,0,0,0,0,0,0,0
470262,0,1,0,0,0,0,0,0,0,0,0,0
470262,1,1,0,10,0,0,0,0,0,0,0,0
470263,1,1,0,0,0,0,0,0,0,0,0,0
470263,2,1,0,0,0,0,0,0,0,0,0,0
470264,1,1,22,22,22,22,22,22,22,22,22,22
470265,1,1,0,0,0,0,0,0,0,0,0,0
470265,2,1,0,0,0,0,0,0,0,0,0,0
470266,1,1,0,0,0,0,0,0,0,0,0,0
470266,2,1,0,0,0,0,0,0,0,0,0,0
470267,0,1,0,0,0,0,0,0,0,0,0,0
470267,1,1,0,0,0,0,0,0,0,0,0,0
470267,2,1,0,0,0,22,0,0,0,0,0,0
470267,3,1,0,0,0,0,0,0,0,0,0,0
470268,0,1,0,0,0,0,0,0,2,0,0,0
470268,1,1,0,0,0,0,0,0,0,0,0,0
470270,1,1,0,0,0,0,0,0,0,0,0,0
470271,1,1,0,0,0,0,0,0,0,0,0,0
470272,1,1,0,0,0,0,0,0,0,0,0,0
470272,2,1,0,0,0,14,0,0,0,0,0,0
470273,1,1,0,12,0,0,32,0,12,0,0,0
470273,2,1,0,0,0,0,0,0,0,0,0,0
470274,1,1,0,0,0,0,0,0,0,0,0,0
470274,2,1,0,0,0,0,0,0,0,0,0,0
470275,1,1,0,0,0,0,0,0,0,0,0,0
470275,2,1,0,0,0,0,0,0,0,0,0,0
470276,0,1,14,14,14,14,14,14,14,14,14,14
470276,1,1,0,0,0,0,0,0,0,0,0,0
470277,1,1,0,0,0,0,0,0,0,0,0,0
470278,1,1,0,0,0,0,0,0,0,0,0,0
470278,2,1,0,0,0,0,0,0,0,0,0,0
470279,1,1,30,30,30,30,30,30,30,30,30,30
470280,1,1,17,17,17,17,17,17,17,17,17,17
470280,2,1,0,0,0,0,0,0,0,0,0,0
470281,1,1,0,0,0,0,0,0,0,0,0,0
470281,3,1,0,11,18,0,15,12,0,3,23,20
470282,1,1,0,0,0,0,0,0,0,0,0,0
470282,2,1,0,0,0,0,0,0,0,0,0,0
470282,3,1,0,0,0,0,0,0,0,0,0,0
470283,1,1,0,0,0,0,0,0,0,0,0,0
470284,1,1,13,0,0,21,0,0,32,6,0,0
470285,1,1,0,0,0,0,0,0,0,0,7,0
470285,2,1,0,0,0,15,0,0,0,0,0,0
470286,1,1,0,0,0,0,0,0,0,0,0,0
470287,1,1,0,0,0,0,0,0,0,0,0,5
470287,2,1,0,0,0,0,0,0,0,0,0,0
470288,2,1,0,0,0,0,0,0,0,0,0,0
470289,1,1,38,38,38,38,38,38,38,38,38,38
470290,0,1,28,28,28,28,28,28,28,28,28,28
470290,1,1,0,0,0,0,0,0,0,0,0,0
470290,2,1,0,0,0,0,0,0,10,0,0,0
470291,1,1,0,17,0,0,0,0,0,0,0,0
470292,1,1,0,0,0,0,0,16,0,0,0,0
470293,1,1,0,0,0,0,0,0,0,0,0,0
470294,1,1,0,0,0,0,0,0,0,0,0,5
470294,2,1,0,0,0,0,0,0,0,0,0,0
470294,3,1,0,0,0,0,0,0,0,0,0,0
470295,1,1,0,0,0,0,0,0,0,0,0,0
470296,1,1,0,0,0,0,0,0,0,0,0,0
470296,2,1,0,0,0,0,0,0,0,0,0,0
470297,1,1,0,0,0,0,0,0,0,0,0,0
470298,1,1,0,0,0,0,0,0,0,0,0,0
470299,1,1,0,0,0,0,0,0,14,0,0,0
470299,2,1,0,0,0,0,0,0,0,0,0,0
470301,1,1,0,0,0,0,0,0,0,0,0,0
470301,2,1,0,0,0,0,0,0,0,0,0,0
470301,3,1,0,0,0,0,0,0,0,0,0,0
470301,4,1,0,0,0,0,0,0,0,0,0,0
470301,5,1,0,0,0,0,0,0,0,0,0,0
470302,1,1,0,0,0,0,0,0,0,0,0,0
470303,1,1,43,3,10,14,9,13,7,10,14,9
470304,1,1,27,27,27,27,27,27,27,27,27,27
470304,2,1,0,0,0,0,0,0,0,0,0,0
470305,0,1,0,41,23,26,0,9,47,20,30,0
470305,1,1,0,0,0,0,0,0,0,0,0,12
470306,1,1,22,22,22,22,22,22,22,22,22,22
470307,0,1,0,0,0,0,0,0,0,0,0,0
470307,1,1,0,0,0,0,0,0,0,0,0,0
470309,1,1,0,0,0,0,0,0,0,0,0,0
470309,2,1,0,0,0,0,0,0,0,0,0,0
470309,3,1,0,0,0,0,0,0,0,0,0,0
470310,1,1,30,31,23,0,4,5,23,0,19,17
470311,1,1,0,0,15,0,23,0,0,7,0,0
470311,5,1,0,0,0,0,0,0,0,0,0,0
470312,1,1,0,0,0,0,0,0,0,0,0,0
470313,1,1,4,0,18,12,0,24,0,0,0,0
470314,1,1,0,3,0,0,0,14,0,0,0,0
470314,2,1,0,0,0,0,0,0,0,0,0,0
470315,1,1,0,0,0,0,0,0,0,0,0,0
470316,1,1,0,0,0,0,0,0,0,0,0,0
470316,2,1,0,0,0,0,0,0,0,0,0,0
470317,1,1,0,0,0,0,0,0,0,0,0,0
470317,2,1,0,0,0,0,0,0,0,0,0,0
470318,1,1,0,0,0,0,0,0,0,0,0,0
470318,2,1,0,0,0,0,0,0,0,0,0,0
470319,1,1,0,0,0,0,0,0,0,0,0,0
470320,1,1,0,0,0,0,0,0,0,0,0,0
470321,0,1,0,0,0,0,0,0,0,0,0,0
470321,1,1,0,0,0,0,0,0,0,0,0,0
470322,1,1,0,0,0,0,0,0,0,0,0,0
470322,2,1,0,0,0,0,0,0,0,0,0,0