ST_CASE,VEH_NO,PER_NO,P1,P2,P3,P4,P5,P6,P7,P8,P9,P10
470322,3,1,0,0,0,0,0,0,0,0,0,0
470323,1,1,0,0,0,0,18,0,0,0,0,0
470323,2,1,0,0,0,0,0,0,0,0,0,0
470324,1,1,0,0,14,0,0,0,15,0,0,10
470325,1,1,0,0,0,0,0,0,0,0,0,0
470325,2,1,0,0,0,0,0,0,0,0,0,0
470326,1,1,0,0,0,0,0,0,0,0,0,13
470327,1,1,0,0,0,0,0,0,0,0,0,0
470327,2,1,0,0,0,0,0,0,0,0,0,0
470328,1,1,17,17,17,17,17,17,17,17,17,17
470328,2,1,0,0,0,0,26,0,0,0,0,0
470329,1,1,20,20,20,20,20,20,20,20,20,20
470329,2,1,0,0,0,0,0,0,0,0,0,0
470330,1,1,0,0,0,0,0,0,0,0,0,0
470331,1,1,0,0,0,0,0,0,0,0,0,0
470331,2,1,0,0,0,0,0,0,0,0,0,0
470332,0,1,10,10,10,10,10,10,10,10,10,10
470332,1,1,0,0,0,0,0,0,0,0,0,0
470333,1,1,0,0,0,0,0,0,0,0,0,0
470334,1,1,8,8,8,8,8,8,8,8,8,8
470335,1,1,0,0,0,0,0,0,0,0,0,0
470336,1,1,0,0,0,0,0,0,0,0,0,0
470337,1,1,21,21,21,21,21,21,21,21,21,21
470338,1,1,26,26,26,26,26,26,26,26,26,26
470338,2,1,0,0,0,0,0,0,0,0,0,0
470339,1,1,11,20,5,26,5,17,27,20,16,22
470340,0,1,30,30,30,30,30,30,30,30,30,30
470340,1,1,9,34,0,10,0,0,0,0,0,0
470341,1,1,0,0,0,0,0,0,0,0,0,0
470341,2,1,0,0,0,0,0,0,0,0,0,0
470342,1,1,20,20,20,20,20,20,20,20,20,20
470343,1,1,13,13,13,13,13,13,13,13,13,13
470344,1,1,0,0,0,0,0,0,0,0,0,2
470344,2,1,0,0,9,0,0,0,0,0,0,0
470345,1,1,14,14,14,14,14,14,14,14,14,14
470345,2,1,19,0,0,0,0,0,0,0,0,0
470345,3,1,0,0,0,0,0,0,0,0,0,0
470346,1,1,0,12,0,0,0,0,0,0,0,17
470347,1,1,14,14,14,14,14,14,14,14,14,14
470348,1,1,0,0,0,0,0,0,0,0,0,0
470348,2,1,4,4,4,4,4,4,4,4,4,4
470348,3,1,0,0,0,0,0,0,0,0,0,0
470349,1,1,0,0,0,18,0,0,0,0,0,0
470349,2,1,0,0,0,0,0,0,0,0,0,0
470350,1,1,0,0,0,0,0,0,0,0,0,0
470350,2,1,0,0,0,0,0,0,0,0,0,0
470352,1,1,2,2,2,2,2,2,2,2,2,2
470353,1,1,0,0,0,0,0,0,0,0,0,0
470353,2,1,3,3,3,3,3,3,3,3,3,3
470354,1,1,7,0,0,22,17,7,15,0,20,0
470355,1,1,0,0,0,0,0,0,0,0,0,0
470356,1,1,0,0,0,0,0,0,0,0,0,0
470356,2,1,0,0,0,0,0,0,0,0,0,0
470358,1,1,0,0,0,0,0,0,0,0,0,0
470359,0,1,0,0,0,0,0,0,0,0,0,0
470359,1,1,0,0,0,0,0,0,0,0,0,0
470360,1,1,0,0,0,0,0,0,0,0,0,0
470360,2,1,0,0,0,0,0,0,0,0,0,0
470361,1,1,15,15,15,15,15,15,15,15,15,15
470362,1,1,0,0,0,0,0,0,0,0,0,0
470362,2,1,17,17,17,17,17,17,17,17,17,17
470363,1,1,0,0,0,0,0,0,0,0,0,0
470363,2,1,0,0,0,0,0,0,0,0,0,0
470364,1,1,0,0,0,0,0,0,0,0,0,0
470364,2,1,0,0,0,0,0,0,0,0,0,0
470365,1,1,31,31,31,31,31,31,31,31,31,31
470365,2,1,0,0,0,0,0,22,0,0,0,0
470365,3,1,0,0,0,0,0,0,26,8,14,0
470366,1,1,0,0,0,0,0,0,0,0,0,0
470367,1,1,9,9,9,9,9,9,9,9,9,9
470368,1,1,0,0,0,0,0,0,0,25,0,0
470369,1,1,0,0,0,0,0,0,0,0,0,21
470369,2,1,0,0,0,0,0,0,0,0,0,0
470370,1,1,16,16,16,16,16,16,16,16,16,16
470371,1,1,0,0,0,0,0,0,0,0,0,0
470372,1,1,0,0,0,0,0,0,0,0,0,0
470373,1,1,0,0,0,0,0,0,0,0,0,0
470373,2,1,0,0,0,0,0,0,0,0,0,0
470373,3,1,0,0,0,13,0,0,0,0,0,0
470374,1,1,0,25,0,0,0,0,0,0,0,0
470375,1,1,0,0,0,0,0,0,0,0,0,0
470375,2,1,0,0,0,0,0,0,0,0,0,0
470376,1,1,0,0,0,0,0,0,0,0,0,0
470376,2,1,0,0,0,0,0,0,0,0,0,0
470377,1,1,13,13,13,13,13,13,13,13,13,13
470378,1,1,10,0,24,0,9,0,9,0,0,0
470378,2,1,0,0,0,35,0,0,0,0,0,0
470379,1,1,0,0,0,0,0,0,0,0,0,0
470379,2,1,0,0,0,0,0,0,0,0,0,0
470379,3,1,0,0,0,0,0,0,0,0,0,0
470379,4,1,0,0,0,0,0,0,0,0,0,0
470380,1,1,21,21,21,21,21,21,21,21,21,21
470380,2,1,0,0,0,0,0,0,0,0,0,0
470381,1,1,0,0,0,0,0,0,0,0,0,0
470382,1,1,0,0,0,0,0,0,0,0,0,0
470382,2,1,1,1,1,1,1,1,1,1,1,1
470383,1,1,0,0,0,0,0,0,0,0,0,0
470384,1,1,26,26,26,26,26,26,26,26,26,26
470384,2,1,0,0,0,30,0,0,0,0,9,0
470385,1,1,0,0,0,0,0,0,0,0,0,0
470385,2,1,0,0,0,0,0,0,0,0,0,0
470386,1,1,0,0,0,0,0,0,0,0,0,0
470386,2,1,0,0,0,0,0,0,0,0,0,0
470387,1,1,0,0,0,0,0,0,0,0,0,0
470387,2,1,0,0,0,0,0,0,0,0,0,0
470388,1,1,0,0,0,0,0,0,0,0,0,0
470388,2,1,0,0,0,0,0,0,0,0,0,0
470389,1,1,0,0,0,0,0,0,0,0,0,0
470390,1,1,0,0,0,0,0,0,0,0,0,0
470391,1,1,0,0,0,0,0,0,0,0,0,0
470391,2,1,0,0,0,0,0,0,0,0,0,0
470392,1,1,0,0,0,0,0,0,0,0,0,0
470393,1,1,0,0,0,0,0,0,0,0,0,0
470393,2,1,0,0,0,0,0,0,0,0,0,0
470393,3,1,0,0,0,0,0,0,0,0,0,0
470393,4,1,0,0,0,0,4,0,0,0,0,0
470393,5,1,0,0,0,0,0,0,0,0,0,0
470393,6,1,0,0,0,0,0,0,29,0,0,0
470394,1,1,0,0,0,0,0,0,0,0,0,0
470395,1,1,0,0,0,0,0,0,0,0,0,0
470395,2,1,0,0,0,0,0,0,0,0,0,0
470396,0,1,0,0,0,0,0,0,0,0,0,0
470396,1,1,5,5,5,5,5,5,5,5,5,5
470397,1,1,0,0,0,0,0,0,0,0,0,0
470398,1,1,0,0,0,0,0,0,0,0,15,0
470399,0,1,0,0,0,0,0,0,0,0,0,0
470399,1,1,0,0,0,0,0,0,0,0,0,0
470399,2,1,0,0,0,0,0,0,0,0,0,0
470400,1,1,0,0,0,0,0,0,0,0,0,0
470401,1,1,0,0,0,0,0,0,0,0,0,0
470401,2,1,0,0,0,0,0,0,0,0,0,0
470402,0,1,0,0,0,0,22,0,19,0,0,0
470402,1,1,0,9,0,0,0,0,0,0,9,0
470403,1,1,0,0,0,0,0,0,0,0,0,0
470403,2,1,0,0,0,0,0,0,0,0,0,0
470404,1,1,0,0,0,0,0,0,0,0,0,0
470404,2,1,0,0,0,0,0,0,0,0,0,0
470405,1,1,3,3,0,0,0,0,0,14,0,11
470405,2,1,0,0,0,0,0,0,0,0,0,0
470406,1,1,0,0,0,0,0,0,0,0,0,0
470407,1,1,0,0,0,19,0,0,0,0,0,0
470408,1,1,0,0,0,0,0,0,0,0,35,0
470409,1,1,0,0,0,0,0,0,0,0,0,0
470409,2,1,0,0,0,0,0,0,0,0,0,0
470410,1,1,18,18,18,18,18,18,18,18,18,18
470411,1,1,0,0,18,7,0,0,4,0,0,0
470411,2,1,20,20,20,20,20,20,20,20,20,20
470412,0,1,0,0,0,16,0,0,0,0,0,0
470412,0,2,0,0,0,0,47,0,0,24,0,0
470412,1,1,0,0,0,0,0,0,0,0,0,0
470413,1,1,0,0,0,0,0,0,0,0,0,0
470413,2,1,0,0,0,0,0,0,0,0,0,0
470413,3,1,0,0,0,0,0,0,0,0,0,0
470413,4,1,21,0,0,0,0,0,0,0,0,0
470413,5,1,0,0,0,0,0,0,0,0,0,0
470413,6,1,0,0,0,0,0,0,0,0,0,0
470414,1,1,0,0,0,0,0,0,0,0,0,0
470415,1,1,21,21,21,21,21,21,21,21,21,21
470416,0,1,21,21,21,21,21,21,21,21,21,21
470416,1,1,0,0,0,0,0,0,0,0,0,0
470417,1,1,0,0,0,0,0,0,0,0,0,0
470418,1,1,0,0,0,0,0,0,0,0,0,0
470418,2,1,0,0,0,0,0,0,0,0,0,0
470419,1,1,13,13,13,13,13,13,13,13,13,13
470419,2,1,0,0,0,0,0,0,0,0,0,0
470420,1,1,25,25,25,25,25,25,25,25,25,25
470421,1,1,0,0,0,0,0,0,0,0,0,0
470421,2,1,0,0,0,0,0,0,0,0,0,0
470422,1,1,0,0,0,0,0,0,0,0,0,0
470422,2,1,0,0,0,0,0,0,0,0,0,0
470423,1,1,0,0,0,0,0,0,0,0,0,0
470424,1,1,0,0,0,0,0,0,0,0,0,0
470425,1,1,0,0,0,0,16,0,17,0,0,0
470425,2,1,0,0,0,0,0,0,0,0,0,0
470426,1,1,0,0,0,0,0,0,0,0,0,0
470426,2,1,0,20,0,0,0,16,0,0,0,0
470426,3,1,0,0,0,0,0,0,0,20,0,0
470427,1,1,0,0,0,0,0,0,0,0,0,0
470427,2,1,0,0,0,0,0,0,0,0,0,0
470428,1,1,0,0,0,0,0,0,0,0,0,0
470428,2,1,0,0,0,0,0,0,0,0,0,0
470429,1,1,0,0,0,0,0,0,0,0,0,0
470430,1,1,0,0,0,0,0,0,0,0,0,0
470430,2,1,14,0,0,0,0,0,0,0,0,0
470431,1,1,0,0,0,0,0,0,0,0,0,0
470432,1,1,2,2,2,2,2,2,2,2,2,2
470432,2,1,0,0,0,0,0,0,0,0,0,0
470432,3,1,0,0,0,0,0,0,0,0,0,0
470433,1,1,0,0,0,0,0,0,0,0,0,19
470433,2,1,0,0,0,0,0,0,0,0,0,0
470434,1,1,7,7,7,7,7,7,7,7,7,7
470434,2,1,0,0,0,0,0,0,0,0,0,0
470434,3,1,0,0,0,0,0,0,0,0,0,0
470435,1,1,0,0,0,0,0,0,0,0,0,0
470435,2,1,0,0,0,0,0,0,0,0,0,0
470436,1,1,0,0,0,0,0,0,0,0,0,0
470437,1,1,0,0,0,0,0,0,0,0,0,0
470437,2,1,0,0,0,0,0,0,0,0,0,0
470438,1,1,0,0,0,0,0,0,0,0,0,0
470439,1,1,14,14,14,14,14,14,14,14,14,14
470439,2,1,0,0,0,0,0,0,0,0,0,0
470440,1,1,0,0,0,0,0,11,0,0,0,0
470440,2,1,0,0,0,0,0,0,0,0,0,0
470441,1,1,0,0,0,0,0,0,0,0,0,0
470442,1,1,0,0,0,0,0,0,0,0,0,0
470443,1,1,12,12,12,12,12,12,12,12,12,12
470444,1,1,12,12,12,12,12,12,12,12,12,12
470445,1,1,0,0,0,0,0,0,0,5,0,0
470445,2,1,0,10,0,11,0,0,13,15,25,6
470446,1,1,0,8,20,25,26,9,7,22,21,0
470447,1,1,19,19,19,19,19,19,19,19,19,19
470447,2,1,0,0,0,0,0,0,0,0,0,0
470448,1,1,0,0,0,0,0,0,0,0,0,0
470448,2,1,0,0,0,0,0,0,0,0,0,0
470449,1,1,0,0,17,0,0,0,0,0,0,0
470449,2,1,0,0,10,0,0,0,0,0,0,0
470450,1,1,0,0,0,0,0,0,0,0,0,0
470451,0,1,0,0,0,0,0,0,0,0,0,0
470451,1,1,4,4,4,4,4,4,4,4,4,4
470452,1,1,0,0,0,0,0,21,0,0,0,0
470453,1,1,0,0,0,0,0,0,0,0,0,0
470454,1,1,0,0,0,0,0,0,0,0,0,0
470455,1,1,0,0,0,0,0,0,0,0,0,0
470456,0,1,12,27,37,21,14,0,0,0,14,19
470456,1,1,0,0,0,0,0,0,0,0,0,0
470457,1,1,0,0,0,0,0,0,0,0,0,22
470457,2,1,0,0,0,0,0,0,0,0,0,0
470458,1,1,0,0,0,0,0,0,0,0,0,0
470458,2,1,0,0,0,28,0,0,0,0,0,0
470459,1,1,0,0,0,0,0,0,0,0,0,0
470460,1,1,0,0,0,0,0,0,0,0,0,0
470461,1,1,0,0,0,0,0,0,0,0,0,0
470461,2,1,0,0,0,0,0,0,0,0,0,0
470462,1,1,0,0,0,0,0,0,0,0,0,0
470463,1,1,0,15,0,0,0,0,0,0,0,0
470464,1,1,0,0,0,0,0,0,0,0,0,0
470464,2,1,0,0,0,0,0,0,0,0,0,0
470465,1,1,20,20,20,20,20,20,20,20,20,20
470465,2,1,0,0,0,0,0,0,0,0,0,0
470466,1,1,0,0,0,0,0,0,0,0,0,0
470467,1,1,0,0,0,0,0,0,0,0,0,0
470468,1,1,0,0,0,0,0,0,0,0,0,0
470469,0,1,0,0,0,0,0,0,0,0,0,0
470469,0,2,0,0,0,0,0,0,0,0,0,0
470469,1,1,0,0,0,0,0,0,0,0,0,0
470469,2,1,0,0,0,0,0,0,0,0,0,0
470470,1,1,0,0,0,0,0,0,0,0,0,0
470471,1,1,20,20,20,20,20,20,20,20,20,20
470471,2,1,0,0,0,0,0,0,0,0,0,0
470472,1,1,0,0,0,0,0,0,0,0,0,0
470472,2,1,0,0,0,0,0,0,0,0,0,0
470472,3,1,0,0,0,0,0,0,0,0,0,0
470473,1,1,0,0,0,0,0,0,0,0,0,0
470474,1,1,0,0,0,0,0,0,0,0,0,23
470474,2,1,4,0,0,9,0,0,14,0,0,0
470475,1,1,0,0,0,0,0,0,0,0,0,0
470476,1,1,0,0,0,0,0,0,0,0,0,0
470476,2,1,18,18,18,18,18,18,18,18,18,18
470477,1,1,0,0,0,0,0,0,0,0,0,0
470478,1,1,0,0,0,0,0,0,0,0,0,0
470479,1,1,0,0,0,0,0,0,0,0,0,0
470479,2,1,0,0,5,0,0,0,0,6,0,0
470480,1,1,2,2,2,2,2,2,2,2,2,2
470480,2,1,0,0,0,0,0,0,0,0,0,0
470482,1,1,14,0,0,20,0,0,0,27,0,0
470482,2,1,2,2,2,2,2,2,2,2,2,2
470483,1,1,0,0,0,0,0,0,0,0,0,0
470484,1,1,0,0,0,0,0,0,0,0,0,0
470484,2,1,0,0,0,0,0,0,0,0,0,0
470484,3,1,0,10,0,0,0,0,0,0,0,0
470485,1,1,20,13,7,10,34,18,17,9,35,16
470486,1,1,0,0,0,0,0,0,0,0,0,0
470487,1,1,0,0,0,0,0,0,0,0,0,0
470487,2,1,0,30,0,0,0,0,0,0,0,0
470487,3,1,0,0,0,0,0,0,0,28,0,13
470488,1,1,9,0,0,0,0,0,0,0,0,0
470489,1,1,24,10,5,10,16,18,16,0,0,28
470490,1,1,0,0,0,0,0,0,0,0,0,0
470490,2,1,0,0,0,0,0,0,0,0,0,0
470491,1,1,0,0,0,0,0,0,0,0,0,0
470491,2,1,0,0,0,0,0,0,0,0,0,0
470492,1,1,0,0,0,0,0,0,0,0,0,0
470493,1,1,0,0,0,0,0,0,0,0,0,0
470493,2,1,0,0,0,0,0,0,0,0,0,0
470494,1,1,0,0,0,0,0,0,0,0,0,0
470494,2,1,0,0,0,0,0,0,0,0,0,0
470495,1,1,9,9,9,9,9,9,9,9,9,9
470496,1,1,0,0,0,0,0,0,0,0,0,0
470497,1,1,28,0,10,8,0,11,16,0,0,39
470497,2,1,0,0,0,0,0,0,0,0,0,0
470498,0,1,30,30,30,30,30,30,30,30,30,30
470498,1,1,0,0,0,0,0,0,0,0,0,0
470499,1,1,0,0,0,0,0,0,28,0,0,0
470499,2,1,0,0,0,0,0,0,0,0,0,0
470499,3,1,0,0,0,0,0,0,0,0,0,0
470500,1,1,0,0,0,0,0,0,21,0,0,0
470504,1,1,0,0,0,0,0,0,0,0,0,0
470504,2,1,0,0,0,0,0,0,0,0,0,0
470505,1,1,22,22,22,22,22,22,22,22,22,22
470506,1,1,0,0,0,0,0,10,0,0,17,0
470507,1,1,0,0,0,0,0,0,0,0,0,0
470508,1,1,0,32,0,0,0,0,0,0,0,0
470509,1,1,0,0,0,0,0,0,0,0,0,0
470509,2,1,0,0,0,0,0,0,0,0,0,0
470510,1,1,0,0,0,0,0,0,0,0,0,0
470510,2,1,0,0,0,0,0,0,0,0,0,0
470511,1,1,0,0,0,0,0,0,0,0,0,0
470511,2,1,0,0,0,0,0,0,0,0,0,0
470513,1,1,0,0,0,0,0,29,0,0,8,0
470514,1,1,0,0,0,0,0,0,0,0,0,0
470515,1,1,0,0,0,0,0,0,0,0,0,0
470515,2,1,0,0,0,0,0,0,0,22,0,0
470516,1,1,0,0,0,0,0,0,0,22,0,0
470516,2,1,21,21,21,21,21,21,21,21,21,21
470517,1,1,0,0,0,0,0,0,0,0,0,0
470518,1,1,0,0,0,0,0,0,0,0,0,0
470518,2,1,0,0,0,2,0,0,0,0,0,0
470519,1,1,0,0,0,0,0,0,0,0,0,0
470520,1,1,15,15,15,15,15,15,15,15,15,15
470521,1,1,0,0,0,0,0,0,0,0,0,0
470521,2,1,0,0,0,0,0,0,0,0,0,0
470522,1,1,0,0,0,0,0,0,0,0,0,0
470523,1,1,0,0,0,0,0,0,0,0,0,0
470524,1,1,0,0,0,0,0,0,0,0,0,0
470525,1,1,8,19,18,14,35,18,15,30,31,19
470526,1,1,0,0,0,0,0,0,0,0,0,0
470526,2,1,0,0,0,0,0,0,0,0,0,0
470527,1,1,5,5,5,5,5,5,5,5,5,5
470528,1,1,0,0,0,0,0,0,0,0,0,0
470528,2,1,0,0,0,0,0,0,0,0,0,0
470529,1,1,0,0,0,17,0,0,9,0,0,0
470529,2,1,0,0,0,0,0,0,0,0,0,0
470530,1,1,32,17,21,16,14,22,20,21,23,7
470531,1,1,0,0,0,0,0,0,0,0,0,0
470531,2,1,0,0,0,0,0,0,0,0,0,0
470533,1,1,0,0,0,0,0,0,0,0,0,0
470533,2,1,0,0,0,0,0,0,0,0,0,0
470534,1,1,0,0,0,0,0,0,0,0,0,0
470535,0,1,29,0,0,21,0,0,0,0,25,21
470535,1,1,0,0,0,0,14,0,0,0,0,0
470535,2,1,0,0,0,0,0,0,0,50,0,0
470536,0,1,0,0,16,0,0,0,0,0,0,0
470536,1,1,0,0,0,0,0,0,0,0,0,0
470537,1,1,31,31,31,31,31,31,31,31,31,31
470538,1,1,24,0,0,0,24,0,0,19,0,6
470539,1,1,9,9,9,9,9,9,9,9,9,9
470540,1,1,0,0,0,0,0,0,0,0,0,0
470541,1,1,0,0,0,16,0,20,25,19,0,0
470541,2,1,0,0,0,0,0,0,0,0,0,0
470542,1,1,0,0,0,0,0,0,0,0,0,0
470542,2,1,0,0,0,0,0,0,0,0,0,0
470543,1,1,0,0,0,0,0,0,0,0,0,0
470543,2,1,0,0,0,0,0,0,0,0,0,0
470545,0,1,1,1,1,1,1,1,1,1,1,1
470545,1,1,0,14,14,0,0,0,0,0,0,0
470546,1,1,0,0,0,0,0,0,0,0,0,0
470546,2,1,0,0,0,0,0,0,0,0,0,0
470546,3,1,0,0,15,0,0,0,0,0,0,0
470547,1,1,0,0,0,0,0,0,0,0,0,0
470547,2,1,0,0,0,0,0,0,0,0,0,0
470548,1,1,0,0,0,0,0,0,0,0,0,0
470549,1,1,0,0,0,0,0,0,0,0,0,0
470550,1,1,18,12,7,33,0,43,7,17,8,21
470551,1,1,0,0,0,0,0,0,0,0,0,0
470551,2,1,0,0,0,0,0,0,0,0,15,0
470552,1,1,0,0,0,0,0,0,0,0,0,0
470553,1,1,0,0,0,0,0,0,0,0,0,0
470553,2,1,0,0,0,0,0,0,0,0,0,19
470553,3,1,0,0,0,0,0,0,0,0,0,0
470554,0,1,0,0,0,0,0,0,0,0,0,0
470554,1,1,0,0,0,0,0,0,0,0,0,0
470555,0,1,0,0,0,16,0,31,0,20,0,0
470555,1,1,0,0,0,0,0,0,0,0,0,0
470556,1,1,19,19,19,19,19,19,19,19,19,19
470556,2,1,0,0,0,0,0,0,0,0,0,0
470557,0,1,0,0,0,0,0,0,0,0,0,0
470557,1,1,0,0,0,16,11,0,0,0,0,11
470558,0,1,12,0,0,9,39,0,29,23,21,0
470558,1,1,0,0,0,0,0,0,0,0,0,0
470559,1,1,0,0,0,0,0,0,0,0,0,0
470560,1,1,0,0,0,0,0,0,0,0,0,0
470560,2,1,18,14,0,0,15,9,0,11,0,14
470561,1,1,18,18,18,18,18,18,18,18,18,18
470562,1,1,9,9,11,10,22,26,11,6,4,13
470562,2,1,0,0,0,0,0,0,0,0,0,0
470563,1,1,0,0,0,0,0,0,0,0,0,0
470564,1,1,0,0,0,0,0,0,0,0,0,0
470564,2,1,0,0,0,0,0,0,0,0,0,0
470565,1,1,0,29,0,0,0,0,0,0,0,0
470566,1,1,0,0,28,0,0,0,0,0,0,0
470567,1,1,0,0,0,0,0,0,0,0,0,0
470567,2,1,21,21,21,21,21,21,21,21,21,21
470568,1,1,0,0,0,0,0,0,0,0,0,0
470568,2,1,0,0,0,0,0,0,0,0,0,0
470569,1,1,0,0,0,0,0,0,0,0,0,0
470570,0,1,0,0,33,14,0,10,0,0,25,0
470570,1,1,0,0,0,0,0,0,0,0,0,0
470571,1,1,0,0,0,0,0,0,0,0,0,0
470572,1,1,5,5,5,5,5,5,5,5,5,5
470573,1,1,14,14,14,14,14,14,14,14,14,14
470573,2,1,0,0,0,0,0,0,0,0,0,0
470574,1,1,0,0,0,0,0,0,0,0,0,0
470575,1,1,0,0,0,0,0,0,0,0,0,0
470576,1,1,0,0,0,0,0,0,0,0,0,0
470576,2,1,0,0,0,0,0,0,0,0,0,0
470577,1,1,15,28,18,8,32,11,10,11,7,19
470578,1,1,0,0,0,0,0,0,0,0,0,18
470579,0,1,18,18,18,18,18,18,18,18,18,18
470579,1,1,0,0,0,0,0,0,0,0,0,0
470580,1,1,0,0,0,0,0,0,0,0,0,0
470580,2,1,0,0,0,0,0,0,0,0,0,0
470581,1,1,0,0,0,0,0,0,0,0,0,0
470581,2,1,0,0,0,0,0,0,0,0,0,0
470583,1,1,0,0,0,0,0,0,0,0,0,0
470584,0,1,32,32,32,32,32,32,32,32,32,32
470584,1,1,0,0,0,0,0,0,0,0,0,0
470585,1,1,0,0,0,0,0,0,0,0,0,0
470586,1,1,0,0,0,0,0,0,0,0,0,0
470586,2,1,0,0,0,0,0,0,0,0,0,0
470587,1,1,0,0,0,0,0,36,0,0,0,0
470588,1,1,0,0,0,0,0,0,0,0,0,0
470588,2,1,0,0,0,0,0,0,0,0,0,0
470589,1,1,0,0,0,0,0,0,0,0,0,0
470590,1,1,0,0,0,0,0,0,0,0,0,0
470591,0,1,0,0,0,0,0,0,54,23,27,0
470591,1,1,0,0,4,0,0,0,0,0,0,21
470592,1,1,18,0,0,8,0,0,24,0,0,22
470593,1,1,0,0,0,0,0,0,0,0,0,0
470594,1,1,0,0,0,0,0,0,0,10,0,0
470595,1,1,0,0,0,0,0,0,0,0,0,0
470596,0,1,29,29,29,29,29,29,29,29,29,29
470596,1,1,14,14,14,14,14,14,14,14,14,14
470597,1,1,0,0,0,0,0,0,0,0,0,0
470598,1,1,0,0,0,0,15,0,0,0,0,11
470598,2,1,0,0,0,0,0,0,9,0,0,0
470599,1,1,0,0,0,0,14,0,0,0,0,0
470599,2,1,0,0,0,0,0,0,0,0,0,0
470600,1,1,0,17,0,23,0,10,12,0,0,0
470601,1,1,0,0,0,0,0,0,0,0,0,0
470601,2,1,25,8,0,0,0,0,9,10,0,0
470602,1,1,0,14,0,0,0,0,18,0,36,0
470603,1,1,0,0,0,0,0,0,0,0,0,0
470604,1,1,0,0,0,0,0,0,13,0,0,0
470604,2,1,0,0,0,0,0,0,0,0,0,0
470605,0,1,2,12,23,0,15,8,0,21,19,34
470605,1,1,0,0,0,0,0,0,14,0,0,0
470606,0,1,27,27,27,27,27,27,27,27,27,27
470606,1,1,0,0,0,0,0,0,0,0,0,0
470607,1,1,18,18,18,18,18,18,18,18,18,18
470608,1,1,19,19,19,19,19,19,19,19,19,19
470609,1,1,0,0,0,0,0,0,0,0,0,0
470609,2,1,0,0,0,0,0,0,0,0,0,0
470610,1,1,0,0,0,0,0,0,0,0,0,0
470610,2,1,0,0,0,0,0,0,0,0,0,0
470611,1,1,0,0,0,0,0,0,0,0,0,0
470611,2,1,0,0,0,0,0,0,0,0,0,0
470612,1,1,0,0,0,0,0,0,0,0,16,0
470612,2,1,0,0,0,0,0,0,0,0,0,0
470613,1,1,0,0,0,0,0,0,0,0,0,0
470614,1,1,0,0,0,0,0,0,0,0,0,0
470615,0,1,0,0,0,0,0,0,0,0,0,0
470615,1,1,0,0,0,0,0,0,0,0,0,0
470616,1,1,0,0,0,0,0,0,0,0,0,0
470617,1,1,0,0,0,0,0,0,0,0,9,0
470618,1,1,0,0,0,0,0,0,0,0,0,0
470619,1,1,35,35,35,35,35,35,35,35,35,35
470620,1,1,0,0,0,0,0,0,0,0,0,0
470620,2,1,0,0,0,0,0,0,0,0,0,0
470621,1,1,0,0,0,0,0,0,0,0,0,0
470621,2,1,0,0,0,0,0,0,0,0,0,0
470622,1,1,0,0,6,0,0,0,0,0,0,0
470623,1,1,0,0,0,0,0,0,0,0,0,0
470623,2,1,0,0,0,0,0,0,0,0,0,0
470624,1,1,0,0,0,0,0,0,0,0,0,0
470624,2,1,0,0,0,0,0,0,0,0,0,0
470625,1,1,28,0,0,0,0,0,0,15,0,0
470626,1,1,0,0,0,0,0,0,0,0,0,0
470627,1,1,0,0,0,0,0,0,0,0,0,0
470628,0,1,0,0,0,0,0,0,0,0,0,37
470628,1,1,0,0,0,0,0,0,0,0,0,0
470629,1,1,0,0,0,0,0,0,0,0,0,0
470629,2,1,17,17,17,17,17,17,17,17,17,17
470630,1,1,0,0,0,0,0,0,0,0,0,0
470630,2,1,0,0,0,0,0,0,0,0,0,0
470630,3,1,0,0,0,0,0,0,0,0,0,0
470630,4,1,0,0,0,0,0,0,0,0,0,0
470631,1,1,0,0,0,0,0,0,0,0,0,0
470632,1,1,0,0,0,0,0,0,0,0,0,0
470632,2,1,0,0,0,0,0,0,0,0,0,10
470633,1,1,5,5,5,5,5,5,5,5,5,5
470634,1,1,24,24,24,24,24,24,24,24,24,24
470635,1,1,12,12,12,12,12,12,12,12,12,12
470636,0,1,0,0,0,0,0,0,0,0,0,0
470636,1,1,21,21,21,21,21,21,21,21,21,21
470637,1,1,0,0,0,0,0,0,0,0,0,0
470637,2,1,0,0,0,0,0,18,0,0,0,0
470637,3,1,0,0,0,0,0,0,0,0,0,0
470638,0,1,4,0,0,37,0,22,43,0,5,7
470639,1,1,0,0,0,0,0,0,0,0,0,0
470639,2,1,0,0,0,0,0,0,0,0,0,0
470640,1,1,0,14,0,0,0,0,0,0,20,0
470640,2,1,0,0,0,0,0,0,0,0,0,0
470641,1,1,0,0,0,0,0,0,0,0,0,0
470641,2,1,0,0,0,0,0,0,0,0,0,0
470642,1,1,0,0,0,0,0,0,0,0,0,0
470642,2,1,12,0,0,0,0,0,0,0,0,0
470643,1,1,28,8,21,23,9,18,19,16,19,29
470644,1,1,0,0,0,0,0,0,0,0,0,0
470644,2,1,0,0,0,0,0,0,0,0,0,0
470645,1,1,22,22,22,22,22,22,22,22,22,22
470646,1,1,22,22,22,22,22,22,22,22,22,22
470647,1,1,0,0,0,0,0,0,0,0,0,22
470648,1,1,0,0,0,0,0,0,0,0,0,0
470649,1,1,0,0,0,0,0,0,0,0,0,0
470650,1,1,0,0,0,0,0,0,0,0,0,0
470650,2,1,0,0,0,0,0,0,0,0,0,0
470651,1,1,0,0,0,0,0,0,0,0,0,0