ST_CASE,VEH_NO,PER_NO,P1,P2,P3,P4,P5,P6,P7,P8,P9,P10
470965,1,1,0,0,0,0,0,0,0,0,0,0
470965,2,1,0,0,0,0,0,0,0,0,0,0
470966,1,1,0,0,0,0,0,0,0,0,0,0
470966,2,1,0,0,0,0,0,0,0,0,0,0
470966,3,1,0,0,0,0,0,0,0,0,0,0
470966,4,1,0,0,0,6,0,0,12,9,0,0
470967,1,1,0,12,0,0,0,0,0,0,0,0
470967,2,1,0,0,0,0,0,0,0,0,0,0
470968,1,1,0,0,0,0,0,0,0,0,0,0
470968,2,1,0,0,0,0,0,0,0,0,0,0
470969,1,1,16,16,16,16,16,16,16,16,16,16
470970,1,1,18,18,18,18,18,18,18,18,18,18
470971,1,1,0,0,12,0,0,0,12,0,0,0
470972,1,1,15,15,15,15,15,15,15,15,15,15
470973,1,1,0,0,0,0,0,0,0,0,0,0
470974,1,1,17,15,0,7,12,0,0,0,0,0
470975,1,1,0,0,0,0,0,0,0,0,0,0
470976,1,1,0,0,0,0,0,0,0,0,0,0
470977,1,1,0,24,0,0,0,0,21,0,0,28
470978,1,1,0,28,19,14,18,18,25,8,33,35
470979,1,1,0,0,0,0,0,0,11,0,0,34
470980,1,1,4,0,0,0,0,0,0,0,0,0
470981,1,1,0,0,0,0,0,0,0,0,0,0
470982,1,1,0,0,0,0,0,0,0,0,0,14
470983,1,1,0,0,0,0,0,0,0,0,0,0
470983,2,1,0,0,0,0,0,0,0,19,0,0
470984,1,1,0,0,0,0,0,0,0,0,0,0
470984,2,1,0,0,0,0,0,0,12,0,0,0
470984,3,1,0,0,0,0,0,0,0,0,0,0
470984,4,1,0,0,0,0,0,0,0,0,0,0
470985,1,1,0,0,0,0,0,0,34,0,0,0
470986,1,1,0,22,0,0,0,0,0,0,0,0
470987,1,1,0,0,0,0,0,0,0,0,0,0
470987,2,1,0,0,0,0,0,0,0,0,0,0
470988,1,1,0,0,0,0,0,0,0,0,0,0
470988,2,1,0,0,0,0,0,0,0,0,0,0
480001,1,1,18,0,12,16,14,13,0,14,12,0
480001,2,1,0,12,0,0,9,12,10,5,0,0
480001,3,1,0,0,10,0,0,0,0,0,0,0
480002,1,1,0,0,0,0,0,0,0,0,0,0
480003,1,1,17,17,17,17,17,17,17,17,17,17
480004,1,1,6,6,6,6,6,6,6,6,6,6
480004,2,1,10,0,0,0,0,0,0,0,0,0
480005,1,1,0,0,4,0,23,37,0,16,0,26
480006,0,1,0,4,0,32,32,0,8,24,13,25
480006,1,1,0,7,0,0,0,6,11,0,0,0
480007,1,1,0,0,0,0,0,0,0,0,0,0
480008,1,1,11,11,11,11,11,11,11,11,11,11
480009,1,1,0,27,0,7,0,0,0,0,0,0
480010,1,1,0,0,0,0,0,0,0,0,0,0
480011,0,1,0,0,0,0,0,0,0,0,0,0
480011,1,1,0,8,0,26,0,30,16,0,0,0
480012,1,1,0,0,0,0,0,0,0,0,0,0
480012,2,1,0,0,0,0,0,0,0,0,0,20
480013,0,1,0,0,0,0,0,0,0,0,0,0
480013,1,1,0,0,0,0,0,0,0,0,0,0
480014,0,1,24,24,24,24,24,24,24,24,24,24
480014,1,1,8,0,29,0,11,0,0,0,30,0
480015,1,1,0,0,0,0,0,0,0,0,0,0
480016,1,1,0,0,21,0,16,0,8,0,0,0
480017,1,1,17,17,17,17,17,17,17,17,17,17
480018,1,1,11,6,8,16,12,0,0,0,24,0
480019,1,1,0,0,20,0,0,0,0,14,8,0
480020,1,1,0,0,0,0,0,0,0,0,0,0
480020,2,1,0,0,0,0,0,0,0,0,0,0
480021,1,1,21,21,21,21,21,21,21,21,21,21
480022,1,1,0,0,0,0,0,0,0,0,0,0
480023,1,1,8,8,8,8,8,8,8,8,8,8
480023,2,1,0,9,0,16,0,0,0,0,0,0
480024,1,1,0,0,0,0,0,0,0,0,0,0
480024,2,1,0,0,0,0,0,0,0,0,0,0
480025,0,1,0,0,0,0,0,0,0,0,0,0
480025,1,1,5,0,12,0,0,0,28,13,0,28
480026,1,1,23,23,23,23,23,23,23,23,23,23
480026,2,1,0,0,0,0,0,0,0,0,0,0
480027,1,1,0,0,0,0,0,0,0,20,0,0
480028,0,1,0,0,0,0,0,0,0,0,0,0
480028,1,1,0,0,0,0,0,0,0,0,0,0
480029,1,1,0,0,11,0,0,0,0,0,0,0
480029,2,1,0,0,0,0,0,0,0,0,0,0
480030,0,1,9,0,16,0,35,0,29,0,35,32
480030,1,1,0,0,12,0,0,12,0,0,14,10
480031,0,1,0,25,0,27,36,0,10,0,24,0
480031,1,1,0,0,14,0,0,14,0,6,16,15
480032,1,1,0,0,0,0,0,0,0,0,0,0
480032,2,1,0,16,0,0,0,0,0,9,0,9
480033,0,1,0,22,15,33,5,17,24,0,14,0
480033,1,1,0,0,0,25,0,20,19,14,0,17
480034,1,1,0,0,0,0,0,0,0,0,0,0
480034,2,1,0,0,0,0,0,0,0,0,0,0
480034,3,1,0,0,0,0,0,0,0,0,0,0
480035,0,1,0,0,0,0,0,0,0,0,0,0
480035,1,1,15,0,0,0,11,22,0,0,0,0
480036,0,1,6,6,6,6,6,6,6,6,6,6
480036,1,1,0,0,0,0,0,8,0,0,0,0
480037,1,1,0,0,0,0,32,0,19,0,40,0
480037,2,1,11,12,10,11,0,7,0,11,0,13
480038,1,1,9,9,9,9,9,9,9,9,9,9
480040,1,1,0,0,16,0,0,0,3,0,21,0
480041,1,1,19,0,13,9,19,0,0,16,0,12
480042,0,1,0,0,0,0,0,0,0,0,0,0
480042,1,1,0,0,0,0,0,0,0,0,0,0
480043,1,1,0,0,0,0,0,0,0,0,0,0
480043,2,1,31,31,31,31,31,31,31,31,31,31
480044,1,1,0,0,0,0,0,0,0,0,0,0
480045,1,1,0,0,0,0,0,0,0,0,0,0
480045,2,1,0,0,26,0,0,0,0,0,0,0
480046,0,1,0,0,0,0,0,0,0,0,0,0
480046,1,1,0,0,0,0,7,0,24,0,0,9
480047,1,1,0,0,22,0,0,6,0,27,0,13
480047,2,1,0,0,0,0,0,23,30,21,0,8
480047,3,1,32,0,19,0,0,0,0,0,4,23
480048,1,1,0,0,0,0,0,0,0,0,0,0
480048,2,1,1,1,1,1,1,1,1,1,1,1
480049,1,1,0,0,0,0,0,0,0,0,0,0
480050,1,1,0,21,13,0,0,0,0,5,21,0
480051,1,1,0,0,0,0,0,0,0,0,0,0
480052,1,1,17,17,17,17,17,17,17,17,17,17
480052,2,1,0,0,27,14,0,0,12,0,0,0
480053,1,1,0,0,0,0,0,0,0,0,0,0
480053,2,1,0,0,0,0,0,0,0,0,0,0
480054,1,1,17,17,17,17,17,17,17,17,17,17
480055,1,1,0,0,0,0,0,0,0,0,0,0
480055,2,1,0,0,0,0,0,0,0,0,0,0
480056,1,1,1,1,1,1,1,1,1,1,1,1
480056,2,1,6,6,6,6,6,6,6,6,6,6
480057,0,1,1,1,1,1,1,1,1,1,1,1
480057,1,1,0,23,15,0,11,0,5,0,0,0
480058,1,1,19,19,19,19,19,19,19,19,19,19
480058,2,1,0,0,16,17,15,15,20,4,0,0
480059,1,1,0,0,0,0,0,5,4,0,9,0
480059,2,1,0,0,0,0,0,0,0,0,0,0
480060,1,1,15,15,15,15,15,15,15,15,15,15
480060,2,1,0,0,0,0,0,0,6,0,0,12
480061,0,1,0,0,0,0,0,0,0,0,0,0
480061,1,1,0,0,0,0,0,0,0,0,0,0
480062,1,1,0,0,0,0,0,0,0,0,0,0
480063,1,1,0,0,0,11,12,0,13,0,0,0
480063,2,1,0,0,0,0,0,0,0,0,0,0
480064,1,1,36,0,24,22,24,17,5,24,8,15
480064,2,1,0,0,0,0,0,21,0,0,0,0
480065,1,1,25,25,25,25,25,25,25,25,25,25
480066,1,1,29,29,29,29,29,29,29,29,29,29
480067,1,1,9,0,0,0,0,0,36,5,0,0
480068,1,1,9,8,0,0,0,17,32,13,10,13
480069,1,1,0,0,0,24,0,11,0,0,0,40
480070,0,1,0,0,0,0,0,0,0,0,0,0
480070,1,1,0,0,10,18,0,0,0,15,0,0
480071,0,1,0,0,0,0,0,0,0,0,0,0
480071,1,1,0,0,0,32,0,17,0,0,0,0
480073,0,1,0,0,0,0,0,0,36,0,0,0
480073,1,1,0,0,0,0,0,0,0,0,0,23
480074,1,1,0,0,0,0,0,0,0,0,0,0
480074,2,1,0,0,24,0,0,0,0,0,0,21
480075,0,1,0,0,0,0,0,0,0,0,0,0
480075,1,1,0,0,0,0,0,0,0,11,0,0
480076,1,1,0,0,21,0,0,0,12,19,0,0
480076,2,1,22,0,7,0,0,5,0,23,0,0
480076,3,1,13,5,22,0,12,18,8,18,0,9
480077,0,1,0,0,0,0,0,0,0,0,0,0
480077,1,1,0,0,0,0,0,0,0,0,0,0
480078,0,1,0,0,0,0,0,0,0,0,0,0
480078,1,1,0,0,0,0,0,0,0,0,0,10
480079,0,1,0,31,8,0,9,19,0,21,31,0
480079,1,1,22,0,19,0,0,0,18,0,0,0
480080,1,1,22,32,14,18,7,17,20,15,0,12
480081,0,1,0,0,0,0,0,0,0,0,0,0
480081,1,1,0,8,0,0,0,0,18,0,18,0
480082,1,1,41,41,41,41,41,41,41,41,41,41
480082,2,1,0,0,0,0,0,0,0,0,6,0
480082,3,1,0,0,0,0,0,0,0,0,0,0
480083,1,1,12,18,12,21,0,4,22,12,8,14
480084,0,1,0,0,0,0,0,0,0,0,12,0
480084,1,1,0,0,0,18,0,0,0,0,0,0
480085,1,1,0,0,0,0,0,0,0,0,0,0
480085,2,1,0,0,0,0,0,0,0,0,0,0
480086,0,1,0,0,0,0,0,0,0,0,0,0
480086,1,1,0,0,0,16,0,0,0,0,0,0
480086,2,1,0,0,0,0,0,0,0,39,0,0
480087,1,1,0,0,0,0,0,0,0,0,0,0
480088,0,1,26,0,0,35,12,0,0,8,0,30
480088,1,1,0,12,0,0,0,0,27,0,0,22
480089,1,1,7,0,0,0,0,0,0,10,0,0
480089,2,1,22,0,0,0,23,0,11,16,0,0
480090,1,1,23,15,33,15,29,20,12,23,13,15
480091,1,1,16,16,16,16,16,16,16,16,16,16
480092,1,1,0,0,0,0,0,0,0,0,13,0
480092,2,1,0,0,7,0,16,0,0,0,0,0
480093,1,1,0,0,0,0,14,0,0,0,0,0
480094,0,1,32,15,11,0,11,12,13,0,0,17
480094,1,1,1,14,0,0,0,9,0,7,0,0
480095,0,1,15,15,15,15,15,15,15,15,15,15
480095,1,1,0,0,0,33,19,0,0,0,0,21
480096,1,1,0,0,0,0,0,0,0,0,0,0
480096,2,1,0,11,19,0,15,0,0,0,0,0
480097,1,1,0,0,0,0,0,0,0,0,0,0
480098,1,1,15,0,0,0,0,0,0,0,0,0
480098,2,1,0,0,0,0,0,0,0,0,0,0
480099,1,1,13,20,27,13,16,11,7,27,4,15
480100,1,1,0,19,0,0,0,8,0,0,0,0
480101,1,1,0,0,0,0,0,0,0,0,0,0
480102,0,1,16,0,0,0,0,14,0,0,40,8
480102,1,1,24,0,0,0,0,0,0,0,20,0
480103,1,1,0,0,0,0,0,0,0,0,0,0
480103,2,1,0,0,0,0,0,0,0,0,0,0
480104,1,1,0,11,0,0,0,0,0,0,0,0
480104,2,1,0,32,17,0,0,0,0,0,0,0
480105,1,1,0,0,0,0,0,0,0,0,0,0
480106,1,1,0,0,0,0,0,0,0,0,0,19
480106,2,1,0,0,0,0,0,0,0,0,0,0
480107,1,1,0,6,0,12,0,28,0,0,0,0
480107,2,1,11,0,0,0,0,0,0,0,0,0
480107,3,1,0,0,2,6,0,0,0,19,0,0
480108,1,1,8,8,8,8,8,8,8,8,8,8
480109,1,1,20,20,20,20,20,20,20,20,20,20
480110,1,1,22,22,22,22,22,22,22,22,22,22
480111,0,1,0,17,0,19,0,0,0,0,0,28
480111,1,1,3,7,0,17,0,0,5,0,14,0
480112,1,1,11,0,0,0,25,0,0,0,0,0
480112,2,1,0,0,0,0,0,0,0,0,0,0
480113,1,1,0,0,0,0,0,0,0,0,0,0
480113,2,1,0,0,0,0,0,0,0,0,0,0
480114,1,1,23,23,23,23,23,23,23,23,23,23
480115,1,1,0,0,0,0,0,0,0,0,0,0
480115,2,1,0,0,0,0,0,0,0,0,0,0
480115,3,1,0,0,0,0,0,0,0,0,0,0
480116,1,1,28,28,28,28,28,28,28,28,28,28
480117,1,1,0,0,0,0,0,0,0,0,0,0
480117,2,1,0,0,0,0,0,0,22,0,0,0
480118,0,1,0,0,9,0,0,0,0,0,0,0
480118,0,2,0,7,0,6,0,0,0,39,0,0
480118,1,1,0,4,0,0,0,0,0,0,0,0
480119,1,1,22,22,22,22,22,22,22,22,22,22
480120,1,1,0,18,0,0,37,0,0,0,0,0
480120,2,1,0,0,0,0,0,0,0,7,0,0
480121,1,1,0,0,0,0,0,0,0,0,0,0
480121,2,1,20,0,0,0,0,0,0,25,0,0
480122,1,1,0,0,0,0,0,13,0,0,0,11
480122,2,1,0,0,0,0,0,0,0,0,0,0
480122,3,1,0,0,12,0,0,0,0,0,0,0
480123,1,1,14,21,0,16,0,0,0,0,0,0
480124,1,1,7,7,7,7,7,7,7,7,7,7
480125,0,1,0,0,0,0,0,0,27,0,0,18
480125,1,1,1,1,1,1,1,1,1,1,1,1
480126,1,1,10,10,10,10,10,10,10,10,10,10
480127,0,1,0,0,0,0,0,0,0,0,0,0
480127,2,1,0,0,0,0,0,0,0,0,16,0
480128,1,1,0,0,0,0,0,0,0,0,0,0
480129,1,1,14,0,0,0,0,0,0,0,0,0
480129,2,1,5,0,0,0,0,0,0,0,0,0
480130,1,1,0,0,0,0,0,0,0,0,0,0
480130,2,1,28,0,0,0,0,24,0,0,9,0
480131,1,1,0,0,0,0,0,0,0,0,0,0
480132,0,1,24,24,24,24,24,24,24,24,24,24
480132,1,1,10,2,0,0,0,0,0,0,23,0
480133,1,1,12,12,12,12,12,12,12,12,12,12
480133,2,1,18,21,6,0,16,0,34,0,0,24
480134,1,1,0,0,0,0,0,0,0,0,0,0
480134,2,1,0,0,0,0,0,0,0,0,0,0
480135,1,1,0,0,0,0,0,0,0,0,0,0
480135,2,1,0,0,0,0,21,22,0,0,20,0
480136,1,1,0,31,7,0,0,31,0,0,10,27
480136,2,1,0,0,0,11,18,24,0,8,0,0
480137,1,1,0,0,0,15,0,0,0,0,0,0
480137,2,1,24,24,24,24,24,24,24,24,24,24
480138,1,1,0,0,0,0,0,0,0,0,0,0
480138,2,1,0,0,0,0,0,18,0,0,0,0
480138,3,1,0,20,0,0,10,0,0,0,0,0
480139,1,1,0,10,0,0,0,23,0,0,0,15
480139,2,1,0,0,0,0,0,0,0,0,0,0
480140,1,1,14,14,14,14,14,14,14,14,14,14
480141,1,1,0,0,0,0,0,0,0,0,0,0
480142,1,1,0,0,0,0,0,0,0,0,0,4
480142,2,1,0,0,0,0,0,0,0,0,0,0
480143,1,1,24,24,24,24,24,24,24,24,24,24
480144,1,1,0,0,0,0,0,0,0,0,0,0
480145,0,1,0,0,0,0,27,0,10,20,0,0
480145,1,1,0,0,0,0,0,0,0,0,0,0
480146,1,1,24,21,16,13,9,10,19,19,23,10
480147,1,1,17,17,17,17,17,17,17,17,17,17
480148,1,1,11,11,0,14,0,0,0,12,15,13
480149,1,1,20,20,20,20,20,20,20,20,20,20
480150,1,1,15,15,15,15,15,15,15,15,15,15
480151,1,1,13,13,13,13,13,13,13,13,13,13
480152,1,1,0,0,0,0,0,0,0,0,0,0
480153,1,1,12,34,25,12,20,19,23,17,23,13
480154,0,1,0,0,0,0,0,0,0,0,0,0
480154,1,1,0,0,0,0,0,0,0,0,16,0
480155,0,1,0,0,6,3,0,18,0,29,0,30
480155,0,2,0,29,0,7,0,0,7,0,0,5
480155,1,1,23,23,23,23,23,23,23,23,23,23
480156,0,1,0,0,0,0,0,0,0,0,0,0
480156,1,1,8,0,0,0,0,0,0,0,0,0
480157,1,1,7,15,0,6,0,0,0,18,0,14
480157,2,1,0,4,6,0,0,11,0,0,0,29
480159,0,1,37,37,37,37,37,37,37,37,37,37
480159,1,1,0,0,18,0,0,0,0,0,24,0
480159,2,1,0,0,0,40,0,0,0,0,0,0
480160,0,1,18,18,18,18,18,18,18,18,18,18
480160,1,1,0,0,0,0,0,19,22,0,0,0
480161,0,1,31,31,31,31,31,31,31,31,31,31
480161,1,1,0,0,0,0,0,15,0,0,0,0
480162,1,1,0,0,0,0,0,0,0,0,0,0
480163,1,1,0,0,0,0,0,0,0,0,13,0
480163,2,1,14,0,0,0,0,0,0,0,0,0
480164,1,1,26,20,0,17,0,25,0,0,0,25
480164,2,1,0,0,0,9,0,23,0,0,0,0
480165,0,1,0,0,0,17,0,0,0,0,13,0
480165,1,1,0,0,0,0,0,0,0,0,0,0
480166,1,1,0,0,0,0,0,0,0,0,0,0
480166,2,1,0,0,0,0,0,0,0,0,0,0
480167,1,1,0,0,0,23,0,13,0,0,0,0
480167,2,1,0,0,0,0,14,0,0,15,0,0
480168,1,1,16,21,23,0,11,0,11,13,34,0
480169,1,1,0,0,0,0,11,0,0,11,0,0
480170,1,1,0,0,0,0,0,0,0,0,0,0
480171,0,1,0,0,32,0,0,0,0,9,0,0
480171,1,1,0,0,0,0,8,0,0,0,0,0
480172,0,1,0,0,0,0,0,0,0,0,0,0
480172,1,1,0,0,0,0,0,0,0,0,0,0
480174,0,1,0,0,22,15,29,9,0,0,0,19
480174,1,1,0,8,6,17,15,31,18,12,17,23
480175,1,1,23,23,23,23,23,23,23,23,23,23
480176,1,1,18,18,18,18,18,18,18,18,18,18
480177,1,1,0,0,7,0,0,22,0,0,0,0
480178,1,1,15,15,15,15,15,15,15,15,15,15
480179,1,1,0,0,0,0,0,0,0,0,0,0
480180,0,1,1,1,1,1,1,1,1,1,1,1
480180,1,1,8,0,27,25,0,26,0,19,0,3
480181,1,1,12,12,12,12,12,12,12,12,12,12
480182,1,1,0,0,0,0,0,0,0,0,0,0
480182,2,1,0,19,0,0,0,0,0,0,0,0
480183,0,1,0,0,0,0,0,0,0,0,0,0
480183,1,1,0,0,0,0,0,0,0,0,0,3
480184,1,1,19,19,19,19,19,19,19,19,19,19
480185,1,1,24,24,24,24,24,24,24,24,24,24
480186,1,1,0,0,0,0,0,0,0,0,0,0
480186,2,1,7,0,0,0,0,0,0,0,0,0
480187,0,1,0,0,0,18,0,31,0,0,0,0
480187,1,1,0,10,26,0,0,0,0,0,0,0
480188,1,1,0,3,0,9,0,0,0,3,0,0
480188,2,1,8,18,0,0,0,21,13,0,10,0
480189,1,1,13,13,13,13,13,13,13,13,13,13
480190,1,1,0,0,10,0,0,0,0,0,0,0
480190,2,1,0,0,0,0,0,0,0,0,8,0
480191,0,1,0,0,0,0,0,0,20,0,0,0
480191,1,1,0,0,0,21,5,21,0,0,0,0
480191,2,1,0,4,21,0,0,0,13,0,38,0
480192,1,1,0,0,0,0,0,0,0,0,0,0
480192,2,1,0,0,0,0,0,0,0,0,0,0
480192,3,1,0,0,0,0,0,0,0,0,0,0
480193,0,1,23,23,23,23,23,23,23,23,23,23
480193,1,1,0,0,0,0,0,0,0,0,37,0
480195,1,1,0,0,0,0,0,0,0,0,0,0
480195,2,1,0,0,0,0,0,0,0,0,0,0
480196,0,1,0,0,0,20,12,0,16,24,38,0
480196,1,1,0,0,0,0,0,0,0,0,0,16
480197,0,1,31,31,31,31,31,31,31,31,31,31
480197,1,1,0,0,0,19,0,0,0,28,13,0
480198,0,1,30,30,30,30,30,30,30,30,30,30
480198,1,1,0,22,0,15,27,0,0,15,6,0
480199,1,1,0,0,0,0,0,0,10,0,0,21
480199,2,1,15,0,0,0,6,0,0,0,0,0
480200,1,1,0,0,0,0,0,0,0,0,0,0
480200,2,1,0,0,0,0,0,0,0,0,0,0
480201,1,1,0,0,0,0,0,0,0,0,0,0
480202,1,1,0,0,0,0,11,0,29,28,0,0
480203,1,1,0,0,0,0,0,0,0,0,0,0
480204,0,1,2,2,2,2,2,2,2,2,2,2
480204,1,1,0,0,8,0,0,3,0,0,0,0
480205,0,1,27,0,0,0,0,0,0,29,12,0
480205,1,1,24,0,0,0,20,0,0,0,0,0
480206,0,1,0,0,12,20,12,0,0,30,43,0
480206,1,1,10,0,11,6,0,0,0,21,0,10
480207,1,1,12,0,0,0,0,0,0,0,0,0
480207,2,1,15,0,0,0,0,0,0,0,0,0
480208,0,1,0,0,0,0,0,0,0,0,0,0
480208,1,1,0,0,0,0,0,0,0,0,0,0
480209,1,1,0,0,0,0,0,0,0,0,0,0
480210,1,1,0,0,0,29,0,0,0,11,2,0
480211,1,1,0,0,0,0,0,0,0,0,0,0
480213,0,1,26,26,26,26,26,26,26,26,26,26
480213,1,1,0,15,0,0,0,0,11,0,0,0
480214,1,1,0,0,0,0,0,0,0,0,0,0
480214,2,1,0,0,0,0,0,0,0,0,0,0
480215,1,1,0,0,0,0,0,0,0,0,0,0
480215,2,1,36,0,0,0,0,0,0,0,0,0
480216,0,1,0,0,0,0,0,0,0,0,0,0
480216,1,1,0,0,0,15,0,7,0,0,0,0
480217,0,1,4,4,4,4,4,4,4,4,4,4
480217,1,1,0,0,0,0,15,0,0,0,22,0
480218,1,1,13,13,13,13,13,13,13,13,13,13
480219,0,1,28,28,28,28,28,28,28,28,28,28
480219,1,1,0,0,0,0,0,0,0,0,0,0
480220,1,1,21,21,21,21,21,21,21,21,21,21
480221,0,1,0,0,0,0,0,0,19,0,0,0
480221,1,1,9,0,0,4,0,23,0,0,18,0
480222,1,1,15,15,15,15,15,15,15,15,15,15
480222,2,1,0,0,0,0,0,0,0,0,0,0
480223,1,1,0,0,0,0,0,0,0,0,0,0
480224,1,1,10,10,10,10,10,10,10,10,10,10
480224,2,1,0,0,0,0,0,0,0,0,7,7
480225,1,1,0,0,0,0,0,0,0,0,0,0
480226,0,1,0,0,0,0,17,0,0,0,22,0
480227,0,1,0,0,0,0,0,0,0,11,0,0
480228,1,1,0,0,0,0,0,26,0,8,0,0
480228,2,1,20,0,0,0,0,0,0,0,0,0
480229,0,1,0,0,0,36,18,0,0,35,0,0
480229,1,1,0,0,0,5,0,0,0,0,0,0
480230,1,1,24,0,0,0,0,6,0,7,0,0
480230,2,1,0,0,0,0,0,0,0,0,0,0
480231,1,1,24,24,24,24,24,24,24,24,24,24
480231,2,1,0,0,0,0,0,0,0,0,0,0
480232,1,1,2,0,10,0,0,0,0,0,0,0
480232,2,1,0,0,0,0,0,0,0,0,0,0
480233,1,1,18,18,18,18,18,18,18,18,18,18
480234,1,1,0,0,0,0,0,0,0,0,0,0
480234,2,1,0,0,14,18,0,0,0,0,0,0
480234,3,1,0,0,0,0,0,0,0,0,11,0
480235,0,1,0,0,0,0,0,0,0,0,0,0
480235,1,1,0,0,4,0,0,18,31,0,0,21
480236,1,1,0,0,0,0,0,25,0,0,0,0
480237,0,1,0,0,0,0,0,0,0,0,0,0
480237,1,1,0,0,0,0,0,0,0,0,0,0
480238,1,1,0,0,0,0,0,0,0,0,0,0
480239,1,1,19,19,19,19,19,19,19,19,19,19
480240,1,1,15,0,8,0,0,0,0,0,19,0
480240,2,1,0,0,20,0,0,0,9,0,0,0
480241,1,1,0,0,0,16,9,0,0,0,0,0
480241,2,1,0,9,0,0,0,0,0,0,0,0
480242,1,1,18,5,0,0,0,17,0,0,0,0
480242,2,1,0,0,0,0,0,0,13,18,0,0
480243,1,1,24,24,24,24,24,24,24,24,24,24
480243,2,1,6,19,0,3,0,15,21,0,0,0
480243,3,1,0,0,0,0,0,0,0,0,0,7
480244,1,1,13,0,23,16,10,0,0,0,5,21
480245,1,1,0,0,0,0,0,0,0,0,0,0
480245,2,1,18,18,18,18,18,18,18,18,18,18
480246,1,1,0,0,0,0,0,0,0,0,0,0
480246,2,1,0,0,0,0,0,5,0,0,0,13
480246,3,1,0,0,4,3,0,0,21,0,0,0
480248,0,1,4,0,0,0,0,19,0,0,0,0
480248,1,1,0,0,0,0,0,0,0,0,0,0
480249,0,1,0,0,0,0,0,0,0,0,0,0
480249,1,1,0,0,7,0,0,0,0,7,0,0
480250,0,1,0,0,0,0,0,0,0,0,0,0
480250,1,1,0,6,0,0,0,0,0,0,0,0
480251,0,1,0,11,35,36,0,42,9,22,0,29
480251,1,1,0,0,0,0,0,0,0,0,0,0
480252,1,1,27,12,0,0,0,10,0,0,0,0
480252,2,1,7,7,0,0,10,27,0,22,13,0
480254,1,1,0,0,0,16,0,0,20,15,0,0
480255,1,1,0,0,0,0,0,0,0,0,0,0
480256,1,1,0,15,0,0,0,0,0,8,0,0
480257,0,1,26,0,22,33,7,0,22,8,15,0
480257,1,1,0,0,0,0,0,12,0,0,0,16
480258,1,1,4,4,4,4,4,4,4,4,4,4
480259,0,1,13,13,0,0,32,0,27,0,41,0
480259,1,1,0,0,21,0,0,0,0,24,0,0
480260,1,1,0,0,0,0,0,0,0,0,0,0
480261,0,1,0,0,0,0,0,0,0,0,0,0
480261,1,1,0,0,0,0,0,0,0,0,0,0
480262,1,1,24,12,10,0,25,17,5,0,27,0
480262,2,1,0,2,0,9,20,0,0,0,0,0
480263,1,1,0,0,12,0,0,0,0,0,0,0
480263,2,1,13,0,0,0,0,0,0,0,0,0
480264,1,1,26,10,22,15,29,20,14,34,18,8
480265,1,1,0,0,0,0,10,0,0,0,0,0
480266,1,1,0,0,0,0,0,0,19,0,0,0
480267,1,1,0,0,0,0,0,0,0,2,0,0
480267,2,1,0,0,0,0,13,0,0,0,20,0
480268,0,1,0,0,0,0,0,0,0,0,0,0
480268,1,1,0,36,0,0,0,0,10,0,0,9
480269,1,1,22,22,22,22,22,22,22,22,22,22
480270,1,1,1,1,1,1,1,1,1,1,1,1
480270,2,1,9,0,0,0,10,21,0,11,0,9
480271,1,1,18,29,0,0,0,32,11,0,36,15
480272,1,1,0,20,0,10,0,0,11,0,0,18
480273,1,1,0,13,0,0,0,0,0,0,18,0
480273,2,1,0,0,0,15,0,0,0,0,0,0
480273,3,1,0,0,0,0,0,0,0,0,18,0
480273,4,1,0,0,0,29,0,0,0,0,0,0
480274,1,1,16,16,16,16,16,16,16,16,16,16
480275,1,1,0,21,0,0,31,0,0,9,0,0
480276,1,1,0,0,0,0,0,0,0,0,0,0
480277,1,1,11,11,11,11,11,11,11,11,11,11
480278,1,1,0,0,14,0,6,0,0,0,0,0
480278,2,1,15,0,0,7,0,16,26,0,10,0
480279,1,1,11,11,11,11,11,11,11,11,11,11
480280,1,1,0,0,0,0,0,0,0,0,0,0
480280,2,1,0,0,0,0,21,0,0,0,0,0
480281,1,1,24,24,24,24,24,24,24,24,24,24
480281,2,1,0,26,0,0,0,7,14,0,0,14
480282,1,1,12,41,27,26,30,16,10,11,14,15
480283,1,1,0,0,0,0,0,0,0,0,0,0
480284,1,1,17,17,17,17,17,17,17,17,17,17
480285,1,1,19,25,0,20,24,0,19,15,0,11
480286,1,1,11,11,11,11,11,11,11,11,11,11
480287,1,1,8,8,8,8,8,8,8,8,8,8
480288,1,1,0,0,0,18,0,15,4,0,16,11