ST_CASE,VEH_NO,PER_NO,P1,P2,P3,P4,P5,P6,P7,P8,P9,P10
480289,1,1,32,32,32,32,32,32,32,32,32,32
480289,2,1,8,14,9,0,0,0,25,0,4,0
480290,1,1,0,0,0,0,0,0,0,0,0,17
480290,2,1,13,13,13,13,13,13,13,13,13,13
480291,0,1,27,27,27,27,27,27,27,27,27,27
480291,1,1,0,0,0,0,14,0,0,0,0,0
480294,1,1,0,6,0,21,0,0,21,0,0,0
480294,2,1,19,0,0,0,0,0,0,0,18,0
480295,1,1,27,19,0,11,24,23,0,13,15,0
480296,1,1,0,0,0,0,0,0,0,0,0,0
480297,1,1,0,0,0,0,3,0,0,0,0,0
480297,2,1,0,0,0,0,20,0,0,0,0,0
480298,0,1,0,0,0,0,0,0,14,0,0,0
480298,0,2,0,0,0,12,0,0,0,0,0,0
480298,0,3,0,29,0,0,0,0,0,0,0,0
480298,1,1,15,0,20,0,0,4,21,21,3,20
480299,1,1,0,0,0,0,0,0,0,0,0,0
480300,1,1,0,0,0,0,0,0,0,0,0,0
480300,2,1,0,0,0,0,0,0,0,0,0,0
480301,1,1,6,0,0,15,29,0,0,15,0,19
480301,2,1,22,25,0,7,0,15,0,17,0,16
480302,1,1,15,10,0,0,0,12,0,0,0,0
480303,1,1,0,0,0,0,0,0,0,0,0,0
480303,2,1,0,24,0,0,0,0,0,0,0,0
480303,3,1,0,0,0,0,0,0,0,0,0,0
480304,1,1,0,0,0,0,0,0,0,0,0,0
480305,1,1,4,0,0,0,0,0,14,0,0,10
480306,1,1,0,0,0,0,0,7,0,0,0,0
480306,2,1,0,0,0,0,0,0,0,0,0,0
480306,3,1,0,0,0,0,0,0,0,0,0,0
480307,1,1,0,0,0,0,0,0,0,0,25,0
480307,2,1,0,0,0,0,0,0,0,0,0,0
480308,0,1,0,0,42,0,0,0,33,0,12,0
480308,1,1,0,0,0,0,0,10,0,0,8,0
480309,1,1,0,0,0,0,0,0,0,0,0,0
480309,2,1,0,0,0,0,0,0,0,0,0,0
480310,1,1,0,0,0,0,0,0,13,0,0,0
480311,1,1,26,26,26,26,26,26,26,26,26,26
480312,0,1,4,4,4,4,4,4,4,4,4,4
480312,0,2,11,12,0,0,0,14,27,9,12,0
480312,1,1,0,0,0,15,12,19,0,0,0,0
480313,1,1,26,26,26,26,26,26,26,26,26,26
480314,0,1,0,0,13,0,13,10,0,0,26,26
480314,1,1,12,0,0,0,0,0,0,0,15,16
480315,1,1,0,0,0,0,0,0,0,0,0,0
480316,1,1,0,0,0,0,0,0,0,0,0,0
480318,1,1,0,0,0,0,0,0,0,0,0,0
480318,2,1,0,0,0,0,0,0,0,0,0,0
480319,1,1,19,0,12,0,7,14,25,0,13,17
480320,1,1,20,20,20,20,20,20,20,20,20,20
480320,2,1,0,16,14,0,0,26,0,0,10,0
480321,1,1,19,0,0,25,0,0,37,0,0,26
480321,2,1,0,0,0,0,9,0,0,0,0,22
480322,1,1,0,0,0,0,0,0,20,0,0,0
480322,2,1,21,0,27,0,0,0,0,0,0,25
480323,1,1,12,12,12,12,12,12,12,12,12,12
480324,1,1,19,19,19,19,19,19,19,19,19,19
480325,1,1,14,14,14,14,14,14,14,14,14,14
480326,1,1,0,14,18,0,8,9,4,0,0,10
480326,2,1,20,0,25,0,0,0,0,13,0,0
480327,1,1,13,5,11,16,26,38,7,22,9,22
480328,1,1,0,22,15,0,0,32,2,25,21,0
480329,1,1,21,21,21,21,21,21,21,21,21,21
480329,2,1,0,8,0,17,0,0,0,0,0,0
480330,1,1,21,21,21,21,21,21,21,21,21,21
480330,2,1,30,11,0,33,0,0,18,0,12,30
480331,0,1,0,0,24,0,0,18,0,28,0,0
480331,1,1,0,8,17,0,0,0,0,0,12,0
480332,1,1,0,0,0,0,0,0,0,0,0,0
480333,1,1,27,27,27,27,27,27,27,27,27,27
480333,2,1,0,0,0,0,0,7,23,10,0,0
480334,1,1,0,0,0,0,0,0,0,17,0,0
480334,2,1,0,0,0,0,0,0,0,0,0,0
480335,1,1,0,0,0,0,0,0,0,0,0,0
480335,2,1,0,0,0,0,0,0,13,0,10,0
480335,3,1,0,0,0,0,0,0,0,0,0,0
480336,1,1,0,14,0,0,0,0,18,0,0,0
480336,2,1,0,9,16,0,0,0,0,0,15,17
480337,1,1,19,5,4,18,6,28,0,12,16,32
480337,2,1,2,0,0,0,0,13,0,0,0,15
480337,3,1,0,0,0,4,12,0,0,0,0,8
480338,1,1,0,0,17,0,0,11,9,0,17,10
480339,1,1,0,0,0,0,0,0,0,0,0,0
480340,1,1,6,12,8,9,7,0,12,20,26,20
480341,2,1,18,18,18,18,18,18,18,18,18,18
480342,0,1,0,0,0,0,0,0,0,0,0,0
480342,1,1,0,0,0,0,0,0,0,0,5,0
480343,1,1,0,0,0,0,0,0,0,0,0,0
480343,2,1,0,0,22,0,0,0,0,0,20,0
480343,3,1,0,0,0,0,0,0,0,0,0,0
480344,1,1,20,20,20,20,20,20,20,20,20,20
480344,2,1,0,0,0,0,0,0,0,0,0,0
480345,1,1,0,0,0,0,0,3,0,0,0,0
480345,2,1,14,0,0,0,0,0,0,7,0,0
480346,1,1,0,0,0,0,9,0,0,6,0,0
480346,2,1,2,2,2,2,2,2,2,2,2,2
480347,1,1,17,17,17,17,17,17,17,17,17,17
480347,2,1,0,0,0,0,0,0,0,0,0,0
480347,3,1,0,0,0,0,0,0,0,0,0,0
480348,1,1,0,0,0,0,0,0,0,0,0,0
480348,2,1,0,0,0,0,0,0,0,0,0,0
480349,1,1,15,18,9,0,0,0,0,0,0,18
480349,2,1,20,0,0,0,0,0,0,0,0,31
480350,1,1,0,9,0,0,0,0,0,0,0,0
480350,2,1,13,0,0,0,0,0,0,0,0,0
480351,1,1,0,0,0,0,0,0,0,0,0,0
480351,2,1,0,0,0,0,0,0,0,0,21,0
480352,1,1,0,3,15,13,0,0,0,0,0,0
480353,1,1,9,9,9,9,9,9,9,9,9,9
480353,2,1,0,3,0,0,0,0,0,0,0,14
480354,1,1,2,2,2,2,2,2,2,2,2,2
480354,2,1,0,0,0,0,0,0,0,0,0,0
480355,0,1,0,0,0,11,0,9,0,0,7,21
480355,1,1,0,0,0,0,4,20,0,0,38,0
480356,1,1,0,0,0,0,0,0,0,0,0,0
480356,2,1,0,0,0,0,0,0,0,0,0,0
480357,1,1,14,14,14,14,14,14,14,14,14,14
480358,1,1,0,0,0,0,0,0,0,0,0,0
480358,2,1,0,0,0,0,0,0,0,0,0,0
480359,1,1,0,0,29,0,0,32,11,39,0,0
480359,2,1,0,6,0,0,0,0,0,0,0,0
480360,1,1,0,0,0,0,0,0,0,0,0,0
480362,0,1,22,24,0,21,0,0,0,0,22,7
480362,1,1,0,0,0,0,11,13,14,0,0,26
480363,1,1,0,0,0,0,0,26,0,0,0,0
480363,2,1,0,0,0,0,0,0,0,0,0,0
480364,1,1,0,0,8,0,12,0,0,0,0,0
480364,2,1,0,0,0,0,0,0,0,0,0,0
480365,1,1,0,0,0,0,0,0,0,0,0,0
480365,2,1,0,0,0,0,0,0,0,0,0,0
480366,1,1,7,7,7,7,7,7,7,7,7,7
480366,2,1,0,0,0,0,0,0,0,0,0,0
480367,1,1,0,11,0,0,15,0,0,0,0,0
480367,2,1,0,0,0,0,0,0,0,0,0,0
480368,1,1,0,0,0,0,0,0,0,0,0,0
480368,2,1,0,0,0,0,0,0,0,0,0,32
480368,3,1,0,0,0,0,0,0,0,0,0,0
480369,1,1,0,0,0,0,0,0,0,0,0,28
480370,0,1,9,0,0,4,0,0,0,0,19,0
480370,1,1,5,0,0,4,2,0,0,0,0,0
480371,1,1,0,0,0,0,0,0,0,0,0,0
480371,2,1,0,26,0,17,14,21,0,0,15,0
480372,1,1,0,0,0,0,0,0,0,0,0,0
480372,2,1,21,0,0,29,0,0,12,0,0,2
480373,1,1,0,0,0,0,0,0,0,0,0,0
480373,2,1,18,0,0,0,0,0,0,0,8,7
480374,1,1,9,0,0,0,15,15,33,12,0,0
480374,2,1,0,0,0,0,0,0,0,0,0,0
480375,1,1,0,0,0,0,0,18,8,17,0,0
480375,2,1,0,0,0,0,0,0,0,0,0,0
480376,1,1,0,0,0,0,0,0,0,0,0,0
480376,2,1,0,0,0,10,3,0,0,0,4,0
480377,1,1,8,8,8,8,8,8,8,8,8,8
480378,1,1,14,14,14,14,14,14,14,14,14,14
480379,1,1,0,0,0,7,0,24,0,11,14,0
480380,0,1,30,0,19,27,0,0,0,0,0,0
480380,1,1,22,0,0,0,32,0,0,17,31,12
480381,1,1,21,21,21,21,21,21,21,21,21,21
480382,1,1,0,0,0,8,0,15,0,0,0,0
480382,2,1,0,0,0,0,0,0,0,0,26,0
480383,0,1,0,0,0,0,0,0,0,0,0,0
480383,1,1,0,0,0,0,0,0,0,0,21,0
480384,1,1,0,0,13,0,0,26,0,0,10,0
480384,2,1,0,0,17,0,0,0,0,0,0,12
480385,1,1,0,0,0,0,0,0,0,0,0,0
480385,2,1,0,0,0,0,0,0,0,0,0,0
480386,1,1,0,19,0,0,11,0,0,0,16,34
480387,1,1,0,0,0,0,0,0,0,0,0,0
480387,2,1,0,0,0,14,0,0,0,0,0,14
480388,0,1,13,0,0,0,29,0,0,8,0,31
480388,1,1,0,0,12,0,0,0,18,0,0,17
480389,1,1,11,0,5,0,6,32,9,0,0,0
480390,0,1,0,28,0,31,40,32,0,15,0,0
480390,1,1,23,2,21,26,13,9,7,14,17,15
480391,0,1,15,0,20,22,0,7,0,0,0,40
480391,1,1,0,0,0,0,0,0,0,27,0,9
480392,0,1,15,10,32,18,0,14,0,22,0,0
480392,1,1,14,5,0,9,0,0,3,0,0,0
480393,1,1,17,17,17,17,17,17,17,17,17,17
480394,1,1,0,22,14,0,0,0,11,0,0,12
480395,1,1,0,0,7,12,0,41,0,13,0,14
480395,2,1,4,0,0,0,0,0,0,0,0,0
480396,1,1,3,0,0,0,15,0,0,18,0,0
480397,1,1,23,23,23,23,23,23,23,23,23,23
480398,1,1,15,15,15,15,15,15,15,15,15,15
480399,1,1,12,12,12,12,12,12,12,12,12,12
480399,2,1,0,0,16,0,0,3,25,22,13,28
480400,1,1,0,0,0,25,0,0,0,20,16,0
480400,2,1,0,0,0,0,0,0,0,0,0,0
480401,1,1,0,0,0,0,0,0,0,0,0,0
480401,2,1,0,0,0,0,0,0,0,0,0,0
480402,1,1,0,0,0,0,0,0,0,0,0,0
480402,2,1,0,0,0,0,12,0,0,0,0,0
480403,1,1,2,7,0,0,0,0,0,30,17,0
480404,1,1,0,0,0,0,0,0,0,0,0,0
480405,1,1,0,0,0,15,0,0,0,0,13,0
480406,1,1,14,16,19,16,18,14,19,19,7,24
480407,0,1,0,0,0,0,0,0,0,0,0,0
480407,1,1,1,1,1,1,1,1,1,1,1,1
480407,2,1,0,5,0,7,0,0,0,0,16,8
480408,0,1,33,14,0,0,0,0,0,33,0,0
480408,1,1,43,15,0,0,40,0,0,11,0,0
480409,1,1,29,0,0,13,0,0,0,0,13,23
480409,2,1,14,23,15,17,22,12,17,0,0,0
480410,1,1,0,0,0,0,0,0,0,0,0,0
480411,0,1,1,1,1,1,1,1,1,1,1,1
480411,1,1,0,0,0,0,0,16,0,0,0,0
480412,1,1,0,32,0,0,12,17,25,0,8,0
480412,2,1,0,0,0,0,0,0,0,0,0,0
480413,1,1,25,0,0,0,0,0,0,0,0,0
480414,1,1,0,4,0,22,0,0,15,0,29,0
480414,2,1,0,0,0,0,0,0,0,0,0,0
480415,1,1,0,0,0,0,0,0,0,0,0,0
480416,1,1,17,17,17,17,17,17,17,17,17,17
480418,1,1,0,0,0,0,21,0,0,0,0,0
480418,2,1,8,0,6,0,11,0,0,0,0,0
480419,1,1,12,0,0,0,0,0,0,16,20,0
480419,2,1,0,20,0,0,8,0,0,0,0,0
480420,0,1,50,0,0,34,22,0,0,0,21,33
480420,1,1,22,0,19,0,11,0,0,0,0,0
480421,1,1,0,0,0,0,0,0,5,0,12,0
480421,2,1,0,0,0,0,14,0,0,0,21,0
480422,1,1,5,5,5,5,5,5,5,5,5,5
480423,1,1,11,11,11,11,11,11,11,11,11,11
480423,2,1,0,0,0,0,0,0,0,0,0,0
480424,1,1,17,5,0,0,12,0,22,0,4,14
480425,0,1,4,0,0,17,18,20,38,17,0,0
480425,0,2,21,0,35,0,0,0,0,0,0,24
480425,1,1,0,21,20,22,0,0,6,0,0,0
480425,2,1,0,0,0,0,0,0,0,0,0,0
480426,0,1,0,0,0,0,0,0,0,0,0,0
480426,1,1,0,0,0,0,10,22,0,0,0,24
480427,1,1,0,0,0,25,0,0,0,13,0,0
480427,2,1,0,0,0,0,0,0,0,0,0,0
480428,0,1,0,0,0,0,0,0,0,0,0,0
480428,1,1,0,0,0,0,0,0,0,0,0,0
480429,1,1,0,0,0,0,0,0,0,0,0,0
480429,2,1,0,0,0,0,0,0,0,0,0,0
480430,1,1,8,0,0,0,0,0,0,0,0,0
480430,2,1,0,0,0,0,0,0,24,0,18,0
480431,1,1,0,0,0,0,0,0,15,0,0,0
480431,2,1,0,0,0,0,0,0,0,0,0,0
480432,1,1,16,6,33,14,15,18,11,11,7,21
480433,1,1,0,0,0,0,0,0,0,0,0,0
480434,1,1,0,0,19,0,0,0,0,0,0,0
480434,2,1,0,0,0,0,0,0,0,0,0,0
480435,1,1,0,0,0,0,0,0,0,0,0,0
480436,1,1,0,13,0,17,19,15,0,8,0,23
480437,1,1,11,11,11,11,11,11,11,11,11,11
480438,1,1,0,0,0,0,14,0,0,0,0,0
480438,2,1,0,0,0,0,0,0,0,0,0,0
480439,1,1,0,0,0,0,0,0,0,0,0,0
480439,2,1,0,0,0,0,0,0,0,0,0,0
480439,3,1,0,0,0,33,0,12,0,0,0,0
480440,1,1,0,0,0,8,0,0,0,0,0,0
480440,2,1,0,0,0,0,0,0,0,0,0,0
480441,1,1,0,0,0,0,0,0,0,0,0,0
480441,2,1,0,0,0,15,0,0,0,0,0,0
480442,1,1,17,17,17,17,17,17,17,17,17,17
480442,2,1,0,0,0,0,0,0,0,0,7,0
480443,1,1,0,0,0,0,0,0,0,0,0,0
480443,2,1,0,7,0,0,0,0,0,0,0,0
480444,1,1,0,0,0,0,0,0,0,0,0,0
480444,2,1,0,0,0,0,0,0,0,0,0,0
480445,1,1,7,7,7,7,7,7,7,7,7,7
480446,1,1,0,0,0,0,0,0,0,0,0,0
480446,2,1,0,0,0,0,0,19,0,0,0,0
480447,1,1,0,7,22,0,10,8,19,0,12,0
480448,1,1,0,0,0,0,0,0,0,0,0,0
480448,2,1,0,0,0,0,0,8,0,29,0,0
480449,1,1,0,0,0,0,0,0,0,0,0,0
480449,2,1,0,0,0,0,0,0,0,0,0,0
480450,1,1,0,12,0,0,0,0,0,0,0,0
480450,2,1,0,0,0,0,0,0,0,0,0,0
480450,3,1,0,0,0,11,0,0,0,0,0,0
480451,1,1,0,0,9,0,0,0,0,0,0,0
480451,2,1,0,0,0,0,0,13,0,0,0,0
480451,3,1,0,0,0,0,0,0,22,0,0,0
480452,0,1,0,0,0,0,0,0,0,0,0,0
480452,1,1,0,0,0,22,0,0,0,0,0,0
480453,1,1,17,0,0,0,18,0,0,0,0,18
480454,1,1,0,0,19,20,0,0,0,0,0,0
480455,1,1,0,0,0,0,0,0,0,0,0,0
480455,2,1,20,0,0,0,0,0,0,0,0,0
480455,3,1,0,0,0,0,0,0,0,0,0,0
480456,1,1,0,0,0,33,10,0,14,0,0,0
480456,2,1,3,0,0,0,16,0,0,0,0,0
480457,1,1,0,0,0,0,0,0,0,0,0,0
480457,2,1,0,3,0,0,0,0,0,0,0,0
480457,3,1,0,0,0,0,0,0,0,0,0,0
480458,1,1,19,0,26,0,26,12,10,13,15,9
480458,2,1,10,30,0,17,14,8,23,0,0,0
480458,3,1,15,0,20,0,0,0,11,0,0,0
480459,1,1,5,0,0,0,0,19,22,0,0,20
480460,1,1,0,0,0,0,0,0,0,0,0,0
480460,2,1,0,0,0,0,0,0,0,0,0,0
480461,1,1,0,0,0,0,0,0,0,0,0,0
480461,2,1,0,0,0,0,0,0,0,0,0,0
480462,0,1,11,11,11,11,11,11,11,11,11,11
480462,1,1,11,15,13,20,12,36,23,5,13,23
480463,1,1,6,16,16,0,18,13,12,16,6,18
480464,1,1,0,0,0,0,0,0,0,0,0,0
480464,2,1,0,0,0,0,0,20,0,0,0,6
480465,1,1,0,26,0,0,0,0,17,10,27,16
480466,1,1,0,0,0,38,0,0,29,14,25,0
480467,1,1,20,15,0,0,10,0,0,0,0,21
480467,2,1,1,0,0,0,24,0,0,0,19,0
480468,1,1,7,0,25,9,9,0,20,12,0,0
480470,0,1,35,0,0,24,33,0,12,13,23,23
480470,1,1,0,4,12,25,15,13,16,0,0,0
480471,1,1,0,0,15,0,0,0,0,13,0,0
480471,2,1,0,0,0,0,0,0,0,14,11,0
480471,3,1,27,3,0,0,0,0,0,0,0,0
480472,1,1,0,0,0,0,0,0,0,0,0,22
480472,2,1,0,0,0,0,17,0,21,0,0,0
480473,1,1,0,0,0,0,0,0,0,0,0,0
480474,0,1,0,0,0,0,0,0,0,0,0,0
480474,1,1,0,0,0,0,0,0,0,0,0,0
480475,1,1,0,0,0,0,0,0,0,0,0,0
480475,2,1,0,0,0,0,0,0,0,0,0,0
480475,3,1,0,0,0,0,0,0,0,0,0,0
480476,0,1,0,0,0,0,46,10,0,0,0,9
480476,1,1,0,0,0,0,0,0,14,0,7,17
480476,2,1,0,0,0,0,0,0,0,0,0,0
480477,1,1,0,17,19,0,32,0,26,33,0,20
480477,2,1,0,0,0,0,0,0,0,0,0,0
480478,0,1,0,0,0,15,20,34,0,18,0,0
480478,1,1,0,0,0,0,0,0,0,27,0,0
480479,1,1,0,0,0,0,0,0,0,0,0,0
480480,1,1,0,0,0,0,0,0,0,0,0,0
480481,0,1,0,0,0,0,0,0,0,0,0,0
480481,1,1,2,0,0,10,0,0,0,36,0,0
480482,1,1,0,16,18,32,26,16,13,24,30,0
480482,2,1,9,10,16,0,21,29,10,2,9,50
480483,1,1,13,13,13,13,13,13,13,13,13,13
480484,1,1,0,0,0,0,0,0,0,0,0,0
480485,0,1,0,0,4,0,0,0,24,0,0,12
480485,1,1,0,0,0,0,0,0,0,0,11,0
480486,1,1,20,5,36,0,27,0,0,0,25,0
480487,1,1,0,0,3,0,0,0,0,0,10,0
480488,0,1,11,0,0,0,0,0,0,0,0,0
480488,1,1,0,0,0,20,0,0,12,0,0,0
480489,1,1,14,0,0,0,0,0,0,0,0,0
480489,2,1,13,0,0,0,0,0,9,0,0,0
480489,3,1,0,0,11,0,0,0,0,11,0,0
480490,1,1,0,0,0,0,0,0,0,0,0,0
480490,2,1,0,0,0,0,0,0,0,0,0,0
480491,0,1,37,12,14,29,6,16,24,20,28,26
480491,1,1,0,0,0,0,0,0,0,0,0,0
480492,1,1,24,24,24,24,24,24,24,24,24,24
480493,0,1,0,0,0,0,0,0,0,0,0,0
480493,1,1,20,20,20,20,20,20,20,20,20,20
480494,1,1,22,22,22,22,22,22,22,22,22,22
480495,0,1,0,0,0,0,0,0,0,0,0,0
480495,1,1,0,0,0,0,3,0,0,0,0,0
480496,0,1,26,26,26,26,26,26,26,26,26,26
480496,1,1,2,2,2,2,2,2,2,2,2,2
480497,0,1,0,0,0,0,0,0,9,19,33,25
480497,1,1,0,0,0,0,0,0,0,0,0,0
480497,2,1,0,0,0,19,0,0,0,0,0,0
480498,1,1,33,33,33,33,33,33,33,33,33,33
480498,2,1,0,0,0,0,0,0,0,0,0,0
480499,0,1,20,0,0,30,33,7,0,13,0,14
480499,1,1,0,0,13,0,0,11,11,0,0,0
480500,0,1,30,30,30,30,30,30,30,30,30,30
480500,1,1,22,0,20,0,6,0,0,28,0,0
480501,1,1,8,8,8,8,8,8,8,8,8,8
480502,1,1,19,0,0,0,0,0,0,0,0,0
480503,1,1,0,0,0,18,0,0,0,16,0,0
480503,2,1,0,0,10,0,0,0,0,0,0,0
480504,1,1,0,0,0,0,0,0,20,0,0,0
480504,2,1,0,0,0,0,0,0,0,0,0,0
480505,0,1,18,18,18,18,18,18,18,18,18,18
480505,2,1,8,0,10,0,15,7,0,0,0,0
480506,1,1,0,0,12,9,15,0,8,12,16,0
480507,1,1,0,0,0,0,0,0,0,0,0,0
480508,1,1,0,3,22,0,0,14,0,0,0,6
480508,2,1,0,0,16,0,13,0,0,0,0,0
480509,1,1,0,10,0,0,0,35,30,17,35,0
480509,3,1,0,0,13,0,0,0,0,14,15,0
480510,1,1,0,0,20,0,24,8,0,0,24,0
480511,1,1,0,0,0,0,0,0,0,6,0,13
480511,2,1,0,0,0,0,0,0,0,0,0,0
480512,0,1,0,0,34,0,0,0,0,0,0,0
480512,1,1,0,0,0,0,0,25,0,0,0,0
480513,1,1,28,28,28,28,28,28,28,28,28,28
480514,1,1,4,13,0,0,0,0,0,0,0,0
480514,2,1,0,0,0,0,0,14,0,0,0,0
480515,1,1,7,7,7,7,7,7,7,7,7,7
480515,2,1,0,0,0,0,11,0,0,0,0,0
480516,1,1,15,11,0,0,0,0,5,0,26,18
480517,1,1,2,2,2,2,2,2,2,2,2,2
480518,1,1,0,0,0,0,0,0,0,0,0,0
480518,2,1,0,0,0,0,0,0,0,5,0,0
480519,1,1,0,0,0,0,11,0,0,0,0,0
480519,2,1,0,0,0,0,0,0,0,0,0,0
480519,3,1,0,0,0,0,0,0,0,0,0,0
480519,4,1,0,0,0,0,0,0,0,0,10,0
480520,0,1,0,0,0,0,0,0,0,0,0,0
480520,1,1,0,0,0,0,0,0,0,0,22,0
480521,1,1,0,0,0,0,0,0,0,0,0,0
480522,1,1,0,0,0,0,0,0,0,0,0,12
480522,2,1,0,0,0,0,0,0,0,0,0,0
480523,0,1,20,0,0,0,0,9,18,0,15,0
480523,1,1,0,0,0,0,0,0,0,0,0,0
480524,1,1,0,0,0,0,0,0,0,0,0,0
480524,2,1,0,0,0,0,0,0,0,0,0,1
480525,1,1,0,10,9,14,14,26,20,19,5,0
480525,2,1,16,0,0,0,29,0,0,0,0,0
480526,1,1,0,0,0,0,0,0,0,0,0,0
480526,2,1,0,9,23,15,0,18,0,11,24,0
480527,0,1,15,15,15,15,15,15,15,15,15,15
480527,1,1,0,0,0,0,0,0,4,24,0,0
480528,0,1,12,12,12,12,12,12,12,12,12,12
480528,1,1,9,0,17,0,0,14,16,0,14,0
480529,1,1,0,0,0,0,15,18,0,0,0,0
480530,1,1,0,0,0,0,0,0,0,0,4,0
480530,2,1,0,0,0,0,0,0,0,0,0,0
480531,1,1,0,0,0,0,0,35,0,21,0,0
480531,2,1,20,0,0,0,0,0,0,0,0,0
480532,1,1,21,21,21,21,21,21,21,21,21,21
480533,0,1,0,0,0,0,0,0,0,0,0,0
480533,1,1,13,0,0,5,0,0,0,0,20,0
480534,0,1,0,0,0,0,0,0,0,0,0,0
480534,1,1,0,3,0,0,11,8,9,0,0,0
480535,1,1,0,0,0,0,0,0,0,0,0,0
480535,2,1,0,0,0,0,0,0,0,0,0,0
480536,1,1,0,0,21,0,0,0,0,9,0,0
480536,2,1,0,0,0,12,0,0,0,0,0,0
480537,1,1,0,17,0,0,20,0,0,0,13,0
480538,1,1,0,0,34,0,0,18,36,10,0,0
480538,2,1,0,5,0,15,23,7,7,6,0,0
480539,1,1,0,0,23,0,12,0,0,0,0,0
480539,2,1,0,0,26,19,0,0,0,0,19,0
480539,3,1,0,0,0,0,0,0,22,0,0,0
480540,1,1,0,14,17,28,0,10,16,28,7,0
480541,1,1,0,0,0,0,0,0,0,0,0,0
480541,2,1,0,17,0,17,0,0,0,14,0,23
480542,1,1,0,0,0,0,0,0,0,8,0,0
480542,2,1,0,0,0,0,0,0,0,0,0,0
480543,0,1,0,0,0,0,0,0,0,0,0,0
480543,0,2,0,0,0,0,36,22,0,0,14,0
480543,1,1,2,2,2,2,2,2,2,2,2,2
480544,1,1,34,34,34,34,34,34,34,34,34,34
480544,2,1,15,0,0,5,0,9,0,0,0,7
480545,1,1,12,12,12,12,12,12,12,12,12,12
480545,2,1,0,0,0,0,0,0,0,0,0,0
480546,1,1,0,0,33,10,5,0,0,0,0,5
480547,0,1,0,20,0,0,0,22,0,0,0,0
480547,1,1,0,0,0,0,0,0,0,0,0,17
480548,1,1,0,0,0,0,0,0,0,0,0,0
480548,2,1,0,0,0,0,0,0,0,0,0,0
480549,0,1,25,25,25,25,25,25,25,25,25,25
480549,1,1,10,34,0,45,0,7,18,12,20,0
480550,1,1,6,6,6,6,6,6,6,6,6,6
480550,2,1,0,0,0,0,0,0,0,0,0,0
480551,1,1,12,24,24,0,0,0,0,0,20,0
480552,1,1,13,0,0,0,0,0,22,0,0,0
480552,2,1,0,0,0,0,0,0,0,0,0,0
480553,1,1,5,5,5,5,5,5,5,5,5,5
480553,2,1,0,32,0,0,0,8,0,0,0,0
480554,0,1,37,37,37,37,37,37,37,37,37,37
480554,1,1,21,15,13,13,4,6,0,4,0,14
480555,0,1,22,22,22,22,22,22,22,22,22,22
480555,1,1,18,9,16,10,0,22,18,0,11,13
480556,0,1,17,0,0,0,11,11,19,14,0,18
480556,1,1,0,0,0,29,0,0,17,0,0,0
480557,1,1,16,16,30,14,10,14,14,17,13,11
480558,0,1,20,20,20,20,20,20,20,20,20,20
480558,1,1,0,0,0,0,0,0,0,0,0,0
480559,1,1,10,10,10,10,10,10,10,10,10,10
480560,1,1,0,0,0,0,0,0,0,0,0,0
480561,1,1,2,2,2,2,2,2,2,2,2,2
480562,1,1,1,1,1,1,1,1,1,1,1,1
480563,1,1,0,0,0,0,0,0,0,0,0,0
480563,2,1,0,0,0,0,0,0,0,0,1,0
480564,1,1,0,0,0,0,4,0,0,0,0,0
480564,2,1,7,0,0,0,0,0,0,10,0,11
480565,1,1,19,19,19,19,19,19,19,19,19,19
480566,1,1,24,0,0,2,0,16,0,0,0,0
480566,2,1,0,0,0,0,0,0,12,0,0,5
480567,1,1,2,2,2,2,2,2,2,2,2,2
480568,1,1,12,12,12,12,12,12,12,12,12,12
480569,1,1,0,0,14,0,22,4,0,0,0,0
480569,2,1,0,0,0,0,17,0,17,0,0,0
480569,3,1,0,0,0,0,0,0,0,0,0,0
480570,1,1,0,0,0,0,0,0,0,0,0,0
480571,1,1,0,0,0,0,0,13,17,26,0,12
480571,2,1,0,18,4,0,0,0,0,0,0,9
480572,1,1,0,9,0,0,0,0,51,0,0,0
480573,1,1,0,0,0,0,0,0,0,0,0,0
480573,2,1,0,30,15,0,6,0,0,0,21,0
480574,1,1,0,0,0,9,0,0,0,16,19,0
480574,2,1,0,0,0,0,0,36,22,0,9,0
480575,0,1,0,0,0,0,0,0,0,0,17,0
480575,1,1,0,0,12,0,0,0,0,0,0,0
480576,1,1,0,0,0,0,0,0,0,0,0,0
480576,2,1,0,0,0,0,0,0,9,0,0,0
480577,1,1,0,0,0,0,0,0,0,0,0,0
480578,1,1,0,0,0,0,5,0,0,0,10,0
480578,2,1,1,1,1,1,1,1,1,1,1,1
480579,1,1,0,0,0,0,0,0,0,0,0,0
480579,2,1,0,16,0,0,31,0,0,0,0,0
480580,1,1,8,0,0,0,0,0,17,0,10,17