ST_CASE,VEH_NO,PER_NO,P1,P2,P3,P4,P5,P6,P7,P8,P9,P10
480581,0,1,4,4,4,4,4,4,4,4,4,4
480581,1,1,0,11,0,0,0,11,0,0,0,0
480582,0,1,0,18,0,0,0,0,0,0,0,0
480582,1,1,11,0,0,0,17,0,0,0,0,0
480583,1,1,23,23,23,23,23,23,23,23,23,23
480584,0,1,0,0,0,0,0,0,0,0,0,0
480584,1,1,0,0,0,0,15,0,0,0,4,0
480585,0,1,5,5,5,5,5,5,5,5,5,5
480585,1,1,14,10,19,0,0,6,31,0,12,6
480586,1,1,3,3,3,3,3,3,3,3,3,3
480587,1,1,0,14,18,0,0,18,0,0,15,10
480588,1,1,7,23,11,25,14,18,9,5,0,36
480588,2,1,5,16,0,0,0,0,11,0,12,0
480589,1,1,0,0,0,0,0,0,0,0,0,0
480590,1,1,0,0,0,0,0,0,0,3,15,0
480590,2,1,28,0,12,0,15,0,0,12,6,23
480592,1,1,0,0,0,0,0,0,0,0,0,0
480593,1,1,0,0,0,0,0,0,0,0,0,0
480593,2,1,0,0,0,0,0,0,0,0,0,0
480594,1,1,0,0,0,16,11,0,4,0,0,9
480595,1,1,14,14,14,14,14,14,14,14,14,14
480596,1,1,0,0,0,0,0,0,0,0,0,0
480597,1,1,0,0,0,0,0,0,0,0,0,8
480597,2,1,12,0,0,0,0,0,0,0,0,0
480598,1,1,19,19,19,19,19,19,19,19,19,19
480598,2,1,15,0,0,4,0,0,0,0,0,6
480599,1,1,12,12,12,12,12,12,12,12,12,12
480600,1,1,0,0,0,0,0,0,0,0,0,0
480600,2,1,0,16,19,0,17,0,8,0,0,4
480601,1,1,0,0,0,0,0,0,0,0,0,0
480601,2,1,0,24,0,0,0,9,21,0,11,0
480601,3,1,0,0,0,0,0,0,0,0,0,15
480601,4,1,0,0,0,0,0,9,11,0,0,0
480602,1,1,22,22,22,22,22,22,22,22,22,22
480603,0,1,0,0,0,0,0,0,0,0,0,0
480603,1,1,0,0,0,0,0,0,12,19,0,0
480604,1,1,23,23,23,23,23,23,23,23,23,23
480604,2,1,16,16,16,16,16,16,16,16,16,16
480605,0,1,19,19,19,19,19,19,19,19,19,19
480605,1,1,0,10,0,0,0,0,0,0,0,0
480606,1,1,0,0,0,0,0,0,0,0,0,0
480606,2,1,4,0,9,18,0,0,22,24,0,0
480607,1,1,0,0,12,6,0,0,0,0,0,0
480607,2,1,13,7,0,0,0,0,0,0,7,8
480608,1,1,0,0,0,0,0,0,0,0,0,0
480608,2,1,25,21,21,0,0,0,19,11,3,22
480608,3,1,0,0,15,0,0,0,0,0,0,0
480608,4,1,0,0,0,0,0,0,0,0,0,0
480609,1,1,17,17,17,17,17,17,17,17,17,17
480610,1,1,0,0,0,0,0,0,0,0,0,0
480610,2,1,0,0,0,0,0,0,0,0,0,0
480611,1,1,25,25,25,25,25,25,25,25,25,25
480612,0,1,0,0,0,21,21,7,0,0,0,2
480612,1,1,0,0,0,0,23,0,0,0,7,9
480613,1,1,0,0,0,0,0,0,0,0,0,0
480614,1,1,0,0,0,0,0,0,0,0,0,0
480615,1,1,10,10,10,10,10,10,10,10,10,10
480615,2,1,0,0,0,0,0,0,0,17,28,0
480616,1,1,19,19,19,19,19,19,19,19,19,19
480617,0,1,39,0,0,0,0,0,16,0,0,0
480617,1,1,0,5,0,25,0,8,0,8,0,0
480617,2,1,11,11,0,0,0,0,0,5,0,0
480618,1,1,12,12,12,12,12,12,12,12,12,12
480619,0,1,0,0,0,0,0,0,0,0,0,0
480619,0,2,0,24,34,0,15,0,15,19,0,13
480619,1,1,8,20,0,0,0,0,7,0,0,0
480620,1,1,0,0,0,0,0,0,0,12,22,0
480620,2,1,0,0,0,0,0,0,0,0,0,0
480621,1,1,0,0,0,0,0,0,0,0,0,0
480622,1,1,0,0,0,0,0,0,0,0,0,0
480622,2,1,5,0,20,26,7,0,0,0,0,0
480624,0,1,0,22,0,23,0,0,18,17,3,21
480624,0,2,24,24,24,24,24,24,24,24,24,24
480624,1,1,23,0,0,0,17,0,18,0,0,0
480625,1,1,18,0,11,0,15,0,0,29,16,12
480626,1,1,18,21,21,23,10,30,26,20,22,15
480627,0,1,0,17,14,15,0,13,0,16,0,0
480627,1,1,0,0,0,16,0,15,0,0,8,14
480628,0,1,14,0,0,22,19,0,0,0,21,0
480628,1,1,16,12,5,0,0,0,0,0,0,0
480629,1,1,20,20,20,20,20,20,20,20,20,20
480630,1,1,18,18,18,18,18,18,18,18,18,18
480632,1,1,0,24,0,0,0,0,0,0,0,0
480632,2,1,0,0,0,0,0,0,0,0,0,0
480632,3,1,0,0,0,0,0,0,0,0,0,0
480633,1,1,0,0,0,0,0,0,0,0,8,7
480633,2,1,0,0,0,0,0,0,0,0,0,0
480634,1,1,19,36,15,10,15,9,23,20,9,21
480635,1,1,18,18,18,18,18,18,18,18,18,18
480635,2,1,12,12,12,12,12,12,12,12,12,12
480635,3,1,0,18,0,7,8,0,0,19,0,0
480636,1,1,0,0,0,31,26,0,0,28,0,0
480636,2,1,0,0,0,0,0,0,0,0,0,0
480637,1,1,0,0,0,0,0,0,0,0,0,0
480637,2,1,0,23,9,0,0,21,19,0,0,0
480637,3,1,0,0,0,0,0,0,0,0,0,0
480637,4,1,3,0,0,0,0,8,0,0,21,0
480637,5,1,0,0,0,0,0,0,0,0,0,0
480637,6,1,0,26,0,0,0,0,0,0,0,28
480638,1,1,0,0,0,0,0,0,0,0,0,0
480638,2,1,0,0,0,19,0,22,12,0,0,0
480639,1,1,12,12,12,12,12,12,12,12,12,12
480640,1,1,0,0,0,0,0,0,0,0,0,0
480640,2,1,0,0,0,0,0,0,0,0,0,0
480640,3,1,0,0,0,0,0,0,0,0,0,0
480641,1,1,13,13,13,13,13,13,13,13,13,13
480642,1,1,6,27,0,0,0,8,9,0,0,0
480642,2,1,0,0,0,0,0,0,0,0,0,0
480642,3,1,0,0,14,0,0,0,0,9,0,0
480643,1,1,21,21,21,21,21,21,21,21,21,21
480644,1,1,0,0,12,0,0,0,28,12,0,19
480645,1,1,25,25,25,25,25,25,25,25,25,25
480646,1,1,8,8,8,8,8,8,8,8,8,8
480647,1,1,7,7,7,7,7,7,7,7,7,7
480648,1,1,0,0,0,0,0,0,0,0,0,0
480649,1,1,0,0,0,0,0,0,0,0,0,0
480650,1,1,8,8,8,8,8,8,8,8,8,8
480651,0,1,0,0,0,0,0,0,0,0,0,0
480651,1,1,0,0,0,0,0,0,0,0,0,0
480653,1,1,7,14,0,28,0,17,7,0,7,0
480654,1,1,0,0,0,0,0,0,0,0,0,0
480654,2,1,0,0,0,0,0,0,0,0,0,11
480654,3,1,0,0,0,0,0,0,0,0,0,0
480654,4,1,0,0,0,0,0,0,0,0,0,0
480654,5,1,0,0,0,9,0,0,0,0,0,0
480655,1,1,18,18,18,18,18,18,18,18,18,18
480655,2,1,0,5,0,0,0,0,0,13,0,0
480656,1,1,20,20,20,20,20,20,20,20,20,20
480656,2,1,0,0,9,0,0,0,0,0,24,0
480657,1,1,21,21,21,21,21,21,21,21,21,21
480657,2,1,0,0,0,0,0,0,0,0,0,0
480658,1,1,23,23,23,23,23,23,23,23,23,23
480660,1,1,22,22,22,22,22,22,22,22,22,22
480662,1,1,0,0,0,0,26,0,10,0,0,3
480662,2,1,0,0,0,13,0,0,17,14,0,6
480663,1,1,0,32,0,0,0,0,0,0,0,0
480663,2,1,0,5,0,0,0,0,0,0,0,0
480664,0,1,12,23,17,0,0,26,36,0,22,0
480664,1,1,0,0,19,0,0,0,0,0,0,0
480665,1,1,15,17,0,20,0,0,17,34,17,8
480666,1,1,0,0,0,0,0,0,0,0,0,0
480667,0,1,26,26,26,26,26,26,26,26,26,26
480667,1,1,24,0,0,22,0,0,0,34,0,11
480668,0,1,0,0,0,0,26,0,0,17,0,0
480668,1,1,12,12,12,12,12,12,12,12,12,12
480669,1,1,0,0,0,0,17,0,0,0,0,11
480669,2,1,0,0,0,0,0,0,0,0,0,0
480670,1,1,21,8,0,15,0,21,0,17,25,8
480670,2,1,0,7,0,0,0,13,5,0,0,7
480671,1,1,4,13,0,0,0,18,15,8,0,0
480671,2,1,0,0,0,0,0,0,0,0,0,0
480671,3,1,0,0,0,0,0,0,0,0,0,0
480672,1,1,0,0,0,7,0,8,0,0,0,0
480673,1,1,26,26,26,26,26,26,26,26,26,26
480674,1,1,0,0,0,0,0,0,0,0,0,0
480674,2,1,0,0,0,0,0,0,0,0,0,0
480675,1,1,12,12,12,12,12,12,12,12,12,12
480675,2,1,0,0,0,0,0,0,0,15,0,0
480676,1,1,0,0,0,0,0,0,0,0,0,0
480677,0,1,0,0,0,0,0,0,38,0,0,0
480677,1,1,0,0,13,0,0,0,10,0,0,0
480678,1,1,0,0,0,4,0,0,0,0,0,0
480678,2,1,0,0,0,0,0,0,0,0,0,6
480679,1,1,12,12,12,12,12,12,12,12,12,12
480680,0,1,13,13,13,13,13,13,13,13,13,13
480680,1,1,0,0,0,0,9,0,0,0,0,15
480682,1,1,0,0,0,0,0,0,0,0,0,0
480683,1,1,11,0,0,0,23,0,0,0,18,0
480683,2,1,11,0,0,0,0,0,0,0,0,16
480683,3,1,0,9,0,0,0,0,0,0,0,0
480683,4,1,13,0,0,0,0,20,14,0,0,6
480683,5,1,22,0,0,14,0,0,0,0,0,29
480684,1,1,0,0,0,0,0,0,0,0,0,28
480685,1,1,0,0,0,0,0,0,0,0,0,0
480685,2,1,0,9,0,0,0,0,0,0,15,0
480685,3,1,0,13,10,0,5,0,0,12,0,0
480686,0,1,0,0,0,0,0,0,0,0,0,0
480686,1,1,0,0,0,0,0,0,41,0,0,19
480687,1,1,0,0,0,0,0,0,0,0,0,0
480687,2,1,0,0,0,0,0,0,10,0,0,0
480688,0,1,0,0,0,0,0,0,0,0,0,0
480688,1,1,0,28,20,10,9,35,0,0,10,0
480689,1,1,29,9,21,17,22,26,6,0,13,11
480689,2,1,0,0,0,0,0,7,0,0,0,0
480690,1,1,20,0,12,0,3,25,13,15,9,18
480691,1,1,26,26,26,26,26,26,26,26,26,26
480692,1,1,0,0,0,0,0,0,0,0,0,0
480693,1,1,0,0,0,0,0,0,0,0,0,0
480693,2,1,15,15,15,15,15,15,15,15,15,15
480694,0,1,11,11,11,11,11,11,11,11,11,11
480694,1,1,6,8,0,0,7,0,6,0,0,0
480695,1,1,27,27,27,27,27,27,27,27,27,27
480696,1,1,24,24,24,24,24,24,24,24,24,24
480696,2,1,0,0,20,0,0,0,0,17,0,0
480697,1,1,13,11,25,17,11,8,34,12,9,16
480697,2,1,0,5,0,10,0,0,32,12,10,0
480699,1,1,0,0,0,0,0,0,0,0,0,0
480699,2,1,0,0,0,0,0,0,0,0,0,0
480700,1,1,0,0,0,0,0,0,0,0,0,0
480701,1,1,20,20,20,20,20,20,20,20,20,20
480702,0,1,21,22,25,16,15,12,32,0,0,0
480702,1,1,0,0,0,0,0,0,0,0,0,0
480703,1,1,21,19,19,30,25,17,35,14,15,18
480704,0,1,0,0,0,0,0,0,0,0,0,0
480704,0,2,0,0,0,0,0,0,0,0,0,0
480704,1,1,0,11,0,0,10,12,9,0,15,15
480705,1,1,0,0,0,0,0,0,0,0,0,0
480706,1,1,0,0,0,0,0,0,0,0,0,0
480707,1,1,28,28,28,28,28,28,28,28,28,28
480708,1,1,0,0,0,0,0,0,0,0,0,0
480709,1,1,0,0,0,0,0,0,0,0,0,0
480709,2,1,0,0,9,0,0,0,0,10,0,0
480710,1,1,0,0,0,0,0,0,0,0,0,0
480710,2,1,0,0,0,0,0,0,0,18,11,0
480712,1,1,0,16,31,0,0,0,0,0,0,0
480713,1,1,0,0,0,0,0,0,0,0,0,0
480714,1,1,37,0,0,0,14,0,0,0,16,0
480714,2,1,0,0,0,0,0,0,0,0,0,0
480715,1,1,7,7,7,7,7,7,7,7,7,7
480715,2,1,13,0,15,22,0,8,18,14,11,12
480716,1,1,21,0,0,0,0,0,0,0,0,0
480717,1,1,8,8,8,8,8,8,8,8,8,8
480718,0,1,0,0,0,0,0,0,0,0,0,0
480718,1,1,0,7,0,0,15,0,8,0,0,0
480719,0,1,0,0,0,0,0,0,17,0,0,0
480719,1,1,0,0,0,0,0,0,0,0,0,0
480720,0,1,0,0,0,0,0,0,0,0,0,0
480720,1,1,3,0,18,0,0,10,0,8,0,0
480721,1,1,0,0,0,0,5,0,0,0,0,0
480721,2,1,0,0,0,0,0,0,0,0,0,0
480722,1,1,0,0,0,0,0,0,0,0,0,0
480722,2,1,0,0,0,8,0,0,0,0,0,0
480723,0,1,0,0,0,0,0,0,0,0,0,0
480723,0,2,39,22,0,19,0,10,25,0,0,7
480723,1,1,0,17,0,15,7,0,17,14,0,0
480724,1,1,13,0,8,0,0,0,14,5,0,16
480725,1,1,0,0,0,0,15,0,0,0,0,0
480725,2,1,0,0,0,0,0,0,0,15,0,13
480725,3,1,0,0,9,0,0,0,0,0,0,0
480725,4,1,0,0,0,0,0,0,0,0,0,22
480725,5,1,14,0,7,17,0,0,19,0,0,0
480726,1,1,13,17,0,5,26,0,33,22,0,10
480727,1,1,0,0,0,11,15,0,0,18,0,0
480728,1,1,2,2,2,2,2,2,2,2,2,2
480728,2,1,0,0,0,0,0,0,0,0,0,0
480729,1,1,0,21,14,22,12,16,0,12,4,0
480729,2,1,0,15,0,0,0,28,0,16,0,0
480730,1,1,0,0,0,0,0,0,0,0,0,0
480730,2,1,0,0,3,11,0,6,0,0,0,0
480731,0,1,16,0,26,0,0,0,0,0,0,0
480731,1,1,0,0,0,0,0,0,0,0,0,0
480731,2,1,0,20,0,0,0,17,0,9,0,0
480731,3,1,0,0,26,0,0,0,0,0,16,10
480732,1,1,0,0,0,0,0,0,0,0,0,0
480732,2,1,0,0,0,0,0,0,0,0,0,0
480733,1,1,0,0,0,0,0,0,0,0,0,0
480733,2,1,0,23,0,0,0,0,0,0,21,0
480734,0,1,0,0,0,0,0,14,0,0,8,0
480734,1,1,0,0,0,0,0,0,0,0,0,0
480735,1,1,0,0,0,0,0,0,0,0,0,0
480736,0,1,1,1,1,1,1,1,1,1,1,1
480736,1,1,0,7,0,13,0,0,21,0,0,14
480737,1,1,7,0,0,24,5,0,0,0,0,0
480737,2,1,0,0,0,25,0,0,0,22,0,0
480737,3,1,0,0,0,0,0,0,0,0,0,0
480738,1,1,16,16,16,16,16,16,16,16,16,16
480738,2,1,0,0,9,0,0,0,0,15,0,0
480739,1,1,21,21,21,21,21,21,21,21,21,21
480739,2,1,8,0,0,0,0,6,0,0,0,0
480740,1,1,19,0,0,15,0,0,0,10,0,0
480740,2,1,17,0,5,20,0,16,11,0,18,14
480741,0,1,0,0,0,0,0,0,0,0,0,0
480741,1,1,0,0,0,4,0,0,0,0,0,0
480742,1,1,21,21,21,21,21,21,21,21,21,21
480743,1,1,10,10,10,10,10,10,10,10,10,10
480744,1,1,0,0,0,0,4,0,20,8,0,15
480744,2,1,16,0,0,10,3,0,0,0,28,0
480745,1,1,23,23,23,23,23,23,23,23,23,23
480745,2,1,0,0,0,0,0,0,0,0,0,0
480746,1,1,9,0,0,0,0,0,0,0,0,0
480747,1,1,1,1,1,1,1,1,1,1,1,1
480748,0,1,21,9,2,56,19,8,39,32,27,14
480748,1,1,0,0,0,0,0,0,0,0,0,0
480749,0,1,0,0,0,0,0,0,0,0,0,0
480749,1,1,0,0,7,6,0,14,9,18,22,0
480750,1,1,20,20,20,20,20,20,20,20,20,20
480750,2,1,0,0,0,0,0,0,0,0,0,0
480751,1,1,0,0,0,0,0,24,0,0,0,0
480751,2,1,0,0,0,0,0,3,0,16,8,0
480752,1,1,10,17,0,15,0,0,0,0,13,0
480753,1,1,0,0,0,0,0,14,0,0,0,0
480753,2,1,7,7,7,7,7,7,7,7,7,7
480754,1,1,0,0,0,0,19,0,0,0,0,0
480754,2,1,41,0,0,0,0,0,21,0,30,0
480754,3,1,0,0,0,0,0,0,13,0,0,0
480755,1,1,0,0,32,0,0,0,0,26,0,27
480755,2,1,0,0,0,0,0,0,0,0,0,0
480756,1,1,0,9,0,0,0,16,0,0,9,0
480757,1,1,0,0,0,0,0,0,0,0,0,0
480758,1,1,0,0,0,0,0,0,0,0,0,0
480759,1,1,15,0,0,0,0,0,0,0,0,6
480760,1,1,0,0,0,0,14,0,27,0,6,11
480760,2,1,0,0,0,0,0,0,0,0,0,0
480760,3,1,0,0,0,0,0,3,0,0,0,0
480762,1,1,0,0,0,0,0,0,0,0,0,0
480763,1,1,0,0,0,0,0,0,0,0,0,0
480763,2,1,0,0,0,12,0,7,0,0,0,17
480764,0,1,32,0,16,0,20,0,0,11,0,18
480764,1,1,0,0,0,0,0,0,0,0,0,0
480764,3,1,0,0,0,0,18,0,0,26,0,13
480765,1,1,0,0,0,0,0,0,0,0,0,6
480765,2,1,0,0,17,0,0,8,0,0,2,0
480766,0,1,19,0,0,0,0,42,0,47,36,0
480766,1,1,5,0,0,18,0,0,0,0,0,0
480767,1,1,0,0,0,0,0,0,0,0,0,0
480767,2,1,0,0,0,0,0,0,0,0,0,0
480768,1,1,11,32,17,7,15,0,6,12,18,22
480769,1,1,0,0,0,0,0,0,0,0,0,0
480769,2,1,0,0,0,0,0,0,0,0,0,0
480770,1,1,8,0,0,0,0,0,0,0,0,0
480770,2,1,0,5,0,0,0,0,0,0,0,0
480771,1,1,13,21,17,17,0,20,8,27,21,11
480772,0,1,26,26,26,26,26,26,26,26,26,26
480772,1,1,0,0,0,0,0,0,0,0,0,0
480773,1,1,0,0,0,0,0,0,0,0,0,0
480774,0,1,34,34,34,34,34,34,34,34,34,34
480774,1,1,0,0,21,0,0,0,6,25,0,0
480775,1,1,0,15,0,0,0,0,0,0,0,0
480776,1,1,0,0,0,0,0,0,0,0,0,0
480777,1,1,0,0,0,0,9,0,0,0,0,0
480777,2,1,0,14,14,14,0,0,0,0,32,0
480778,0,1,0,0,8,0,19,0,11,2,24,0
480778,1,1,11,11,11,11,11,11,11,11,11,11
480779,0,1,0,0,0,0,0,0,0,0,0,0
480779,1,1,0,0,0,0,0,0,0,0,0,0
480780,1,1,17,17,17,17,17,17,17,17,17,17
480781,1,1,20,20,20,20,20,20,20,20,20,20
480782,1,1,0,0,0,0,0,0,0,0,0,25
480782,2,1,0,0,0,12,0,0,0,0,0,0
480783,1,1,0,0,0,0,0,0,0,17,0,0
480784,0,1,20,20,20,20,20,20,20,20,20,20
480784,1,1,0,12,0,0,0,22,0,0,0,0
480785,1,1,22,22,22,22,22,22,22,22,22,22
480785,2,1,0,0,0,10,0,0,0,0,0,0
480786,1,1,0,0,0,0,0,0,0,0,0,0
480786,2,1,1,1,1,1,1,1,1,1,1,1
480787,1,1,9,9,9,9,9,9,9,9,9,9
480788,1,1,15,24,19,22,18,16,29,33,10,17
480789,1,1,27,0,0,0,16,0,0,0,16,0
480789,2,1,0,0,0,0,0,0,0,11,0,0
480790,1,1,26,0,20,0,14,8,0,12,23,6
480791,1,1,0,0,0,0,20,0,0,0,0,0
480791,2,1,0,5,0,0,0,0,13,0,11,0
480791,3,1,40,0,0,0,0,0,0,0,0,0
480792,1,1,0,0,0,0,0,0,0,0,0,0
480792,2,1,0,0,0,0,0,0,0,0,0,0
480793,1,1,0,8,0,0,24,0,0,0,0,0
480793,2,1,0,0,0,19,0,0,0,0,0,0
480794,1,1,0,0,0,0,0,0,0,0,0,0
480794,2,1,0,0,0,0,0,0,0,0,0,0
480795,0,1,0,0,0,18,12,15,8,0,17,27
480795,1,1,7,0,0,0,0,0,0,0,0,12
480796,1,1,0,0,0,0,0,0,0,0,0,0
480796,2,1,0,0,0,0,0,0,0,0,0,0
480797,1,1,0,0,16,11,16,0,15,3,10,14
480798,1,1,25,25,25,25,25,25,25,25,25,25
480798,2,1,16,16,16,16,16,16,16,16,16,16
480799,0,1,0,0,0,0,0,0,0,0,0,0
480799,1,1,13,0,0,0,0,0,23,0,0,0
480800,1,1,0,7,0,0,0,0,0,0,0,0
480800,2,1,0,0,0,0,0,0,0,17,0,0
480801,1,1,0,0,0,0,0,0,0,0,0,0
480801,2,1,17,0,7,0,0,21,0,11,0,0
480802,1,1,0,0,0,0,0,0,0,0,0,0
480804,1,1,0,0,0,0,0,25,0,4,0,0
480806,0,1,7,7,7,7,7,7,7,7,7,7
480806,1,1,0,10,0,21,0,0,0,0,0,0
480807,1,1,18,18,18,18,18,18,18,18,18,18
480807,2,1,9,9,9,9,9,9,9,9,9,9
480808,1,1,21,21,21,21,21,21,21,21,21,21
480808,2,1,0,0,0,0,0,0,0,24,0,0
480808,4,1,19,0,0,0,0,0,10,0,0,0
480809,1,1,18,18,18,18,18,18,18,18,18,18
480810,0,1,0,0,0,41,19,20,22,0,0,0
480810,1,1,0,0,8,9,2,6,0,2,0,0
480811,1,1,22,22,22,22,22,22,22,22,22,22
480811,2,1,0,6,0,6,13,33,0,0,11,10
480812,1,1,31,31,31,31,31,31,31,31,31,31
480812,2,1,0,0,0,0,18,0,9,0,0,0
480813,1,1,22,22,22,22,22,22,22,22,22,22
480814,1,1,0,17,0,0,15,1,0,7,16,9
480815,1,1,0,0,0,0,0,0,0,0,0,0
480816,1,1,19,14,14,15,0,32,7,0,28,4
480816,2,1,0,13,0,28,0,32,0,25,0,0
480817,1,1,0,0,0,0,0,0,0,0,13,0
480817,2,1,0,0,19,13,0,0,0,0,0,0
480818,1,1,22,22,22,22,22,22,22,22,22,22
480819,0,1,0,0,32,0,27,0,0,0,0,9
480819,1,1,22,0,17,0,0,0,0,0,15,0
480820,0,1,0,0,0,0,0,0,0,0,13,13
480820,1,1,0,0,0,38,60,0,0,0,0,0
480821,1,1,0,12,8,11,10,29,0,25,0,0
480822,1,1,0,0,0,0,0,0,0,0,0,10
480822,2,1,0,0,0,0,0,0,0,0,0,0
480823,1,1,0,0,0,0,0,0,0,0,0,0
480823,2,1,0,0,0,0,0,0,0,0,0,8
480824,1,1,19,19,19,19,19,19,19,19,19,19
480825,1,1,0,0,0,0,0,8,27,0,0,0
480825,2,1,0,0,0,0,0,0,0,0,0,0
480826,1,1,0,0,0,0,0,0,0,0,0,0
480826,2,1,0,0,0,0,0,0,0,0,0,0
480827,1,1,9,9,9,9,9,9,9,9,9,9
480828,1,1,0,0,0,0,0,0,0,0,0,0
480828,2,1,0,4,0,12,0,0,29,0,0,0
480829,1,1,0,0,0,0,0,0,0,0,0,0
480829,2,1,0,0,0,20,0,0,8,0,0,0
480830,1,1,0,0,0,0,0,0,0,0,0,0
480830,2,1,0,0,19,0,0,0,0,0,0,0
480830,3,1,0,0,0,0,0,0,0,0,0,0
480831,1,1,7,12,14,12,31,18,21,3,11,0
480832,0,1,0,0,0,17,18,0,0,0,14,33
480832,1,1,0,0,8,0,0,17,0,0,0,0
480833,1,1,0,12,0,0,0,0,0,0,0,0
480833,2,1,0,0,0,0,0,0,0,0,0,0
480834,1,1,19,19,19,19,19,19,19,19,19,19
480835,1,1,0,0,0,0,0,0,0,0,0,0
480836,1,1,0,0,0,0,0,0,0,0,13,0
480836,2,1,0,0,0,0,0,0,0,0,0,0
480836,3,1,0,0,0,0,0,0,0,0,0,0
480837,1,1,0,21,0,0,11,13,23,0,0,0
480837,2,1,0,16,0,0,0,22,15,14,0,0
480838,1,1,0,0,0,0,6,0,0,0,0,0
480838,2,1,0,3,0,0,0,0,20,0,0,0
480839,1,1,10,10,10,10,10,10,10,10,10,10
480840,1,1,0,9,9,0,0,0,27,16,0,0
480840,2,1,0,0,0,0,0,0,0,0,0,0
480841,1,1,1,1,1,1,1,1,1,1,1,1
480842,1,1,0,0,0,0,0,5,0,12,0,0
480842,2,1,0,0,0,0,0,0,0,0,13,0
480843,1,1,19,19,19,19,19,19,19,19,19,19
480844,0,1,0,0,0,0,0,0,0,0,0,0
480844,1,1,0,0,0,0,0,7,0,0,0,0
480845,1,1,14,14,14,14,14,14,14,14,14,14
480846,0,1,17,16,32,0,24,19,28,4,0,0
480846,1,1,27,0,0,0,0,0,17,0,0,6
480847,0,1,11,11,11,11,11,11,11,11,11,11
480847,1,1,0,20,0,23,0,0,0,18,0,0
480849,1,1,0,0,0,0,0,0,0,0,13,0
480849,2,1,0,0,0,0,0,0,0,0,0,48
480849,3,1,0,0,0,0,0,0,0,0,28,11
480849,4,1,0,24,31,0,0,0,9,0,0,0
480850,1,1,11,0,0,0,0,0,22,0,0,0
480850,2,1,0,0,0,0,0,0,0,0,0,0
480851,1,1,8,8,8,8,8,8,8,8,8,8
480852,1,1,28,28,28,28,28,28,28,28,28,28
480853,1,1,0,0,0,0,0,0,0,0,0,0
480854,1,1,0,0,0,0,0,0,0,0,0,0
480854,2,1,0,0,0,0,0,11,0,0,11,0
480855,1,1,26,0,0,9,5,0,19,4,0,0
480855,2,1,0,0,0,0,0,0,0,0,0,0
480857,0,1,19,19,19,19,19,19,19,19,19,19
480857,1,1,0,0,0,0,0,0,10,0,0,0
480858,0,1,0,20,22,0,10,0,0,0,0,0
480858,1,1,0,0,0,0,0,0,0,12,0,0
480859,1,1,7,7,7,7,7,7,7,7,7,7
480859,2,1,6,0,0,0,13,0,0,0,25,4
480860,1,1,23,23,23,23,23,23,23,23,23,23
480860,2,1,26,8,0,10,39,0,0,11,11,18
480860,3,1,30,0,0,0,6,28,11,10,12,4
480861,1,1,25,25,25,25,25,25,25,25,25,25
480862,0,1,0,0,36,0,16,0,0,21,0,0
480862,1,1,0,0,0,0,0,0,0,0,0,17
480862,2,1,0,0,0,0,7,0,0,0,0,0
480863,1,1,14,14,14,14,14,14,14,14,14,14
480864,1,1,0,0,0,0,0,0,0,0,0,0
480865,1,1,0,0,0,0,0,0,0,0,0,0
480865,2,1,15,0,19,0,22,0,17,0,0,0
480866,1,1,0,0,0,0,0,0,0,0,0,0
480867,1,1,0,0,0,0,0,0,0,0,11,0
480867,2,1,0,0,0,0,0,0,0,0,18,16
480868,1,1,19,19,19,19,19,19,19,19,19,19
480868,2,1,0,0,23,0,0,0,7,0,11,0
480868,3,1,0,12,16,0,13,0,22,0,9,0
480870,0,1,27,27,27,27,27,27,27,27,27,27
480870,1,1,9,0,0,0,16,0,17,12,0,0
480870,2,1,0,0,0,0,0,14,24,0,0,0
480871,1,1,23,20,10,6,13,17,21,9,20,32
480871,2,1,0,28,0,23,0,0,10,0,0,8
480872,1,1,20,20,20,20,20,20,20,20,20,20
480872,2,1,0,0,27,0,0,31,0,0,0,0
480873,1,1,0,0,0,0,18,31,0,0,0,0
480874,1,1,0,0,0,0,0,0,0,17,0,0
480874,2,1,0,0,0,0,0,0,0,0,0,0
480875,1,1,0,0,0,0,0,0,0,0,0,0
480875,2,1,0,0,21,31,0,18,0,11,0,16
480876,1,1,0,0,0,0,0,0,0,0,0,0
480877,0,1,27,0,0,0,0,0,0,0,0,0