ST_CASE,VEH_NO,PER_NO,P1,P2,P3,P4,P5,P6,P7,P8,P9,P10
480877,1,1,0,0,0,0,0,0,0,0,0,0
480878,1,1,0,0,0,0,0,0,0,13,0,0
480878,2,1,0,0,0,0,0,0,0,0,0,0
480879,0,1,0,0,0,0,0,0,0,0,0,0
480879,1,1,0,12,0,22,0,0,0,16,0,0
480879,2,1,0,0,7,0,0,0,0,0,17,0
480879,3,1,0,0,0,12,0,0,0,0,6,0
480880,1,1,0,0,0,0,0,0,0,0,0,0
480880,2,1,0,0,0,0,0,0,31,10,21,3
480880,3,1,0,0,0,0,0,0,0,0,0,0
480881,1,1,2,2,2,2,2,2,2,2,2,2
480881,2,1,0,24,0,20,0,0,0,0,0,11
480883,1,1,15,0,0,21,14,0,0,0,26,0
480883,2,1,0,0,0,0,0,0,0,0,0,0
480884,1,1,27,27,27,27,27,27,27,27,27,27
480885,0,1,12,12,12,12,12,12,12,12,12,12
480885,1,1,0,0,0,0,0,0,0,0,0,0
480886,1,1,28,28,28,28,28,28,28,28,28,28
480886,2,1,0,0,0,0,0,14,0,10,0,0
480887,1,1,0,0,0,0,0,0,19,0,7,0
480888,1,1,0,0,11,0,0,0,0,0,24,0
480888,2,1,0,0,0,0,0,0,0,0,0,0
480889,1,1,20,0,0,0,0,8,0,0,0,0
480889,2,1,0,0,0,0,0,0,0,0,0,0
480890,1,1,0,24,0,0,22,0,0,0,0,0
480891,1,1,7,7,7,7,7,7,7,7,7,7
480891,2,1,17,0,24,0,0,12,0,14,0,11
480892,1,1,0,0,7,0,0,0,0,0,0,0
480892,2,1,0,0,0,0,0,0,0,0,0,0
480893,1,1,14,13,6,18,3,15,10,33,13,13
480894,0,1,20,0,0,13,0,0,0,0,0,0
480894,1,1,0,14,0,0,0,0,0,0,25,11
480895,1,1,0,0,0,0,0,0,0,0,0,0
480895,2,1,0,0,0,0,0,0,26,0,0,16
480896,1,1,0,0,0,0,0,0,0,0,0,0
480896,2,1,12,0,0,0,0,0,0,0,0,0
480897,1,1,13,13,13,13,13,13,13,13,13,13
480898,1,1,0,0,0,0,0,0,10,0,0,0
480899,1,1,0,20,0,12,0,0,9,34,16,19
480900,1,1,14,8,18,0,21,18,12,0,18,0
480901,1,1,0,0,0,0,0,0,0,0,0,0
480902,0,1,0,0,0,0,0,0,0,0,0,0
480902,1,1,0,0,0,12,0,0,0,0,0,0
480903,1,1,0,0,0,0,0,0,0,0,0,0
480903,2,1,0,6,0,0,0,0,0,18,0,0
480904,1,1,0,14,0,0,0,0,0,0,0,0
480904,2,1,0,28,0,4,0,0,0,0,0,0
480905,1,1,13,13,13,13,13,13,13,13,13,13
480905,2,1,0,0,22,0,0,0,0,0,0,0
480906,0,1,0,0,0,0,0,0,0,0,0,0
480906,1,1,0,0,0,0,3,19,0,0,0,0
480907,1,1,20,20,20,20,20,20,20,20,20,20
480908,1,1,15,16,9,0,0,6,4,24,19,0
480908,2,1,0,0,0,0,0,0,0,0,0,0
480909,1,1,0,0,0,9,0,0,0,19,0,0
480909,2,1,0,0,12,0,0,0,0,0,0,0
480910,0,1,10,10,10,10,10,10,10,10,10,10
480910,1,1,18,0,0,0,0,0,0,0,0,11
480911,1,1,0,0,0,0,0,0,0,0,0,0
480911,2,1,0,0,0,0,0,0,0,0,0,0
480912,1,1,0,0,22,0,0,0,0,0,19,0
480912,2,1,0,9,0,0,0,0,0,0,0,0
480913,0,1,0,0,0,0,26,20,17,0,0,3
480913,1,1,12,19,0,0,0,0,17,0,5,0
480914,1,1,18,0,0,11,14,0,0,0,0,0
480914,2,1,45,0,0,0,0,0,0,0,0,20
480915,1,1,0,4,16,0,23,13,27,12,9,9
480916,1,1,0,0,0,0,4,20,0,0,0,0
480916,2,1,0,0,24,0,0,30,4,21,0,0
480917,1,1,16,16,16,16,16,16,16,16,16,16
480918,1,1,20,20,20,20,20,20,20,20,20,20
480919,1,1,10,10,10,10,10,10,10,10,10,10
480920,0,1,0,0,0,0,0,0,0,0,0,0
480920,1,1,30,0,0,0,9,0,0,0,0,0
480921,1,1,0,3,10,7,0,0,0,0,0,14
480922,1,1,0,0,0,5,0,0,0,0,0,0
480923,1,1,19,19,19,19,19,19,19,19,19,19
480923,2,1,0,15,0,0,0,0,0,19,14,0
480924,1,1,0,0,0,0,0,0,0,0,0,0
480924,2,1,0,0,0,0,0,0,13,0,0,0
480925,1,1,0,0,0,0,2,0,0,0,0,0
480925,2,1,15,6,12,0,27,0,0,0,29,10
480926,1,1,0,0,0,0,0,0,0,0,0,0
480927,0,1,4,4,4,4,4,4,4,4,4,4
480927,1,1,5,5,5,5,5,5,5,5,5,5
480928,1,1,0,2,15,4,9,0,0,0,0,0
480929,1,1,0,0,0,0,0,0,0,0,0,0
480929,2,1,0,0,0,0,0,0,0,0,0,0
480929,3,1,0,0,0,0,0,0,0,0,12,0
480929,4,1,0,0,0,0,0,0,0,0,0,0
480930,1,1,22,22,22,22,22,22,22,22,22,22
480930,2,1,0,0,0,0,0,0,0,0,0,0
480931,1,1,0,0,20,0,0,0,0,0,0,0
480932,1,1,0,0,0,0,0,0,0,0,0,0
480932,2,1,0,0,0,0,0,0,0,0,0,0
480933,1,1,0,0,0,0,0,0,0,0,0,0
480933,2,1,0,0,0,0,0,0,0,0,0,0
480934,1,1,7,7,7,7,7,7,7,7,7,7
480935,1,1,11,0,0,0,0,0,0,0,0,0
480935,2,1,0,0,0,0,0,0,0,0,0,0
480936,1,1,0,0,0,0,0,0,0,0,0,0
480937,1,1,15,15,15,15,15,15,15,15,15,15
480937,2,1,0,0,0,0,0,0,0,0,0,0
480937,3,1,0,10,0,0,0,0,0,22,0,0
480939,1,1,0,0,0,0,0,0,0,0,0,0
480939,2,1,9,0,0,0,0,0,0,0,0,0
480940,0,1,42,42,42,42,42,42,42,42,42,42
480940,1,1,0,0,0,0,0,0,0,0,25,0
480941,1,1,8,8,8,8,8,8,8,8,8,8
480941,2,1,0,0,0,0,0,0,0,0,0,0
480941,3,1,0,0,0,0,0,6,9,0,15,0
480941,4,1,0,0,0,8,6,35,0,0,0,21
480942,1,1,0,0,0,0,0,0,0,0,0,0
480942,2,1,0,0,0,0,0,0,0,0,0,0
480942,3,1,0,0,0,12,23,0,0,0,0,14
480943,1,1,0,0,0,0,0,0,0,0,0,0
480944,1,1,0,28,0,0,0,0,0,0,0,0
480944,2,1,0,0,0,0,0,0,0,0,0,0
480945,1,1,17,17,17,17,17,17,17,17,17,17
480946,1,1,0,0,0,0,0,0,0,0,0,0
480947,0,1,0,0,0,0,0,0,0,0,0,0
480947,1,1,12,12,12,12,12,12,12,12,12,12
480947,2,1,0,18,16,27,0,0,11,0,16,34
480947,3,1,0,0,18,16,0,22,0,9,0,0
480948,1,1,13,13,13,13,13,13,13,13,13,13
480948,2,1,0,0,0,0,9,0,0,0,17,0
480948,3,1,0,0,26,0,0,28,18,0,0,0
480949,1,1,0,0,0,0,0,0,0,0,0,0
480949,2,1,0,0,0,0,0,0,0,0,0,0
480949,3,1,0,0,0,0,0,0,0,0,0,0
480950,0,1,0,0,18,0,14,0,14,0,0,0
480950,1,1,0,0,0,3,0,0,0,0,0,0
480951,1,1,19,16,9,13,0,0,15,18,0,0
480952,1,1,0,0,0,0,16,0,12,0,0,0
480952,2,1,3,3,3,3,3,3,3,3,3,3
480952,3,1,0,11,0,0,0,0,0,0,0,0
480952,4,1,0,0,4,17,0,0,0,34,0,0
480953,1,1,33,16,0,0,9,0,0,0,4,0
480953,2,1,0,0,0,0,0,0,0,0,0,31
480954,1,1,0,0,0,0,0,0,0,0,0,0
480955,1,1,0,0,17,13,0,0,2,0,0,28
480955,2,1,0,0,0,16,14,0,0,0,12,9
480956,1,1,0,0,16,19,0,0,0,0,0,0
480957,1,1,16,16,16,16,16,16,16,16,16,16
480957,2,1,0,0,0,18,0,0,13,0,0,0
480958,1,1,20,20,20,20,20,20,20,20,20,20
480958,2,1,11,11,9,0,0,7,0,0,15,0
480959,1,1,2,2,2,2,2,2,2,2,2,2
480960,1,1,24,24,24,24,24,24,24,24,24,24
480960,2,1,0,0,0,27,0,0,0,0,0,0
480961,1,1,13,9,20,20,23,5,15,23,0,20
480961,2,1,0,0,0,0,0,0,13,15,0,22
480963,1,1,0,11,0,0,0,0,15,4,0,0
480964,1,1,37,37,37,37,37,37,37,37,37,37
480964,2,1,0,7,0,0,0,0,0,12,0,0
480965,0,1,26,26,26,26,26,26,26,26,26,26
480965,1,1,7,8,0,0,0,0,0,0,0,0
480965,2,1,0,0,10,0,9,12,0,4,15,38
480966,1,1,24,24,24,24,24,24,24,24,24,24
480966,2,1,0,0,0,0,0,0,0,0,0,0
480967,1,1,20,20,20,20,20,20,20,20,20,20
480968,1,1,31,7,0,21,16,14,5,30,40,25
480969,1,1,0,17,0,31,0,0,0,0,15,0
480969,2,1,18,18,18,18,18,18,18,18,18,18
480970,1,1,0,0,7,0,0,0,19,8,7,0
480971,1,1,17,11,14,20,4,6,26,0,32,21
480972,1,1,9,9,9,9,9,9,9,9,9,9
480973,0,1,0,0,0,0,0,0,0,37,27,0
480973,1,1,0,0,0,0,0,0,0,0,0,0
480974,1,1,24,15,3,0,0,16,0,13,5,14
480975,1,1,15,15,15,15,15,15,15,15,15,15
480975,2,1,13,25,12,0,0,0,0,0,12,0
480976,0,1,0,0,0,0,0,0,0,0,0,0
480976,1,1,0,0,0,0,0,0,24,0,8,0
480977,1,1,20,13,12,12,18,22,11,15,21,3
480978,1,1,0,0,0,7,11,0,14,0,0,0
480979,1,1,0,0,0,17,0,0,0,0,0,0
480979,2,1,0,0,0,6,0,0,0,0,0,0
480981,0,1,0,0,0,0,0,0,0,0,0,0
480981,1,1,0,0,0,0,0,0,0,20,0,14
480982,1,1,0,0,0,0,0,0,0,0,0,0
480982,2,1,0,0,0,0,0,0,0,0,0,0
480982,3,1,0,7,0,0,10,0,0,0,14,0
480983,1,1,0,0,0,0,0,0,0,0,0,0
480983,2,1,11,0,0,0,0,0,9,0,8,9
480983,3,1,0,0,3,0,4,0,0,0,0,0
480984,1,1,0,0,0,0,0,0,0,0,0,0
480984,2,1,0,0,0,0,0,0,0,0,0,0
480985,1,1,21,0,0,0,0,0,0,0,0,0
480985,2,1,0,0,0,0,16,19,0,0,0,0
480986,1,1,0,0,0,0,0,0,0,0,0,5
480986,2,1,0,0,0,0,0,2,0,0,0,0
480987,1,1,0,23,0,0,0,0,6,0,0,0
480988,1,1,0,0,0,0,0,0,0,0,0,0
480988,2,1,0,0,0,0,0,0,0,0,0,0
480989,1,1,10,10,10,10,10,10,10,10,10,10
480990,1,1,0,0,0,0,0,0,0,0,0,0
480990,2,1,5,0,10,0,0,0,0,0,0,0
480991,1,1,0,0,0,0,0,0,0,0,0,0
480991,2,1,0,0,0,0,0,0,0,0,0,0
480992,0,1,14,14,14,14,14,14,14,14,14,14
480992,1,1,16,0,0,26,0,0,0,0,3,0
480993,1,1,0,0,0,0,0,0,0,0,0,0
480993,2,1,14,14,14,14,14,14,14,14,14,14
480994,1,1,3,0,0,0,0,0,0,8,0,10
480994,2,1,0,0,0,0,29,0,0,0,0,0
480995,1,1,0,0,0,0,0,0,6,0,0,0
480995,2,1,0,0,0,5,0,0,0,0,0,0
480995,3,1,17,0,0,0,0,0,0,0,0,0
480995,4,1,0,0,12,28,14,0,0,0,0,0
480995,5,1,0,0,0,0,0,14,19,0,0,0
480996,1,1,0,0,0,0,0,0,0,0,17,0
480996,2,1,0,10,0,0,17,0,0,0,0,0
480997,1,1,2,2,2,2,2,2,2,2,2,2
480997,2,1,0,4,0,0,0,0,23,0,0,0
480997,3,1,0,0,0,0,0,0,0,0,0,0
480997,4,1,0,0,0,0,35,43,0,16,0,0
480997,5,1,0,0,0,0,0,0,0,19,0,0
480997,6,1,0,0,16,0,0,11,0,11,10,20
480997,7,1,0,0,0,19,0,25,0,0,0,0
480998,1,1,10,10,7,20,19,38,18,17,37,24
480999,1,1,0,0,0,0,12,20,0,0,0,0
481000,0,1,0,0,0,0,0,0,10,0,0,0
481000,1,1,15,0,0,7,23,3,0,8,10,8
481001,0,1,0,18,0,0,0,0,0,0,24,0
481001,1,1,0,0,0,0,0,0,20,15,29,0
481002,0,1,16,0,30,11,0,0,25,31,0,16
481002,1,1,0,0,0,0,0,0,0,0,0,0
481003,1,1,0,0,0,0,0,0,0,0,0,0
481003,2,1,0,0,0,16,0,0,0,18,0,24
481004,0,1,27,16,0,0,0,0,0,8,0,31
481004,1,1,0,0,0,0,0,0,0,0,0,0
481005,1,1,0,0,0,0,12,0,0,0,22,0
481005,2,1,0,0,0,0,0,0,0,0,0,12
481006,1,1,14,10,18,0,0,0,0,0,0,0
481007,1,1,19,19,19,19,19,19,19,19,19,19
481007,2,1,9,9,9,9,9,9,9,9,9,9
481008,1,1,0,25,0,0,0,0,0,0,0,22
481009,1,1,19,5,0,0,36,18,26,24,0,0
481010,1,1,21,21,21,21,21,21,21,21,21,21
481011,1,1,17,10,0,14,0,0,0,13,0,0
481012,1,1,0,0,0,0,0,0,17,0,0,12
481014,1,1,0,31,16,24,12,9,13,23,4,10
481014,2,1,0,0,16,16,20,26,0,0,0,0
481015,0,1,0,0,0,0,0,0,0,0,0,0
481015,1,1,0,0,15,0,0,0,0,17,0,0
481016,1,1,15,15,15,15,15,15,15,15,15,15
481017,1,1,20,20,20,20,20,20,20,20,20,20
481018,1,1,16,16,16,16,16,16,16,16,16,16
481018,2,1,15,15,15,15,15,15,15,15,15,15
481019,1,1,0,0,0,0,0,0,0,0,0,0
481019,2,1,0,16,0,0,0,0,13,0,25,0
481020,1,1,0,0,0,0,0,0,0,0,0,0
481020,2,1,0,18,0,15,0,0,0,0,22,0
481020,3,1,0,0,0,0,0,0,0,0,0,0
481021,1,1,0,0,0,0,0,0,0,0,0,0
481021,2,1,4,0,0,0,0,0,0,0,0,0
481022,1,1,0,0,24,0,0,15,0,9,0,0
481022,2,1,0,0,20,0,5,0,13,18,7,0
481023,1,1,21,21,21,21,21,21,21,21,21,21
481023,2,1,22,0,15,0,12,12,15,0,10,18
481024,1,1,0,28,0,0,0,16,0,18,0,0
481024,2,1,0,0,0,0,0,0,0,0,0,0
481025,1,1,9,8,26,10,19,7,5,15,8,29
481025,2,1,0,0,0,0,0,0,0,0,0,0
481026,1,1,0,0,0,0,31,0,0,0,0,0
481027,0,1,16,0,29,0,0,0,0,0,0,30
481027,1,1,0,0,0,0,0,0,0,0,0,0
481028,1,1,17,13,6,6,15,18,14,12,13,15
481029,0,1,0,0,0,0,0,0,0,0,0,0
481029,1,1,21,21,21,21,21,21,21,21,21,21
481030,1,1,0,0,0,0,0,0,0,0,0,0
481031,1,1,0,7,0,9,0,0,0,0,0,0
481031,2,1,0,1,0,0,0,0,0,0,0,15
481032,0,1,0,0,0,20,0,0,16,0,0,41
481032,1,1,0,0,21,0,0,0,0,0,0,0
481033,1,1,11,22,0,11,0,14,0,0,25,0
481034,0,1,2,2,2,2,2,2,2,2,2,2
481034,1,1,0,0,0,15,0,13,0,16,0,0
481035,0,1,19,0,20,0,17,0,19,0,0,0
481035,1,1,0,0,0,12,0,0,9,0,0,0
481036,1,1,20,12,0,24,0,14,23,8,0,18
481037,1,1,0,0,0,0,0,0,0,0,0,0
481038,0,1,0,0,0,0,0,0,0,0,0,0
481038,1,1,0,0,18,9,0,0,0,0,12,0
481039,1,1,0,0,0,0,0,0,0,0,0,0
481039,2,1,0,12,20,14,0,4,0,0,0,0
481040,1,1,19,19,19,19,19,19,19,19,19,19
481041,1,1,11,0,0,0,7,0,0,8,0,0
481041,2,1,0,17,0,10,0,0,0,18,0,0
481042,1,1,0,0,17,0,0,4,0,0,0,0
481042,2,1,0,0,0,0,0,16,0,0,0,0
481042,3,1,0,0,0,0,0,0,0,0,0,0
481043,0,1,0,0,0,0,0,0,0,0,0,0
481043,1,1,0,4,0,0,0,0,0,0,0,0
481044,0,1,24,24,24,24,24,24,24,24,24,24
481044,1,1,0,0,0,0,0,0,0,0,0,0
481045,1,1,0,0,0,0,0,0,0,0,0,0
481045,2,1,0,0,0,0,0,0,0,0,0,0
481046,1,1,22,22,22,22,22,22,22,22,22,22
481046,2,1,0,0,0,0,0,0,0,0,0,0
481047,1,1,15,0,0,5,0,0,13,0,34,0
481047,2,1,0,0,9,0,0,6,2,34,0,0
481048,1,1,0,0,0,0,2,0,0,0,46,0
481049,1,1,0,0,0,0,0,0,0,0,0,0
481049,2,1,0,0,0,0,0,0,0,0,0,0
481050,1,1,0,0,0,0,0,0,0,0,0,0
481051,0,1,0,0,0,29,0,0,0,0,30,0
481051,1,1,0,0,0,0,0,0,0,8,0,0
481052,1,1,0,0,0,0,12,0,0,0,10,0
481052,2,1,0,0,0,4,0,12,9,0,0,0
481053,1,1,8,9,20,17,14,32,12,9,10,19
481053,2,1,0,26,21,21,14,15,0,0,0,44
481055,1,1,0,0,0,0,0,0,0,0,0,0
481055,2,1,0,0,0,14,0,12,9,0,25,0
481056,1,1,0,0,0,0,0,0,0,0,0,0
481057,1,1,0,0,0,0,0,0,0,0,0,0
481057,2,1,1,1,1,1,1,1,1,1,1,1
481058,1,1,13,0,0,0,0,0,0,0,0,0
481058,2,1,0,0,0,0,0,0,0,0,0,0
481059,1,1,0,0,0,0,0,0,0,0,0,26
481060,1,1,27,27,27,27,27,27,27,27,27,27
481061,1,1,16,16,16,16,16,16,16,16,16,16
481062,1,1,0,0,0,0,0,0,0,0,0,0
481062,2,1,40,0,0,0,0,0,0,0,0,0
481063,1,1,54,20,0,22,19,0,0,0,11,0
481064,1,1,0,0,0,0,0,0,0,0,0,0
481064,2,1,0,23,0,0,0,0,0,0,0,0
481065,0,1,26,26,26,26,26,26,26,26,26,26
481065,1,1,7,0,25,0,0,0,0,13,9,0
481066,1,1,0,15,0,23,10,18,0,0,15,0
481067,1,1,0,0,0,0,0,0,0,0,0,0
481067,2,1,0,0,0,0,0,0,0,0,0,0
481067,3,1,0,0,0,0,0,0,0,0,0,0
481068,1,1,0,0,0,0,0,0,0,0,0,0
481068,2,1,0,0,0,0,0,0,0,40,0,0
481070,1,1,0,0,0,0,0,0,0,2,0,0
481070,2,1,0,0,0,0,0,0,0,0,0,0
481071,0,1,0,0,0,0,0,0,0,0,0,0
481071,1,1,16,0,0,0,0,0,0,9,0,7
481072,1,1,24,24,24,24,24,24,24,24,24,24
481073,1,1,0,0,0,8,0,0,13,0,0,0
481073,2,1,10,0,0,0,0,0,4,0,0,0
481074,0,1,0,0,0,0,0,0,0,0,0,0
481074,1,1,0,0,10,0,0,0,0,0,7,0
481075,1,1,19,19,19,19,19,19,19,19,19,19
481075,2,1,0,0,0,0,0,25,0,0,0,0
481075,3,1,15,0,0,0,32,12,10,0,18,0
481076,1,1,0,0,11,0,6,7,0,0,0,10
481078,1,1,0,0,0,0,0,0,0,0,0,0
481078,2,1,0,0,0,0,0,0,0,0,0,0
481078,3,1,0,0,0,0,0,0,0,6,0,0
481079,1,1,0,0,0,0,0,0,0,0,0,0
481079,2,1,0,0,0,20,0,30,0,9,20,2
481081,1,1,0,19,24,0,0,22,0,0,0,0
481082,0,1,0,0,0,0,0,0,0,0,0,0
481082,1,1,0,0,0,0,8,0,0,0,0,0
481083,0,1,0,0,0,0,0,0,0,0,0,0
481083,1,1,0,0,0,0,0,0,0,0,0,0
481084,1,1,0,0,0,0,0,0,0,0,0,0
481085,1,1,0,0,0,0,0,0,0,0,0,0
481085,2,1,0,0,0,18,0,0,0,0,0,0
481086,0,1,0,0,0,0,0,24,0,0,15,23
481086,1,1,0,6,7,0,8,0,0,0,14,0
481087,1,1,19,0,0,0,0,14,30,14,16,19
481088,1,1,0,3,0,0,0,0,0,0,13,0
481088,2,1,0,0,0,0,19,0,0,0,0,0
481089,1,1,0,16,0,0,0,0,0,0,21,0
481090,0,1,0,0,0,0,0,0,19,0,0,0
481090,1,1,0,0,0,0,0,0,0,0,0,0
481091,1,1,18,18,18,18,18,18,18,18,18,18
481092,1,1,0,0,0,0,0,0,0,0,0,12
481093,1,1,24,7,17,0,36,6,0,14,17,16
481093,2,1,0,14,0,0,0,0,17,0,7,0
481094,1,1,0,0,0,0,0,0,0,0,0,0
481094,2,1,0,0,18,0,0,0,0,0,0,0
481095,0,1,25,0,0,0,16,0,0,0,18,16
481095,1,1,0,0,0,0,0,0,0,0,0,13
481096,0,1,0,0,0,21,30,10,18,32,28,26
481096,1,1,18,0,0,0,0,0,29,18,0,0
481096,2,1,0,0,0,0,20,12,0,23,17,8
481097,1,1,0,0,0,0,0,0,0,7,0,0
481097,2,1,29,29,29,29,29,29,29,29,29,29
481098,1,1,0,0,0,0,0,0,24,0,0,0
481098,2,1,0,0,38,0,18,0,0,10,0,18
481099,0,1,5,5,5,5,5,5,5,5,5,5
481099,0,2,23,0,0,23,0,0,0,0,0,0
481099,1,1,16,16,16,16,16,16,16,16,16,16
481100,1,1,24,24,24,24,24,24,24,24,24,24
481100,2,1,0,0,0,0,0,0,0,0,0,0
481102,1,1,0,25,0,0,4,0,0,0,18,0
481103,1,1,0,0,0,0,0,0,0,0,0,0
481103,2,1,0,0,0,13,9,0,0,0,0,0
481104,0,1,0,0,0,0,0,0,0,0,0,0
481104,1,1,14,15,0,12,0,0,3,23,0,0
481105,1,1,0,0,0,0,0,0,0,0,0,0
481106,1,1,0,0,0,0,0,0,0,0,0,0
481106,2,1,0,0,0,0,0,0,0,0,0,14
481107,1,1,0,0,0,0,0,0,0,0,0,0
481107,2,1,0,0,0,0,0,0,0,0,0,0
481108,1,1,0,0,0,0,0,0,29,0,0,0
481108,2,1,0,0,0,0,0,0,0,0,0,0
481108,3,1,0,0,0,0,0,0,0,0,0,0
481109,1,1,10,17,15,0,0,0,0,0,0,16
481110,0,1,0,0,0,0,0,0,0,0,0,0
481110,1,1,0,8,0,0,0,0,0,10,0,0
481111,1,1,0,0,0,0,0,0,0,0,0,0
481111,2,1,0,0,17,0,0,0,0,0,0,0
481112,1,1,21,21,21,21,21,21,21,21,21,21
481113,1,1,0,0,0,0,0,0,0,0,0,13
481113,2,1,0,0,23,0,0,0,0,0,0,0
481113,3,1,0,0,0,0,0,0,26,0,0,0
481114,0,1,18,0,0,23,28,0,0,0,0,0
481114,1,1,0,0,0,0,0,0,0,0,0,0
481116,1,1,0,9,0,0,0,0,0,0,0,0
481116,2,1,0,0,0,0,0,0,0,0,25,0
481117,1,1,22,15,0,0,0,0,11,0,0,0
481118,1,1,0,0,0,0,0,0,11,23,23,19
481119,1,1,0,0,0,0,0,0,0,0,0,0
481120,0,1,15,14,0,0,0,22,0,0,0,0
481120,1,1,4,0,70,0,0,0,0,0,0,0
481121,0,1,0,17,0,0,0,0,18,0,25,16
481121,1,1,0,0,0,0,0,0,0,0,0,0
481122,1,1,19,19,19,19,19,19,19,19,19,19
481123,1,1,0,0,0,0,0,0,0,0,0,0
481124,1,1,0,0,0,0,0,0,0,0,0,0
481125,1,1,23,23,23,23,23,23,23,23,23,23
481125,2,1,23,0,15,3,5,0,0,0,15,0
481128,1,1,0,0,0,0,0,0,0,0,0,0
481128,2,1,0,0,0,0,0,0,0,0,0,37
481129,1,1,17,0,33,0,0,14,0,0,0,0
481129,2,1,0,8,0,0,0,0,0,14,11,8
481130,1,1,0,0,0,0,0,0,0,0,0,0
481130,2,1,0,0,0,0,0,0,0,0,0,10
481131,1,1,0,10,6,0,20,0,9,0,19,13
481131,2,1,0,0,0,0,0,0,0,0,0,18
481132,1,1,0,0,0,6,0,0,0,0,0,0
481132,2,1,27,27,27,27,27,27,27,27,27,27
481133,1,1,0,0,0,8,0,0,0,8,0,0
481133,2,1,0,0,0,0,9,0,11,7,19,15
481134,1,1,0,0,12,16,2,0,28,7,0,19
481135,1,1,0,0,0,0,0,0,0,0,0,0
481135,2,1,0,0,0,0,0,0,0,0,0,0
481136,1,1,30,0,0,0,0,0,0,0,0,18
481136,2,1,9,0,0,17,13,0,0,0,15,25
481136,3,1,0,8,33,12,0,0,0,0,0,0
481137,1,1,0,26,27,0,0,15,0,0,0,0
481138,1,1,0,0,0,0,0,0,0,0,0,17
481138,2,1,0,0,0,6,0,0,0,0,0,0
481139,1,1,0,0,0,0,0,0,0,0,0,0
481139,2,1,0,0,6,0,0,0,0,0,9,0
481139,3,1,0,0,0,0,0,0,0,0,0,0
481140,1,1,0,0,0,0,0,0,0,0,0,0
481141,0,1,0,0,0,0,0,0,0,0,0,0
481141,1,1,0,0,0,0,0,0,0,0,0,0
481142,1,1,0,0,0,0,0,0,11,0,0,0
481142,2,1,10,0,0,0,0,0,0,0,0,0
481143,1,1,4,0,0,0,0,0,0,0,0,0
481143,2,1,26,26,26,26,26,26,26,26,26,26
481144,1,1,13,0,0,0,0,0,0,0,0,7
481144,2,1,0,0,0,0,0,0,0,0,0,0
481145,1,1,0,0,0,0,0,0,0,5,0,0
481145,2,1,0,0,0,0,0,0,0,0,0,10
481146,0,1,0,0,0,0,0,0,0,0,0,0
481146,1,1,0,8,0,0,0,0,0,0,0,0
481147,0,1,0,10,0,0,0,0,0,0,0,0
481147,1,1,0,26,0,13,16,0,0,0,27,0
481148,1,1,0,17,8,7,0,0,0,24,0,0
481148,2,1,0,14,0,23,0,0,0,20,0,0
481148,3,1,13,0,0,10,10,0,0,0,0,0
481149,0,1,0,0,37,0,23,0,0,0,0,0
481149,1,1,0,0,8,0,0,0,0,0,0,0
481150,1,1,0,0,0,0,0,0,0,0,0,32
481150,2,1,19,0,13,3,25,17,9,3,15,15
481151,1,1,24,24,24,24,24,24,24,24,24,24
481152,1,1,0,0,0,0,0,0,0,0,0,0
481153,1,1,0,0,0,0,0,0,0,0,0,0
481154,0,1,0,0,0,0,0,0,0,0,0,0
481154,1,1,0,0,0,0,0,0,0,0,0,0
481155,0,1,0,0,0,28,0,0,10,0,0,0
481155,1,1,0,12,20,16,24,0,0,0,0,0
481156,1,1,0,15,0,24,0,0,0,0,0,0
481157,1,1,15,15,15,15,15,15,15,15,15,15
481157,2,1,6,6,6,6,6,6,6,6,6,6
481158,0,1,0,0,26,0,0,5,0,0,0,0
481158,0,2,30,12,0,0,0,0,0,10,0,0
481158,1,1,29,0,0,0,0,0,0,0,0,14
481159,1,1,0,0,0,39,8,0,0,0,0,4
481159,2,1,24,0,0,0,0,0,0,0,0,0
481159,3,1,0,0,0,0,0,0,0,0,0,0
481160,0,1,21,0,0,55,0,10,13,0,5,19
481160,1,1,13,11,4,0,15,0,0,10,37,10
481161,1,1,0,0,0,0,0,0,0,0,0,0
481162,1,1,21,21,21,21,21,21,21,21,21,21
481162,2,1,0,0,0,0,0,0,0,0,0,0
481163,1,1,0,0,0,0,0,0,17,0,0,0
481164,1,1,14,0,0,0,9,0,0,0,0,7
481164,2,1,0,0,4,0,26,0,9,11,21,0
481164,3,1,0,16,0,0,0,0,0,0,0,8
481165,1,1,13,0,0,9,0,0,9,24,0,0
481166,0,1,24,24,24,24,24,24,24,24,24,24
481166,1,1,0,0,7,0,0,13,10,0,0,12