ST_CASE,VEH_NO,PER_NO,P1,P2,P3,P4,P5,P6,P7,P8,P9,P10
481167,1,1,0,0,0,14,0,0,0,0,0,0
481167,2,1,0,0,0,0,0,0,0,4,0,0
481168,0,1,16,16,16,16,16,16,16,16,16,16
481168,1,1,0,0,6,10,9,7,6,12,0,13
481169,0,1,0,0,0,0,0,0,0,0,0,0
481169,1,1,7,0,3,0,9,20,14,0,0,0
481169,2,1,0,13,0,0,30,14,15,0,0,20
481170,1,1,0,0,0,0,0,0,0,0,0,0
481170,2,1,0,0,0,0,0,14,0,0,0,0
481171,0,1,11,0,9,0,0,0,35,0,0,15
481171,1,1,0,0,44,0,5,0,0,18,26,0
481172,0,1,0,0,0,0,0,0,0,0,0,0
481172,0,2,0,0,0,0,15,0,16,0,22,0
481172,1,1,11,11,11,11,11,11,11,11,11,11
481172,2,1,1,1,1,1,1,1,1,1,1,1
481173,0,1,23,23,23,23,23,23,23,23,23,23
481173,1,1,0,0,0,8,0,0,18,0,0,0
481174,1,1,0,24,29,0,17,13,0,23,10,36
481175,1,1,0,0,0,0,0,0,0,0,0,0
481176,1,1,0,0,0,0,4,0,0,0,0,0
481177,1,1,14,31,15,26,7,0,0,11,33,0
481178,1,1,0,20,21,6,0,0,0,0,0,0
481178,2,1,0,3,16,0,7,20,0,0,28,15
481179,0,1,0,0,0,0,0,0,0,0,0,0
481179,1,1,0,0,0,0,0,0,0,0,0,0
481180,1,1,17,17,17,17,17,17,17,17,17,17
481180,2,1,13,13,13,13,13,13,13,13,13,13
481181,0,1,27,27,27,27,27,27,27,27,27,27
481181,1,1,0,0,0,0,0,6,0,29,0,0
481182,0,1,26,0,0,23,20,0,0,0,18,12
481182,1,1,13,0,0,0,0,0,0,0,0,0
481183,1,1,21,21,21,21,21,21,21,21,21,21
481183,2,1,0,0,0,0,0,0,0,0,0,0
481184,1,1,9,31,0,19,0,0,5,22,0,0
481184,2,1,0,0,0,22,0,0,17,0,0,0
481184,3,1,0,0,0,17,23,0,0,0,0,0
481184,4,1,0,0,0,0,0,0,0,0,0,0
481185,1,1,0,0,27,18,25,31,0,0,0,0
481186,1,1,0,0,0,0,0,0,0,0,0,0
481186,2,1,0,15,0,0,0,0,0,0,0,0
481187,0,1,22,0,0,9,8,0,52,20,0,0
481187,1,1,0,0,0,12,0,0,0,10,0,0
481188,1,1,0,0,0,0,0,0,0,0,0,0
481189,1,1,25,25,25,25,25,25,25,25,25,25
481190,1,1,0,0,0,0,0,0,0,0,0,0
481191,1,1,0,0,0,0,0,0,0,0,0,0
481191,2,1,0,0,0,0,0,4,0,0,10,0
481192,1,1,9,16,19,6,20,21,2,12,9,26
481192,2,1,29,29,29,29,29,29,29,29,29,29
481193,1,1,4,4,4,4,4,4,4,4,4,4
481194,1,1,0,0,0,0,0,0,0,0,0,0
481194,2,1,0,0,0,8,0,0,0,0,0,0
481194,3,1,0,0,0,0,0,0,0,0,0,17
481195,0,1,29,29,29,29,29,29,29,29,29,29
481195,1,1,0,0,46,33,0,0,0,6,15,0
481196,1,1,16,16,16,16,16,16,16,16,16,16
481197,1,1,8,8,8,8,8,8,8,8,8,8
481198,1,1,0,0,0,0,0,37,0,9,0,0
481199,1,1,26,0,0,0,0,0,0,0,0,0
481199,2,1,0,0,0,13,0,0,0,0,20,0
481200,1,1,8,22,18,0,7,11,0,13,0,26
481201,0,1,0,0,0,0,0,0,0,0,0,0
481201,1,1,0,0,18,0,19,0,43,8,7,0
481202,1,1,0,0,15,0,0,0,0,0,9,0
481202,2,1,0,0,0,9,0,19,0,0,0,0
481203,0,1,22,22,22,22,22,22,22,22,22,22
481203,1,1,0,0,0,0,0,27,0,0,13,0
481204,0,1,0,0,0,0,0,0,0,0,0,0
481204,1,1,0,0,0,11,0,0,15,21,12,0
481205,1,1,29,0,0,0,0,29,0,13,3,0
481206,1,1,0,0,0,0,0,0,0,0,0,0
481207,0,1,0,0,0,0,0,0,0,0,0,0
481207,1,1,0,0,0,8,9,0,0,1,12,0
481208,1,1,0,0,0,0,13,0,16,0,11,0
481208,2,1,0,0,15,10,0,0,0,0,0,0
481209,1,1,6,0,0,0,0,6,0,0,0,0
481209,2,1,0,22,9,8,0,0,0,0,7,20
481210,1,1,0,0,0,0,0,0,0,0,0,0
481210,2,1,0,0,0,0,0,0,26,0,0,0
481211,1,1,0,0,0,0,0,0,0,0,0,0
481211,2,1,0,0,0,0,0,0,0,0,0,0
481212,1,1,0,0,0,0,0,0,0,0,0,0
481213,1,1,14,11,11,8,11,14,0,11,6,48
481213,2,1,0,0,7,1,12,5,0,12,0,15
481214,1,1,3,3,3,3,3,3,3,3,3,3
481214,2,1,0,0,0,0,0,7,0,0,0,0
481214,3,1,0,0,0,0,0,25,0,0,0,0
481215,1,1,0,0,0,0,0,0,0,0,0,0
481216,1,1,20,20,20,20,20,20,20,20,20,20
481217,1,1,0,0,0,0,0,0,0,0,0,0
481217,2,1,0,0,0,0,0,0,0,0,0,0
481218,0,1,0,0,0,0,0,0,0,0,0,0
481218,1,1,22,0,33,0,0,0,22,10,0,8
481219,1,1,0,0,22,15,0,29,0,0,10,0
481220,1,1,0,0,0,0,0,11,0,32,0,0
481221,1,1,0,0,0,0,26,0,14,0,0,0
481221,2,1,0,0,0,0,0,0,0,16,0,0
481222,0,1,0,0,0,0,0,0,0,0,0,0
481222,1,1,0,0,0,0,0,0,0,0,0,0
481223,0,1,24,0,19,18,9,22,0,27,0,45
481223,1,1,0,6,17,20,0,0,14,0,11,0
481224,1,1,0,0,0,0,0,0,0,0,0,0
481225,0,1,11,11,11,11,11,11,11,11,11,11
481225,1,1,0,0,0,0,0,22,0,0,0,0
481226,1,1,0,0,0,0,0,0,0,0,0,0
481227,0,1,0,0,0,0,0,0,0,0,0,0
481227,1,1,5,5,5,5,5,5,5,5,5,5
481228,1,1,18,18,18,18,18,18,18,18,18,18
481229,1,1,14,14,14,14,14,14,14,14,14,14
481230,1,1,0,0,6,0,0,0,0,0,0,0
481231,1,1,2,2,2,2,2,2,2,2,2,2
481232,1,1,0,0,0,0,0,0,0,0,0,0
481233,1,1,0,11,0,4,0,11,0,7,0,0
481233,2,1,0,24,0,0,0,16,0,0,0,0
481234,1,1,0,0,0,0,0,0,0,0,0,0
481234,2,1,0,0,0,0,23,0,0,0,4,0
481234,3,1,0,0,0,0,0,0,0,0,0,0
481234,4,1,0,0,0,13,0,15,14,0,0,0
481235,1,1,4,0,0,12,9,0,10,15,12,2
481235,2,1,0,18,0,0,24,12,16,0,0,0
481236,0,1,0,18,0,27,9,3,19,0,11,0
481236,1,1,0,0,0,21,0,0,0,0,0,0
481237,1,1,23,14,18,11,27,4,16,6,25,16
481237,2,1,0,0,0,0,0,0,0,0,0,0
481238,1,1,0,0,0,0,0,0,0,0,0,0
481238,2,1,0,0,0,0,0,0,0,0,0,0
481239,1,1,0,0,0,0,16,0,0,0,27,10
481240,1,1,0,0,0,0,0,0,0,0,0,0
481240,2,1,0,0,0,0,0,0,0,0,0,0
481241,1,1,0,0,0,0,0,0,0,0,0,0
481242,1,1,0,0,0,0,0,0,0,0,0,0
481242,2,1,11,11,11,11,11,11,11,11,11,11
481242,3,1,0,0,0,0,0,0,0,0,0,0
481243,1,1,0,0,0,4,19,0,21,13,0,0
481243,2,1,1,1,1,1,1,1,1,1,1,1
481244,1,1,13,13,13,13,13,13,13,13,13,13
481245,1,1,9,7,8,0,0,0,0,0,16,0
481246,1,1,0,0,9,22,0,7,22,14,0,20
481247,0,1,15,15,15,15,15,15,15,15,15,15
481247,1,1,0,12,0,10,0,0,0,0,0,0
481248,0,1,0,0,0,0,14,0,0,0,0,0
481248,1,1,0,0,0,0,0,15,0,0,0,0
481249,1,1,14,14,14,14,14,14,14,14,14,14
481249,2,1,0,1,0,27,0,0,0,0,0,0
481250,1,1,0,0,0,0,0,0,0,0,0,0
481250,2,1,0,0,0,0,0,0,0,0,0,0
481251,1,1,0,0,0,0,0,0,0,10,0,31
481252,1,1,0,0,0,0,0,0,0,0,0,0
481252,2,1,10,0,0,0,0,0,7,0,0,0
481253,1,1,0,21,0,0,25,8,0,0,16,0
481253,2,1,0,0,0,21,0,0,0,0,0,13
481254,0,1,25,25,25,25,25,25,25,25,25,25
481254,1,1,0,0,0,0,0,0,0,0,0,0
481255,0,1,0,0,0,0,0,0,0,0,0,0
481255,1,1,8,0,0,0,6,0,31,0,0,0
481256,1,1,0,0,0,0,0,0,0,0,12,0
481256,2,1,0,0,0,11,8,4,0,0,0,0
481257,0,1,26,0,0,7,27,30,17,0,32,15
481257,1,1,11,0,0,0,0,23,11,0,0,0
481258,0,1,20,19,0,0,0,0,0,0,0,0
481258,1,1,0,0,0,0,0,0,0,0,0,0
481259,1,1,0,0,0,0,0,0,0,0,13,0
481259,2,1,0,0,0,0,0,0,0,0,0,0
481260,1,1,0,21,0,0,7,0,0,0,0,0
481260,2,1,0,0,0,0,0,0,0,0,0,0
481261,1,1,0,0,0,0,0,30,0,0,5,0
481261,2,1,4,11,16,0,0,0,0,0,0,0
481262,1,1,0,0,0,0,0,0,0,0,0,0
481263,0,1,0,0,0,0,0,0,0,0,0,0
481263,1,1,0,0,0,0,0,0,4,15,0,0
481263,2,1,0,0,12,25,0,0,15,0,14,12
481264,1,1,0,0,0,0,0,0,0,0,0,0
481264,2,1,0,0,0,0,30,10,15,0,25,0
481265,1,1,23,23,23,23,23,23,23,23,23,23
481265,2,1,9,9,9,9,9,9,9,9,9,9
481266,1,1,22,22,22,22,22,22,22,22,22,22
481266,2,1,0,21,0,0,0,0,0,25,0,22
481267,0,1,0,0,0,0,0,0,0,0,0,0
481267,1,1,0,11,0,0,0,0,18,0,14,0
481268,1,1,0,0,0,23,0,0,0,0,0,24
481268,2,1,0,0,0,0,0,0,0,0,0,0
481269,1,1,21,21,21,21,21,21,21,21,21,21
481269,2,1,0,0,0,0,0,0,0,14,16,0
481269,3,1,13,0,0,1,0,0,0,25,0,29
481270,1,1,28,0,0,12,7,0,0,0,0,0
481271,1,1,0,0,0,0,0,0,0,0,0,0
481271,2,1,0,0,0,0,0,0,0,0,0,0
481271,3,1,0,0,0,0,0,0,0,0,0,0
481272,1,1,0,0,0,0,0,0,28,8,24,15
481272,2,1,0,22,19,10,6,31,0,0,32,16
481273,0,1,0,0,0,0,0,0,0,0,0,0
481273,1,1,10,0,0,4,0,0,9,0,0,0
481274,0,1,2,2,2,2,2,2,2,2,2,2
481274,1,1,5,5,5,5,5,5,5,5,5,5
481275,1,1,12,12,12,12,12,12,12,12,12,12
481276,1,1,0,0,0,30,24,0,0,0,0,0
481276,2,1,0,0,0,0,0,0,0,0,0,0
481277,1,1,0,0,0,0,0,11,7,0,15,0
481277,2,1,0,0,0,0,0,0,0,0,0,0
481278,1,1,0,0,0,0,12,0,0,0,0,5
481278,2,1,0,0,0,0,0,0,0,0,0,0
481278,3,1,0,14,0,0,0,0,0,0,0,0
481278,4,1,0,0,0,0,0,0,0,0,0,0
481278,5,1,0,13,0,0,0,0,0,13,0,0
481279,1,1,0,0,0,7,13,0,9,0,0,0
481279,2,1,0,0,0,0,0,0,0,0,0,0
481280,1,1,0,0,0,0,0,0,0,0,0,0
481281,1,1,0,0,0,0,0,0,0,0,0,0
481281,2,1,0,0,0,0,0,0,0,0,0,0
481282,1,1,0,0,0,0,0,0,0,0,0,0
481282,2,1,0,21,0,0,0,0,0,0,0,0
481283,0,1,23,0,0,28,35,9,6,29,0,0
481283,1,1,0,8,0,0,0,10,0,19,0,0
481284,1,1,0,0,0,0,0,0,0,0,0,0
481284,2,1,18,0,0,0,0,0,0,0,0,0
481285,1,1,0,0,0,0,0,0,0,0,0,0
481285,2,1,0,0,0,0,0,0,0,0,0,0
481286,0,1,0,0,0,0,0,0,0,0,0,0
481286,1,1,0,0,0,0,0,0,0,0,0,0
481287,1,1,0,12,0,0,7,16,0,0,0,0
481287,2,1,0,0,0,0,0,0,0,0,0,0
481288,1,1,0,0,0,0,28,7,0,0,0,0
481288,2,1,0,0,0,0,0,0,0,0,0,0
481289,1,1,26,12,3,14,27,11,20,36,16,12
481290,1,1,20,20,20,20,20,20,20,20,20,20
481290,2,1,0,0,0,15,0,0,0,10,9,25
481291,1,1,22,22,22,22,22,22,22,22,22,22
481292,1,1,13,13,13,13,13,13,13,13,13,13
481292,2,1,3,3,3,3,3,3,3,3,3,3
481293,0,1,13,0,0,0,0,0,4,0,0,0
481293,1,1,17,16,16,3,14,11,15,10,12,6
481294,1,1,0,0,0,0,0,0,0,0,0,0
481294,2,1,0,0,0,5,0,0,14,24,0,0
481295,1,1,0,0,12,0,0,0,22,8,13,0
481295,2,1,5,5,5,5,5,5,5,5,5,5
481296,1,1,0,0,0,0,0,0,0,0,0,0
481296,2,1,21,0,0,0,0,0,0,0,0,0
481297,1,1,13,5,13,8,36,7,22,20,29,30
481298,0,1,0,0,0,0,0,0,0,0,0,0
481298,1,1,0,0,0,26,0,0,0,0,7,0
481299,1,1,13,0,0,7,22,0,0,0,0,21
481299,2,1,0,0,0,0,0,0,0,2,0,0
481299,3,1,0,0,0,2,0,0,0,0,0,9
481299,4,1,11,0,0,13,0,2,0,0,0,0
481300,1,1,30,0,0,0,36,14,14,20,18,0
481300,2,1,0,0,0,0,0,0,0,0,8,0
481301,1,1,0,0,0,0,0,17,0,0,0,0
481301,2,1,0,0,0,0,0,7,0,0,0,8
481302,1,1,0,0,0,0,0,0,0,0,0,0
481303,1,1,0,0,0,0,0,0,0,0,0,0
481304,1,1,0,6,0,0,9,0,15,0,0,0
481304,2,1,0,0,0,18,0,0,0,0,0,8
481305,0,1,0,0,0,0,0,0,0,0,0,0
481305,1,1,21,9,7,3,18,11,0,23,23,11
481306,0,1,0,0,0,0,0,0,0,0,0,15
481306,1,1,0,0,0,0,0,0,0,0,0,0
481307,1,1,0,0,0,0,0,0,0,0,0,0
481307,2,1,0,0,0,0,0,0,0,0,15,0
481307,3,1,0,0,0,0,0,0,0,0,0,22
481308,1,1,24,0,12,22,0,0,0,0,13,0
481308,2,1,0,0,0,29,0,0,0,0,0,0
481309,1,1,0,0,0,10,0,0,0,0,19,30
481310,0,1,0,0,0,0,0,0,0,0,0,0
481310,1,1,0,10,6,0,0,0,0,0,0,4
481311,1,1,0,0,0,0,0,13,0,0,0,0
481311,2,1,0,0,0,0,0,0,0,0,0,0
481312,1,1,0,0,0,0,0,0,0,3,0,0
481312,2,1,0,0,0,0,0,0,0,0,0,0
481313,0,1,0,0,0,0,0,0,0,0,0,0
481313,1,1,0,14,0,0,0,0,21,0,7,0
481314,0,1,11,11,11,11,11,11,11,11,11,11
481314,1,1,0,0,0,0,16,0,28,4,8,0
481315,1,1,13,13,13,13,13,13,13,13,13,13
481316,1,1,0,0,0,0,0,0,0,0,0,5
481317,1,1,3,0,0,12,0,0,0,0,32,8
481318,1,1,0,15,0,10,0,13,7,0,0,0
481318,2,1,0,0,20,24,0,0,0,10,22,0
481319,1,1,0,0,0,0,0,0,0,0,0,0
481319,2,1,0,0,0,0,0,0,0,0,0,0
481320,1,1,0,0,0,0,0,0,0,0,0,0
481321,1,1,10,5,16,19,12,11,6,10,25,17
481322,1,1,0,0,0,0,0,0,0,0,0,0
481323,1,1,0,0,36,13,0,0,0,0,0,0
481323,2,1,0,0,0,0,0,0,0,0,0,0
481324,1,1,21,21,21,21,21,21,21,21,21,21
481325,1,1,0,0,0,0,0,0,0,0,0,0
481325,2,1,0,0,0,0,0,0,0,0,0,0
481326,1,1,11,7,20,0,10,15,0,0,37,12
481327,1,1,23,6,7,0,0,0,0,16,17,17
481328,1,1,14,14,14,14,14,14,14,14,14,14
481328,2,1,0,13,0,8,30,18,0,31,0,9
481328,3,1,0,0,0,7,11,0,0,0,17,0
481330,1,1,0,0,0,0,0,0,0,0,0,0
481330,2,1,0,0,0,0,14,0,0,20,0,0
481331,0,1,0,24,0,0,0,7,13,20,29,0
481331,1,1,0,0,0,15,0,0,0,0,0,0
481331,2,1,8,0,0,0,18,17,36,0,18,3
481332,1,1,19,19,19,19,19,19,19,19,19,19
481333,1,1,0,0,0,0,0,0,0,0,0,0
481333,2,1,20,0,0,0,0,0,0,0,0,0
481334,0,1,6,23,23,0,19,9,40,16,8,0
481334,1,1,0,0,0,18,0,37,9,0,0,10
481335,0,1,30,30,30,30,30,30,30,30,30,30
481335,1,1,0,7,0,27,0,0,0,0,0,0
481336,1,1,0,0,25,0,0,7,5,13,7,0
481336,2,1,0,0,0,0,0,0,0,0,0,0
481337,1,1,0,0,5,0,0,0,0,0,0,0
481337,2,1,12,0,0,0,23,0,0,0,0,0
481338,1,1,14,14,14,14,14,14,14,14,14,14
481339,1,1,0,0,30,0,0,0,0,0,12,0
481339,2,1,0,0,0,0,0,0,0,0,0,0
481340,1,1,0,0,0,0,0,0,0,0,0,0
481341,1,1,0,0,0,0,0,0,0,15,0,0
481342,1,1,0,0,5,0,0,0,0,0,0,29
481342,2,1,0,0,28,0,0,0,0,0,0,0
481342,3,1,0,0,0,0,0,20,0,0,0,0
481343,1,1,14,14,14,14,14,14,14,14,14,14
481343,2,1,0,0,16,10,15,6,14,0,0,4
481344,1,1,0,0,12,0,22,0,0,0,0,0
481344,2,1,0,0,27,6,0,0,0,0,0,0
481346,1,1,27,27,27,27,27,27,27,27,27,27
481346,2,1,0,0,0,0,0,0,0,0,0,0
481348,1,1,0,0,3,0,0,23,0,0,0,0
481348,2,1,0,0,0,0,0,14,0,0,0,0
481349,0,1,0,0,0,0,0,0,0,0,0,0
481349,1,1,0,0,0,0,0,0,0,0,0,0
481350,1,1,16,16,16,16,16,16,16,16,16,16
481351,0,1,0,0,0,0,0,0,0,0,0,0
481351,1,1,0,0,0,0,0,0,0,0,0,0
481352,0,1,22,22,22,22,22,22,22,22,22,22
481352,1,1,6,18,0,0,0,14,6,0,0,0
481353,1,1,22,22,22,22,22,22,22,22,22,22
481354,1,1,0,0,0,0,0,0,0,0,0,0
481354,2,1,0,0,0,0,0,0,0,0,0,0
481355,1,1,9,1,0,0,0,22,10,4,9,18
481356,0,1,0,0,0,0,0,0,0,0,0,20
481356,1,1,0,0,0,16,0,0,0,20,0,0
481357,1,1,0,0,0,0,0,0,0,0,0,0
481357,2,1,0,0,0,0,0,0,0,0,0,0
481358,1,1,4,4,4,4,4,4,4,4,4,4
481359,1,1,0,0,0,0,0,0,0,0,0,0
481359,2,1,0,0,0,0,0,0,0,0,0,0
481360,1,1,12,2,14,16,21,8,18,26,17,19
481361,1,1,9,9,9,9,9,9,9,9,9,9
481361,2,1,0,0,18,8,0,0,14,6,0,3
481361,3,1,0,0,34,0,11,14,22,26,30,0
481361,4,1,0,0,32,19,20,0,0,13,0,0
481362,1,1,0,0,0,0,0,0,7,0,0,0
481363,1,1,0,0,0,0,0,0,0,0,0,0
481364,0,1,0,0,0,16,0,0,0,0,0,18
481364,1,1,0,0,4,0,0,0,0,0,20,6
481365,1,1,6,6,6,6,6,6,6,6,6,6
481366,0,1,0,32,0,0,21,0,0,29,18,15
481366,1,1,0,0,0,22,0,8,0,12,0,16
481367,1,1,0,0,0,0,0,0,0,0,0,0
481367,2,1,15,15,15,15,15,15,15,15,15,15
481368,1,1,16,16,16,16,16,16,16,16,16,16
481369,1,1,0,25,20,0,0,0,27,19,0,25
481370,1,1,0,0,3,0,0,0,0,0,0,0
481370,2,1,0,9,0,0,0,0,0,0,0,3
481371,1,3,0,0,17,0,9,0,8,15,17,7
481372,1,1,0,0,0,0,0,0,0,0,0,0
481372,2,1,0,0,0,0,13,0,0,0,0,0
481373,1,1,0,0,17,0,30,0,14,7,10,0
481373,2,1,6,0,0,0,0,0,0,0,0,0
481374,0,1,0,20,7,13,0,0,17,9,0,25
481374,1,1,19,0,0,34,0,0,0,0,39,0
481376,0,1,14,14,14,14,14,14,14,14,14,14
481376,1,1,0,0,0,7,0,0,0,0,0,0
481378,0,1,0,0,0,0,0,0,0,0,0,0
481378,1,1,0,0,0,0,10,0,0,0,0,0
481379,1,1,20,20,20,20,20,20,20,20,20,20
481379,2,1,0,11,17,0,0,5,0,0,0,0
481380,1,1,0,0,0,14,0,0,0,0,0,0
481382,0,1,0,0,0,0,0,0,17,0,0,20
481382,0,2,0,0,0,0,0,31,0,0,0,19
481382,1,1,0,0,0,0,0,0,0,24,0,0
481384,1,1,0,0,0,0,0,0,0,0,0,0
481384,2,1,0,0,0,0,0,0,0,0,0,0
481385,1,1,0,0,0,21,0,0,0,0,0,0
481385,2,1,8,18,0,0,0,0,0,0,0,0
481385,3,1,0,0,7,0,0,0,0,0,0,0
481386,1,1,0,0,0,0,0,0,0,0,0,0
481386,2,1,0,0,0,0,0,0,0,0,0,0
481387,1,1,18,18,18,18,18,18,18,18,18,18
481387,2,1,0,0,16,13,0,0,0,0,0,15
481388,1,1,0,10,0,0,0,0,0,0,7,0
481388,2,1,0,14,0,0,0,0,0,0,24,0
481390,0,1,0,0,0,0,0,0,0,0,0,0
481390,1,1,0,0,0,0,0,0,0,0,0,0
481391,1,1,0,0,0,25,0,11,0,0,0,0
481391,2,1,0,0,14,0,0,0,0,0,10,0
481392,1,1,0,0,0,0,15,28,0,0,0,0
481392,2,1,10,10,10,10,10,10,10,10,10,10
481393,0,1,14,14,14,14,14,14,14,14,14,14
481393,1,1,14,18,14,0,14,0,0,10,0,0
481393,2,1,0,14,0,0,3,0,0,28,14,0
481394,1,1,3,0,13,0,0,9,0,0,29,0
481394,2,1,0,0,0,0,0,0,0,0,0,0
481395,1,1,15,0,27,0,8,0,0,6,0,18
481396,1,1,0,0,22,18,0,0,0,0,18,29
481397,1,1,0,0,0,0,0,0,0,0,0,0
481397,2,1,0,0,0,0,0,0,0,0,0,0
481398,1,1,16,5,13,27,24,5,9,11,24,16
481399,1,1,0,14,0,0,0,0,0,0,0,0
481399,2,1,0,0,0,0,14,0,17,0,0,0
481400,1,1,0,0,0,0,0,0,12,20,0,0
481400,2,1,0,0,10,30,0,28,0,0,0,3
481401,1,1,0,0,11,0,15,0,0,6,0,0
481401,2,1,0,0,0,0,0,0,0,0,0,0
481401,3,1,0,0,0,9,0,16,0,0,5,0
481401,4,1,0,0,0,0,0,0,0,0,0,0
481402,1,1,0,0,0,20,0,0,0,0,0,0
481402,2,1,0,0,0,12,0,0,0,0,0,0
481403,1,1,0,0,0,0,0,0,0,0,0,0
481403,2,1,0,0,0,0,0,0,12,0,0,0
481404,1,1,0,0,0,0,0,0,0,0,0,0
481404,2,1,0,0,0,0,0,0,0,0,0,20
481405,1,1,21,28,10,7,46,3,7,11,12,14
481405,2,1,12,0,0,0,0,0,0,5,0,0
481407,1,1,0,0,0,0,6,0,0,0,0,0
481407,2,1,0,0,0,0,0,0,0,0,0,0
481408,1,1,0,0,0,0,0,0,0,0,0,0
481408,2,1,16,0,0,0,16,17,0,0,0,0
481408,3,1,0,0,0,0,0,20,0,0,0,0
481409,1,1,0,0,0,0,0,0,0,0,0,0
481409,2,1,0,0,0,0,0,0,0,0,0,0
481410,0,1,0,0,0,0,0,0,20,0,0,0
481410,1,1,22,0,20,0,0,18,21,0,0,9
481411,0,1,0,0,0,0,0,0,0,0,0,0
481411,1,1,0,0,0,0,0,0,0,0,5,0
481412,1,1,21,21,21,21,21,21,21,21,21,21
481413,1,1,0,12,14,0,29,0,0,5,0,9
481413,2,1,0,0,22,0,7,0,0,0,0,0
481414,1,1,14,14,14,14,14,14,14,14,14,14
481415,1,1,10,10,10,10,10,10,10,10,10,10
481416,1,1,20,16,4,27,23,14,12,30,18,42
481417,0,1,10,14,0,0,0,28,0,0,0,12
481417,0,2,0,5,17,18,6,37,0,0,33,0
481417,1,1,0,0,18,10,0,14,0,9,8,0
481418,1,1,12,0,0,0,0,7,0,0,0,0
481419,1,1,20,23,20,0,26,34,14,11,8,16
481419,2,1,0,0,0,0,0,0,4,0,0,22
481420,1,1,0,0,0,0,0,0,0,0,0,0
481420,2,1,0,0,0,0,0,0,30,8,6,0
481420,3,1,0,9,15,8,0,0,8,8,0,0
481421,1,1,0,0,0,0,0,0,0,0,0,0
481422,0,1,0,0,0,0,0,0,0,0,0,0
481422,1,1,12,27,0,0,0,0,0,0,0,0
481423,0,1,0,0,0,0,0,20,0,0,0,0
481423,1,1,0,0,0,0,0,0,0,0,0,0
481424,0,1,18,28,0,22,14,13,0,10,18,14
481424,1,1,17,14,0,0,0,0,0,0,10,3
481425,1,1,0,0,15,0,18,14,0,0,25,0
481425,2,1,0,12,0,0,0,0,0,6,5,0
481427,1,1,0,0,0,0,0,0,0,0,0,0
481428,0,1,0,0,0,0,0,0,0,0,0,0
481428,1,1,0,0,0,0,16,0,0,0,0,0
481429,1,1,0,0,0,0,0,0,0,0,0,0
481429,2,1,0,0,0,16,0,0,0,0,0,0
481429,3,1,0,0,0,0,7,0,7,0,0,0
481430,1,1,25,22,10,5,0,0,11,0,0,0
481431,1,1,0,0,0,0,0,0,0,0,0,0
481431,2,1,0,0,0,0,0,0,0,0,0,0
481432,1,1,19,19,19,19,19,19,19,19,19,19
481432,2,1,0,0,0,0,0,0,0,0,0,0
481433,1,1,0,0,27,0,0,0,0,0,0,0
481434,1,1,0,0,0,15,0,0,0,0,0,0
481434,2,1,0,0,0,0,0,0,0,0,0,0
481435,0,1,0,15,27,27,9,46,0,0,0,0
481435,1,1,0,0,0,0,0,0,0,0,0,0
481436,1,1,5,0,6,11,0,22,0,0,5,0
481437,1,1,0,0,0,0,33,0,0,0,0,0
481438,1,1,14,14,14,14,14,14,14,14,14,14
481438,2,1,9,9,9,9,9,9,9,9,9,9
481439,0,1,0,30,17,0,0,0,0,18,0,0
481439,1,1,0,0,0,0,0,0,0,0,0,0
481440,0,1,32,32,32,32,32,32,32,32,32,32
481440,1,1,0,0,10,0,5,0,0,10,0,0
481441,1,1,20,20,20,20,20,20,20,20,20,20
481442,0,1,14,14,14,14,14,14,14,14,14,14
481442,1,1,0,0,0,0,0,0,9,0,0,0
481443,1,1,20,20,20,20,20,20,20,20,20,20
481443,2,1,7,7,7,7,7,7,7,7,7,7
481444,1,1,0,0,0,0,0,0,0,0,0,0
481444,2,1,0,0,0,0,0,0,0,0,0,0
481445,1,1,12,11,28,19,17,9,2,16,37,26
481446,1,1,0,0,0,0,3,0,44,0,18,0
481447,1,1,16,0,0,0,0,0,0,0,0,0
481447,2,1,14,0,0,0,23,0,0,7,25,0
481448,1,1,0,0,0,0,0,0,0,0,0,0
481449,1,1,0,0,0,0,0,0,0,0,0,0
481449,2,1,0,0,0,0,0,0,0,0,0,0
481449,3,1,0,0,0,0,0,0,16,0,5,5
481450,1,1,15,12,10,0,15,13,28,12,0,0
481451,1,1,0,0,0,0,0,0,0,0,0,11
481451,2,1,0,0,0,0,0,0,0,0,6,0
481452,1,1,0,0,0,0,0,0,0,0,0,0
481453,1,1,22,22,22,22,22,22,22,22,22,22
481453,2,1,0,0,9,17,21,0,13,24,12,0
481454,1,1,22,22,22,22,22,22,22,22,22,22
481455,1,1,12,12,12,12,12,12,12,12,12,12