ST_CASE,VEH_NO,PER_NO,P1,P2,P3,P4,P5,P6,P7,P8,P9,P10
481737,1,1,0,0,0,0,11,0,0,0,0,0
481737,2,1,0,0,0,0,16,0,0,0,0,0
481738,1,1,7,0,9,31,6,0,19,0,18,0
481739,0,1,9,9,9,9,9,9,9,9,9,9
481739,1,1,0,19,0,0,0,0,0,6,0,0
481740,1,1,28,28,28,28,28,28,28,28,28,28
481740,2,1,0,0,10,12,0,31,0,0,0,0
481741,1,1,0,0,0,0,0,0,0,0,0,15
481741,2,1,0,0,0,0,0,0,0,0,0,0
481742,1,1,9,9,9,9,9,9,9,9,9,9
481743,1,1,20,0,0,0,17,19,8,0,0,0
481744,1,1,27,25,0,13,16,21,0,27,44,18
481744,2,1,30,11,0,0,0,0,21,14,0,11
481745,1,1,13,0,24,0,0,11,7,10,0,0
481746,1,1,0,0,0,0,0,0,0,0,0,11
481746,2,1,0,0,12,0,0,0,0,0,11,0
481746,3,1,0,0,0,0,0,0,23,0,0,0
481747,0,1,21,0,0,0,0,0,0,18,9,0
481747,1,1,6,0,0,7,0,0,30,0,0,12
481748,1,1,0,0,0,0,0,0,0,0,0,0
481748,2,1,0,0,9,14,0,0,0,0,19,18
481749,1,1,0,0,0,0,0,0,0,0,0,0
481749,2,1,0,0,0,0,0,0,31,0,0,0
481750,1,1,0,0,0,0,8,0,0,0,0,0
481750,2,1,0,0,0,0,0,0,0,0,0,0
481751,1,1,0,0,0,0,0,0,0,0,0,0
481753,1,1,0,0,0,0,0,0,0,0,0,0
481753,2,1,0,0,0,0,0,0,0,0,0,0
481754,1,1,0,0,0,0,0,0,0,0,0,0
481755,1,1,19,12,16,25,19,21,14,8,25,19
481756,1,1,6,6,6,6,6,6,6,6,6,6
481757,0,1,21,21,21,21,21,21,21,21,21,21
481757,1,1,14,0,16,0,21,12,0,33,0,27
481758,0,1,6,30,0,0,0,28,12,18,0,0
481758,1,1,6,0,22,0,0,0,7,3,0,0
481759,0,1,45,31,19,0,23,14,24,0,0,30
481759,0,2,19,6,9,27,0,14,19,15,0,0
481759,1,1,0,0,17,13,23,0,12,14,0,0
481759,2,1,0,0,0,0,26,0,0,0,0,9
481760,1,1,10,10,5,12,0,11,0,17,12,0
481760,2,1,8,12,6,0,0,0,0,0,0,13
481761,1,1,0,0,0,0,0,0,0,0,0,0
481762,1,1,20,20,20,20,20,20,20,20,20,20
481762,2,1,0,0,0,0,0,16,0,0,0,0
481764,1,1,12,12,12,12,12,12,12,12,12,12
481764,2,1,0,0,0,0,0,0,0,0,0,0
481764,3,1,0,8,0,0,0,0,0,0,0,0
481764,4,1,0,3,10,2,0,0,0,0,0,0
481764,5,1,0,0,11,0,0,0,0,7,0,0
481765,1,1,0,0,0,0,0,0,0,0,0,0
481765,2,1,0,0,0,0,0,0,0,0,0,0
481765,3,1,0,0,0,0,0,0,0,0,0,0
481766,1,1,0,0,0,0,0,0,0,0,0,0
481766,2,1,0,0,0,0,0,0,0,0,0,0
481767,1,1,21,21,21,21,21,21,21,21,21,21
481768,1,1,8,0,0,0,0,0,6,0,0,0
481768,2,1,0,0,0,0,0,0,0,18,0,0
481768,3,1,7,0,0,0,0,0,0,0,0,0
481769,1,1,0,0,0,0,0,0,0,0,0,0
481769,2,1,0,0,13,0,0,0,0,0,0,0
481770,1,1,29,26,18,0,0,0,12,17,0,0
481771,1,1,15,15,15,15,15,15,15,15,15,15
481772,1,1,0,0,0,0,0,0,35,0,0,0
481773,1,1,34,34,34,34,34,34,34,34,34,34
481774,0,1,17,17,17,17,17,17,17,17,17,17
481774,1,1,0,0,0,29,0,0,0,0,32,0
481775,1,1,18,18,18,18,18,18,18,18,18,18
481775,2,1,26,25,27,0,0,21,0,27,0,0
481776,1,1,10,14,0,0,11,0,0,0,0,0
481777,0,1,19,0,0,0,0,0,0,0,0,0
481777,1,1,0,0,0,0,0,0,0,0,0,0
481778,1,1,0,0,0,0,0,0,0,0,0,0
481778,2,1,16,0,0,11,0,0,0,0,0,0
481779,1,1,0,0,0,0,0,0,0,18,0,0
481780,1,1,0,8,0,22,0,11,22,0,20,0
481781,1,1,0,19,0,0,36,0,0,28,30,0
481782,1,1,22,22,22,22,22,22,22,22,22,22
481783,1,1,0,0,0,0,0,0,0,0,0,0
481784,1,1,34,0,7,14,8,0,0,0,0,24
481785,1,1,17,17,17,17,17,17,17,17,17,17
481786,1,1,0,0,0,0,0,0,0,0,0,0
481787,0,1,0,0,0,0,25,0,0,26,0,0
481787,1,1,6,0,0,0,15,14,0,0,0,0
481788,1,1,16,16,16,16,16,16,16,16,16,16
481788,2,1,12,0,0,0,0,0,0,0,0,0
481789,1,1,0,0,0,0,0,0,0,0,0,0
481789,2,1,0,0,0,0,0,0,0,0,0,0
481790,1,1,0,0,0,0,0,0,0,0,11,0
481790,2,1,0,0,0,0,0,0,0,0,0,0
481791,1,1,23,23,23,23,23,23,23,23,23,23
481792,1,1,0,0,0,14,9,0,26,11,16,5
481793,1,1,0,0,0,0,0,0,0,0,0,0
481793,2,1,0,0,0,0,0,0,0,0,0,0
481794,0,1,0,0,0,0,0,0,0,0,0,0
481794,1,1,0,0,0,0,0,0,0,0,28,0
481795,1,1,17,17,17,17,17,17,17,17,17,17
481795,2,1,0,0,0,0,0,0,0,0,0,0
481796,0,1,0,0,0,0,0,0,18,31,22,0
481796,1,1,0,0,25,8,0,0,0,10,13,0
481797,1,1,16,16,16,16,16,16,16,16,16,16
481797,2,1,0,0,9,0,0,27,0,0,2,0
481798,1,1,0,0,17,20,0,12,27,16,0,0
481798,2,1,10,19,35,0,0,15,0,9,0,0
481799,1,1,19,21,20,0,0,0,0,15,24,0
481800,1,1,23,0,0,0,0,0,20,0,0,0
481801,1,1,11,11,11,11,11,11,11,11,11,11
481802,1,1,0,0,0,0,0,0,0,0,0,0
481802,2,1,0,0,0,0,0,0,0,0,0,0
481804,1,1,0,0,6,9,15,0,0,0,0,0
481804,2,1,0,0,15,0,0,0,10,12,36,0
481805,1,1,32,32,32,32,32,32,32,32,32,32
481807,0,1,24,24,24,24,24,24,24,24,24,24
481807,1,1,0,15,13,14,26,0,0,0,3,0
481808,1,1,13,0,0,29,11,9,11,0,0,7
481809,1,1,25,25,25,25,25,25,25,25,25,25
481809,2,1,0,9,0,0,0,0,0,0,0,0
481809,3,1,0,0,0,0,0,0,0,0,0,0
481810,0,1,0,16,13,0,0,18,0,9,12,17
481810,1,1,6,6,6,6,6,6,6,6,6,6
481811,0,1,0,11,0,13,7,26,14,0,26,18
481811,1,1,0,0,0,0,0,0,0,0,0,0
481812,1,1,0,18,0,0,0,19,0,0,0,0
481813,0,1,0,0,0,0,0,0,0,0,0,0
481813,1,1,20,0,0,12,0,0,0,10,0,0
481814,0,1,0,0,0,0,0,0,0,0,0,0
481814,1,1,0,14,0,0,0,25,0,20,11,0
481815,1,1,26,16,27,19,12,34,20,24,29,26
481816,1,1,0,0,0,0,0,0,0,0,0,18
481816,2,1,0,0,0,0,0,0,0,0,0,0
481817,1,1,0,0,0,0,0,0,0,0,0,0
481818,1,1,18,18,18,18,18,18,18,18,18,18
481818,2,1,0,0,0,0,0,0,0,0,0,0
481819,0,1,0,0,0,0,0,0,0,0,0,0
481819,1,1,0,0,0,8,0,0,0,0,0,0
481820,0,1,0,0,0,0,0,0,0,0,0,0
481820,1,1,17,0,0,0,0,13,19,0,0,0
481820,2,1,3,17,0,0,13,0,0,7,0,0
481820,3,1,0,5,0,8,0,0,0,0,9,0
481821,1,1,22,22,22,22,22,22,22,22,22,22
481821,2,1,0,0,0,0,0,0,0,14,40,0
481822,1,1,0,12,0,0,21,0,0,0,0,0
481822,2,1,0,0,0,0,0,0,0,0,0,0
481823,1,1,0,0,0,22,0,26,0,7,0,39
481823,2,1,14,0,13,10,0,13,13,0,0,0
481824,0,1,0,0,15,0,6,46,0,0,0,19
481824,1,1,8,0,0,0,18,0,0,0,0,16
481825,0,1,0,0,0,31,0,22,0,0,0,0
481825,1,1,0,0,0,0,0,0,0,0,0,0
481826,1,1,29,29,29,29,29,29,29,29,29,29
481827,1,1,15,15,15,15,15,15,15,15,15,15
481827,2,1,0,0,0,0,7,0,6,11,0,17
481828,0,1,8,0,0,0,0,0,0,0,23,0
481828,1,1,19,19,19,19,19,19,19,19,19,19
481829,1,1,0,0,0,0,0,0,0,5,25,0
481829,2,1,0,0,19,0,10,0,0,0,0,0
481830,1,1,10,10,10,10,10,10,10,10,10,10
481830,2,1,23,23,23,23,23,23,23,23,23,23
481830,3,1,0,7,19,0,0,17,0,0,6,0
481831,1,1,0,0,0,0,0,0,0,0,0,0
481831,2,1,0,0,14,0,0,17,0,0,23,0
481831,3,1,0,0,0,0,0,0,0,0,0,0
481832,0,1,0,0,0,0,0,0,0,0,0,0
481832,1,1,0,7,0,0,17,0,34,12,23,0
481833,1,1,5,5,5,5,5,5,5,5,5,5
481834,1,1,0,0,0,0,0,0,0,0,0,0
481834,2,1,0,0,0,0,0,0,15,0,0,0
481835,1,1,12,12,12,12,12,12,12,12,12,12
481836,1,1,13,0,0,0,0,0,0,0,0,0
481836,2,1,0,0,0,0,0,0,0,10,0,0
481837,1,1,0,0,0,0,0,12,0,23,0,0
481838,0,1,8,0,39,14,22,0,41,8,11,0
481838,1,1,0,5,20,8,11,16,0,0,0,0
481839,1,1,0,0,0,0,0,0,0,0,0,0
481840,0,1,0,0,0,0,0,10,0,0,26,0
481840,1,1,0,0,0,0,18,0,0,9,0,0
481841,1,1,0,0,0,0,0,0,0,0,0,0
481841,2,1,0,0,0,0,0,0,0,0,0,0
481842,1,1,0,0,0,0,0,0,0,0,0,0
481842,2,1,0,0,0,0,17,0,18,0,12,0
481843,1,1,0,0,0,10,0,0,0,0,0,6
481843,2,1,19,19,19,19,19,19,19,19,19,19
481844,1,1,0,0,32,0,0,0,19,0,0,0
481844,2,1,0,0,0,33,0,0,0,0,0,0
481845,1,1,21,21,21,21,21,21,21,21,21,21
481846,1,1,0,11,3,0,0,0,0,0,0,0
481846,2,1,0,0,0,0,0,0,0,0,0,0
481846,3,1,0,0,0,0,0,26,0,0,0,0
481847,0,1,4,21,0,8,20,0,0,0,0,13
481847,0,2,0,0,0,0,0,0,0,0,0,0
481847,0,3,0,0,0,0,0,0,0,0,0,0
481847,1,1,0,0,14,7,0,0,0,0,6,0
481848,0,1,30,30,30,30,30,30,30,30,30,30
481848,1,1,6,0,0,7,0,8,10,0,0,0
481849,1,1,16,16,16,16,16,16,16,16,16,16
481849,2,1,0,0,0,0,0,0,0,0,0,0
481850,1,1,0,0,0,0,0,0,0,0,0,0
481851,1,1,12,12,13,0,13,0,0,15,0,0
481852,1,1,20,14,15,20,0,10,0,28,5,12
481853,0,1,15,15,15,15,15,15,15,15,15,15
481853,1,1,0,13,0,6,0,0,0,0,25,0
481854,1,1,0,0,0,0,0,0,0,0,4,0
481854,2,1,0,0,0,0,0,0,13,0,0,0
481856,0,1,23,19,22,0,25,17,0,33,0,0
481856,1,1,0,0,2,0,0,0,0,0,0,0
481857,1,1,0,0,0,40,0,37,19,7,0,0
481859,1,1,0,0,0,0,0,0,0,0,0,0
481859,2,1,24,24,24,24,24,24,24,24,24,24
481860,0,1,0,0,0,0,0,0,0,0,0,0
481860,1,1,21,25,0,0,0,0,0,31,19,0
481861,1,1,0,22,0,0,0,0,0,0,0,0
481861,2,1,5,40,0,0,27,11,0,11,6,0
481861,3,1,0,17,0,0,0,0,0,0,0,0
481862,1,1,0,0,0,0,0,0,0,0,0,0
481862,2,1,0,0,0,12,21,0,0,0,0,17
481863,0,1,0,0,0,0,0,0,0,0,13,0
481863,1,1,0,0,0,0,0,0,0,0,0,0
481864,1,1,0,0,0,11,9,0,18,0,0,0
481864,2,1,0,0,0,0,0,0,0,0,0,0
481865,0,1,29,0,28,21,14,52,25,0,20,14
481865,1,1,11,0,0,14,0,11,3,0,0,0
481866,1,1,0,0,0,0,0,0,0,0,0,0
481866,2,1,0,0,0,0,0,13,0,0,0,0
481867,1,1,12,12,12,12,12,12,12,12,12,12
481867,2,1,0,8,0,23,0,0,4,0,23,0
481868,0,1,18,18,18,18,18,18,18,18,18,18
481868,1,1,0,15,12,3,15,0,0,0,0,0
481869,0,1,0,28,0,0,27,12,0,25,20,0
481869,1,1,20,12,14,17,0,16,32,23,0,0
481870,0,1,18,0,7,24,8,0,0,0,0,15
481870,1,1,0,17,10,0,0,24,0,9,0,0
481870,2,1,0,8,15,8,0,0,9,0,2,0
481871,1,1,7,7,7,7,7,7,7,7,7,7
481871,2,1,2,2,2,2,2,2,2,2,2,2
481871,3,1,0,0,15,0,0,0,0,0,0,0
481872,0,1,0,0,0,0,0,0,0,0,0,0
481872,1,1,0,11,0,22,0,0,0,4,0,0
481873,0,1,0,0,0,0,0,0,0,0,0,0
481873,1,1,23,0,0,19,0,0,0,0,0,0
481874,1,1,0,0,0,0,0,0,0,19,0,0
481875,0,1,0,0,0,0,0,0,0,0,0,0
481875,0,2,0,0,0,0,0,0,0,0,0,0
481875,1,1,0,0,0,0,0,0,11,0,0,0
481876,1,1,0,0,0,0,0,0,0,0,0,0
481876,2,1,0,0,0,9,0,0,0,8,0,0
481877,1,1,0,8,0,0,0,8,18,0,0,12
481878,1,1,0,0,8,18,0,16,0,10,0,21
481878,2,1,0,14,0,0,0,0,0,0,0,0
481879,1,1,11,19,5,12,26,17,15,13,18,15
481880,1,1,0,0,16,25,0,12,18,22,0,15
481881,1,1,0,0,0,0,0,0,0,0,0,0
481882,1,1,0,0,17,0,0,0,0,0,0,0
481882,2,1,0,0,0,8,0,0,9,0,0,0
481883,1,1,0,0,0,17,0,0,0,32,30,16
481884,1,1,0,20,0,0,0,0,0,0,0,0
481884,2,1,9,0,0,0,15,7,16,0,0,7
481885,1,1,0,0,0,0,0,0,0,0,0,0
481886,1,1,0,0,0,0,0,0,0,0,0,0
481886,2,1,0,18,19,0,0,0,0,0,15,0
481887,1,1,13,0,0,0,0,0,0,0,21,0
481888,1,1,0,0,0,0,0,0,0,0,0,0
481888,2,1,0,0,0,0,0,0,0,0,0,0
481889,1,1,0,4,0,0,0,0,0,0,0,6
481890,1,1,0,0,0,0,0,15,0,0,0,0
481890,2,1,0,0,0,0,0,0,0,0,3,0
481891,1,1,0,0,0,0,0,0,0,0,0,0
481891,2,1,0,13,0,0,0,0,0,0,0,0
481892,0,1,21,21,21,21,21,21,21,21,21,21
481892,1,1,12,0,11,0,8,0,0,0,0,13
481893,0,1,40,40,40,40,40,40,40,40,40,40
481893,1,1,0,0,0,0,0,0,0,0,16,0
481894,1,1,13,20,0,0,12,34,38,0,16,0
481895,1,1,12,12,12,12,12,12,12,12,12,12
481896,1,1,0,0,0,0,0,17,0,0,0,0
481896,2,1,0,0,0,0,0,0,0,0,0,13
481897,1,1,24,23,0,25,16,7,9,0,12,11
481898,0,1,52,0,15,0,23,7,30,35,0,0
481898,1,1,0,15,0,15,19,0,0,21,0,0
481899,1,1,0,0,0,0,11,0,14,0,0,0
481899,2,1,0,0,0,0,0,0,0,0,0,0
481900,1,1,8,15,5,14,1,27,24,31,22,23
481901,1,1,0,0,0,0,0,0,0,0,0,0
481901,2,1,0,0,0,0,0,0,0,0,0,0
481901,3,1,16,0,0,0,0,0,14,0,0,0
481902,1,1,27,0,0,0,0,0,0,12,0,0
481902,2,1,5,5,5,5,5,5,5,5,5,5
481903,1,1,0,0,0,0,0,0,0,0,0,9
481903,2,1,0,0,0,0,0,0,0,0,0,0
481903,3,1,0,0,0,0,0,0,0,0,0,0
481904,1,1,0,0,0,0,0,0,0,0,0,0
481905,1,1,0,0,0,0,0,0,0,0,0,0
481905,2,1,0,0,0,0,0,0,0,0,0,0
481906,1,1,0,0,0,0,0,0,0,0,0,0
481907,1,1,0,0,0,0,0,0,0,0,13,0
481907,2,1,0,0,0,0,0,0,0,0,0,0
481908,0,1,16,0,36,35,0,0,0,0,0,17
481908,1,1,12,0,0,17,23,16,0,0,11,0
481909,1,1,0,25,0,0,0,0,0,0,0,0
481909,2,1,0,0,0,0,0,0,0,9,0,0
481910,1,1,0,0,0,0,0,0,0,0,0,0
481910,2,1,20,0,21,0,0,0,0,0,0,0
481911,1,1,0,0,0,0,0,13,0,0,23,0
481911,2,1,1,1,1,1,1,1,1,1,1,1
481912,0,1,9,0,0,26,0,24,13,31,0,0
481912,1,1,0,0,16,0,11,0,0,0,2,0
481913,1,1,22,0,22,0,17,31,0,11,0,0
481914,1,1,18,0,26,0,0,0,0,0,0,35
481915,1,1,0,0,0,0,0,0,0,0,0,0
481915,2,1,15,0,0,0,0,9,0,10,0,0
481916,1,1,0,0,0,0,0,0,0,0,0,0
481917,1,1,0,0,0,0,0,0,0,16,26,0
481917,2,1,0,0,33,0,0,0,0,16,0,16
481918,1,1,0,0,0,0,0,0,0,0,0,0
481918,2,1,0,0,16,0,0,11,0,0,0,0
481919,1,1,11,20,17,22,12,14,27,12,22,11
481920,1,1,0,0,0,0,0,0,0,0,0,0
481921,1,1,14,14,14,14,14,14,14,14,14,14
481921,2,1,25,25,25,25,25,25,25,25,25,25
481922,1,1,22,22,22,22,22,22,22,22,22,22
481923,1,1,16,16,16,16,16,16,16,16,16,16
481923,2,1,33,0,30,0,0,0,18,10,0,10
481924,0,1,0,0,0,0,0,0,0,0,0,0
481924,0,2,0,0,0,0,0,0,0,0,0,0
481924,1,1,6,0,0,0,0,0,0,12,0,0
481925,1,1,27,27,27,27,27,27,27,27,27,27
481926,1,1,0,0,0,0,0,0,0,0,0,0
481926,2,1,0,0,0,0,0,0,0,0,0,0
481927,1,1,0,19,0,32,0,0,23,0,0,26
481928,0,1,17,17,17,17,17,17,17,17,17,17
481928,1,1,0,0,0,0,0,0,0,0,23,0
481929,1,1,0,0,20,0,0,0,0,0,0,0
481929,2,1,0,0,0,23,0,0,0,0,0,0
481930,1,1,0,0,0,0,0,0,0,0,0,0
481930,2,1,0,0,0,0,13,0,15,0,0,0
481930,3,1,0,0,0,0,0,0,0,0,0,0
481931,0,1,6,0,17,24,0,8,16,19,50,17
481931,1,1,3,19,18,0,0,10,0,0,0,0
481932,1,1,0,0,0,0,0,0,0,0,18,0
481932,2,1,0,0,0,0,0,0,0,0,0,0
481933,1,1,0,20,0,0,0,13,0,0,0,0
481934,1,1,19,15,23,15,0,9,21,8,6,13
481934,2,1,0,28,29,7,22,2,4,0,0,0
481935,1,1,11,4,10,12,11,9,20,9,27,0
481935,2,1,0,0,0,0,0,0,0,17,12,16
481936,1,1,0,0,25,0,0,15,0,0,0,7
481937,1,1,15,15,15,15,15,15,15,15,15,15
481937,2,1,0,0,0,0,0,0,0,0,0,0
481938,0,1,33,24,0,37,22,0,22,22,20,0
481938,0,2,31,23,0,0,0,0,22,0,0,19
481938,1,1,4,4,4,4,4,4,4,4,4,4
481939,1,1,0,0,0,0,0,0,0,0,0,0
481939,2,1,18,18,18,18,18,18,18,18,18,18
481940,1,1,19,19,19,19,19,19,19,19,19,19
481941,1,1,0,0,21,0,17,0,0,0,0,0
481942,1,1,0,0,0,0,0,22,0,13,0,0
481942,2,1,0,0,17,0,0,0,0,0,0,0
481943,1,1,9,9,9,9,9,9,9,9,9,9
481943,2,1,16,0,29,0,0,0,0,0,0,0
481943,3,1,0,0,0,0,0,0,0,17,16,11
481944,1,1,0,0,0,0,0,0,0,0,0,0
481945,1,1,0,22,0,26,0,0,0,0,14,20
481946,1,1,0,0,0,0,0,0,0,0,0,0
481946,2,1,0,0,0,0,0,9,19,0,0,0
481947,1,1,0,0,0,0,0,30,0,0,0,22
481948,1,1,0,0,0,15,0,0,0,0,30,0
481948,2,1,0,0,19,0,0,13,0,0,0,20
481948,3,1,0,0,0,0,0,0,0,0,0,0
481949,1,1,0,0,0,0,0,0,0,0,16,0
481949,2,1,0,0,0,0,0,0,0,0,0,0
481949,3,1,0,0,0,0,20,0,0,0,0,0
481950,1,1,0,0,0,0,0,0,0,0,0,0
481951,1,1,0,0,0,0,0,0,0,0,0,0
481952,0,1,10,10,10,10,10,10,10,10,10,10
481952,1,1,0,0,0,0,30,0,0,7,13,0
481953,1,1,7,7,7,7,7,7,7,7,7,7
481954,0,1,0,0,0,0,0,0,0,0,0,0
481954,1,1,0,0,0,0,0,0,0,0,0,0
481955,1,1,0,0,0,0,0,0,0,2,0,0
481955,2,1,0,22,22,15,22,0,0,0,6,0
481956,1,1,0,0,0,0,0,0,0,0,0,0
481956,2,1,4,0,10,0,0,0,0,2,0,0
481957,1,1,0,0,0,0,0,0,0,0,0,0
481958,0,1,0,0,13,27,13,0,0,0,10,0
481958,1,1,0,5,6,0,14,0,0,0,16,12
481959,1,1,29,0,0,0,0,0,0,0,0,0
481959,2,1,19,0,0,0,3,0,0,0,0,0
481960,0,1,0,10,24,0,0,0,8,18,0,0
481960,1,1,19,19,19,19,19,19,19,19,19,19
481961,1,1,0,0,0,0,0,0,29,0,0,0
481962,1,1,6,0,0,0,10,23,0,0,0,0
481962,2,1,0,23,0,0,0,0,17,11,8,0
481963,1,1,20,20,20,20,20,20,20,20,20,20
481964,1,1,0,0,0,31,0,20,0,22,0,0
481964,2,1,0,0,0,0,0,0,0,0,0,0
481965,1,1,13,4,20,20,13,0,3,6,14,0
481966,1,1,0,13,0,9,13,0,9,0,12,0
481967,1,1,0,0,0,0,0,0,0,0,0,0
481968,1,1,0,0,0,0,0,0,0,0,0,0
481968,2,1,0,0,0,0,10,0,0,0,0,0
481969,1,1,0,15,14,0,15,0,37,13,11,0
481970,1,1,0,0,0,0,0,0,0,0,0,0
481970,2,1,0,0,0,0,6,0,0,0,0,0
481970,3,1,0,0,0,8,0,0,13,14,18,19
481971,1,1,32,32,32,32,32,32,32,32,32,32
481971,2,1,0,6,0,0,0,0,0,0,0,0
481973,1,1,0,0,0,0,24,22,0,0,18,0
481974,1,1,14,22,0,19,0,0,18,12,12,0
481975,1,1,0,0,0,0,0,0,0,0,0,0
481975,2,1,0,0,0,0,0,0,0,0,0,0
481976,0,1,0,0,0,0,0,0,0,0,0,0
481976,1,1,0,13,0,16,0,25,0,0,0,0
481977,1,1,0,0,0,0,0,0,6,0,0,0
481977,2,1,19,0,0,0,0,0,0,0,0,0
481978,0,1,51,28,0,0,0,0,7,0,0,0
481978,1,1,0,0,0,0,0,0,0,0,0,0
481979,1,1,0,0,0,0,0,13,0,0,0,0
481979,2,1,0,13,0,0,0,11,12,0,0,21
481979,3,1,0,21,0,0,0,0,0,0,0,17
481980,1,1,0,0,0,0,0,0,0,0,0,0
481980,2,1,10,0,14,11,0,0,0,11,8,17
481980,3,1,15,0,12,0,8,20,0,15,0,0
481981,1,1,20,20,20,20,20,20,20,20,20,20
481981,2,1,19,0,0,21,4,4,0,0,0,0
481982,0,1,0,0,0,0,0,0,0,0,0,0
481982,1,1,8,0,4,0,0,11,11,5,7,0
481983,1,1,17,0,0,0,0,0,0,0,0,0
481984,0,1,17,17,17,17,17,17,17,17,17,17
481984,1,1,0,0,0,13,0,29,0,0,2,14
481985,1,1,0,0,0,0,0,0,0,11,0,0
481985,2,1,0,26,0,13,55,0,0,0,0,0
481986,1,1,16,16,16,16,16,16,16,16,16,16
481987,1,1,15,15,15,15,15,15,15,15,15,15
481988,1,1,13,13,13,13,13,13,13,13,13,13
481989,1,1,0,0,0,0,0,0,0,0,31,0
481989,2,1,5,5,5,5,5,5,5,5,5,5
481990,1,1,11,0,6,0,0,0,0,0,30,0
481990,2,1,0,18,6,16,0,21,0,0,0,10
481991,0,1,0,0,0,0,0,0,0,0,0,0
481991,1,1,0,14,0,17,0,0,24,0,12,0
481992,1,1,0,0,0,0,0,0,0,0,0,0
481992,2,1,21,0,8,0,0,0,0,0,0,0
481992,3,1,0,3,0,0,0,0,21,0,0,10
481993,0,1,7,21,3,20,11,0,41,51,0,8
481993,1,1,24,0,0,27,0,0,0,0,0,0
481994,1,1,21,21,21,21,21,21,21,21,21,21
481995,1,1,0,0,0,0,0,0,0,0,0,0
481996,1,1,10,10,10,10,10,10,10,10,10,10
481996,2,1,0,0,0,0,0,0,0,0,0,0
481997,1,1,0,18,0,11,8,5,8,28,22,26
481998,0,1,27,27,27,27,27,27,27,27,27,27
481998,1,1,0,0,0,8,7,0,0,17,0,12
481999,1,1,0,0,0,0,0,0,0,0,0,0
482000,0,1,0,0,0,0,0,0,0,0,0,0
482000,1,1,0,0,0,23,0,0,6,23,0,0
482001,1,1,0,0,0,0,0,0,0,0,0,0
482002,1,1,18,18,18,18,18,18,18,18,18,18
482003,1,1,0,0,0,0,0,10,0,0,0,0
482003,2,1,0,0,0,0,0,0,12,0,9,0
482004,0,1,0,0,0,0,0,0,0,0,0,0
482004,1,1,26,26,26,26,26,26,26,26,26,26
482005,1,1,11,11,11,11,11,11,11,11,11,11
482005,2,1,0,0,0,0,0,0,0,0,0,0
482005,3,1,7,0,0,0,0,0,0,0,0,0
482006,1,1,21,21,21,21,21,21,21,21,21,21
482006,2,1,0,0,0,0,0,0,0,0,0,0
482008,1,1,0,0,0,0,0,21,0,0,0,0
482008,2,1,0,0,0,11,0,0,0,0,0,0
482009,1,1,14,0,21,23,40,0,17,18,18,11
482010,1,1,24,24,24,24,24,24,24,24,24,24
482011,1,1,10,18,8,20,19,12,9,19,19,17
482011,2,1,0,4,0,16,0,0,0,0,16,9
482012,1,1,16,16,16,16,16,16,16,16,16,16
482012,2,1,0,0,0,0,0,0,0,0,0,0
482013,1,1,0,0,0,0,0,0,0,0,0,0
482013,2,1,0,5,0,0,0,0,0,0,0,0
482014,1,1,10,14,12,8,0,14,0,0,0,6
482015,1,1,2,22,0,0,0,18,0,0,18,0
482016,1,1,28,28,28,28,28,28,28,28,28,28
482017,1,1,0,0,0,0,0,0,0,0,0,0
482017,2,1,0,0,6,0,0,0,18,7,0,0
482018,1,1,0,0,0,0,0,0,0,0,0,0
482018,2,1,0,0,0,0,0,0,0,0,5,0
482019,1,1,0,17,0,0,0,17,0,0,0,0
482019,2,1,0,0,0,13,0,0,0,0,0,0
482020,1,1,18,0,15,50,12,11,0,17,0,0
482021,1,1,0,0,0,0,0,0,0,0,0,0
482022,1,1,32,11,15,9,5,17,0,21,19,3
482022,2,1,0,0,0,0,0,0,0,0,0,0
482023,1,1,19,19,19,19,19,19,19,19,19,19
482023,2,1,0,18,0,0,0,6,14,29,0,17
482024,1,1,0,0,19,0,0,0,4,0,0,0
482025,1,1,16,16,16,16,16,16,16,16,16,16
482026,0,1,0,0,42,0,14,31,0,0,0,40
482026,1,1,15,0,18,10,0,16,15,0,9,0
482027,1,1,0,0,0,0,0,0,0,0,0,0
482028,0,1,24,24,24,24,24,24,24,24,24,24
482028,1,1,18,0,33,0,26,8,0,0,9,12