ST_CASE,VEH_NO,PER_NO,P1,P2,P3,P4,P5,P6,P7,P8,P9,P10
482029,1,1,0,0,0,0,0,0,0,0,0,0
482029,2,1,0,0,0,0,0,24,0,0,23,0
482030,0,1,0,0,0,0,0,0,0,0,0,0
482030,1,1,0,0,0,0,0,11,0,0,0,0
482031,1,1,0,12,21,35,5,18,10,22,0,15
482032,1,1,0,0,0,0,0,6,3,0,0,0
482032,2,1,0,7,0,0,0,0,0,0,0,0
482033,1,1,22,0,0,0,0,0,0,15,0,0
482034,1,1,0,10,18,0,0,0,0,0,10,16
482035,0,1,17,0,0,0,0,0,0,0,0,0
482035,3,1,0,0,0,0,0,0,0,0,0,0
482036,0,1,11,35,13,5,24,25,0,20,24,21
482036,1,1,0,4,0,8,0,0,0,0,13,37
482037,1,1,0,0,0,0,0,0,0,0,9,0
482037,2,1,0,0,0,0,0,0,0,0,0,0
482038,0,1,0,0,0,0,0,0,3,0,0,0
482038,1,1,14,0,0,13,20,0,0,19,0,13
482039,1,1,11,0,10,23,12,0,13,23,21,0
482040,1,1,19,13,13,22,36,26,16,32,16,8
482041,1,1,16,16,16,16,16,16,16,16,16,16
482041,2,1,0,0,0,0,0,0,0,0,0,0
482042,1,1,3,3,3,3,3,3,3,3,3,3
482043,1,1,0,0,0,0,0,0,0,0,0,0
482043,2,1,0,0,26,0,0,0,0,0,0,0
482044,1,1,0,0,0,0,14,0,25,0,0,27
482044,2,1,0,0,25,0,4,0,0,0,0,0
482044,3,1,0,19,0,15,17,0,0,0,0,29
482045,1,1,0,0,0,0,0,0,0,0,0,0
482045,2,1,26,23,10,12,0,26,0,13,0,8
482046,1,1,21,21,21,21,21,21,21,21,21,21
482047,0,1,14,14,14,14,14,14,14,14,14,14
482047,1,1,0,16,0,0,0,0,0,0,15,0
482048,1,1,19,19,19,19,19,19,19,19,19,19
482048,2,1,0,0,11,11,0,0,0,0,0,0
482049,1,1,9,10,0,0,0,25,11,0,0,0
482049,2,1,0,0,0,0,0,0,15,0,9,17
482050,0,1,0,7,0,0,38,11,0,0,0,24
482050,1,1,23,0,0,0,18,0,16,0,0,0
482051,1,1,0,0,0,0,0,0,0,0,0,0
482051,2,1,0,0,0,0,0,0,0,0,0,0
482052,0,1,0,0,0,0,0,0,0,0,0,0
482052,1,1,11,0,17,0,27,0,9,0,0,12
482053,1,1,0,17,0,0,0,6,0,10,0,19
482053,2,1,0,0,0,0,0,0,0,0,0,0
482054,1,1,0,15,0,0,0,0,0,0,0,0
482054,2,1,0,0,0,3,0,0,13,0,0,0
482055,1,1,0,0,0,0,0,0,9,0,0,0
482055,2,1,0,0,0,0,0,0,0,0,0,0
482056,1,1,0,0,0,0,0,0,0,12,0,0
482056,2,1,0,9,0,0,0,0,13,0,0,0
482056,3,1,0,0,0,0,0,0,0,0,17,0
482057,0,1,13,13,13,13,13,13,13,13,13,13
482057,1,1,0,0,0,8,0,14,3,0,0,0
482058,1,1,6,0,0,5,19,3,0,0,10,0
482058,2,1,0,4,0,3,4,0,0,0,0,11
482059,1,1,9,16,8,30,6,0,18,16,0,12
482059,2,1,0,0,0,13,0,0,0,0,0,0
482060,1,1,0,17,0,0,0,21,0,0,0,0
482061,0,1,0,0,0,18,0,0,23,0,19,0
482061,1,1,0,13,0,0,0,0,0,0,22,0
482062,1,1,0,0,0,0,0,0,0,0,0,0
482063,1,1,0,0,0,0,0,0,0,0,6,0
482063,2,1,0,0,0,0,0,0,0,0,0,0
482064,1,1,0,0,0,0,0,0,0,0,0,0
482064,2,1,10,0,0,0,0,0,3,0,0,0
482065,0,1,28,0,0,0,0,0,0,0,0,18
482065,1,1,0,0,0,0,0,0,0,0,0,0
482066,1,1,0,0,0,0,0,14,0,0,0,0
482067,1,1,0,0,0,0,33,0,0,12,0,0
482067,2,1,0,0,0,0,0,0,0,0,0,0
482068,1,1,0,0,0,19,19,0,0,23,0,20
482068,2,1,0,0,0,0,0,15,0,0,0,5
482068,3,1,16,0,5,0,11,37,18,18,5,0
482068,4,1,0,0,0,0,13,0,15,20,28,17
482069,0,1,0,21,0,0,0,0,0,12,25,6
482069,1,1,0,0,0,15,12,0,0,17,0,7
482070,0,1,0,0,0,0,19,42,22,0,0,0
482070,1,1,0,8,0,0,0,0,0,0,0,0
482071,1,1,13,13,13,13,13,13,13,13,13,13
482072,1,1,11,11,11,11,11,11,11,11,11,11
482073,0,1,0,0,0,0,0,0,0,0,0,0
482073,1,1,0,0,0,0,0,12,0,0,0,0
482074,0,1,11,11,11,11,11,11,11,11,11,11
482074,1,1,16,16,16,16,16,16,16,16,16,16
482075,0,1,37,0,0,15,20,40,43,0,0,0
482075,1,1,0,0,13,0,22,0,0,11,0,0
482076,0,1,29,20,35,14,27,0,0,0,0,13
482076,1,1,0,0,0,0,0,0,0,14,0,0
482076,2,1,0,0,7,4,0,0,0,0,0,0
482078,1,1,26,26,26,26,26,26,26,26,26,26
482079,1,1,12,12,12,12,12,12,12,12,12,12
482080,0,1,0,0,0,0,0,0,0,0,0,0
482080,1,1,10,0,0,0,0,0,0,8,0,0
482081,1,1,0,0,0,0,0,0,0,0,0,0
482082,1,1,0,0,0,0,0,0,0,0,0,8
482082,2,1,0,0,0,0,10,0,0,0,0,0
482083,1,1,10,10,10,10,10,10,10,10,10,10
482083,2,1,0,0,0,0,0,0,0,0,0,0
482084,1,1,0,0,0,0,0,0,0,0,0,0
482084,3,1,0,0,0,0,0,0,0,0,7,0
482085,1,1,0,0,0,0,0,0,0,0,0,0
482085,2,1,0,0,7,0,20,0,0,0,23,0
482086,1,1,0,0,0,0,0,0,0,0,0,0
482086,2,1,18,18,18,18,18,18,18,18,18,18
482087,1,1,0,0,0,0,0,19,0,0,0,0
482087,2,1,0,3,0,0,0,0,0,12,0,0
482087,3,1,0,0,0,0,0,0,0,0,0,0
482088,1,1,0,0,0,0,4,0,0,0,0,0
482088,2,1,9,18,0,0,0,0,4,5,0,0
482089,0,1,0,0,19,0,0,15,0,0,0,0
482089,1,1,0,0,13,0,4,10,0,19,20,5
482090,0,1,33,33,33,33,33,33,33,33,33,33
482090,1,1,0,26,21,0,0,12,0,0,0,34
482091,1,1,0,0,0,29,0,13,20,50,0,0
482092,1,1,25,0,0,0,25,0,0,0,8,0
482093,0,1,0,0,0,27,0,0,32,0,0,0
482093,1,1,0,12,17,23,0,15,0,25,0,0
482094,1,1,0,0,0,0,0,0,0,0,0,0
482094,2,1,0,0,0,0,0,0,0,0,0,0
482095,1,1,0,0,0,29,0,0,0,0,0,0
482096,1,1,0,0,0,15,0,0,0,0,0,0
482096,2,1,2,18,0,0,0,11,0,0,3,23
482097,0,1,0,0,0,0,0,14,0,0,10,0
482097,1,1,0,0,0,0,8,9,0,0,5,0
482098,0,1,1,1,1,1,1,1,1,1,1,1
482098,1,1,33,22,18,35,0,10,29,9,12,14
482098,2,1,0,0,0,0,0,0,0,0,23,27
482098,3,1,0,10,15,0,0,0,7,17,0,21
482099,1,1,0,0,0,0,7,0,24,0,0,5
482100,1,1,0,0,0,0,0,0,0,0,0,0
482100,2,1,0,13,0,0,0,0,0,0,0,0
482101,1,1,0,0,0,0,0,0,0,0,0,0
482102,1,1,16,16,16,16,16,16,16,16,16,16
482103,1,1,0,0,0,0,0,0,8,0,13,0
482103,2,1,0,18,0,0,0,0,0,0,11,0
482104,1,1,0,0,0,0,0,0,0,0,0,0
482105,1,1,16,16,16,16,16,16,16,16,16,16
482105,2,1,10,10,10,10,10,10,10,10,10,10
482106,1,1,17,0,0,35,0,0,0,0,0,0
482107,1,1,0,0,0,0,0,0,0,0,0,0
482107,2,1,0,0,0,0,0,0,0,0,0,9
482108,0,1,0,0,0,0,0,0,0,0,0,0
482108,1,1,0,0,0,0,0,0,0,0,0,0
482109,1,1,10,10,10,10,10,10,10,10,10,10
482110,1,1,0,0,0,0,0,0,0,0,0,0
482111,0,1,0,0,0,0,0,0,0,0,0,0
482111,1,1,19,0,13,0,0,11,0,0,0,23
482112,1,1,0,0,0,30,0,0,0,27,0,0
482113,1,1,16,3,18,18,17,19,26,11,16,15
482114,1,1,0,0,10,0,0,12,8,0,0,0
482115,0,1,0,28,0,0,0,0,4,0,0,0
482115,1,1,0,0,0,0,16,0,0,0,0,0
482116,0,1,21,0,0,0,0,16,0,0,0,0
482116,1,1,0,0,0,0,0,0,0,0,0,0
482117,1,1,0,0,0,0,0,0,0,0,0,0
482117,2,1,0,0,0,0,0,0,0,0,0,0
482118,0,1,0,0,0,0,0,0,0,0,0,0
482118,1,1,0,0,0,0,0,0,0,0,0,0
482119,1,1,26,0,0,19,0,10,0,20,0,33
482120,0,1,0,0,0,0,0,0,0,0,0,0
482120,1,1,0,0,0,0,0,0,0,0,0,0
482121,1,1,0,0,0,0,0,0,0,0,0,0
482122,0,1,0,0,0,0,0,0,0,0,0,0
482122,1,1,20,21,0,0,0,0,0,0,0,0
482123,1,1,17,5,6,6,0,4,20,20,8,25
482124,1,1,0,0,0,0,0,0,0,0,0,0
482124,2,1,0,0,0,7,20,0,0,13,0,0
482125,1,1,0,20,22,9,14,14,0,0,27,0
482126,1,1,0,0,0,0,0,12,34,0,0,16
482127,1,1,0,0,0,0,0,0,0,0,8,0
482127,2,1,0,0,20,0,0,0,4,0,11,0
482128,0,1,0,0,21,0,0,17,34,0,0,19
482128,1,1,0,0,0,0,0,0,0,0,0,0
482129,1,1,17,17,17,17,17,17,17,17,17,17
482130,1,1,20,20,20,20,20,20,20,20,20,20
482130,2,1,0,0,0,0,0,0,0,0,0,0
482131,0,1,18,18,18,18,18,18,18,18,18,18
482131,1,1,0,0,0,11,0,0,14,13,0,0
482132,0,1,37,24,30,16,41,0,18,25,0,0
482132,1,1,0,15,0,0,0,33,0,0,0,12
482133,1,1,0,0,0,0,0,0,0,0,10,15
482133,2,1,0,0,0,0,0,0,15,0,24,0
482134,1,1,0,0,0,0,0,0,0,0,0,0
482134,2,1,0,0,0,0,0,0,0,0,0,0
482135,0,1,0,0,0,0,0,0,0,0,0,0
482135,1,1,0,0,0,0,0,0,0,0,0,0
482136,1,1,0,0,0,0,0,0,0,0,0,0
482136,2,1,26,0,17,0,0,0,0,0,0,8
482136,3,1,0,0,0,0,16,0,2,0,0,0
482137,1,1,0,0,0,0,0,0,0,0,0,0
482138,0,1,0,0,0,0,0,0,0,0,0,0
482138,0,2,0,34,0,0,0,40,0,0,9,0
482138,1,1,0,0,10,0,0,0,8,0,1,0
482139,0,1,0,0,0,0,0,0,0,0,0,0
482139,1,1,0,0,0,0,0,0,0,0,0,0
482140,1,1,0,0,0,0,0,0,0,0,0,0
482140,2,1,8,8,8,8,8,8,8,8,8,8
482141,1,1,31,23,0,0,0,0,0,0,0,0
482142,1,1,7,0,5,0,11,8,5,0,0,0
482142,2,1,0,0,10,0,0,30,0,0,0,0
482143,1,1,19,19,19,19,19,19,19,19,19,19
482144,1,1,11,11,11,11,11,11,11,11,11,11
482145,1,1,0,0,14,0,33,37,14,11,0,1
482146,1,1,0,0,0,0,0,0,0,0,0,0
482146,2,1,0,0,0,0,0,0,0,0,0,0
482147,0,1,0,0,0,0,0,0,0,0,0,0
482147,1,1,7,0,0,0,0,0,0,16,0,0
482148,1,1,0,0,0,0,0,0,0,0,0,0
482149,1,1,6,0,0,0,0,0,0,0,0,0
482149,2,1,20,10,0,0,0,0,0,0,0,0
482150,1,1,0,0,0,0,0,0,0,0,0,0
482150,2,1,0,0,0,0,0,0,0,0,0,0
482151,1,1,0,0,0,0,0,0,0,0,0,0
482152,1,1,0,0,0,0,0,0,0,0,5,0
482152,2,1,0,0,0,0,0,0,0,0,0,11
482152,3,1,0,0,0,0,0,0,0,0,0,0
482153,0,1,0,0,0,0,0,0,0,0,0,0
482153,1,1,0,0,0,0,10,0,0,18,0,0
482154,1,1,0,0,0,0,0,0,0,0,0,0
482155,1,1,12,0,28,10,0,0,0,23,0,26
482156,1,1,0,0,0,0,0,0,0,0,0,0
482156,2,1,0,20,0,0,0,0,0,0,0,0
482157,1,1,24,0,0,0,19,0,8,0,0,0
482157,2,1,0,0,0,0,15,0,4,0,0,30
482158,0,1,28,0,0,18,18,15,0,0,17,28
482158,0,2,0,0,0,0,0,0,0,0,0,0
482158,1,1,0,8,7,0,7,0,14,21,0,11
482159,1,1,0,0,4,0,0,11,0,0,0,0
482159,2,1,0,0,0,0,0,0,22,0,0,0
482160,0,1,0,19,0,0,23,36,0,6,0,0
482160,1,1,9,0,0,0,10,11,18,0,0,3
482161,0,1,0,0,0,0,0,0,0,0,0,0
482161,1,1,0,0,0,0,2,0,0,0,0,0
482162,1,1,0,0,0,0,0,0,0,0,0,0
482163,1,1,8,28,0,0,0,0,13,0,9,0
482163,2,1,5,3,21,11,0,6,3,7,9,0
482164,1,1,0,0,0,0,0,0,8,0,0,0
482164,2,1,0,0,0,0,0,0,0,0,0,0
482164,3,1,0,0,0,0,0,0,0,0,0,0
482164,4,1,0,0,0,0,0,0,0,0,0,0
482164,5,1,0,0,0,0,0,0,11,0,0,0
482164,6,1,0,0,0,0,0,0,0,0,0,0
482165,1,1,0,0,0,0,0,0,0,0,0,0
482166,1,1,17,17,17,17,17,17,17,17,17,17
482166,2,1,0,0,17,23,23,0,0,0,0,0
482167,1,1,18,0,0,0,18,0,0,0,0,0
482167,2,1,5,0,0,0,0,0,0,0,0,0
482167,3,1,0,16,0,0,0,0,10,0,0,0
482168,1,1,9,9,9,9,9,9,9,9,9,9
482169,1,1,5,5,5,5,5,5,5,5,5,5
482170,0,1,0,26,0,0,0,0,48,20,0,0
482170,1,1,22,22,17,0,27,0,18,17,0,2
482171,1,1,0,0,0,0,0,0,0,0,25,0
482171,2,1,0,0,0,0,5,11,16,0,0,0
482172,1,1,15,15,15,15,15,15,15,15,15,15
482173,1,1,8,0,0,0,25,0,0,0,25,18
482174,1,1,0,12,0,0,0,0,0,0,0,0
482174,2,1,0,6,15,0,0,0,0,0,0,0
482175,1,1,0,0,0,0,0,0,14,4,0,0
482177,1,1,0,2,0,0,4,0,0,7,9,12
482178,0,1,0,0,0,7,0,0,0,0,0,0
482178,1,1,0,13,0,4,0,0,0,0,0,0
482179,1,1,0,0,0,0,0,0,0,0,0,0
482179,2,1,0,0,0,0,0,0,0,0,9,13
482180,1,1,5,14,0,18,18,18,0,24,0,0
482181,0,1,0,0,0,0,0,0,0,0,0,0
482181,1,1,0,0,0,0,0,19,0,0,0,0
482182,1,1,0,0,0,0,0,0,0,0,0,0
482182,2,1,0,0,0,0,0,0,0,0,0,0
482183,1,1,0,0,0,0,0,0,0,0,0,0
482184,1,1,19,19,19,19,19,19,19,19,19,19
482184,2,1,13,0,7,11,7,12,13,0,13,27
482185,1,1,0,0,0,0,0,0,0,0,0,0
482186,1,1,0,15,9,0,0,12,31,26,0,0
482187,1,1,7,0,13,0,22,0,0,19,0,0
482188,1,1,16,16,16,16,16,16,16,16,16,16
482189,1,1,14,14,14,14,14,14,14,14,14,14
482189,2,1,0,0,11,0,0,0,0,10,2,0
482190,0,1,6,21,0,17,14,0,15,12,0,0
482190,1,1,0,0,0,0,17,0,0,0,0,0
482191,1,1,24,24,24,24,24,24,24,24,24,24
482192,1,1,0,0,0,0,0,0,0,0,0,0
482192,2,1,13,0,0,0,0,0,0,0,0,0
482192,3,1,0,0,0,0,0,0,0,0,0,0
482192,4,1,0,0,0,0,0,0,0,0,0,0
482192,5,1,0,0,0,12,0,0,0,0,0,18
482193,1,1,0,0,23,0,0,0,0,16,0,0
482193,2,1,0,6,0,0,0,5,0,0,0,0
482194,1,1,0,15,9,5,0,0,16,11,0,10
482195,1,1,25,10,3,19,23,12,17,3,20,17
482196,0,1,0,5,0,22,11,5,0,0,0,12
482196,1,1,13,0,9,5,8,0,8,0,0,0
482196,2,1,0,0,0,0,0,0,4,0,0,0
482197,1,1,12,12,12,12,12,12,12,12,12,12
482198,1,1,0,0,0,0,0,0,19,0,0,0
482198,2,1,0,0,0,0,0,0,0,0,0,0
482199,1,1,0,0,0,0,0,0,0,0,0,0
482199,2,1,0,0,0,0,0,0,0,0,0,0
482200,1,1,0,0,0,5,0,0,0,0,0,0
482200,2,1,0,0,0,0,0,0,0,0,0,0
482201,1,1,16,0,0,0,0,6,16,0,0,0
482202,0,1,0,0,0,0,0,0,0,0,0,0
482202,1,1,0,0,0,7,13,0,0,0,21,3
482203,1,1,0,0,0,0,0,0,0,0,0,0
482203,2,1,0,0,0,0,0,0,0,0,0,0
482204,1,1,0,0,0,0,0,0,0,0,0,0
482204,2,1,0,20,0,18,0,0,8,0,0,20
482205,1,1,17,17,17,17,17,17,17,17,17,17
482206,1,1,0,30,4,0,0,0,0,0,0,0
482207,1,1,0,0,0,0,0,0,0,0,0,0
482207,2,1,0,0,0,0,0,0,0,0,0,0
482208,1,1,0,0,0,0,0,0,0,9,6,19
482208,2,1,0,0,18,0,0,15,0,0,0,0
482209,0,1,21,37,0,0,0,5,8,12,0,0
482209,1,1,0,8,0,0,0,0,0,25,0,0
482210,1,1,0,0,21,0,0,0,0,0,0,39
482210,2,1,18,0,0,0,0,0,0,0,0,0
482211,1,1,18,18,18,18,18,18,18,18,18,18
482212,1,1,18,18,18,18,18,18,18,18,18,18
482213,1,1,0,0,0,0,0,0,0,0,0,0
482213,2,1,0,0,0,0,0,0,0,0,0,0
482214,0,1,18,16,9,20,17,21,0,13,0,30
482214,1,1,0,10,31,20,0,0,13,0,0,0
482215,1,1,23,0,0,16,12,8,8,16,23,0
482215,2,1,0,0,0,0,0,0,0,5,0,0
482216,1,1,0,0,0,0,0,0,0,0,0,0
482216,2,1,0,16,0,0,0,20,0,14,0,0
482217,0,1,0,0,0,0,0,24,0,0,0,0
482217,1,1,26,0,0,0,0,0,0,0,20,0
482218,0,1,39,39,39,39,39,39,39,39,39,39
482218,1,1,0,0,0,0,17,22,0,0,4,13
482219,1,1,0,0,0,0,0,25,0,0,0,0
482220,1,1,0,0,0,0,0,0,0,0,0,0
482221,1,1,0,0,0,0,0,0,0,0,0,0
482221,2,1,0,0,0,0,0,0,0,0,0,0
482222,1,1,0,0,21,0,29,13,51,18,0,14
482223,0,1,0,0,0,9,10,34,0,26,0,0
482223,1,1,0,8,0,0,0,0,0,20,6,0
482224,1,1,0,28,0,0,15,0,0,0,8,0
482224,2,1,0,0,0,0,26,0,0,0,0,7
482225,0,1,0,19,0,0,50,11,0,6,0,5
482225,0,2,0,0,40,20,0,0,0,35,26,38
482225,1,1,0,17,0,0,0,0,11,0,7,7
482226,1,1,12,12,12,12,12,12,12,12,12,12
482227,0,1,0,0,0,0,0,0,0,0,0,0
482227,1,1,0,0,0,0,0,18,0,0,0,0
482228,1,1,23,25,6,7,24,5,8,15,28,25
482229,1,1,17,23,21,8,7,0,18,19,8,9
482229,2,1,0,0,0,0,23,0,12,0,20,0
482230,0,1,0,0,0,0,0,0,0,0,0,0
482230,1,1,0,0,0,9,0,0,0,0,0,0
482231,1,1,0,0,23,11,17,0,37,0,22,20
482232,1,1,9,0,15,11,30,0,0,0,15,20
482233,1,1,23,0,0,0,0,9,0,15,0,16
482233,2,1,0,0,0,0,0,0,0,0,0,0
482234,1,1,0,0,0,0,0,0,0,0,0,0
482235,1,1,18,27,0,0,12,0,28,0,13,0
482236,1,1,19,18,9,0,0,0,13,0,14,0
482237,1,1,1,1,1,1,1,1,1,1,1,1
482237,2,1,0,7,9,4,22,21,7,4,21,8
482238,1,1,0,0,0,0,0,0,12,10,21,0
482239,1,1,13,0,30,13,0,0,8,0,0,0
482240,1,1,21,21,21,21,21,21,21,21,21,21
482241,0,1,19,15,0,28,0,37,0,0,28,0
482241,1,1,14,14,14,14,14,14,14,14,14,14
482242,1,1,0,19,0,0,0,0,15,7,13,0
482243,0,1,0,7,16,0,0,0,0,0,0,27
482243,1,1,22,25,5,7,9,10,18,24,0,12
482244,0,1,0,0,0,0,0,0,0,0,0,0
482244,0,2,0,0,0,0,0,0,0,0,22,0
482244,1,1,0,16,0,7,0,0,0,0,0,0
482245,0,1,19,0,0,0,0,20,21,10,0,0
482245,1,1,0,0,0,0,0,0,0,0,0,0
482246,0,1,0,0,0,0,0,0,0,0,0,0
482246,1,1,0,0,0,3,0,0,0,0,0,0
482247,1,1,0,0,0,0,0,0,0,0,0,0
482247,2,1,0,0,0,0,0,0,0,0,0,21
482248,1,1,12,18,11,18,32,26,28,13,16,0
482248,2,1,0,29,0,0,27,0,10,0,34,0
482248,3,1,0,0,15,0,0,0,10,0,0,0
482249,1,1,0,0,0,0,0,0,0,0,17,0
482249,2,1,0,0,0,0,0,0,0,0,0,0
482249,3,1,0,0,0,0,0,0,0,16,0,0
482249,4,1,0,0,0,0,0,0,0,0,0,0
482249,5,1,0,0,0,0,0,0,0,0,0,0
482250,1,1,0,0,0,0,0,0,0,0,0,0
482250,2,1,0,12,0,0,0,0,6,0,0,0
482251,1,1,0,23,20,15,17,0,0,0,0,11
482251,2,1,14,17,0,11,0,18,9,18,0,0
482252,1,1,14,14,14,14,14,14,14,14,14,14
482253,0,1,0,21,0,0,31,0,12,31,0,23
482253,1,1,0,0,3,33,0,25,31,0,0,0
482253,3,1,0,26,0,0,0,42,12,20,19,0
482254,1,1,0,16,0,0,0,0,0,0,0,0
482254,2,1,0,0,0,0,0,0,11,0,0,0
482255,1,1,0,24,17,11,0,0,0,0,0,14
482256,1,1,0,0,0,0,0,0,0,0,0,0
482256,2,1,0,0,0,20,0,0,0,0,0,0
482257,1,1,10,10,10,10,10,10,10,10,10,10
482258,1,1,15,19,0,30,0,0,0,0,0,0
482258,2,1,0,0,0,0,0,0,15,20,27,0
482258,3,1,0,0,0,0,5,0,16,0,12,0
482259,1,1,0,0,0,12,27,0,3,23,0,0
482260,1,1,18,19,17,9,13,10,18,6,16,13
482260,2,1,19,31,10,8,27,15,15,20,17,0
482262,0,1,0,0,0,0,0,0,0,0,0,33
482262,1,1,0,0,0,9,0,0,0,0,0,16
482263,1,1,0,0,0,0,0,0,0,0,0,0
482263,2,1,0,0,0,30,0,0,0,0,0,0
482264,0,1,27,0,0,0,0,30,0,0,0,0
482264,1,1,0,9,0,0,0,0,0,0,0,0
482265,0,1,0,22,18,0,13,0,0,0,18,17
482265,0,2,0,35,0,0,0,0,15,0,0,0
482265,1,1,0,0,0,0,0,0,0,0,0,0
482266,0,1,22,0,6,19,0,18,0,7,49,38
482266,1,1,0,0,0,0,0,20,0,0,6,5
482266,2,1,0,0,0,0,16,6,0,0,0,0
482267,1,1,0,9,0,0,10,0,0,0,0,0
482267,2,1,0,0,0,0,0,0,0,5,20,0
482268,1,1,10,0,0,0,6,41,32,0,16,14
482268,2,1,4,0,10,12,9,17,18,13,20,0
482268,3,1,0,0,19,0,17,5,0,0,5,31
482269,1,1,10,10,10,10,10,10,10,10,10,10
482271,1,1,10,10,10,10,10,10,10,10,10,10
482271,2,1,0,0,0,0,0,22,20,0,35,15
482271,3,1,5,0,0,21,0,0,0,27,0,0
482272,1,1,0,0,0,0,0,0,0,0,0,0
482272,2,1,0,0,0,0,0,17,0,0,0,0
482272,3,1,0,0,0,0,0,0,0,0,0,0
482272,4,1,0,0,0,0,0,0,0,0,0,0
482273,0,1,15,12,0,0,22,21,14,14,15,0
482273,0,2,0,17,7,0,11,15,0,20,0,8
482273,1,1,20,0,13,0,0,0,9,8,0,16
482273,2,1,0,5,0,0,16,0,0,0,13,0
482274,1,1,0,0,0,0,0,14,0,0,16,20
482275,1,1,0,0,0,0,0,0,0,0,0,0
482275,2,1,0,0,0,0,0,0,0,0,0,0
482275,3,1,18,0,0,20,17,11,0,0,0,14
482275,4,1,26,0,0,34,11,0,0,4,12,0
482275,5,1,0,2,0,9,13,0,0,34,16,0
482276,1,1,0,0,0,0,0,0,0,0,0,0
482276,2,1,0,0,0,0,0,0,0,0,5,0
482277,1,1,0,22,0,0,0,0,0,0,0,0
482278,1,1,19,19,19,19,19,19,19,19,19,19
482279,1,1,0,0,0,0,0,0,0,0,0,0
482279,2,1,0,0,0,0,0,0,0,0,0,0
482279,3,1,0,0,0,0,0,0,0,0,0,0
482280,0,1,2,2,2,2,2,2,2,2,2,2
482280,1,1,0,0,0,0,0,0,0,0,0,1
482281,0,1,0,0,0,0,0,0,0,0,0,0
482281,1,1,0,0,0,0,0,0,0,0,0,0
482282,0,1,0,0,0,0,0,0,0,0,0,0
482282,1,1,10,9,30,0,0,0,5,13,0,9
482283,1,1,0,0,0,0,0,0,0,0,0,0
482284,1,1,7,0,0,0,9,0,0,0,0,0
482284,2,1,0,15,8,11,11,0,0,8,0,0
482285,1,1,0,0,0,0,0,0,6,0,16,0
482285,2,1,0,0,0,0,0,0,0,0,0,0
482286,1,1,16,16,16,16,16,16,16,16,16,16
482287,1,1,0,0,0,0,0,0,0,0,0,0
482287,2,1,19,0,0,0,0,0,0,0,0,0
482288,1,1,0,0,0,0,0,0,0,0,0,0
482288,2,1,0,0,0,0,0,0,0,0,0,0
482289,1,1,0,0,0,0,0,0,0,0,8,0
482289,2,1,21,0,0,0,0,16,0,0,0,0
482290,1,1,7,0,6,0,26,0,0,0,8,14
482290,2,1,0,0,0,0,0,0,0,0,0,0
482291,1,1,27,17,20,21,21,18,31,28,14,18
482292,1,1,0,0,0,0,0,0,0,0,0,0
482294,0,1,0,0,0,0,0,0,0,0,0,0
482294,1,1,0,0,0,0,0,0,30,0,0,0
482295,1,1,24,24,24,24,24,24,24,24,24,24
482296,1,1,0,0,0,0,0,0,0,12,9,0
482297,1,1,10,10,10,10,10,10,10,10,10,10
482298,1,1,24,31,0,20,17,32,0,22,22,9
482299,1,1,0,0,0,0,0,0,0,0,0,0
482300,1,1,0,0,0,17,14,0,11,0,0,0
482300,2,1,0,0,0,0,0,0,20,15,12,0
482301,1,1,0,0,0,0,11,0,0,0,0,0
482301,2,1,0,0,0,0,0,0,0,0,0,0
482302,1,1,7,7,7,7,7,7,7,7,7,7
482303,1,1,0,0,0,0,0,14,16,0,0,0
482303,2,1,0,0,37,15,0,0,0,0,0,0
482305,1,1,0,0,0,0,0,0,0,0,0,0
482305,2,1,0,0,0,0,0,0,0,0,0,0
482306,1,1,10,1,0,6,0,0,0,0,9,0
482306,2,1,0,0,0,0,0,0,22,0,0,18
482306,3,1,0,0,0,0,0,7,0,11,0,0
482307,1,1,11,14,0,25,13,14,0,16,0,0
482308,1,1,0,0,0,0,0,0,0,0,0,7
482308,2,1,0,12,0,12,11,0,0,0,21,0
482309,0,1,0,0,0,0,0,0,0,20,0,22
482309,1,1,0,0,0,0,0,0,0,0,0,0
482310,1,1,28,28,28,28,28,28,28,28,28,28
482311,1,1,0,0,0,0,0,33,0,0,0,0
482312,1,1,19,38,24,34,29,23,3,9,20,14
482313,0,1,0,0,0,0,0,0,0,0,30,0
482313,1,1,5,0,0,0,0,0,0,0,0,0
482314,1,1,0,0,0,0,0,0,0,0,0,0
482314,2,1,0,0,0,0,0,0,0,0,0,0
482315,1,1,0,11,0,13,3,30,13,0,0,0
482315,2,1,8,11,0,0,0,3,4,14,0,16