ST_CASE,VEH_NO,PER_NO,P1,P2,P3,P4,P5,P6,P7,P8,P9,P10
483177,1,1,0,0,7,0,3,0,5,0,0,0
483177,2,1,0,12,0,0,0,0,0,0,0,0
483178,0,1,0,21,0,0,0,26,0,18,33,0
483178,1,1,0,0,0,0,0,0,0,0,0,0
483179,1,1,0,0,0,16,23,0,0,11,0,0
483179,2,1,0,0,0,0,0,0,0,0,0,0
483180,0,1,0,21,0,25,9,22,31,17,0,0
483180,1,1,0,0,0,17,13,5,8,0,12,5
483181,0,1,8,19,0,35,0,0,0,0,0,0
483181,1,1,0,0,0,0,19,0,0,0,0,0
483182,1,1,18,18,18,18,18,18,18,18,18,18
483183,1,1,24,24,24,24,24,24,24,24,24,24
483183,2,1,0,0,0,0,0,0,0,0,5,0
483184,0,1,14,14,0,21,16,18,0,0,12,22
483184,1,1,11,9,15,18,14,18,0,12,24,9
483184,2,1,0,0,22,0,0,0,0,0,0,0
483184,3,1,0,0,0,38,27,0,19,0,0,0
483185,0,1,0,0,0,0,0,0,0,14,0,28
483185,0,2,6,0,0,0,0,7,0,0,0,0
483185,1,1,0,7,7,26,8,10,3,8,22,0
483186,0,1,20,0,18,0,0,14,30,26,0,0
483186,1,1,0,10,0,0,0,26,0,0,0,27
483187,1,1,22,22,22,22,22,22,22,22,22,22
483188,0,1,0,0,0,0,0,0,0,0,0,0
483188,1,1,0,0,0,0,0,0,0,15,0,0
483189,1,1,0,0,0,0,0,0,0,0,0,0
483189,2,1,0,0,0,0,0,0,0,0,0,0
483190,1,1,0,0,0,0,0,0,0,0,0,0
483190,2,1,0,0,0,0,0,0,0,0,0,0
483190,3,1,17,0,0,0,0,0,0,0,0,0
483191,1,1,6,28,0,0,0,0,13,11,0,0
483192,0,1,36,0,0,0,14,36,0,27,0,0
483192,1,1,0,8,0,0,0,0,0,0,0,0
483193,1,1,3,20,13,6,19,11,17,22,9,12
483194,1,1,20,20,20,20,20,20,20,20,20,20
483194,2,1,0,0,0,0,0,0,0,0,0,0
483195,0,1,13,0,0,0,0,0,0,5,29,0
483195,1,1,0,0,0,0,0,0,0,0,0,0
483196,0,1,35,0,48,0,0,0,0,34,18,6
483196,1,1,0,0,0,0,0,0,11,0,0,0
483196,2,1,25,30,0,0,0,0,0,29,0,9
483197,1,1,22,22,22,22,22,22,22,22,22,22
483197,2,1,0,0,0,0,0,0,0,0,0,0
483198,0,1,0,0,3,0,0,0,0,42,0,0
483198,1,1,0,0,0,0,0,0,0,0,0,0
483199,1,1,0,22,0,0,0,0,21,0,0,0
483199,2,1,0,0,14,13,0,0,19,0,0,30
483200,1,1,0,0,0,0,0,0,0,0,0,0
483200,2,1,7,0,0,0,2,0,0,3,0,0
483201,1,1,32,25,0,0,35,16,0,0,30,0
483202,1,1,0,0,0,0,0,0,0,0,0,0
483203,1,1,4,23,0,29,0,22,0,16,11,12
483204,1,1,24,13,0,0,0,0,0,0,0,0
483204,2,1,7,0,0,0,0,0,0,0,0,0
483205,0,1,0,0,0,26,0,13,0,0,0,18
483205,1,1,0,0,5,0,9,11,0,12,0,0
483205,2,1,0,0,0,0,9,0,11,22,0,0
483206,1,1,17,5,10,18,26,10,39,9,7,15
483206,2,1,19,0,0,0,0,0,0,0,0,0
483206,3,1,0,0,0,0,13,0,10,0,0,0
483206,4,1,0,0,0,10,12,0,0,0,0,0
483207,1,1,0,0,0,0,0,0,0,13,0,0
483207,2,1,0,0,0,0,0,0,0,0,12,0
483208,1,1,0,0,0,0,0,0,0,0,0,0
483208,2,1,25,0,0,0,0,0,0,0,0,0
483208,3,1,0,0,0,0,0,9,0,0,0,0
483209,1,1,31,22,35,19,10,22,11,0,11,19
483210,1,1,0,9,0,6,0,19,0,0,0,0
483210,2,1,0,0,0,0,0,11,0,0,0,0
483211,0,1,16,16,16,16,16,16,16,16,16,16
483211,1,1,17,21,0,0,20,6,0,0,0,0
483212,1,1,0,0,19,4,19,0,30,15,0,0
483212,2,1,16,6,0,29,15,5,12,16,0,0
483212,3,1,0,0,24,0,0,0,0,0,24,0
483212,4,1,9,0,0,0,0,0,0,8,0,0
483213,1,1,11,6,16,28,38,21,19,10,7,16
483214,1,1,32,32,32,32,32,32,32,32,32,32
483215,1,1,0,0,0,0,0,0,0,0,0,0
483216,1,1,0,0,0,0,0,0,0,0,0,0
483217,1,1,0,0,0,0,0,0,0,0,0,0
483217,2,1,0,0,17,0,20,0,0,0,0,0
483218,1,1,0,0,0,0,10,0,0,0,0,21
483218,2,1,0,0,16,0,0,0,0,0,17,0
483219,1,1,24,24,24,24,24,24,24,24,24,24
483220,1,1,6,30,21,21,17,6,30,23,28,17
483221,1,1,0,0,10,23,17,0,0,0,0,0
483221,2,1,0,9,26,12,0,8,0,0,10,0
483222,1,1,0,31,7,0,0,14,16,0,0,0
483223,1,1,0,0,0,0,0,0,0,0,0,0
483223,2,1,0,0,13,0,0,0,12,0,0,0
483223,3,1,0,0,0,0,0,0,0,0,0,0
483224,1,1,0,0,0,0,0,24,0,0,0,0
483224,2,1,12,0,0,0,0,11,0,18,0,0
483225,1,1,19,19,19,19,19,19,19,19,19,19
483225,2,1,0,13,0,0,21,0,8,0,0,0
483226,1,1,21,21,21,21,21,21,21,21,21,21
483227,1,1,33,0,0,13,0,0,0,0,0,0
483227,2,1,0,0,0,0,0,14,0,0,0,0
483228,1,1,21,21,21,21,21,21,21,21,21,21
483229,1,1,0,9,33,38,0,0,0,0,0,0
483230,1,1,17,17,17,17,17,17,17,17,17,17
483230,2,1,0,15,12,0,0,0,0,15,12,0
483231,1,1,0,11,0,16,0,0,0,0,0,0
483231,2,1,24,8,12,8,20,0,6,20,0,0
483232,1,1,0,0,0,0,0,0,0,0,0,0
483232,2,1,0,0,21,0,0,0,0,0,0,0
483233,0,1,0,0,0,0,0,0,0,0,0,9
483233,1,1,8,5,0,0,20,5,6,0,0,0
483234,1,1,0,0,0,0,0,0,0,0,0,0
483234,2,1,0,0,0,0,0,0,19,13,0,11
483235,1,1,0,13,0,0,0,14,0,0,13,0
483235,2,1,50,34,15,0,0,24,13,0,0,0
483236,0,1,32,32,32,32,32,32,32,32,32,32
483236,1,1,18,0,0,0,13,0,0,0,0,0
483237,0,1,0,0,0,6,6,33,19,0,0,34
483237,0,2,0,0,28,0,0,0,0,0,0,32
483237,0,3,15,0,0,0,0,0,26,0,0,0
483237,0,4,0,0,30,0,0,0,0,0,0,0
483237,1,1,0,0,0,0,25,11,0,0,0,0
483238,1,1,0,0,3,4,0,0,0,0,10,0
483239,1,1,34,33,11,21,10,0,0,0,13,0
483240,1,1,0,0,0,0,0,0,0,0,0,0
483240,2,1,12,20,27,16,0,0,0,0,0,0
483241,1,1,23,0,0,0,10,0,0,0,0,0
483241,2,1,0,0,0,37,13,0,0,0,0,0
483241,3,1,0,0,0,0,0,0,6,0,0,0
483242,1,1,14,11,0,0,12,8,0,7,1,6
483243,1,1,20,20,20,20,20,20,20,20,20,20
483244,1,1,0,0,0,0,0,0,10,0,0,0
483244,2,1,0,0,8,0,0,11,0,0,0,0
483245,1,1,0,0,0,0,0,0,0,0,0,0
483245,2,1,12,23,5,25,0,0,0,0,0,0
483246,1,1,0,0,0,0,0,0,0,0,0,0
483246,2,1,0,0,0,0,0,0,0,0,0,0
483246,3,1,18,0,0,0,0,0,0,0,0,0
483246,4,1,0,0,0,0,6,0,0,0,0,0
483246,5,1,0,0,0,10,0,0,0,0,0,0
483247,0,1,0,0,24,0,0,0,0,0,0,0
483247,1,1,24,20,0,0,0,0,0,0,0,0
483248,1,1,0,0,10,0,0,0,0,0,0,14
483249,0,1,23,23,23,23,23,23,23,23,23,23
483249,1,1,0,0,0,0,0,0,0,0,0,0
483250,1,1,0,0,12,0,0,0,0,0,0,0
483250,2,1,0,0,0,0,0,0,0,0,0,0
483251,1,1,17,17,17,17,17,17,17,17,17,17
483251,2,1,0,0,0,0,0,18,0,0,14,0
483251,3,1,0,0,0,0,0,0,0,0,0,0
483252,1,1,0,0,12,0,0,0,0,0,0,0
483252,2,1,11,0,0,0,0,11,0,0,11,0
483253,1,1,0,19,26,0,0,29,0,0,0,19
483253,2,1,15,0,9,24,0,0,0,0,14,0
483253,3,1,23,0,9,0,17,26,9,9,20,0
483254,1,1,0,0,0,21,0,0,6,0,0,0
483255,0,1,0,27,0,0,22,0,0,0,25,0
483255,1,1,0,0,0,0,0,0,0,0,0,3
483256,1,1,0,0,0,0,0,0,0,0,0,0
483256,2,1,6,6,6,6,6,6,6,6,6,6
483257,1,1,0,0,0,0,0,0,0,0,0,0
483257,2,1,0,0,0,0,0,0,0,0,0,7
483258,0,1,0,0,17,0,21,0,0,5,0,7
483258,1,1,11,11,11,11,11,11,11,11,11,11
483259,1,1,0,0,0,0,0,0,0,0,0,0
483259,2,1,0,0,0,0,0,0,0,0,0,0
483260,0,1,0,0,30,14,0,0,0,0,0,0
483260,1,1,0,0,0,0,0,0,0,0,0,0
483261,1,1,14,0,0,0,0,14,20,0,0,0
483261,2,1,20,0,15,0,0,14,0,0,0,0
483262,1,1,33,0,0,0,20,0,0,0,0,0
483262,2,1,0,0,0,0,0,0,16,0,0,0
483262,3,1,0,0,0,19,0,0,0,0,0,17
483263,1,1,0,0,0,0,0,0,0,0,0,0
483263,2,1,0,0,18,0,0,0,0,0,0,0
483263,3,1,0,0,0,0,0,0,0,0,9,0
483264,1,1,0,0,0,22,0,0,0,0,0,14
483264,2,1,0,0,0,0,0,0,0,0,0,0
483265,1,1,0,0,0,7,0,0,0,0,0,0
483265,2,1,0,0,0,0,0,0,0,0,0,0
483266,1,1,0,0,0,0,0,0,0,0,0,0
483267,1,1,6,0,0,0,0,0,0,35,0,0
483268,1,1,8,9,6,19,21,15,9,36,11,14
483269,1,1,19,0,0,0,9,5,0,7,0,0
483269,2,1,0,0,14,0,0,0,11,0,0,23
483270,1,1,29,0,18,0,0,17,0,0,0,1
483271,1,1,15,15,15,15,15,15,15,15,15,15
483272,1,1,24,24,24,24,24,24,24,24,24,24
483272,2,1,0,0,0,0,0,0,0,0,0,0
483273,1,1,14,0,0,0,0,0,0,0,0,0
483274,0,1,26,26,26,26,26,26,26,26,26,26
483274,1,1,0,0,0,0,0,0,0,0,0,0
483275,0,1,0,14,0,0,0,25,0,0,27,13
483275,1,1,5,0,0,0,0,0,0,0,0,0
483276,1,1,14,8,38,28,28,28,13,21,0,17
483276,2,1,20,0,14,4,0,5,20,0,0,0
483276,3,1,0,0,6,0,0,0,0,0,0,0
483277,1,1,0,0,10,3,0,0,0,0,0,0
483277,2,1,0,0,0,0,0,0,0,0,0,0
483278,0,1,0,0,0,0,0,0,0,0,0,0
483278,1,1,6,10,10,0,0,16,0,0,0,18
483279,1,1,0,0,0,0,14,0,0,0,11,20
483280,1,1,16,0,0,39,14,27,23,21,0,0
483281,1,1,0,0,0,0,0,0,0,0,0,0
483282,1,1,19,0,9,0,26,0,0,0,12,24
483283,1,1,22,22,22,22,22,22,22,22,22,22
483284,1,1,0,0,31,0,0,0,0,0,0,0
483284,2,1,12,0,0,0,0,0,0,0,0,0
483285,1,1,0,0,0,0,18,0,0,0,14,0
483286,1,1,8,8,8,8,8,8,8,8,8,8
483287,1,1,9,0,0,0,14,2,0,14,0,0
483288,1,1,0,0,0,0,0,0,0,0,0,0
483288,2,1,0,0,10,0,0,0,0,0,0,0
483289,0,1,24,24,24,24,24,24,24,24,24,24
483289,1,1,0,0,23,0,0,4,38,0,0,0
483290,1,1,0,18,0,10,0,0,0,0,0,13
483291,1,1,10,0,23,0,0,8,0,0,0,0
483292,1,1,11,0,14,0,0,34,0,0,0,0
483292,2,1,0,0,0,0,0,0,13,0,0,27
483292,3,1,0,0,0,0,2,0,0,0,0,0
483294,1,1,0,0,0,0,0,0,0,0,15,0
483294,2,1,0,0,0,0,0,0,0,0,0,0
483295,1,1,15,15,15,15,15,15,15,15,15,15
483296,1,1,0,0,0,0,39,18,0,0,0,0
483297,1,1,0,19,0,0,0,41,16,30,0,0
483297,2,1,6,22,0,0,0,21,17,0,0,0
483298,1,1,28,28,28,28,28,28,28,28,28,28
483298,2,1,0,8,12,0,0,13,0,17,12,12
483299,1,1,0,0,15,0,0,0,0,0,19,0
483300,1,1,0,0,0,0,0,0,0,0,0,0
483300,2,1,0,0,0,0,0,0,21,0,0,10
483301,1,1,0,0,0,0,0,0,0,0,0,0
483302,1,1,0,0,0,0,0,0,0,0,0,0
483302,2,1,0,0,0,0,0,0,0,0,0,0
483303,1,1,0,0,0,0,0,0,0,0,0,0
483303,2,1,0,0,0,0,0,0,0,0,0,0
483304,1,1,0,0,0,0,0,0,5,0,0,0
483304,2,1,0,0,0,0,0,0,0,0,0,0
483305,0,1,0,0,0,0,0,0,0,0,0,0
483305,1,1,0,0,0,0,21,17,0,0,0,0
483306,1,1,0,0,0,0,0,30,7,0,8,0
483306,2,1,0,21,0,21,18,18,19,0,0,0
483307,0,1,0,0,0,0,0,0,0,0,0,0
483307,1,1,0,0,0,0,0,0,0,0,0,0
483307,3,1,0,0,0,0,0,0,0,0,0,0
483308,1,1,11,11,11,11,11,11,11,11,11,11
483309,1,1,19,19,19,19,19,19,19,19,19,19
483310,1,1,15,0,0,0,0,0,29,0,0,0
483310,2,1,0,0,13,0,0,0,0,0,0,30
483311,1,1,0,0,0,0,0,0,0,0,0,0
483311,2,1,0,0,0,0,0,0,0,0,0,0
483312,1,1,0,26,0,0,0,0,0,0,0,0
483312,2,1,0,0,0,0,0,0,0,28,0,13
483313,0,1,0,0,0,34,16,0,20,0,11,16
483313,1,1,0,0,0,0,5,19,21,13,0,0
483314,1,1,21,21,21,21,21,21,21,21,21,21
483314,2,1,0,0,0,7,0,0,25,0,14,18
483315,1,1,0,0,11,0,12,0,0,0,12,14
483315,2,1,0,0,0,0,0,0,0,0,0,0
483315,3,1,0,0,0,0,0,0,0,0,0,0
483316,1,1,0,0,0,0,0,0,0,0,0,0
483316,2,1,0,13,0,0,6,0,17,13,0,0
483316,3,1,4,0,0,0,12,0,0,16,0,0
483317,1,1,0,0,0,0,0,0,0,11,0,0
483317,2,1,10,0,20,0,27,0,0,0,7,25
483317,3,1,18,8,21,12,5,12,16,20,24,21
483318,1,1,0,0,0,20,0,0,0,0,0,0
483318,2,1,0,0,5,5,0,26,9,0,24,0
483319,0,1,0,0,0,0,0,0,0,0,0,0
483319,1,1,0,0,0,0,0,0,0,0,0,0
483320,1,1,0,0,0,0,0,25,0,0,0,7
483320,2,1,2,2,2,2,2,2,2,2,2,2
483321,1,1,0,0,0,0,14,22,15,0,0,0
483322,0,1,8,0,0,0,24,0,24,22,0,0
483322,1,1,0,0,0,0,0,0,4,0,0,0
483323,1,1,0,21,14,0,14,0,0,12,0,0
483323,2,1,0,0,7,0,0,0,4,0,11,0
483323,3,1,0,0,12,0,0,6,0,0,0,0
483324,1,1,9,9,9,9,9,9,9,9,9,9
483325,1,1,0,0,0,0,0,0,0,0,0,0
483326,1,1,0,7,0,0,11,0,7,17,0,0
483326,2,1,0,0,11,0,0,0,0,25,0,6
483326,3,1,12,23,0,14,22,14,33,11,0,9
483327,1,1,9,0,37,0,11,0,15,6,0,22
483328,0,1,10,0,18,35,15,0,18,5,15,20
483328,1,1,0,0,0,20,0,5,0,15,0,0
483329,0,1,0,0,29,0,19,0,0,0,0,18
483329,1,1,0,0,0,7,10,0,0,5,0,13
483330,1,1,0,0,0,0,0,0,0,0,0,0
483331,1,1,0,7,23,12,0,0,26,0,23,3
483332,1,1,0,0,0,0,0,0,0,0,0,0
483332,2,1,0,0,0,19,10,26,16,22,0,0
483332,3,1,20,0,0,0,0,0,0,0,0,0
483333,0,1,0,0,0,0,9,0,0,0,35,36
483333,1,1,0,0,0,0,0,0,0,0,0,9
483334,1,1,0,0,0,0,0,0,0,0,0,0
483335,0,1,0,0,0,0,20,0,0,0,0,0
483335,1,1,0,0,0,0,0,0,0,0,0,0
483335,2,1,0,16,0,0,0,0,0,0,0,10
483336,1,1,0,14,0,0,0,0,0,0,0,0
483336,2,1,0,0,0,0,0,0,0,0,0,0
483337,1,1,0,0,0,46,0,14,25,21,0,54
483337,2,1,0,0,12,0,0,14,0,0,4,9
483338,1,1,22,0,28,23,0,6,36,20,16,19
483338,2,1,0,13,0,0,0,0,0,0,0,33
483339,1,1,0,0,0,0,0,0,0,0,0,0
483339,2,1,0,0,0,0,0,0,0,0,0,0
483340,1,1,15,15,15,15,15,15,15,15,15,15
483341,1,1,0,0,0,0,17,0,10,19,0,9
483342,1,1,12,0,23,8,9,16,3,17,9,7
483342,2,1,0,0,15,0,0,0,16,0,0,0
483343,1,1,5,5,5,5,5,5,5,5,5,5
483344,0,1,0,0,0,0,0,0,0,0,0,0
483344,1,1,0,0,0,0,0,0,0,0,0,6
483345,1,1,20,20,20,20,20,20,20,20,20,20
483346,1,1,0,0,22,0,0,0,0,0,2,0
483346,2,1,0,0,10,0,3,0,0,0,7,0
483347,1,1,11,11,11,11,11,11,11,11,11,11
483348,0,1,0,18,28,0,0,0,3,28,0,0
483348,0,2,14,29,0,0,0,0,34,0,0,16
483348,0,3,0,0,12,0,0,0,0,16,7,0
483348,1,1,0,0,0,0,0,0,0,0,0,0
483349,1,1,0,0,0,0,0,4,0,0,0,0
483349,2,1,0,0,0,0,0,0,0,0,0,0
483350,0,1,0,0,10,15,0,35,0,38,16,20
483350,1,1,0,0,0,0,0,0,0,0,16,0
483350,2,1,0,0,15,21,0,0,0,0,0,0
483350,3,1,0,0,0,0,0,0,0,0,0,0
483351,0,1,0,0,0,0,0,0,0,0,0,0
483351,1,1,0,0,0,0,0,0,0,0,0,0
483352,0,1,21,21,21,21,21,21,21,21,21,21
483352,1,1,19,0,0,9,0,14,31,31,0,0
483353,0,1,0,0,0,0,0,0,0,0,0,0
483353,1,1,0,0,0,12,0,0,0,0,0,0
483354,1,1,8,0,14,0,0,0,0,0,0,8
483355,0,1,0,9,19,21,12,25,27,13,17,2
483355,1,1,0,0,0,5,0,0,0,0,0,0
483356,1,1,0,0,0,0,0,0,0,0,0,0
483356,2,1,0,0,0,0,0,0,0,0,0,0
483357,1,1,13,0,0,0,0,0,0,0,0,0
483357,2,1,0,0,0,0,0,0,0,0,0,0
483357,3,1,15,0,16,0,0,0,0,0,0,0
483358,0,1,10,0,12,0,0,23,0,0,0,0
483358,1,1,9,0,0,0,0,23,0,0,0,0
483358,2,1,0,0,0,0,0,0,0,8,0,32
483359,1,1,0,0,0,0,17,0,0,0,0,0
483359,2,1,0,0,0,0,0,0,0,0,10,23
483360,1,1,0,9,0,0,0,0,0,0,0,0
483361,1,1,0,0,0,8,0,0,0,0,0,0
483361,2,1,0,0,0,0,0,0,0,0,0,0
483361,3,1,6,0,0,0,0,0,0,0,0,0
483362,1,1,0,0,0,0,0,0,0,0,0,0
483362,2,1,16,16,16,16,16,16,16,16,16,16
483363,1,1,0,12,0,0,0,0,0,0,0,11
483363,2,1,0,23,30,0,0,0,0,8,0,0
483364,0,1,0,0,0,0,0,0,0,0,0,0
483364,1,1,0,0,0,0,11,0,0,0,3,0
483364,2,1,0,0,0,0,0,0,0,0,0,0
483365,1,1,15,0,11,0,0,0,8,13,0,17
483366,0,1,0,0,0,0,0,0,0,0,0,0
483366,1,1,12,17,27,25,3,0,6,23,8,0
483367,1,1,24,24,24,24,24,24,24,24,24,24
483368,1,1,0,0,23,0,20,0,0,25,0,0
483368,2,1,0,0,0,0,0,11,0,0,22,0
483369,1,1,0,0,0,0,0,0,0,0,0,0
483369,2,1,0,0,0,0,0,0,0,0,10,0
483370,0,1,0,22,0,25,10,0,13,0,70,0
483370,1,1,0,0,0,22,17,0,0,18,0,0
483371,1,1,14,0,0,0,0,0,0,0,0,6
483371,2,1,0,0,0,0,0,0,0,0,0,0
483372,1,1,0,0,0,0,0,0,0,0,0,0
483372,2,1,0,0,0,0,0,0,0,0,0,0
483373,0,1,15,0,0,10,0,0,0,0,22,0
483373,1,1,0,0,0,0,0,0,0,8,0,15
483374,0,1,32,27,0,58,0,0,28,0,0,0
483374,1,1,9,0,0,0,13,12,0,8,0,0
483375,0,1,2,2,2,2,2,2,2,2,2,2
483375,1,1,9,0,0,0,0,14,15,0,0,14
483376,1,1,0,19,22,23,14,13,38,9,13,17
483377,1,1,24,24,24,24,24,24,24,24,24,24
483378,1,1,8,17,7,11,7,8,12,0,0,0
483378,2,1,10,10,10,10,10,10,10,10,10,10
483380,1,1,0,0,0,0,0,0,0,0,0,0
483380,2,1,0,9,0,0,0,0,0,0,0,0
483380,3,1,0,0,7,0,0,12,0,0,0,15
483381,1,1,0,0,0,0,0,0,0,0,0,0
483382,1,1,0,0,0,0,0,0,0,0,0,0
483383,1,1,12,24,12,19,37,17,8,19,27,20
483385,1,2,17,0,0,0,0,0,0,0,0,0
483386,1,1,22,19,10,29,27,15,30,11,12,17
483386,2,1,0,0,9,8,1,0,0,17,0,0
483387,0,1,2,2,2,2,2,2,2,2,2,2
483387,1,1,0,0,0,0,0,0,0,0,6,0
483387,2,1,0,0,0,0,0,0,0,0,0,0
483388,1,1,0,0,0,0,0,0,12,0,0,0
483388,2,1,0,0,0,0,0,0,0,0,0,0
483389,1,1,0,11,0,0,0,0,0,0,0,22
483390,0,1,3,34,0,0,12,0,0,36,25,30
483390,1,1,17,20,15,17,16,12,6,22,6,10
483391,0,1,0,0,0,0,0,0,0,29,0,0
483391,1,1,0,0,0,0,0,0,0,0,0,0
483392,1,1,0,0,0,0,0,0,0,0,0,0
483393,1,1,0,0,0,0,0,0,0,0,3,0
483393,2,1,0,0,0,0,0,0,0,0,0,0
483394,0,1,12,0,0,9,0,0,0,0,24,0
483394,1,1,0,0,0,9,0,0,0,5,17,0
483395,1,1,17,0,15,0,0,0,0,0,0,0
483395,2,1,0,0,0,0,0,0,0,0,0,0
483395,3,1,0,0,0,0,0,0,0,0,0,0
483396,0,1,0,0,0,0,0,0,0,0,0,0
483396,1,1,0,0,9,6,0,0,0,0,0,0
483397,1,1,0,26,0,0,14,0,16,19,0,0
483398,1,1,10,10,10,10,10,10,10,10,10,10
483398,2,1,0,0,0,0,0,0,0,0,0,0
483399,1,1,0,17,0,0,0,0,0,0,0,0
483399,2,1,0,0,0,0,0,0,0,0,0,0
483400,1,1,0,0,0,10,19,0,27,35,0,0
483401,1,1,0,14,0,27,0,0,12,0,0,21
483402,1,1,6,15,33,25,14,0,12,11,32,15
483403,1,1,11,17,10,0,12,0,7,8,0,17
483403,2,1,18,20,15,9,0,0,18,0,0,24
483404,1,1,0,0,10,0,0,0,0,0,11,0
483404,2,1,0,0,0,0,0,0,0,0,0,0
483405,1,1,0,0,0,0,0,0,0,0,0,0
483405,2,1,0,0,0,0,0,0,0,0,4,15
483406,1,1,0,0,0,12,0,0,0,0,0,19
483407,1,1,0,0,0,0,0,0,0,7,0,0
483407,2,1,28,22,0,0,0,0,0,13,0,0
483408,1,1,0,0,0,0,0,0,0,0,0,0
483408,2,1,0,0,0,0,0,0,0,0,0,0
483409,1,1,0,0,21,21,34,19,0,30,0,9
483410,1,1,25,25,25,25,25,25,25,25,25,25
483411,1,1,15,0,0,0,0,0,0,9,0,0
483411,2,1,0,16,8,16,9,24,0,18,29,0
483412,1,1,25,11,0,7,33,16,14,9,20,0
483413,1,1,12,17,16,0,0,11,15,11,14,7
483413,2,1,0,0,0,0,0,0,0,0,20,0
483414,1,1,0,0,0,0,0,14,0,19,0,0
483414,2,1,0,0,0,0,0,0,0,20,0,0
483415,1,1,0,0,0,0,0,0,0,0,0,0
483415,2,1,0,0,4,0,0,0,0,10,12,11
483416,1,1,10,0,0,0,0,0,0,0,0,0
483416,2,1,0,0,0,0,0,6,0,0,11,0
483417,1,1,8,13,16,5,3,14,7,12,12,12
483418,0,1,0,21,25,13,0,0,11,0,20,0
483418,1,1,12,12,12,12,12,12,12,12,12,12
483419,0,1,0,0,0,0,0,0,0,0,0,0
483419,1,1,0,0,12,0,0,0,0,0,0,0
483420,0,1,12,36,9,22,20,19,31,14,0,0
483420,1,1,0,0,0,22,7,0,0,0,0,0
483422,1,1,16,0,0,0,0,0,0,0,0,0
483422,2,1,0,0,0,0,0,0,0,0,0,5
483423,1,1,4,0,0,0,11,0,0,9,0,0
483423,2,1,0,19,22,0,0,10,0,0,0,0
483424,1,1,26,10,12,0,0,12,0,23,11,33
483425,1,1,0,27,0,25,16,0,0,0,23,0
483426,0,1,0,31,0,0,20,25,0,18,0,0
483426,1,1,12,6,0,0,0,0,9,0,0,0
483427,1,1,0,0,0,0,0,0,0,14,0,0
483428,1,1,21,21,21,21,21,21,21,21,21,21
483429,1,1,0,0,0,0,0,0,0,21,0,0
483429,2,1,0,0,0,0,0,0,0,0,0,0
483430,1,1,21,21,21,21,21,21,21,21,21,21
483431,1,1,6,6,6,6,6,6,6,6,6,6
483432,1,1,18,18,18,18,18,18,18,18,18,18
483432,2,1,2,2,2,2,2,2,2,2,2,2
483433,1,1,0,0,0,0,0,0,0,0,0,0
483434,1,1,0,0,0,0,0,0,0,0,0,0
483434,2,1,0,0,0,0,0,0,0,0,0,0
483435,0,1,0,17,0,0,0,0,0,0,0,0
483435,1,1,0,0,0,0,0,0,0,0,0,0
483437,1,1,0,0,0,0,0,25,0,0,13,22
483437,2,1,0,0,0,0,0,0,0,14,0,0
483438,1,1,0,12,0,0,19,0,0,21,0,0
483439,1,1,0,0,0,0,29,0,0,0,0,0
483439,2,1,0,0,24,0,0,0,0,0,0,0
483440,1,1,0,30,23,0,19,0,10,0,0,0
483441,1,1,0,18,0,0,0,10,7,18,0,0
483441,2,1,0,2,0,0,0,0,0,0,0,0
483442,0,1,0,0,0,0,0,0,0,0,0,0
483442,1,1,0,0,0,0,0,0,0,10,18,0
483443,1,1,0,0,0,0,0,0,0,0,17,0
483444,1,1,9,9,9,9,9,9,9,9,9,9
483445,1,1,0,0,0,0,0,0,0,0,0,0
483446,0,1,0,0,0,0,0,0,0,0,0,23
483446,1,1,0,0,0,0,0,8,0,0,0,4
483447,0,1,35,10,6,19,0,0,0,0,0,0
483447,1,1,8,0,0,0,0,0,0,0,0,0
483448,1,1,29,6,6,15,9,13,6,7,6,10
483448,2,1,0,0,0,18,23,0,16,0,0,16
483449,1,1,25,0,0,0,0,25,0,23,5,16
483450,1,1,0,0,0,0,0,0,0,0,0,0
483450,2,1,0,0,0,7,0,16,5,0,0,0
483451,0,1,0,0,0,0,0,0,0,0,0,0
483451,1,1,0,0,0,16,0,0,0,0,0,0
483452,1,1,9,9,9,9,9,9,9,9,9,9
483453,0,1,0,0,0,0,14,0,0,0,0,0
483453,0,2,0,0,0,0,0,0,0,0,0,0
483453,1,1,11,0,0,0,22,0,0,7,0,15
483454,1,1,9,0,0,6,0,0,23,27,9,0
483454,2,1,0,0,0,0,0,0,0,0,0,0
483454,3,1,0,0,0,0,5,0,0,15,0,0
483454,4,1,0,0,0,0,0,0,14,0,0,0
483455,1,1,0,17,0,0,0,0,0,0,0,0
483456,1,1,18,16,0,0,0,0,10,0,0,0