ST_CASE,VEH_NO,PER_NO,P1,P2,P3,P4,P5,P6,P7,P8,P9,P10
483457,0,1,10,0,21,0,9,15,8,0,20,0
483457,1,1,0,0,0,0,0,0,8,13,0,0
483458,0,1,0,37,23,12,0,10,0,0,15,7
483458,1,1,10,16,0,0,0,4,4,0,0,14
483459,1,1,7,7,7,7,7,7,7,7,7,7
483460,1,1,0,0,0,0,0,0,0,0,0,0
483460,2,1,0,0,0,0,0,0,0,0,0,0
483461,0,1,1,1,1,1,1,1,1,1,1,1
483461,1,1,0,10,13,12,0,0,0,0,11,10
483462,1,1,1,1,1,1,1,1,1,1,1,1
483463,1,1,0,0,0,0,0,0,0,0,0,0
483463,2,1,19,0,10,0,0,0,20,0,0,24
483464,1,1,0,0,0,0,0,0,0,0,0,19
483464,2,1,0,0,0,0,0,0,13,0,0,0
483465,1,1,0,0,0,12,17,0,0,0,0,0
483467,1,1,0,0,0,0,19,0,0,0,0,0
483468,0,1,0,0,0,0,0,0,0,0,0,0
483468,1,1,0,0,0,0,0,0,0,0,0,0
483469,1,1,16,13,9,0,28,24,19,16,20,0
483470,1,1,0,0,39,0,32,0,0,0,0,0
483471,1,1,14,0,0,0,18,0,0,0,30,0
483471,2,1,0,0,0,0,0,0,0,0,0,0
483472,0,1,0,0,0,0,0,0,0,0,0,0
483472,1,1,4,0,18,0,0,0,0,9,15,0
483473,1,1,0,0,10,8,18,17,10,0,11,22
483474,1,1,0,0,0,0,0,0,0,0,0,0
483474,2,1,0,0,0,27,0,0,0,0,0,0
483475,1,1,0,0,0,0,0,0,0,0,0,5
483475,2,1,0,0,0,0,0,0,0,0,0,22
483476,1,1,0,0,16,0,12,18,0,0,0,0
483477,1,1,0,9,0,0,0,0,22,0,5,7
483477,2,1,0,0,0,0,0,0,0,0,0,0
483477,3,1,0,0,0,0,0,0,24,0,0,0
483477,4,1,0,0,11,0,0,9,19,0,6,0
483478,0,1,21,6,22,14,10,24,18,7,12,0
483478,1,1,0,24,0,0,18,0,29,0,12,0
483479,0,1,0,0,0,0,0,0,0,0,0,0
483479,1,1,0,0,0,0,0,0,0,0,40,0
483480,0,1,0,0,0,0,0,0,0,0,0,0
483480,1,1,15,17,18,16,14,25,0,0,8,18
483481,0,1,0,0,0,0,0,0,0,27,0,15
483481,1,1,0,0,0,17,0,0,9,0,0,17
483482,0,1,9,26,33,8,0,8,0,24,0,0
483482,1,1,0,0,0,0,0,0,0,0,0,13
483484,1,1,13,13,13,13,13,13,13,13,13,13
483485,1,1,5,5,5,5,5,5,5,5,5,5
483486,1,1,0,0,0,0,0,0,0,0,0,0
483486,2,1,0,0,0,0,0,0,0,0,0,0
483487,1,1,0,0,0,0,0,0,0,0,0,0
483487,2,1,0,0,0,0,0,0,0,0,0,0
483487,3,1,0,0,0,0,0,0,0,0,0,0
483488,1,1,0,0,0,12,0,0,0,0,0,0
483488,2,1,0,0,0,0,0,0,0,0,12,0
483489,0,1,0,0,0,0,0,0,12,20,42,8
483489,1,1,0,0,0,13,0,0,26,0,0,0
483490,1,1,0,0,0,0,19,9,0,0,0,0
483491,0,1,0,10,27,0,0,0,17,20,11,0
483491,0,2,0,0,0,0,0,18,5,24,0,51
483491,1,1,0,9,0,0,0,0,0,21,0,0
483491,2,1,0,7,0,0,0,0,0,0,0,0
483492,0,1,13,0,0,14,0,0,0,0,12,20
483492,1,1,0,0,0,0,0,0,0,0,0,0
483493,1,1,2,2,2,2,2,2,2,2,2,2
483494,0,1,0,0,0,0,0,0,18,9,0,0
483495,1,1,0,0,0,0,0,0,0,0,18,0
483495,2,1,0,0,0,0,0,24,0,0,0,0
483496,0,1,0,0,0,0,41,0,8,12,0,0
483496,1,1,19,12,0,0,17,0,0,0,0,0
483497,0,1,22,0,0,0,0,0,0,0,38,23
483497,1,1,0,0,0,0,0,0,0,0,0,0
483498,1,1,20,0,0,0,12,14,0,0,0,0
483499,1,1,0,0,0,0,0,0,0,0,0,0
483499,2,1,0,0,0,0,0,0,0,0,0,0
483500,0,1,0,37,0,0,0,0,0,0,0,38
483500,1,1,0,0,0,0,0,0,26,0,0,0
483501,1,1,10,10,14,35,15,21,28,16,7,3
483501,2,1,0,0,0,19,6,13,22,0,0,12
483502,1,1,30,30,30,30,30,30,30,30,30,30
483502,2,1,20,0,14,3,24,0,11,0,17,17
483503,1,1,7,0,0,2,0,0,0,0,0,0
483503,2,1,0,0,0,0,0,0,0,0,0,0
490002,1,1,0,0,0,0,0,0,0,0,0,0
490004,1,1,0,0,0,0,0,0,0,0,0,0
490004,2,1,11,11,11,11,11,11,11,11,11,11
490005,1,1,0,0,0,0,0,0,0,0,0,0
490005,2,1,0,0,0,0,0,0,0,0,0,0
490006,0,1,0,0,0,0,0,0,0,0,0,0
490006,1,1,0,0,0,0,0,0,0,0,0,0
490007,0,1,0,0,0,0,0,0,0,0,0,0
490007,0,2,0,0,0,0,0,0,0,0,0,0
490007,1,1,0,0,0,0,0,0,0,0,0,0
490007,2,1,0,0,0,0,0,0,0,0,0,0
490008,0,1,23,23,23,23,23,23,23,23,23,23
490008,1,1,0,0,0,0,0,0,0,0,15,0
490009,1,1,0,0,0,0,0,0,0,0,0,0
490010,0,1,0,0,0,0,0,0,0,0,0,0
490010,1,1,0,0,0,0,0,0,0,0,0,0
490011,1,1,0,0,0,0,0,0,0,0,0,0
490011,2,1,0,0,0,0,0,0,0,0,0,0
490012,0,1,0,0,0,0,0,0,0,0,0,0
490012,1,1,0,0,0,0,0,0,0,0,0,0
490013,1,1,23,23,23,23,23,23,23,23,23,23
490014,1,1,0,0,0,0,0,0,0,0,0,0
490014,2,1,0,0,0,0,0,0,0,0,0,0
490015,1,1,19,19,19,19,19,19,19,19,19,19
490016,1,1,0,0,0,0,0,0,0,0,0,0
490016,2,1,0,0,0,0,0,0,0,0,0,0
490016,3,1,0,0,0,0,0,0,0,11,0,0
490017,1,1,0,0,0,0,0,0,0,0,0,0
490017,2,1,0,0,0,0,0,0,6,0,0,0
490018,1,1,0,0,0,0,0,0,0,0,0,0
490018,2,1,0,0,0,0,0,0,0,0,0,0
490019,1,1,22,22,22,22,22,22,22,22,22,22
490019,2,1,0,0,0,0,0,0,0,0,0,0
490020,1,1,0,0,0,0,0,0,0,0,0,0
490020,2,1,0,0,0,13,0,0,0,0,0,0
490021,1,1,0,0,0,0,0,0,0,0,0,0
490021,2,1,0,0,0,0,0,0,0,0,0,0
490021,3,1,0,24,0,0,0,0,0,0,0,0
490022,1,1,0,0,0,0,0,0,0,0,0,0
490023,1,1,0,0,0,0,0,0,0,0,0,0
490024,1,1,0,17,0,0,0,0,0,0,0,0
490025,1,1,0,0,0,0,0,0,0,0,0,9
490026,1,1,0,0,0,0,0,0,0,0,0,0
490027,0,1,0,0,0,0,0,0,0,0,0,0
490027,1,1,0,0,0,0,0,0,0,0,0,0
490028,0,1,0,0,0,0,0,0,0,0,0,0
490028,1,1,0,0,0,0,0,0,0,0,0,0
490029,1,1,6,0,16,0,3,0,0,0,0,0
490029,2,1,0,0,5,0,0,0,0,0,0,0
490029,3,1,0,0,0,0,0,0,0,0,0,0
490030,1,1,15,9,25,25,14,19,0,0,6,0
490030,2,1,0,0,0,0,42,0,0,0,0,23
490031,0,1,22,0,0,13,0,0,0,0,0,0
490031,1,1,0,0,0,0,10,0,0,0,0,0
490032,1,1,0,0,0,0,0,0,0,0,0,0
490033,1,1,0,0,0,0,0,0,0,0,0,0
490033,2,1,0,0,0,0,0,0,0,0,0,0
490034,1,1,18,18,18,18,18,18,18,18,18,18
490034,2,1,0,0,0,0,0,0,0,0,0,0
490035,0,1,0,0,0,0,0,0,0,0,0,0
490035,1,1,0,0,0,0,0,0,0,0,0,0
490036,0,1,0,7,18,16,0,0,0,41,0,0
490036,1,1,0,0,0,0,24,0,0,0,0,0
490037,1,1,0,0,0,0,0,0,0,0,0,0
490037,2,1,0,0,0,0,0,0,0,0,0,0
490038,0,1,0,0,0,0,0,0,0,0,0,0
490038,1,1,0,0,0,0,0,0,0,0,0,0
490039,1,1,18,18,18,18,18,18,18,18,18,18
490039,2,1,0,0,0,0,0,0,0,0,0,0
490040,0,1,0,0,0,0,0,0,0,0,0,0
490040,1,1,0,0,0,0,0,0,0,0,0,0
490041,1,1,0,0,0,0,0,0,0,0,0,0
490041,2,1,0,0,0,0,0,0,0,0,0,0
490042,1,1,0,19,0,0,0,0,0,0,0,0
490042,2,1,0,0,0,0,0,0,0,0,0,0
490043,1,1,0,0,0,0,0,0,0,0,0,0
490044,0,1,0,0,0,0,0,0,0,0,0,0
490044,1,1,0,0,0,0,0,0,0,0,0,0
490045,1,1,10,10,10,10,10,10,10,10,10,10
490046,1,1,0,0,0,0,10,0,0,0,0,0
490047,1,1,26,26,26,26,26,26,26,26,26,26
490048,1,1,0,0,0,0,0,0,0,0,0,0
490048,2,1,0,0,0,0,0,0,0,0,0,0
490048,3,1,0,11,0,0,16,0,0,0,0,0
490048,4,1,0,0,0,0,0,21,19,0,0,0
490049,0,1,0,0,0,0,0,0,0,0,0,0
490049,1,1,0,0,0,0,0,0,0,0,0,0
490050,1,1,5,5,5,5,5,5,5,5,5,5
490051,1,1,0,0,0,0,0,0,0,0,0,0
490051,2,1,0,0,0,0,0,8,0,0,0,0
490052,1,1,0,0,0,0,0,0,0,0,0,0
490053,1,1,0,0,0,0,0,0,0,0,0,0
490053,2,1,0,0,0,0,0,0,0,0,0,0
490054,1,1,0,0,0,0,0,0,0,0,0,0
490054,2,1,6,0,0,0,7,0,0,0,0,0
490055,1,1,0,0,0,0,0,0,0,0,0,0
490055,2,1,0,0,0,0,0,0,0,0,0,0
490056,1,1,0,0,0,0,0,0,0,0,0,0
490057,1,1,0,0,0,0,0,0,0,0,0,0
490058,1,1,0,0,23,22,0,32,0,0,0,0
490059,1,1,0,0,0,0,0,0,0,0,0,0
490060,1,1,0,0,0,0,0,0,0,0,0,0
490061,1,1,0,0,0,0,0,0,0,0,0,0
490062,0,1,0,17,8,0,0,0,0,0,0,0
490062,1,1,0,0,0,0,0,0,0,0,0,0
490063,1,1,6,11,27,10,18,9,7,15,9,5
490064,1,1,0,4,0,0,0,0,0,0,0,0
490064,2,1,0,0,0,0,0,0,0,0,0,0
490065,1,1,0,0,0,0,0,0,0,0,0,0
490065,2,1,0,0,0,0,0,0,0,0,0,0
490065,3,1,0,0,0,0,0,0,0,0,0,0
490067,1,1,0,0,0,0,0,0,0,0,0,0
490068,1,1,0,0,0,0,0,0,0,0,0,0
490069,1,1,0,0,0,0,0,0,0,0,0,0
490070,1,1,0,0,0,0,0,0,0,0,0,0
490070,2,1,0,0,0,0,0,0,0,0,0,0
490071,1,1,0,0,0,0,0,0,0,0,0,0
490071,2,1,0,0,0,0,0,0,0,0,0,0
490072,1,1,0,0,0,0,0,0,0,0,0,0
490073,1,1,0,0,0,0,0,0,0,0,0,0
490074,1,1,0,0,0,0,0,0,0,0,0,0
490074,2,1,0,0,0,0,0,0,0,0,0,0
490075,1,1,0,0,0,0,0,0,0,0,0,0
490076,0,1,0,0,0,0,0,0,0,0,0,0
490076,1,1,0,0,0,0,0,0,0,0,0,0
490077,1,1,0,0,0,0,0,0,0,0,0,0
490077,2,1,0,0,0,0,0,20,0,0,0,0
490078,1,1,0,0,0,0,0,0,0,0,0,0
490078,2,1,0,0,0,0,0,0,0,0,0,13
490078,3,1,0,0,0,0,0,0,0,0,0,0
490079,1,1,18,18,18,18,18,18,18,18,18,18
490079,2,1,0,0,0,0,0,0,0,0,0,0
490080,1,1,0,0,0,0,0,0,0,0,0,0
490080,2,1,0,0,0,0,0,0,0,0,0,0
490081,1,1,0,0,0,0,0,0,0,0,0,0
490081,2,1,0,0,0,0,0,0,0,0,0,0
490082,1,1,0,0,0,0,0,0,0,0,0,0
490082,2,1,0,0,0,0,0,0,0,0,0,0
490083,1,1,0,0,0,0,0,0,0,0,0,0
490084,1,1,0,0,0,0,0,0,0,0,0,0
490085,1,1,11,25,19,5,9,8,8,13,17,25
490086,1,1,0,0,0,0,0,0,0,0,0,0
490086,2,1,0,0,0,0,0,0,0,0,0,0
490086,3,1,0,0,0,0,0,0,0,0,0,0
490087,1,1,0,0,0,0,0,0,0,0,0,0
490087,2,1,0,0,0,0,0,0,0,0,0,0
490088,1,1,0,0,0,0,15,0,0,0,0,0
490089,1,1,0,0,0,0,0,0,0,0,0,0
490089,2,1,0,0,0,0,0,0,0,0,0,2
490089,3,1,0,0,0,0,0,0,0,26,0,0
490089,4,1,0,0,0,0,0,0,0,0,0,0
490090,0,1,0,0,0,0,0,0,0,0,0,0
490090,1,1,0,0,0,0,0,0,0,0,0,6
490091,1,1,0,0,0,0,9,0,0,0,18,9
490092,1,1,5,0,0,0,0,0,0,0,0,26
490093,1,1,0,19,0,0,0,0,0,0,0,0
490093,2,1,0,0,0,0,0,0,0,0,0,0
490093,3,1,0,0,0,0,5,0,0,0,0,0
490094,0,1,0,0,0,0,0,0,0,0,0,0
490094,0,2,0,0,0,0,0,0,0,0,0,0
490094,1,1,0,0,0,0,0,0,0,0,0,0
490095,1,1,0,0,0,0,0,0,0,0,0,0
490095,2,1,0,0,0,0,0,0,0,0,0,0
490096,0,1,0,0,0,0,0,0,0,0,0,0
490096,1,1,0,0,5,0,0,0,14,0,0,0
490097,1,1,0,0,0,0,0,0,0,0,0,0
490098,1,1,0,0,0,0,0,0,0,0,0,0
490098,2,1,0,0,0,0,0,0,0,0,0,0
490099,1,1,14,0,11,16,0,0,21,0,0,6
490100,1,1,0,0,0,0,0,0,0,0,0,0
490101,1,1,0,0,0,0,0,0,0,0,0,0
490102,1,1,0,0,0,0,0,0,0,0,0,0
490102,2,1,0,0,0,0,0,0,0,0,0,0
490103,1,1,0,0,0,0,0,0,0,0,0,0
490103,2,1,0,0,0,0,0,0,0,0,0,0
490104,1,1,0,0,0,0,0,0,0,0,0,0
490104,2,1,0,0,0,0,0,0,0,0,0,0
490105,1,1,0,0,0,24,0,0,0,9,0,0
490106,1,1,0,0,0,0,0,0,0,0,0,0
490106,2,1,0,0,0,0,0,0,0,0,0,0
490107,1,1,0,0,0,0,0,0,0,0,0,0
490107,2,1,0,0,0,0,0,0,0,0,0,0
490108,0,1,0,0,0,0,0,0,0,0,0,0
490108,1,1,0,0,0,0,0,0,0,0,0,0
490109,1,1,0,0,0,0,0,0,0,0,0,0
490109,2,1,0,0,0,0,0,0,0,0,0,0
490111,1,1,11,11,11,11,11,11,11,11,11,11
490112,1,1,33,0,0,0,0,0,0,0,0,0
490113,1,1,0,0,0,0,0,0,0,0,0,0
490113,2,1,0,0,0,0,0,0,0,0,0,0
490114,1,1,0,0,0,0,0,0,0,0,0,0
490115,1,1,0,0,0,0,0,0,0,0,0,0
490116,1,1,0,0,0,0,0,0,0,0,0,0
490117,1,1,0,0,0,0,0,0,0,0,0,0
490117,2,1,0,0,0,0,0,0,0,0,0,0
490118,1,1,0,0,0,0,0,0,0,16,21,0
490118,2,1,0,0,0,0,0,0,0,0,0,0
490118,3,1,0,0,0,0,0,0,0,0,0,0
490118,4,1,0,0,0,0,0,0,0,0,24,0
490119,1,1,0,0,0,0,0,0,0,0,0,0
490119,2,1,0,0,0,0,0,0,0,0,0,0
490120,1,1,0,0,0,0,0,0,0,0,0,0
490121,1,1,0,0,0,0,0,0,0,0,0,0
490122,1,1,23,23,23,23,23,23,23,23,23,23
490123,1,1,0,0,0,0,0,0,0,0,0,0
490123,2,1,0,14,0,0,0,0,0,0,0,0
490124,1,1,0,0,0,0,0,0,0,0,0,0
490124,2,1,0,0,0,0,0,0,0,0,0,0
490125,1,1,0,7,0,0,0,0,0,0,0,0
490126,1,1,28,21,14,8,22,23,21,30,8,0
490127,0,1,0,0,0,0,4,8,0,0,7,8
490127,1,1,0,8,0,0,0,0,0,0,0,0
490128,1,1,0,0,0,0,0,0,0,0,0,0
490129,1,1,0,0,0,0,0,0,0,0,0,0
490130,1,1,0,0,0,0,0,0,0,0,0,0
490131,1,1,0,0,0,0,0,0,0,0,0,0
490131,2,1,0,0,0,0,0,0,10,0,0,0
490131,3,1,0,0,0,0,0,0,0,0,0,0
490131,4,1,0,0,0,0,0,0,0,0,0,0
490132,1,1,0,0,0,0,0,0,0,0,0,0
490132,2,1,0,0,0,0,0,0,0,0,0,0
490133,1,1,0,0,0,0,0,0,0,0,0,0
490133,2,1,0,0,0,0,0,0,0,0,0,0
490133,3,1,0,0,0,0,0,0,0,0,0,0
490134,1,1,15,10,18,22,28,9,26,23,24,0
490135,1,1,14,14,14,14,14,14,14,14,14,14
490135,2,1,0,0,0,0,0,0,0,0,0,0
490136,1,1,0,0,0,0,0,0,0,0,0,0
490137,1,1,22,48,17,0,14,0,0,28,4,14
490138,1,1,22,22,22,22,22,22,22,22,22,22
490139,1,1,0,0,0,0,0,0,0,0,0,0
490140,1,1,0,0,0,0,0,0,0,0,0,0
490141,0,1,3,3,3,3,3,3,3,3,3,3
490141,1,1,0,0,0,0,0,0,0,0,0,0
490142,1,1,0,0,0,0,0,0,0,0,0,0
490142,2,1,0,0,0,0,0,0,0,0,0,0
490143,1,1,18,18,18,18,18,18,18,18,18,18
490144,1,1,0,0,0,0,0,0,0,0,0,0
490144,2,1,0,0,30,0,0,0,0,0,0,0
490145,1,1,0,0,0,0,0,0,0,0,0,0
490146,1,1,0,0,0,0,0,0,0,0,0,0
490146,2,1,0,0,0,0,0,0,0,0,0,0
490146,3,1,0,0,0,0,0,0,0,0,0,0
490147,1,1,19,19,19,19,19,19,19,19,19,19
490148,1,1,9,9,9,9,9,9,9,9,9,9
490148,2,1,0,0,0,0,0,0,0,0,0,0
490149,1,1,0,0,0,0,0,0,0,0,0,0
490150,1,1,21,21,21,21,21,21,21,21,21,21
490150,2,1,0,0,0,0,0,0,17,0,18,0
490151,1,1,0,0,0,0,0,0,0,0,0,0
490152,1,1,0,0,0,0,0,0,0,0,0,0
490152,2,1,0,0,0,0,0,0,0,0,0,0
490153,0,1,0,0,0,0,0,0,0,0,0,0
490153,1,1,0,0,0,0,0,0,0,0,0,0
490154,1,1,0,0,0,0,0,0,0,0,0,0
490155,1,1,0,0,0,0,0,0,0,0,0,0
490155,2,1,0,0,0,0,0,0,0,0,0,0
490157,1,1,14,8,13,14,0,16,0,0,27,10
490158,1,1,0,0,0,0,0,0,0,0,0,0
490159,1,1,3,3,3,3,3,3,3,3,3,3
490161,1,1,0,0,0,0,0,0,0,0,0,0
490161,2,1,0,0,0,0,0,0,0,0,0,0
490162,1,1,0,0,0,0,0,0,0,0,0,0
490162,2,1,0,0,0,0,0,0,0,0,0,0
490162,3,1,0,0,0,0,0,0,0,0,0,0
490163,1,1,0,0,0,0,0,0,0,0,0,0
490163,2,1,0,0,0,0,0,0,0,0,0,0
490164,0,1,0,0,0,0,0,0,0,0,0,0
490164,1,1,0,0,0,0,0,0,0,0,0,0
490165,1,1,0,0,0,0,0,0,0,0,0,0
490165,2,1,0,0,0,0,0,0,0,0,0,0
490166,1,1,0,0,0,0,0,0,0,0,0,0
490166,2,1,0,0,0,0,0,0,0,0,0,0
490167,1,1,0,0,0,0,0,0,0,0,0,0
490167,2,1,0,0,0,0,0,0,0,0,0,0
490168,1,1,0,0,0,0,0,0,0,0,0,0
490168,2,1,0,0,0,0,0,0,0,0,0,0
490168,3,1,0,0,0,0,0,17,0,0,0,0
490169,1,1,0,0,0,0,0,0,0,0,0,0
490169,2,1,0,0,0,0,0,0,0,20,0,0
490170,1,1,26,26,26,26,26,26,26,26,26,26
490171,1,1,13,13,13,13,13,13,13,13,13,13
490172,1,1,0,0,0,0,0,0,0,26,0,17
490173,1,1,0,0,0,0,0,0,0,0,0,0
490173,2,1,0,0,0,0,0,0,0,0,0,0
490174,1,1,11,11,11,11,11,11,11,11,11,11
490174,2,1,0,0,0,0,0,0,0,0,0,0
490175,1,1,0,0,0,0,0,0,0,0,0,0
490176,1,1,0,0,0,0,0,0,0,0,0,0
490177,1,1,0,0,0,0,0,0,0,0,0,0
490178,0,1,0,0,0,0,0,0,0,0,0,0
490178,1,1,0,0,0,0,0,0,0,0,0,0
490179,1,1,0,0,0,0,0,0,0,0,0,0
490180,0,1,24,24,24,24,24,24,24,24,24,24
490180,1,1,0,0,0,0,0,0,0,0,0,0
490181,1,1,0,0,0,0,0,0,0,0,0,13
490181,2,1,0,0,0,0,0,0,0,0,0,0
490182,1,1,0,0,0,0,0,0,0,0,0,0
490182,2,1,0,0,0,0,0,0,0,0,0,0
490183,1,1,0,0,0,0,0,0,0,0,0,0
490183,2,1,0,0,0,14,0,0,0,0,0,0
490184,1,1,0,0,0,0,0,0,0,0,0,0
490185,1,1,33,33,33,33,33,33,33,33,33,33
490186,0,1,0,0,0,0,0,0,0,0,0,0
490186,1,1,0,0,0,0,0,0,0,0,0,0
490187,1,1,0,0,0,0,0,0,0,0,0,0
490187,2,1,0,0,0,0,0,0,0,0,0,0
490187,3,1,0,0,0,0,0,0,0,0,0,0
490188,1,1,26,26,26,26,26,26,26,26,26,26
490189,1,1,0,0,0,0,0,0,0,0,0,0
490189,2,1,0,0,0,0,0,0,0,0,0,17
490190,1,1,0,0,0,0,0,0,0,0,0,0
490190,2,1,0,0,0,10,0,9,9,4,0,0
490192,1,1,29,0,23,0,12,0,0,0,27,0
490193,0,1,0,0,0,0,0,0,0,0,0,0
490193,1,1,0,0,0,0,0,0,0,0,0,0
490193,2,1,0,0,0,0,0,0,0,0,0,0
490194,1,1,0,0,0,0,0,0,27,0,0,0
490194,2,1,0,0,0,0,0,0,0,0,0,0
490194,3,1,0,0,0,0,0,0,0,0,0,0
490195,1,1,0,0,0,0,0,0,0,0,0,0
490195,2,1,0,0,0,0,0,0,0,0,0,0
490196,1,1,0,0,0,0,0,0,0,0,0,0
490197,1,1,0,0,0,0,0,0,0,0,0,0
490198,0,1,0,0,0,0,0,0,0,0,0,0
490198,1,1,0,0,0,0,0,0,0,0,0,0
490199,1,1,0,0,0,0,0,0,0,0,0,0
490200,1,1,0,0,0,0,0,0,0,0,0,0
490200,2,1,0,0,0,0,0,0,0,0,0,0
490201,1,1,0,0,0,0,0,0,0,0,0,0
490202,1,1,42,42,42,42,42,42,42,42,42,42
490203,1,1,0,0,0,0,0,0,0,0,0,0
490204,1,1,18,18,18,18,18,18,18,18,18,18
490205,1,1,0,0,0,0,0,0,0,0,0,0
490205,2,1,0,0,0,0,0,0,0,0,0,0
490206,1,1,0,0,0,0,0,0,0,0,0,0
490206,2,1,0,0,0,0,0,0,0,0,0,0
490207,0,1,0,0,0,0,0,0,0,0,0,0
490207,1,1,0,0,0,0,0,0,0,0,0,17
490208,1,1,0,0,0,0,0,0,0,0,0,0
490208,2,1,0,0,0,0,0,0,0,0,0,0
490209,1,1,0,0,0,0,0,0,0,0,0,0
490209,2,1,0,0,0,0,0,0,0,0,0,0
490210,1,1,0,0,0,0,0,0,0,0,0,0
490211,1,1,21,34,0,9,21,13,42,10,8,13
490212,1,1,0,0,0,0,0,0,0,0,0,0
490213,1,1,0,0,0,0,0,0,0,0,0,0
490213,2,1,0,0,0,0,0,0,0,0,0,0
490214,1,1,0,0,0,0,0,0,0,14,0,16
490215,1,1,0,0,0,0,0,0,0,0,0,0
490216,1,1,15,15,15,15,15,15,15,15,15,15
490217,0,1,0,0,0,0,0,0,0,0,0,0
490217,1,1,0,0,0,0,0,0,0,0,0,0
490218,1,1,0,0,0,0,0,0,0,0,0,0
490218,2,1,0,0,0,0,0,0,0,0,0,0
490219,1,1,0,0,0,0,0,0,0,0,0,0
490219,2,1,0,0,0,0,0,0,0,0,0,0
490220,1,1,0,14,0,0,0,0,0,20,14,0
490221,1,1,0,0,0,0,0,0,0,0,0,0
490221,2,1,0,0,0,0,0,0,0,0,0,0
490222,0,1,0,0,0,0,0,0,0,0,0,0
490222,1,1,0,0,0,0,0,0,0,0,0,0
490223,0,1,12,0,0,0,16,0,26,46,0,0
490223,1,1,0,0,0,0,0,0,0,0,0,0
490224,1,1,0,0,0,0,0,0,0,0,0,0
490225,1,1,20,20,20,20,20,20,20,20,20,20
490226,0,1,30,30,30,30,30,30,30,30,30,30
490226,1,1,0,0,0,33,0,0,8,0,0,0
490227,1,1,0,0,0,0,0,0,0,0,0,0
490227,2,1,0,0,0,0,0,0,0,0,0,0
490228,1,1,14,14,14,14,14,14,14,14,14,14
490228,2,1,0,0,0,0,0,0,3,0,7,0
490229,1,1,0,0,0,0,0,0,0,0,0,0
490229,2,1,0,0,0,0,0,0,0,0,15,0
490229,3,1,0,0,0,0,0,0,0,0,0,0
490229,4,1,0,0,0,0,0,0,0,0,0,0
490229,5,1,0,0,0,0,0,0,0,0,0,0
490230,1,1,0,0,0,0,0,0,0,0,0,0
490230,2,1,19,19,19,19,19,19,19,19,19,19
490230,3,1,0,0,0,0,0,0,0,0,0,0
490231,0,1,0,0,0,0,0,0,0,0,0,0
490231,1,1,0,0,0,0,0,0,0,0,0,0
490233,1,1,0,0,0,0,0,0,0,0,0,0
490235,0,1,10,7,0,0,20,12,0,19,19,0
490235,1,1,0,0,0,0,9,0,4,0,0,0
490236,0,1,0,0,0,0,0,0,0,0,0,0
490236,1,1,0,0,0,0,0,0,0,0,0,0
490237,1,1,0,0,0,0,0,0,0,0,0,0
490237,2,1,0,0,0,0,0,0,0,0,0,0
490238,1,1,14,14,14,14,14,14,14,14,14,14
490239,1,1,0,0,0,0,0,0,0,0,0,0
490239,2,1,0,0,0,0,0,0,0,0,0,0
490239,3,1,0,0,0,0,0,19,0,0,0,0
490240,1,1,12,0,0,0,0,0,0,0,0,0
490240,2,1,0,0,0,12,0,0,0,0,0,0
490241,1,1,0,0,0,0,0,0,0,0,0,0
490242,1,1,0,0,0,0,0,0,0,0,0,0
490243,1,1,0,0,0,0,0,0,0,0,0,0
490243,2,1,14,0,0,0,0,0,0,0,0,0
490243,3,1,0,0,0,0,0,0,0,0,0,0
490244,1,1,0,0,0,0,0,0,0,0,0,0
490244,2,1,0,0,0,0,0,0,0,0,0,0
490245,1,1,0,0,0,0,0,0,0,0,0,0
490245,2,1,0,0,0,0,0,0,0,0,0,0
490246,1,1,12,0,0,0,0,0,0,0,0,0
490246,2,1,0,0,0,0,0,0,0,0,0,0
490246,3,1,25,0,0,0,0,0,0,0,32,0
490247,0,1,0,0,0,6,0,0,26,0,0,25
490247,1,2,34,0,0,0,30,0,0,0,0,0
490248,1,1,0,0,0,0,0,0,0,0,0,0
490248,2,1,0,0,0,0,0,0,0,0,0,0
490249,1,1,12,12,12,12,12,12,12,12,12,12
490250,1,1,0,0,0,0,0,0,0,0,0,0
490251,0,1,0,0,0,0,0,0,0,0,0,0
490251,1,1,0,0,0,0,0,0,0,0,0,0
490252,1,1,5,5,5,5,5,5,5,5,5,5
490253,1,1,0,0,0,0,0,0,0,0,0,0
490253,2,1,0,0,0,0,0,0,0,0,0,0
490254,1,1,0,0,0,0,0,0,0,0,0,0
490255,1,1,0,0,0,0,0,7,11,0,0,0
490256,0,1,0,0,0,0,0,0,0,0,0,0
490256,1,1,0,0,0,0,0,0,0,0,0,0
490256,2,1,0,0,0,0,0,0,0,0,0,0
490257,1,1,18,18,18,18,18,18,18,18,18,18
490257,2,1,0,0,0,0,0,0,0,0,0,0
490258,0,1,24,24,24,24,24,24,24,24,24,24
490258,1,1,0,0,0,0,0,0,0,0,0,0
490259,1,1,0,0,0,0,0,0,0,0,0,0
490259,2,1,0,0,0,0,0,0,0,10,0,9
490260,0,1,0,27,5,15,0,0,0,11,0,0
490260,1,1,0,0,0,0,0,0,0,0,0,0
490261,1,1,0,0,0,0,0,0,0,0,0,0
490261,2,1,0,0,0,0,0,0,0,0,0,0
490261,3,1,0,0,0,0,0,0,0,0,0,0
490261,4,1,0,0,0,0,0,0,0,0,0,0
490261,5,1,0,0,0,0,0,0,0,0,0,0
490262,1,1,40,40,40,40,40,40,40,40,40,40
490263,1,1,7,7,7,7,7,7,7,7,7,7
490264,1,1,0,0,0,0,0,0,0,0,0,0
490264,2,1,0,0,0,0,0,0,0,0,0,0