ST_CASE,VEH_NO,PER_NO,P1,P2,P3,P4,P5,P6,P7,P8,P9,P10
550324,1,1,0,0,0,4,13,0,8,5,5,0
550324,2,1,0,0,6,0,12,0,0,0,19,0
550325,1,1,32,32,32,32,32,32,32,32,32,32
550326,1,1,0,0,0,0,0,0,0,0,0,0
550326,2,1,0,0,0,0,0,0,0,0,0,0
550327,1,1,0,0,8,0,0,0,13,0,0,9
550328,1,1,0,0,0,0,0,0,0,0,0,0
550329,1,1,13,16,20,22,0,8,9,28,11,0
550330,1,1,12,0,10,13,7,0,0,0,17,18
550331,1,1,0,0,0,0,0,0,0,0,0,0
550331,2,1,0,0,0,0,0,0,0,0,0,0
550332,1,1,0,0,0,0,41,0,0,0,0,0
550332,2,1,4,4,4,4,4,4,4,4,4,4
550333,1,1,3,0,0,0,0,0,0,0,20,0
550334,1,1,26,26,26,26,26,26,26,26,26,26
550334,2,1,17,18,13,12,12,13,12,25,8,6
550335,1,1,0,0,0,0,0,0,0,0,0,0
550335,2,1,10,0,0,4,0,0,0,0,0,0
550336,1,1,0,0,2,0,0,0,0,0,0,0
550337,0,1,41,41,41,41,41,41,41,41,41,41
550337,1,1,0,0,0,0,0,0,0,0,0,0
550338,1,1,0,0,0,0,0,0,0,0,0,3
550339,1,1,0,0,0,0,0,0,0,0,0,0
550340,1,1,0,0,0,0,0,0,0,0,0,0
550340,2,1,0,0,0,0,0,0,0,0,0,0
550341,1,1,0,0,0,0,0,0,0,0,0,0
550341,2,1,0,0,0,0,0,0,0,0,0,0
550342,1,1,0,0,0,0,0,0,0,0,0,0
550342,2,1,0,0,0,0,0,0,0,0,0,0
550343,1,1,0,0,9,0,0,9,0,0,0,0
550343,2,1,0,0,0,0,0,0,0,0,0,0
550344,1,1,0,0,0,0,0,0,0,0,0,0
550344,2,1,0,0,0,0,0,0,0,0,0,0
550344,3,1,0,0,0,0,0,0,0,0,0,0
550345,1,1,0,0,0,0,0,0,21,0,0,0
550346,0,1,1,1,1,1,1,1,1,1,1,1
550346,1,1,0,10,0,0,0,0,0,7,11,0
550347,1,1,0,7,0,26,27,0,32,0,17,0
550348,1,1,14,14,14,14,14,14,14,14,14,14
550349,0,1,0,14,0,16,9,0,8,0,0,0
550349,1,1,17,0,0,0,0,0,0,0,0,0
550350,1,1,0,0,0,0,0,0,0,0,0,0
550351,1,1,2,2,2,2,2,2,2,2,2,2
550352,1,1,0,0,0,0,0,0,0,0,0,0
550352,2,1,3,3,3,3,3,3,3,3,3,3
550353,1,1,0,6,23,0,0,13,0,0,9,0
550354,1,1,0,0,0,0,0,0,0,0,0,0
550355,1,1,28,28,28,28,28,28,28,28,28,28
550356,1,1,0,0,0,0,0,0,0,0,0,0
550357,0,1,0,0,0,0,0,0,0,0,0,0
550357,1,1,0,0,0,0,0,0,0,21,17,0
550358,1,1,0,0,0,0,0,0,0,0,0,0
550358,2,1,0,0,0,0,0,0,0,0,0,0
550359,1,1,7,7,7,7,7,7,7,7,7,7
550360,1,1,18,18,18,18,18,18,18,18,18,18
550361,1,1,0,0,0,0,0,0,0,0,0,0
550362,1,1,0,0,0,0,0,0,0,0,0,0
550363,1,1,17,17,17,17,17,17,17,17,17,17
550364,1,1,22,6,0,9,24,0,9,9,13,21
550364,2,1,0,0,0,0,0,0,0,0,0,0
550364,3,1,0,0,0,0,0,0,17,0,0,0
550365,0,1,0,0,0,0,0,0,0,0,0,0
550365,1,1,0,0,0,0,0,0,0,0,0,0
550366,1,1,0,0,0,0,0,0,0,0,0,0
550367,1,1,9,9,9,9,9,9,9,9,9,9
550368,1,1,14,14,14,14,14,14,14,14,14,14
550369,1,1,16,11,32,0,0,13,3,0,11,16
550370,1,1,0,0,0,0,0,0,0,0,0,0
550371,1,1,9,9,9,9,9,9,9,9,9,9
550372,1,1,0,0,0,0,0,0,0,0,0,0
550372,2,1,0,0,0,0,0,0,0,0,0,0
550373,1,1,0,0,0,0,0,0,0,0,0,0
550373,2,1,0,0,0,0,0,0,0,0,0,0
550374,0,1,0,0,0,0,0,0,0,0,0,0
550374,1,1,0,0,0,0,0,0,0,0,0,0
550375,0,1,0,0,0,0,0,0,0,0,0,0
550375,1,1,0,0,0,0,0,0,0,0,0,0
550376,1,1,0,0,0,0,0,0,0,0,0,0
550376,2,1,0,0,0,0,0,0,0,0,0,0
550377,1,1,26,26,26,26,26,26,26,26,26,26
550378,0,1,26,26,26,26,26,26,26,26,26,26
550378,1,1,23,0,23,0,0,0,4,0,11,0
550379,1,1,9,0,0,0,0,0,0,0,0,0
550379,2,1,0,0,0,0,20,0,0,0,0,0
550380,1,1,33,33,33,33,33,33,33,33,33,33
550380,2,1,0,0,0,0,0,0,0,0,0,0
550381,1,1,0,0,0,0,0,0,0,0,0,0
550381,2,1,0,0,0,0,0,0,0,0,12,0
550382,1,1,0,3,0,0,0,0,0,0,0,0
550382,2,1,0,0,0,8,0,0,0,0,0,0
550383,1,1,0,0,0,0,0,0,0,0,0,0
550383,2,1,0,0,0,0,0,0,0,0,0,0
550384,1,1,8,22,41,21,0,0,0,0,5,13
550385,1,1,16,16,16,16,16,16,16,16,16,16
550385,2,1,0,0,0,0,0,0,0,0,0,0
550386,1,1,0,0,0,0,0,0,0,0,0,0
550386,2,1,0,0,0,0,0,0,0,0,0,0
550387,1,1,21,21,21,21,21,21,21,21,21,21
550387,2,1,0,0,0,0,0,0,0,0,0,0
550388,1,1,0,0,0,0,0,0,0,0,0,0
550388,2,1,0,0,0,0,0,0,0,0,0,0
550389,1,1,25,0,0,19,0,0,7,5,15,7
550390,1,1,0,0,0,0,0,0,0,0,0,0
550391,1,1,0,14,0,0,0,18,0,10,0,29
550391,2,1,0,0,0,0,0,0,23,0,0,4
550392,1,1,0,0,0,0,26,0,0,0,0,0
550392,2,1,0,0,0,0,0,0,0,0,0,0
550393,1,1,0,0,0,0,0,0,0,0,0,0
550394,1,1,0,9,6,0,0,13,0,0,0,0
550395,1,1,9,9,0,14,20,22,0,32,6,15
550396,0,1,19,19,19,19,19,19,19,19,19,19
550396,1,1,0,0,0,0,0,0,0,0,0,0
550397,1,1,0,0,0,0,0,0,0,0,0,0
550397,2,1,0,0,0,0,0,0,0,0,0,0
550398,1,1,9,9,9,9,9,9,9,9,9,9
550399,1,1,0,0,0,0,0,0,0,0,0,0
550400,1,1,0,0,0,0,0,0,0,0,0,0
550400,2,1,0,0,0,0,0,0,0,0,0,0
550401,1,1,0,0,0,0,0,0,26,0,22,0
550402,1,1,24,24,24,24,24,24,24,24,24,24
550403,1,1,11,11,11,11,11,11,11,11,11,11
550403,2,1,0,0,8,0,24,0,0,0,0,28
550404,1,1,0,0,0,0,0,0,0,0,0,0
550405,1,1,16,16,16,16,16,16,16,16,16,16
550406,1,1,0,9,0,0,0,0,0,0,0,0
550406,2,1,0,0,0,0,0,0,0,0,0,0
550407,1,1,0,0,0,0,0,0,0,0,0,0
550407,2,1,0,0,0,2,0,0,0,0,0,0
550407,3,1,0,0,0,0,0,0,0,15,0,0
550408,1,1,5,5,5,5,5,5,5,5,5,5
550408,2,1,0,0,0,0,0,0,0,0,0,0
550409,1,1,0,0,0,0,0,0,0,0,0,0
550410,1,1,0,0,0,0,0,0,0,0,0,0
550411,1,1,0,20,0,0,0,0,0,13,0,0
550411,2,1,0,0,0,0,0,0,0,0,0,0
550412,1,1,0,0,0,0,0,0,0,0,0,0
550412,2,1,0,0,0,0,0,0,0,0,0,0
550413,1,1,0,27,0,32,7,0,0,18,14,11
550414,1,1,20,11,14,18,15,31,14,0,16,6
550415,1,1,0,0,0,0,0,0,0,0,0,0
550415,2,1,0,0,0,0,0,0,0,0,0,0
550416,1,1,16,16,16,16,16,16,16,16,16,16
550417,1,1,0,32,12,4,0,0,11,9,0,0
550418,1,1,0,0,0,0,0,0,0,0,0,0
550418,2,1,0,0,0,0,0,0,0,0,0,0
550418,3,1,0,0,0,0,0,0,0,0,0,0
550419,1,1,29,29,29,29,29,29,29,29,29,29
550420,1,1,0,0,21,16,0,9,16,9,6,0
550420,2,1,0,0,0,8,0,0,16,0,0,0
550421,1,1,0,0,0,0,0,0,0,0,0,0
550422,1,1,0,0,0,0,0,0,0,0,0,0
550422,2,1,11,0,29,0,0,0,0,0,19,13
550423,1,1,0,9,0,0,0,0,0,0,0,0
550423,2,1,0,0,0,0,0,0,0,0,0,0
550424,1,1,0,0,0,0,0,0,0,0,16,0
550424,2,1,0,0,0,0,0,0,0,0,0,0
550425,1,1,0,0,0,0,0,0,0,0,0,0
550425,2,1,0,0,0,0,0,0,0,0,0,0
550425,3,1,0,0,0,0,0,0,0,0,0,0
550426,1,1,13,10,2,0,0,0,8,0,0,0
550427,1,1,16,0,7,8,14,13,15,26,16,15
550427,2,1,0,0,0,0,0,0,0,0,0,0
550428,1,1,13,13,13,13,13,13,13,13,13,13
550429,0,1,13,13,13,13,13,13,13,13,13,13
550429,1,1,4,4,4,4,4,4,4,4,4,4
550430,1,1,12,12,12,12,12,12,12,12,12,12
550431,1,1,27,27,27,27,27,27,27,27,27,27
550432,1,1,0,0,14,0,9,0,0,16,0,0
550433,1,1,0,0,0,0,0,0,0,0,0,0
550434,1,1,0,0,0,0,0,0,0,0,0,0
550435,1,1,0,0,0,0,0,0,0,0,0,0
550435,2,1,5,5,5,5,5,5,5,5,5,5
550436,1,1,0,0,0,0,0,0,0,0,0,0
550436,2,1,3,0,0,0,0,0,0,0,0,0
550437,1,1,26,26,26,26,26,26,26,26,26,26
550438,1,1,0,0,0,0,0,0,0,0,0,0
550438,2,1,0,0,0,0,0,0,0,0,0,0
550439,1,1,0,0,0,0,0,0,0,0,0,0
550439,2,1,0,0,0,0,0,0,0,0,0,0
550440,0,1,21,21,21,21,21,21,21,21,21,21
550440,1,1,15,0,0,0,0,0,0,0,0,0
550441,1,1,0,0,0,0,0,0,0,0,0,0
550441,2,1,0,0,0,0,0,0,0,0,0,0
550442,1,1,0,0,0,0,0,0,0,0,0,0
550443,1,1,0,0,19,16,0,0,0,0,23,0
550444,1,1,0,0,0,0,0,0,0,0,0,0
550444,2,1,0,0,0,0,0,0,0,0,0,0
550444,3,1,0,0,0,0,0,0,0,0,0,0
550445,0,1,0,0,0,0,0,0,0,0,0,0
550445,1,1,0,0,0,0,0,0,0,0,0,0
550446,1,1,10,0,0,0,0,7,10,0,0,3
550446,2,1,0,0,0,0,0,0,16,0,0,0
550446,3,1,0,0,9,0,14,22,0,0,0,0
550447,1,1,30,30,30,30,30,30,30,30,30,30
550448,1,1,0,0,0,0,0,0,0,0,0,0
550449,1,1,0,21,13,28,35,5,30,21,24,10
550450,1,1,0,0,0,0,19,4,41,27,14,0
550451,1,1,0,0,0,0,0,0,0,0,0,0
550451,2,1,0,0,0,0,0,0,0,0,0,0
550452,1,1,19,19,19,19,19,19,19,19,19,19
550453,1,1,0,0,14,0,0,0,0,0,0,0
550453,2,1,0,0,0,0,0,0,0,0,0,0
550454,0,1,0,0,0,0,0,0,0,0,0,0
550454,1,1,0,0,0,0,0,0,13,0,0,0
550455,1,1,0,26,0,0,0,0,0,0,0,0
550456,1,1,9,0,0,0,0,0,0,24,0,0
550457,1,1,0,0,0,0,0,0,0,0,0,0
550457,2,1,0,0,0,0,0,0,0,0,0,0
550458,1,1,15,15,15,15,15,15,15,15,15,15
550459,0,1,23,23,23,23,23,23,23,23,23,23
550459,1,1,0,0,0,0,0,0,0,0,0,0
550460,1,1,0,0,0,0,0,0,0,0,0,0
550460,2,1,0,0,0,0,0,0,0,0,0,0
550461,1,1,0,16,0,14,0,4,14,0,0,0
550462,0,1,0,0,0,0,0,0,0,0,0,0
550462,1,1,0,0,0,0,0,0,0,0,0,0
550463,1,1,8,8,8,8,8,8,8,8,8,8
550464,1,1,0,0,0,0,0,13,0,0,13,18
550465,1,1,0,0,0,0,0,0,0,0,0,0
550465,2,1,0,0,17,0,0,28,0,0,0,15
550466,1,1,18,16,12,0,0,19,0,12,0,8
550468,1,1,26,26,26,26,26,26,26,26,26,26
550469,1,1,13,13,13,13,13,13,13,13,13,13
550470,1,1,5,18,15,37,13,19,16,12,16,12
550471,1,1,1,1,1,1,1,1,1,1,1,1
550472,1,1,19,19,19,19,19,19,19,19,19,19
550473,1,1,11,0,0,0,0,0,0,0,0,0
550473,2,1,0,0,0,0,0,0,39,0,0,0
550474,0,1,0,0,0,0,0,0,0,0,0,0
550474,1,1,0,0,28,0,0,0,0,0,15,11
550475,1,1,0,0,0,0,0,0,0,0,0,0
550476,0,1,0,0,0,25,0,0,18,0,0,0
550476,1,1,0,0,0,0,0,0,0,0,0,0
550477,1,1,0,0,0,0,0,0,0,0,0,0
550477,2,1,0,0,0,0,0,0,0,0,0,0
550478,1,1,0,0,32,0,11,0,0,0,5,16
550478,2,1,0,10,0,0,0,0,21,0,0,24
550479,0,1,0,0,0,0,0,0,0,0,0,0
550479,1,1,0,0,0,0,0,0,0,0,0,0
550480,1,1,0,0,0,0,0,0,0,0,0,0
550480,2,1,0,0,0,0,0,0,0,0,0,0
550481,1,1,0,0,0,0,0,0,0,0,0,0
550481,2,1,0,0,0,0,0,0,28,0,0,0
550482,1,1,0,0,0,0,0,0,0,0,0,0
550482,2,1,8,8,8,8,8,8,8,8,8,8
550482,3,1,0,0,0,0,0,0,0,0,0,0
550483,1,1,0,0,0,0,0,0,0,0,0,0
550484,1,1,6,0,0,0,0,0,0,0,0,0
550484,2,1,0,0,0,0,0,0,0,0,0,0
550485,0,1,0,0,22,0,28,0,0,24,44,37
550485,1,1,0,0,0,0,0,0,0,0,8,0
550486,1,1,0,0,0,0,0,0,0,0,0,0
550486,2,1,0,15,0,0,0,0,0,0,0,0
550487,1,1,0,0,0,0,0,0,0,0,0,0
550487,2,1,0,0,0,0,0,0,0,0,0,0
550488,0,1,11,0,0,27,0,0,0,0,0,0
550488,1,1,0,7,0,0,0,0,0,0,0,0
550489,1,1,0,0,0,0,0,0,0,0,0,0
550489,2,1,0,13,0,0,0,0,0,0,0,0
550490,1,1,0,0,0,0,0,0,0,0,0,0
550490,2,1,0,0,0,0,0,0,0,0,0,0
550491,1,1,27,27,27,27,27,27,27,27,27,27
550492,1,1,12,0,24,11,16,0,17,0,0,0
550493,1,1,0,0,0,0,0,0,0,0,0,0
550493,2,1,0,0,0,0,0,0,0,0,0,0
550494,1,1,0,0,0,0,0,0,0,0,0,0
550494,2,1,0,0,0,0,0,0,0,8,0,0
550495,1,1,0,0,10,0,0,0,0,0,0,0
550495,2,1,25,0,0,0,0,0,0,0,0,0
550496,1,1,0,0,0,0,0,18,23,0,0,18
550496,2,1,0,0,0,4,0,0,0,0,0,0
550497,1,1,0,0,0,0,0,0,0,0,0,0
550498,1,1,0,0,0,0,0,0,0,0,0,0
550499,1,1,0,0,0,0,0,0,13,0,0,0
550499,2,1,0,0,0,0,0,0,0,0,0,0
550500,1,1,0,0,0,0,0,0,0,0,0,0
550500,2,1,0,0,0,0,0,0,0,0,0,0
550501,1,1,0,0,0,6,9,0,24,13,26,11
550501,2,1,0,0,0,0,0,0,0,0,0,0
550502,1,1,0,0,0,0,0,0,0,0,0,24
550502,2,1,0,0,0,4,0,0,0,0,15,0
550502,3,1,0,0,0,0,0,0,0,0,0,0
550502,4,1,0,0,0,0,0,0,0,0,0,0
550503,1,1,0,0,0,0,0,0,0,0,0,0
550504,0,1,21,24,15,36,19,21,14,8,0,16
550504,1,1,0,0,0,0,0,0,0,0,9,16
550505,1,1,0,22,0,0,0,0,0,0,8,0
550505,2,1,0,0,0,0,7,0,0,0,0,0
550506,1,1,6,6,6,6,6,6,6,6,6,6
550507,1,1,6,6,6,6,6,6,6,6,6,6
550507,2,1,6,0,0,0,11,0,0,0,0,0
550508,0,1,0,0,0,0,0,0,0,0,0,0
550508,1,1,0,11,0,23,23,23,8,0,23,12
550509,1,1,0,18,0,0,0,0,0,0,0,0
550509,2,1,0,0,0,0,0,0,0,0,0,0
550510,1,1,15,31,18,23,18,34,8,2,22,7
550511,1,1,31,34,28,16,23,13,18,23,38,16
550512,1,1,15,19,12,11,0,15,5,2,27,0
550513,0,1,23,23,23,23,23,23,23,23,23,23
550513,1,1,0,0,7,0,0,0,30,4,0,0
550514,1,1,0,17,0,15,0,3,31,0,7,7
550515,0,1,18,0,0,0,0,19,0,56,0,14
550515,1,1,0,0,0,0,0,0,0,0,0,0
550516,1,1,0,0,0,0,0,0,0,0,0,0
550516,2,1,0,0,0,0,0,0,0,0,0,0
550517,1,1,19,19,19,19,19,19,19,19,19,19
550518,1,1,17,14,0,0,0,0,0,0,10,0
550519,1,1,0,21,11,10,3,0,10,0,13,24
550520,1,1,17,13,14,15,33,25,10,19,11,16
550521,1,1,0,22,20,10,9,15,17,12,0,0
550522,1,1,0,0,0,0,15,0,14,0,23,0
550523,1,1,0,0,0,0,0,0,0,0,0,0
550523,2,1,0,0,0,0,0,0,0,0,0,0
550524,1,1,5,33,0,9,0,0,0,4,5,18
550525,1,1,23,0,0,0,16,0,0,0,0,0
550526,1,1,24,24,24,24,24,24,24,24,24,24
550527,1,1,4,4,4,4,4,4,4,4,4,4
550528,1,1,14,14,14,14,14,14,14,14,14,14
550529,1,1,27,27,27,27,27,27,27,27,27,27
550530,1,1,0,14,0,12,0,0,21,0,0,0
550530,2,1,0,0,0,0,0,0,6,0,0,0
550531,1,1,18,18,18,18,18,18,18,18,18,18
550532,1,1,0,0,0,0,0,0,0,0,0,0
550532,2,1,3,3,3,3,3,3,3,3,3,3
550533,1,1,29,7,29,20,15,23,28,14,21,10
550534,1,1,19,23,10,34,14,5,15,20,17,6
550534,2,1,0,0,0,0,0,0,0,0,0,0
550535,1,1,0,0,0,0,0,0,0,0,0,0
550536,1,1,16,16,16,16,16,16,16,16,16,16
550537,0,1,0,0,0,0,0,0,0,0,0,0
550537,1,1,0,0,0,0,0,0,0,0,0,0
550538,1,1,0,0,0,0,0,0,0,0,0,0
550538,2,1,0,0,0,0,0,0,0,0,0,0
550539,1,1,0,0,0,0,0,0,0,0,0,12
550539,2,1,0,0,0,0,0,0,0,0,0,0
550540,1,1,0,0,0,0,0,0,0,0,0,0
550540,2,1,0,5,0,0,0,0,0,0,0,0
550541,1,1,0,0,0,0,0,0,0,0,0,0
550541,2,1,0,0,0,0,0,0,0,0,0,0
550542,0,1,0,0,0,0,0,0,0,0,0,0
550542,1,1,0,0,0,0,0,0,0,0,0,0
550543,1,1,0,15,0,0,0,0,9,10,0,0
550543,2,1,37,37,37,37,37,37,37,37,37,37
550544,1,1,0,0,0,0,0,0,0,0,0,0
550544,2,1,0,19,0,8,0,0,0,0,0,0
550545,1,1,0,0,0,0,0,0,0,3,0,0
550546,1,1,0,0,0,0,0,0,0,0,0,0
550546,2,1,0,0,0,0,0,0,0,0,0,0
550547,1,1,19,19,19,19,19,19,19,19,19,19
550548,0,1,30,0,0,0,0,0,17,0,0,7
550548,1,1,0,0,0,0,0,0,0,0,0,0
560001,1,1,0,0,0,0,0,0,0,0,0,0
560002,1,1,0,0,0,0,0,0,0,0,0,0
560002,2,1,11,11,11,11,11,11,11,11,11,11
560003,1,1,0,0,0,0,0,0,0,0,0,0
560004,1,1,0,0,0,0,0,0,0,0,0,0
560005,1,1,0,0,0,0,0,0,0,0,0,0
560005,2,1,0,0,0,0,0,0,0,0,0,0
560006,1,1,0,0,0,0,0,12,25,0,0,0
560007,1,1,0,0,0,0,0,0,0,0,0,0
560008,1,1,0,0,0,0,0,0,0,0,0,0
560008,2,1,0,0,0,0,0,0,0,0,0,0
560009,1,1,0,0,15,0,12,0,0,0,0,0
560010,0,1,14,14,14,14,14,14,14,14,14,14
560010,1,1,0,0,0,0,0,0,0,0,0,0
560011,1,1,0,0,0,0,0,0,0,0,0,0
560012,1,1,0,0,0,0,0,0,0,0,0,0
560013,1,1,0,0,0,0,0,0,0,0,0,0
560014,1,1,0,0,0,0,0,0,0,0,0,0
560014,2,1,0,0,0,0,0,0,0,0,0,0
560014,3,1,2,0,0,0,10,0,0,0,0,0
560014,4,1,0,0,0,0,0,0,0,0,0,0
560014,5,1,0,0,0,0,0,0,0,0,0,0
560014,6,1,0,0,0,0,0,0,0,0,0,0
560014,7,1,0,0,0,0,0,0,0,0,0,0
560014,8,1,0,0,0,0,0,0,0,0,0,0
560014,9,1,0,0,0,0,0,0,0,0,0,0
560015,1,1,0,0,0,0,0,0,0,18,0,17
560015,2,1,0,0,0,0,0,0,29,0,0,0
560016,1,1,28,28,28,28,28,28,28,28,28,28
560017,1,1,7,0,0,0,13,0,0,0,0,0
560018,1,1,16,0,9,0,0,0,0,0,0,0
560019,1,1,16,16,16,16,16,16,16,16,16,16
560020,1,1,0,0,0,0,0,0,0,0,0,0
560020,2,1,0,0,0,0,0,0,0,0,0,0
560020,3,1,0,0,0,0,0,0,0,0,0,0
560021,1,1,0,0,0,0,0,0,0,0,0,0
560022,1,1,26,26,26,26,26,26,26,26,26,26
560023,1,1,0,0,0,0,0,0,0,0,0,0
560023,2,1,0,0,0,0,0,0,0,0,0,0
560023,3,1,0,0,0,0,0,0,0,0,0,0
560024,0,1,0,21,0,7,38,0,0,0,0,0
560024,1,1,0,23,0,0,27,0,0,0,0,0
560025,1,1,0,0,12,0,0,0,0,0,0,11
560026,1,1,27,0,0,14,0,0,0,0,0,0
560027,1,1,0,0,0,21,0,24,0,0,0,0
560028,1,1,0,0,0,0,0,0,0,0,0,0
560028,2,1,0,0,25,0,0,0,0,0,0,0
560028,3,1,0,0,0,0,0,0,0,0,0,0
560028,4,1,0,0,0,0,0,0,0,0,0,0
560028,5,1,0,0,0,0,0,0,0,0,0,0
560028,6,1,0,0,0,0,0,0,0,0,0,0
560029,1,1,0,0,0,0,0,0,0,0,0,0
560029,2,1,0,0,0,0,0,0,0,0,0,0
560030,1,1,17,17,17,17,17,17,17,17,17,17
560031,1,1,14,14,14,14,14,14,14,14,14,14
560032,1,1,0,0,0,0,0,0,14,0,0,0
560033,1,1,0,0,0,0,0,0,0,0,0,0
560033,2,1,0,0,0,0,0,0,0,0,0,12
560033,3,1,0,0,0,0,0,0,0,0,0,0
560034,1,1,15,15,15,15,15,15,15,15,15,15
560035,1,1,0,0,0,0,0,0,0,0,0,0
560036,1,1,0,0,0,0,0,0,0,0,0,0
560037,1,1,0,0,0,0,0,0,0,0,5,0
560038,1,1,0,0,0,0,0,0,0,0,0,0
560039,1,1,4,0,0,0,0,0,0,0,0,0
560040,1,1,0,0,16,0,0,0,0,0,0,0
560040,2,1,0,0,0,0,0,0,0,0,0,0
560040,3,1,0,0,0,0,0,0,0,0,0,0
560041,0,1,0,0,0,0,0,0,0,0,0,0
560041,0,2,0,0,0,0,0,0,0,0,0,0
560041,1,1,0,0,0,0,0,0,0,0,0,0
560042,1,1,0,0,0,0,0,0,0,0,0,0
560043,1,1,0,0,0,0,0,0,0,0,0,0
560043,2,1,0,0,0,13,0,0,0,0,0,0
560044,1,1,20,20,20,20,20,20,20,20,20,20
560045,1,1,0,0,0,31,29,0,0,0,0,0
560046,1,1,24,24,24,24,24,24,24,24,24,24
560047,1,1,0,0,0,0,0,0,0,0,0,0
560048,1,1,0,0,0,0,0,0,0,0,0,0
560049,1,1,31,0,0,0,0,0,0,0,0,0
560049,2,1,0,0,0,0,0,0,0,0,0,0
560050,1,1,0,0,0,0,0,0,0,0,0,0
560050,2,1,0,0,0,11,0,0,0,0,0,0
560051,1,1,0,0,0,0,0,18,0,0,0,0
560051,2,1,0,0,0,0,0,0,0,0,0,0
560052,1,1,0,0,0,0,0,0,0,0,0,0
560053,1,1,13,13,13,13,13,13,13,13,13,13
560054,1,1,13,13,13,13,13,13,13,13,13,13
560055,1,1,0,0,0,0,0,0,0,0,0,0
560056,1,1,0,0,0,0,0,0,0,0,0,0
560056,2,1,0,0,0,0,0,0,0,0,0,0
560057,2,1,0,0,0,0,0,0,0,0,0,0
560058,1,1,0,0,0,0,0,0,0,0,0,0
560059,1,1,0,0,0,0,0,0,0,0,0,0
560060,1,1,0,0,0,0,0,0,0,0,0,0
560061,1,1,0,0,0,0,0,0,0,0,0,0
560062,1,1,0,10,0,0,0,0,0,0,0,0
560063,1,1,17,17,17,17,17,17,17,17,17,17
560064,1,1,0,0,0,0,0,0,0,0,0,0
560064,2,1,0,0,0,0,0,0,0,0,0,0
560065,1,1,16,16,16,16,16,16,16,16,16,16
560066,1,1,24,24,24,24,24,24,24,24,24,24
560066,2,1,0,0,16,9,0,0,0,0,0,0
560067,1,1,0,0,0,0,0,0,0,0,0,0
560068,1,1,22,22,22,22,22,22,22,22,22,22
560068,2,1,0,0,0,0,0,0,0,0,0,0
560069,1,1,22,22,22,22,22,22,22,22,22,22
560070,1,1,0,0,0,0,0,0,0,0,0,0
560070,2,1,0,0,0,0,0,0,0,0,0,0
560070,3,1,0,0,0,0,0,0,0,0,0,0
560070,4,1,0,0,0,0,0,0,0,0,0,0
560070,5,1,0,0,0,0,0,0,0,0,0,0
560071,1,1,0,0,0,0,0,0,0,0,0,0
560071,2,1,0,0,0,0,0,0,0,0,0,0
560072,1,1,0,0,0,0,0,0,0,0,0,0
560073,1,1,0,0,0,0,0,0,0,0,0,0
560073,2,1,0,0,0,0,0,0,0,0,0,0
560074,1,1,0,0,0,0,0,0,0,0,0,0
560075,1,1,0,0,0,0,0,0,0,0,0,0
560076,0,1,0,0,0,0,0,0,0,0,0,0
560076,1,1,0,0,0,0,0,0,0,0,0,0
560077,1,1,20,20,20,20,20,20,20,20,20,20
560078,1,1,0,0,0,0,0,0,0,0,0,0
560078,2,1,0,0,0,0,0,0,13,0,0,2
560079,1,1,24,24,24,24,24,24,24,24,24,24
560079,2,1,0,0,0,0,0,0,0,0,0,0
560080,1,1,17,17,17,17,17,17,17,17,17,17
560081,1,1,0,0,0,0,0,0,0,0,0,10
560081,2,1,0,0,0,0,15,0,0,0,0,0
560082,1,1,0,0,0,20,0,0,0,0,0,0
560083,1,1,0,0,0,0,0,0,0,0,0,0
560083,2,1,0,0,0,0,0,0,0,0,0,0
560083,3,1,0,0,0,0,0,0,0,0,0,0
560084,1,1,5,5,5,5,5,5,5,5,5,5
560085,1,1,23,23,23,23,23,23,23,23,23,23
560086,1,1,36,36,36,36,36,36,36,36,36,36
560087,1,1,8,8,8,8,8,8,8,8,8,8
560088,1,1,8,8,8,8,8,8,8,8,8,8
560089,1,1,2,2,2,2,2,2,2,2,2,2
560089,2,1,0,0,0,0,0,19,0,0,0,0
560090,0,1,0,0,0,0,0,0,0,0,0,0
560090,1,1,0,0,0,0,0,0,0,0,0,0
560091,1,1,22,22,22,22,22,22,22,22,22,22
560092,1,1,0,0,0,0,0,0,0,0,0,0
560092,2,1,17,0,0,0,0,0,0,0,14,0
560093,1,1,0,0,0,0,32,0,0,0,0,0
560094,1,1,0,0,0,0,0,0,0,0,0,0
560094,2,1,0,0,0,13,0,14,0,0,0,0
560095,1,1,0,14,0,8,0,0,0,11,0,0
560096,1,1,0,0,0,0,0,0,0,0,0,0
560096,2,1,0,0,0,0,0,0,0,0,0,0
560097,1,1,0,0,0,0,0,0,52,0,21,0
560097,2,1,0,0,0,0,0,0,0,0,0,24
560098,0,1,0,0,0,0,0,0,0,0,0,0
560098,1,1,0,0,0,0,0,0,0,0,0,0
560099,1,1,6,19,6,0,0,0,8,30,23,0
560100,1,1,0,0,0,0,0,0,0,0,7,0
560100,2,1,0,0,0,0,0,0,0,0,0,0