ST_CASE,VEH_NO,PER_NO,P1,P2,P3,P4,P5,P6,P7,P8,P9,P10
60001,1,1,0,0,0,0,13,0,0,0,0,0
60002,0,1,15,0,0,11,11,15,0,22,0,0
60002,1,1,0,0,0,0,0,0,0,0,0,0
60003,1,1,0,0,0,0,0,0,0,0,0,0
60003,2,1,5,5,5,5,5,5,5,5,5,5
60004,1,1,0,16,0,0,0,0,0,0,0,0
60005,1,1,0,0,0,0,0,0,0,0,0,0
60006,1,1,0,0,0,0,0,0,0,0,0,0
60006,2,1,16,16,16,16,16,16,16,16,16,16
60007,0,1,0,19,0,0,18,15,28,12,6,35
60007,1,1,0,0,0,10,11,8,0,0,0,0
60008,1,1,0,0,0,0,0,0,0,0,0,0
60008,2,1,13,13,13,13,13,13,13,13,13,13
60009,0,1,0,0,0,37,18,0,0,0,0,0
60009,1,1,0,0,0,0,0,11,0,0,0,0
60010,0,1,0,0,0,10,0,27,0,0,0,0
60010,1,1,3,3,3,3,3,3,3,3,3,3
60011,1,1,10,10,10,10,10,10,10,10,10,10
60012,1,1,0,0,0,0,0,0,0,0,0,0
60013,1,1,15,15,15,15,15,15,15,15,15,15
60014,1,1,0,0,0,0,0,0,0,0,0,0
60015,1,1,0,0,0,0,23,0,0,25,0,0
60015,2,1,0,0,0,0,0,0,0,0,0,0
60016,0,1,8,0,0,0,0,13,0,15,0,28
60016,1,1,14,14,14,14,14,14,14,14,14,14
60017,0,1,0,0,0,0,0,0,0,0,38,0
60017,1,1,0,0,0,0,0,0,0,28,19,0
60018,0,1,0,0,0,0,0,0,0,0,0,0
60018,1,1,0,0,0,0,0,0,17,0,0,0
60019,0,1,0,0,0,26,28,0,0,0,0,0
60019,1,1,0,0,0,0,0,0,0,0,0,0
60020,1,1,0,0,0,0,15,0,0,0,0,20
60021,1,1,0,0,0,0,0,0,0,0,0,0
60022,0,1,0,0,0,0,0,0,0,0,0,0
60022,1,1,0,0,0,31,0,0,24,0,22,0
60023,1,1,11,11,11,11,11,11,11,11,11,11
60023,2,1,0,6,0,0,0,0,23,0,0,0
60024,1,1,0,0,0,15,0,0,0,0,0,0
60024,2,1,0,0,0,0,0,0,0,0,0,0
60025,1,1,19,19,19,19,19,19,19,19,19,19
60026,1,1,41,0,21,42,27,26,0,0,14,18
60027,1,1,0,0,0,0,0,0,0,0,0,0
60028,1,1,0,0,0,0,0,0,0,0,0,0
60029,1,1,24,10,15,0,36,4,18,0,36,9
60029,2,1,5,5,5,5,5,5,5,5,5,5
60030,1,1,0,0,0,0,0,27,0,0,0,0
60031,1,1,0,0,0,0,0,0,0,0,0,0
60032,1,1,12,7,0,0,0,0,19,0,0,0
60032,2,1,14,0,0,0,0,0,0,0,0,0
60032,3,1,0,0,0,15,0,0,0,0,0,0
60033,1,1,0,0,0,0,0,0,18,13,0,0
60034,0,1,34,34,34,34,34,34,34,34,34,34
60034,2,1,0,0,0,0,0,0,0,0,0,0
60035,1,1,0,0,32,0,0,0,0,0,0,0
60035,2,1,0,0,0,0,0,0,0,0,0,0
60036,1,1,0,0,0,0,0,0,0,0,0,0
60036,2,1,26,0,0,0,0,0,0,0,11,0
60037,1,1,0,12,0,8,21,0,0,0,10,12
60038,1,1,27,0,18,0,16,0,0,42,0,0
60038,2,1,0,0,0,0,0,0,0,0,0,0
60039,0,1,0,0,0,0,0,0,0,0,0,0
60039,1,1,0,0,0,0,0,0,0,0,0,0
60040,1,1,4,6,12,11,21,23,15,18,12,11
60041,0,1,31,35,12,40,0,0,5,14,0,0
60041,0,2,2,0,13,20,32,5,0,0,0,13
60041,0,3,0,0,0,0,0,0,0,0,0,0
60041,1,1,15,15,15,15,15,15,15,15,15,15
60042,1,1,0,0,0,0,0,0,0,0,0,0
60043,1,1,27,0,0,0,0,0,0,0,0,0
60044,1,1,0,0,0,0,0,0,0,0,0,0
60045,1,1,0,0,0,0,0,0,0,0,0,0
60046,0,1,0,0,0,0,0,0,0,0,0,0
60046,1,1,0,0,0,0,0,0,0,0,0,11
60047,0,1,32,32,32,32,32,32,32,32,32,32
60047,1,1,0,0,0,0,0,0,0,0,0,0
60048,0,1,0,0,0,0,0,0,0,0,0,0
60048,1,1,0,0,0,0,0,0,0,0,0,0
60049,1,1,0,0,0,0,0,0,0,0,0,0
60049,2,1,0,0,0,0,0,0,0,0,0,0
60049,3,1,0,0,0,0,0,0,0,0,0,0
60050,0,1,0,0,18,0,0,26,0,9,0,0
60050,1,1,23,25,0,0,0,0,13,0,0,0
60051,1,1,0,0,0,0,0,0,0,0,0,0
60051,2,1,0,0,0,0,0,0,0,0,0,0
60051,3,1,0,0,0,0,0,0,0,0,0,0
60051,4,1,0,0,0,0,0,0,14,0,0,0
60052,0,1,30,30,30,30,30,30,30,30,30,30
60052,1,1,0,0,0,0,14,0,6,0,0,23
60053,1,1,0,0,0,0,0,0,0,0,0,0
60053,2,1,0,0,0,0,0,0,0,0,0,0
60054,1,1,10,0,18,16,8,14,29,15,11,14
60054,2,1,0,0,0,0,0,0,0,0,0,0
60055,0,1,0,0,0,0,0,0,0,0,0,0
60055,1,1,0,0,0,10,7,0,0,0,0,0
60056,1,1,0,0,0,0,0,0,0,0,0,0
60057,0,1,0,0,0,0,0,0,0,0,0,0
60057,1,1,0,0,0,0,0,0,0,0,0,0
60058,1,1,23,23,23,23,23,23,23,23,23,23
60059,0,1,0,0,0,0,0,0,0,0,0,0
60059,1,1,0,0,0,0,0,0,0,0,0,0
60060,1,1,0,0,0,0,0,0,0,0,0,0
60060,2,1,0,0,0,0,0,0,0,0,0,0
60060,3,1,0,0,0,0,0,0,0,0,0,0
60061,1,1,0,0,0,0,0,0,0,0,0,0
60061,2,1,0,0,0,0,0,0,0,0,0,0
60061,3,1,0,0,0,0,0,0,0,0,0,0
60062,1,1,21,21,21,21,21,21,21,21,21,21
60062,2,1,14,0,0,19,0,0,0,0,0,0
60063,0,1,0,0,0,0,0,0,0,0,0,0
60063,1,1,0,0,0,0,22,18,0,0,8,8
60064,0,1,0,0,0,0,0,0,0,0,15,0
60064,1,1,0,0,0,0,0,0,0,0,0,0
60065,0,1,5,5,5,5,5,5,5,5,5,5
60065,1,1,0,0,0,0,0,0,0,0,0,0
60066,0,1,0,0,0,0,0,0,0,0,0,0
60066,1,1,0,13,0,0,0,0,0,0,0,0
60067,1,1,18,16,35,28,12,0,10,17,34,6
60068,1,1,0,0,0,0,0,0,0,0,0,0
60069,1,1,28,18,19,11,17,18,14,0,17,19
60069,2,1,0,5,0,0,0,0,0,0,0,0
60070,1,1,0,0,0,0,0,0,0,0,0,0
60071,1,1,0,24,16,13,6,3,9,20,27,5
60071,2,1,0,0,0,0,0,0,0,0,0,0
60072,1,1,4,4,4,4,4,4,4,4,4,4
60073,0,1,0,20,0,19,0,14,17,0,0,11
60073,1,1,0,0,0,0,0,15,39,24,0,0
60074,0,1,7,14,13,0,24,13,20,22,21,21
60074,1,1,23,20,9,2,10,5,24,9,19,36
60075,1,1,0,0,0,0,0,0,0,0,0,0
60076,0,1,0,0,0,0,0,0,0,0,0,0
60076,1,1,0,0,0,0,0,0,0,0,0,0
60077,1,1,0,0,0,0,0,0,0,0,0,0
60077,2,1,0,0,0,0,0,0,0,0,0,0
60077,3,1,0,0,0,0,0,0,0,0,0,0
60078,1,1,26,42,18,23,8,10,20,23,25,15
60079,1,1,18,0,0,0,12,26,0,0,0,30
60080,1,1,20,20,20,20,20,20,20,20,20,20
60081,1,1,13,13,13,13,13,13,13,13,13,13
60082,1,1,0,0,0,0,0,0,0,0,0,0
60083,1,1,12,12,12,12,12,12,12,12,12,12
60084,1,1,0,0,0,0,0,0,0,0,0,0
60085,1,1,0,0,0,0,0,0,0,0,0,0
60086,1,1,0,0,0,0,0,0,0,0,0,0
60087,1,1,0,0,0,0,0,0,0,0,0,0
60087,2,1,0,0,0,0,0,0,0,0,0,0
60088,1,1,0,0,0,0,0,0,0,0,0,0
60089,0,1,0,7,19,24,29,15,20,23,23,14
60089,1,1,6,17,0,0,0,0,0,16,0,12
60090,1,1,12,16,15,16,14,27,11,23,33,18
60091,1,1,0,0,0,0,0,0,0,0,0,0
60091,2,1,0,0,0,0,0,0,0,0,0,0
60092,1,1,14,14,14,14,14,14,14,14,14,14
60093,1,1,0,0,0,0,0,0,0,0,0,0
60093,2,1,0,0,0,0,0,0,0,0,0,0
60094,1,1,0,0,0,0,0,0,0,8,28,0
60095,1,1,39,39,39,39,39,39,39,39,39,39
60095,2,1,0,0,0,0,0,0,0,10,0,0
60096,1,1,0,0,0,0,0,0,0,0,0,0
60097,1,1,17,0,27,0,0,22,17,0,0,0
60098,1,1,0,0,18,0,0,0,0,0,0,9
60099,1,1,0,0,0,0,0,0,0,0,0,0
60100,1,1,0,0,0,7,1,0,0,12,13,18
60101,1,1,14,22,0,7,18,9,20,14,24,21
60102,1,1,12,12,12,12,12,12,12,12,12,12
60102,2,1,0,0,0,0,0,0,0,0,0,0
60103,1,1,0,0,0,0,0,0,0,0,0,0
60104,1,1,0,0,0,0,0,0,0,0,0,0
60105,0,1,21,21,21,21,21,21,21,21,21,21
60105,1,1,0,0,0,0,0,0,0,0,0,0
60106,0,1,23,0,0,0,0,15,0,0,0,0
60106,1,1,0,0,0,0,0,0,0,17,0,0
60107,1,1,15,15,15,15,15,15,15,15,15,15
60108,0,1,0,0,0,0,0,0,0,0,0,0
60108,1,1,0,0,0,0,0,0,0,0,0,0
60109,0,1,0,0,0,0,0,0,0,0,0,0
60109,1,1,0,0,0,0,0,0,0,0,0,0
60110,0,1,42,10,23,0,24,3,0,15,18,10
60110,1,1,0,0,0,0,0,0,0,0,0,0
60111,0,1,0,0,0,0,0,0,37,0,0,0
60111,1,1,0,0,0,0,0,0,0,0,0,0
60112,1,1,0,0,0,37,0,0,0,0,0,0
60112,2,1,0,0,0,0,0,0,0,0,0,0
60113,1,1,41,15,23,17,5,0,12,13,23,17
60113,2,1,5,5,5,5,5,5,5,5,5,5
60113,3,1,0,0,0,0,0,0,0,0,0,0
60113,4,1,0,0,0,0,0,0,0,0,0,0
60114,1,1,0,0,0,0,0,0,0,0,0,0
60114,2,1,0,0,0,0,0,0,0,0,0,0
60115,1,1,11,0,0,0,0,14,0,0,0,0
60116,0,1,0,0,0,0,0,0,0,0,0,0
60116,1,1,0,7,0,9,0,4,5,0,0,17
60117,0,1,0,0,0,19,31,0,0,0,0,0
60117,1,1,0,0,0,0,0,0,0,0,0,0
60118,1,1,0,0,21,0,0,11,0,0,0,0
60118,2,1,0,0,0,0,0,0,0,0,0,0
60119,0,1,0,0,0,0,0,0,0,0,0,0
60119,1,1,0,0,0,0,0,11,0,0,0,0
60120,1,1,12,12,12,12,12,12,12,12,12,12
60120,2,1,0,0,0,0,0,0,0,0,0,0
60121,1,1,0,0,0,0,0,0,0,0,0,0
60121,2,1,0,0,0,0,0,0,0,0,0,0
60122,1,1,18,18,18,18,18,18,18,18,18,18
60122,2,1,0,24,0,13,21,0,0,27,0,14
60122,3,1,0,0,0,0,0,0,0,0,0,0
60123,0,1,10,10,10,10,10,10,10,10,10,10
60123,1,1,0,0,0,0,0,0,0,0,0,28
60124,0,1,0,0,0,0,0,0,0,0,0,0
60124,1,1,0,0,0,0,0,0,0,0,0,0
60125,0,1,0,0,39,8,0,0,12,0,27,0
60125,0,2,0,0,0,0,20,19,24,0,0,0
60125,1,1,0,0,0,0,0,0,0,0,0,0
60126,1,1,0,0,0,0,0,0,0,0,0,0
60126,2,1,0,0,0,0,0,0,0,0,0,0
60126,3,1,0,0,0,0,0,0,0,0,0,0
60127,1,1,0,0,0,0,0,0,0,0,0,0
60127,2,1,15,0,0,0,0,0,0,0,0,0
60127,3,1,0,0,0,0,0,0,0,0,0,0
60127,4,1,0,0,0,0,0,0,0,0,0,0
60128,1,1,0,0,0,0,0,0,0,0,0,0
60129,0,1,22,0,0,0,30,28,0,21,0,30
60129,1,1,0,0,37,0,0,12,0,0,0,0
60130,1,1,0,5,4,26,0,11,0,31,16,8
60130,2,1,0,0,0,0,0,0,0,0,0,0
60131,1,1,2,0,0,0,0,0,15,0,0,25
60131,2,1,0,0,0,0,0,0,0,0,0,0
60132,1,1,0,0,0,0,0,0,0,0,0,0
60132,2,1,0,0,0,0,0,0,0,0,0,0
60133,1,1,26,19,8,7,9,3,12,16,7,20
60134,1,2,0,0,8,11,0,0,0,0,0,0
60135,1,1,0,0,0,0,0,0,0,0,0,0
60135,2,1,0,0,11,0,0,0,0,0,0,11
60136,1,1,0,0,0,0,0,0,0,0,0,0
60136,2,1,0,0,0,0,0,0,0,0,0,0
60137,1,1,0,10,0,0,21,0,0,0,0,0
60138,0,1,0,0,16,0,0,0,0,0,0,38
60138,1,1,0,0,0,0,0,0,0,0,0,0
60138,2,1,0,0,0,0,0,0,0,0,0,0
60138,3,1,0,0,0,0,0,0,0,0,0,0
60139,1,1,0,0,0,0,0,0,0,0,19,0
60140,1,1,0,9,29,0,0,13,13,20,0,19
60141,1,1,0,0,0,0,0,0,0,0,0,0
60142,1,1,0,0,0,0,0,0,0,0,0,0
60142,2,1,0,0,0,0,0,0,0,0,0,0
60143,1,1,3,17,0,14,0,27,0,3,22,22
60144,1,1,0,18,0,0,0,0,15,0,0,21
60144,2,1,0,0,0,0,0,0,0,0,0,0
60144,3,1,0,0,0,0,0,0,0,0,0,0
60145,1,1,0,0,0,0,0,9,0,0,0,0
60146,1,1,0,0,0,0,0,0,0,0,0,0
60146,2,1,0,0,0,0,0,0,0,0,0,0
60146,3,1,0,0,17,0,0,0,0,0,0,0
60147,1,1,2,0,20,0,21,9,0,17,9,0
60147,2,1,0,0,0,0,0,0,0,0,0,0
60147,3,1,0,0,0,0,0,0,0,0,0,31
60147,4,1,0,0,0,0,0,0,0,0,20,0
60148,1,1,0,0,0,0,0,0,0,0,15,0
60149,1,1,0,0,0,0,0,0,0,0,0,0
60150,1,1,0,0,0,0,0,0,0,0,0,0
60151,1,1,30,30,28,7,17,16,26,19,0,12
60152,1,1,0,0,0,0,0,0,0,0,0,0
60153,0,1,0,0,0,0,0,0,0,0,0,0
60153,1,1,0,0,0,0,0,0,0,0,0,0
60154,1,1,0,0,0,0,0,0,0,0,0,0
60155,1,1,14,14,14,14,14,14,14,14,14,14
60156,0,1,22,22,22,22,22,22,22,22,22,22
60156,1,1,0,0,0,0,0,0,0,0,0,0
60157,1,1,0,0,16,0,0,0,0,9,0,0
60157,2,1,0,24,0,0,0,0,0,0,0,0
60157,3,1,0,0,0,0,0,0,0,0,0,0
60158,0,1,0,0,0,0,12,0,0,0,0,0
60158,1,1,0,26,0,0,0,0,0,0,0,0
60159,0,1,3,13,27,0,21,30,0,10,0,23
60159,1,1,0,0,0,0,0,0,0,0,0,0
60160,1,1,0,0,0,0,0,0,0,0,0,0
60160,2,1,0,0,0,0,0,0,0,0,0,0
60161,0,1,26,12,40,0,24,33,5,0,10,13
60161,1,1,0,0,0,0,0,0,0,0,11,0
60162,0,1,0,24,32,0,0,0,0,11,0,7
60162,1,1,0,0,0,0,10,0,0,0,0,0
60163,1,1,0,19,18,0,12,34,0,16,0,0
60164,1,1,2,2,2,2,2,2,2,2,2,2
60164,2,1,0,0,0,0,0,0,0,0,0,0
60165,0,1,0,15,0,0,0,0,0,0,0,5
60165,1,1,0,0,0,0,0,0,0,0,21,0
60166,1,1,17,17,17,17,17,17,17,17,17,17
60167,0,1,11,25,0,0,0,32,34,26,0,0
60167,1,1,7,0,0,0,0,0,0,0,0,0
60167,2,1,0,0,0,0,0,0,0,0,0,0
60168,1,1,16,18,11,25,11,7,19,35,5,10
60168,2,1,0,0,0,0,0,0,0,0,0,0
60169,1,1,0,0,18,0,0,0,13,0,0,0
60169,2,1,0,0,0,0,0,0,0,0,0,0
60170,0,1,0,0,0,0,0,0,0,0,0,0
60170,1,1,10,22,21,3,25,6,17,19,12,0
60171,1,1,0,0,0,0,0,0,0,0,0,0
60171,2,1,0,0,0,0,0,9,0,0,0,0
60172,0,1,12,21,17,16,32,15,34,43,9,14
60172,0,2,19,4,17,8,6,22,29,13,23,32
60172,1,1,0,0,0,0,0,10,16,0,0,0
60173,0,1,0,0,0,0,0,0,0,0,0,30
60173,1,1,0,0,0,0,0,0,0,0,0,0
60174,0,1,0,0,0,0,0,0,0,0,0,25
60174,0,2,0,0,0,0,0,0,0,0,0,0
60174,1,1,0,0,0,0,0,0,0,0,0,0
60175,1,1,19,19,19,19,19,19,19,19,19,19
60175,2,1,0,0,0,0,0,0,0,0,0,0
60176,0,1,0,0,0,0,0,0,0,0,0,0
60176,1,1,0,21,4,27,0,14,22,14,14,20
60177,1,1,23,0,24,0,32,8,7,15,7,31
60177,2,1,0,0,0,0,0,0,0,0,0,0
60178,0,1,11,28,16,19,0,24,16,22,32,17
60178,1,1,20,0,0,0,0,0,0,0,9,0
60179,1,1,14,14,14,14,14,14,14,14,14,14
60179,2,1,0,0,0,0,0,0,0,0,0,0
60180,1,1,0,0,13,0,0,0,0,0,0,0
60180,2,1,0,0,0,0,0,0,0,0,0,0
60181,0,1,0,0,0,0,0,0,0,0,0,0
60181,1,1,0,0,0,0,0,0,0,0,0,0
60182,1,1,0,0,0,0,0,0,0,0,0,0
60182,2,1,0,0,13,0,0,12,19,11,0,0
60183,1,1,0,0,0,0,0,0,0,0,27,0
60183,2,1,0,0,0,0,0,0,0,0,9,0
60184,1,1,0,0,0,0,0,0,0,0,0,0
60184,2,1,0,0,0,0,0,0,0,0,0,0
60185,1,1,0,0,0,0,0,0,0,0,0,0
60185,2,1,0,0,0,0,0,0,0,0,0,0
60185,3,1,0,0,0,0,0,0,0,0,0,0
60186,1,1,23,0,0,8,15,0,19,0,14,7
60186,2,1,0,0,0,0,0,0,0,0,0,0
60187,1,1,0,0,0,0,0,0,0,0,0,0
60187,2,1,0,0,0,0,0,0,0,0,0,0
60188,1,1,0,0,0,0,0,0,0,0,0,0
60188,2,1,20,0,0,0,7,0,14,0,0,0
60189,1,1,0,13,0,0,0,28,28,28,0,0
60189,2,1,0,0,18,0,0,0,10,22,0,18
60189,3,1,0,0,5,0,21,0,0,0,0,0
60190,0,1,0,0,0,45,0,0,0,0,0,0
60190,1,1,0,29,0,0,26,0,0,20,0,0
60191,1,1,0,0,0,0,0,0,0,0,0,0
60191,2,1,0,0,0,0,0,0,0,0,0,0
60191,3,1,0,0,0,0,0,0,0,0,0,0
60192,0,1,33,0,8,22,4,0,0,0,0,6
60192,1,1,0,0,0,0,0,0,0,0,0,0
60193,0,1,0,0,0,0,0,0,0,0,0,0
60193,1,1,0,0,0,0,0,0,13,0,0,24
60194,1,1,0,0,0,0,0,0,0,12,0,0
60194,2,1,0,0,10,0,0,0,0,0,0,0
60195,0,1,0,0,37,0,8,0,12,0,0,22
60195,1,1,0,0,0,0,0,0,0,0,0,0
60196,1,1,20,0,25,30,18,12,13,0,0,8
60197,1,1,0,0,0,0,0,0,0,0,0,0
60198,1,1,0,0,0,0,0,0,0,0,0,0
60199,1,1,0,0,0,0,0,0,0,0,10,0
60199,2,1,0,0,0,0,0,0,0,0,0,0
60199,3,1,0,0,0,0,0,9,0,0,0,0
60199,4,1,0,0,0,0,0,0,0,0,0,0
60199,5,1,0,0,0,0,0,0,0,0,0,0
60199,6,1,0,0,0,0,0,0,0,20,0,0
60200,1,1,30,30,30,30,30,30,30,30,30,30
60200,2,1,0,0,0,0,0,0,0,0,0,0
60200,3,1,0,0,0,0,0,13,0,0,0,0
60201,0,1,0,0,0,0,0,0,0,0,0,0
60201,1,1,0,0,0,0,0,0,0,0,0,0
60202,1,1,0,0,0,0,0,0,0,0,0,0
60202,2,1,0,0,0,0,0,0,0,0,0,0
60203,1,1,20,0,0,0,0,29,0,0,0,0
60203,2,1,0,0,0,0,0,0,0,0,0,0
60204,1,1,14,14,14,14,14,14,14,14,14,14
60205,1,1,6,6,6,6,6,6,6,6,6,6
60205,2,1,0,0,0,0,16,0,0,0,0,0
60205,3,1,0,0,0,0,0,0,0,0,0,0
60206,0,1,0,11,0,22,0,29,0,20,24,0
60206,1,1,0,0,0,0,0,0,0,0,0,0
60207,0,1,0,38,15,0,28,0,30,0,11,0
60207,1,1,0,0,0,0,0,0,0,0,0,0
60208,1,1,0,0,0,0,0,0,0,0,0,0
60208,2,1,0,0,0,0,0,0,0,0,0,0
60209,0,1,21,0,0,17,0,0,0,0,0,0
60209,1,1,0,0,0,0,0,0,0,0,0,0
60210,1,1,0,0,0,0,0,0,0,0,0,0
60210,2,1,0,0,0,0,0,0,0,0,0,0
60211,0,1,0,0,0,0,0,0,0,0,0,0
60211,1,1,0,0,0,0,29,0,24,18,0,0
60212,1,1,0,0,0,0,0,0,0,0,0,0
60213,1,1,0,2,0,0,23,0,0,0,6,0
60214,1,1,8,8,8,8,8,8,8,8,8,8
60215,1,1,0,0,0,0,0,0,0,0,0,0
60216,1,1,0,0,0,0,0,0,0,0,0,0
60217,1,1,17,24,0,20,0,0,0,0,14,25
60218,1,1,0,0,0,0,0,12,0,0,0,0
60219,1,1,0,0,0,0,18,22,0,0,0,0
60220,1,1,0,0,0,0,0,0,0,0,0,0
60221,1,1,0,0,0,0,0,0,0,0,0,0
60222,1,1,26,16,28,27,26,4,17,26,27,21
60223,1,1,0,0,0,0,0,0,0,0,0,0
60224,1,1,0,12,18,41,18,31,30,8,0,14
60225,1,1,0,0,0,0,0,0,0,0,0,0
60226,1,1,9,0,10,14,25,20,13,20,5,43
60227,0,1,0,0,0,0,0,0,0,0,0,0
60228,0,1,14,14,14,14,14,14,14,14,14,14
60228,1,1,0,0,0,0,0,0,0,0,0,0
60229,0,1,39,39,39,39,39,39,39,39,39,39
60229,1,1,0,0,0,0,0,0,0,0,0,0
60230,1,1,0,15,0,21,0,0,10,43,17,19
60230,2,1,0,15,0,0,0,0,16,0,0,24
60231,0,1,0,0,0,0,0,0,0,0,0,0
60231,0,2,0,0,0,0,0,0,37,0,0,0
60231,1,1,0,0,0,0,0,0,0,0,0,0
60232,1,1,0,0,31,0,0,10,0,0,0,0
60233,1,1,16,16,16,16,16,16,16,16,16,16
60234,1,1,0,0,0,0,0,0,0,0,0,0
60235,1,1,0,0,0,0,0,0,0,0,0,0
60236,0,1,0,33,11,25,0,28,0,0,34,0
60236,1,1,0,8,0,14,0,0,0,0,0,0
60237,0,1,31,0,0,0,0,0,0,0,0,0
60237,1,1,0,0,0,0,0,0,0,0,0,0
60238,1,1,0,0,0,0,2,20,0,0,0,0
60238,2,1,0,0,0,0,0,0,0,0,0,0
60239,1,1,0,0,23,7,9,0,0,0,0,0
60239,2,1,0,0,0,0,0,0,0,0,0,0
60240,0,1,0,0,0,0,0,0,0,0,0,0
60240,0,2,0,0,0,0,0,0,0,0,0,0
60240,1,1,5,5,5,5,5,5,5,5,5,5
60241,1,1,13,7,10,24,18,10,22,6,10,13
60241,2,1,0,0,0,0,22,0,0,0,0,0
60242,1,1,0,5,0,0,0,11,26,0,0,0
60243,1,1,0,0,0,0,0,0,0,0,0,0
60243,2,1,17,8,0,0,0,22,0,0,0,0
60244,0,1,14,14,14,14,14,14,14,14,14,14
60244,1,1,0,0,0,10,0,0,0,0,0,0
60245,0,1,0,0,0,0,0,0,0,0,0,0
60245,0,2,0,0,0,0,0,0,0,0,0,0
60245,1,1,0,0,0,0,0,0,0,0,0,0
60246,0,1,0,0,0,0,15,34,0,0,17,0
60246,1,1,0,0,0,0,0,3,0,0,0,0
60247,1,1,19,19,19,19,19,19,19,19,19,19
60248,1,1,12,12,12,12,12,12,12,12,12,12
60249,0,1,0,0,0,0,0,0,0,0,0,0
60249,1,1,0,0,0,0,0,0,0,0,0,13
60250,1,1,0,0,0,0,3,0,8,0,25,16
60250,2,1,0,5,0,0,0,0,0,0,0,0
60251,1,1,21,21,21,21,21,21,21,21,21,21
60251,2,1,0,0,0,0,0,0,0,0,0,0
60252,0,1,0,0,0,0,0,0,0,0,0,0
60252,1,1,0,0,0,0,0,0,0,0,0,0
60252,2,1,0,14,0,18,24,0,0,21,22,0
60253,1,1,14,4,23,29,7,8,2,23,24,0
60253,2,1,0,0,0,0,0,0,0,0,0,0
60254,1,1,9,18,33,12,13,2,9,11,12,13
60255,1,1,0,18,0,6,0,13,27,34,18,31
60256,0,1,6,6,6,6,6,6,6,6,6,6
60256,1,1,21,11,19,15,0,8,14,0,30,17
60257,1,1,0,7,17,3,11,41,16,5,10,13
60258,1,1,21,21,28,0,0,10,16,8,22,20
60259,0,1,0,0,15,21,19,0,22,18,11,0
60259,1,1,0,10,0,0,0,0,0,17,0,0
60260,1,1,27,15,24,0,0,0,0,0,0,16
60261,1,1,0,0,0,0,0,0,0,0,0,0
60261,2,1,0,0,0,0,0,0,0,0,0,0
60262,0,1,0,0,0,20,0,0,0,13,0,12
60262,1,1,0,0,0,0,0,0,0,0,0,0
60263,1,1,14,0,16,0,22,0,0,0,3,13
60264,1,1,28,28,28,28,28,28,28,28,28,28
60265,0,1,0,0,0,0,0,0,0,0,0,0
60265,1,1,0,0,0,0,0,10,0,0,0,0
60266,1,1,0,0,0,0,0,0,0,0,0,0
60266,2,1,0,0,0,0,0,0,0,0,25,0
60267,0,1,0,0,0,0,0,0,0,0,0,0
60267,1,1,0,0,0,0,0,0,0,0,0,0
60268,0,1,0,0,0,26,6,39,0,38,0,0
60268,1,1,0,0,18,10,10,0,0,0,0,0
60269,1,1,0,0,0,0,0,0,0,0,0,0
60269,2,1,21,0,0,0,0,0,0,0,0,0
60269,3,1,0,0,0,0,0,0,0,0,0,0
60269,4,1,0,15,0,0,0,0,0,0,0,0
60270,1,1,21,0,0,0,0,10,0,0,0,0
60271,1,1,24,21,22,16,13,13,13,22,9,2
60272,1,1,0,0,0,0,0,0,0,0,0,0
60273,1,1,21,21,21,21,21,21,21,21,21,21
60273,2,1,1,1,1,1,1,1,1,1,1,1
60274,0,1,6,6,6,6,6,6,6,6,6,6
60274,1,1,1,1,1,1,1,1,1,1,1,1
60275,0,1,0,20,0,0,0,0,0,0,0,0
60275,1,1,0,0,0,0,0,0,0,0,0,0
60276,1,1,0,0,0,0,0,0,0,0,0,0
60276,2,1,0,0,0,0,0,0,0,0,0,12
60276,3,1,0,0,0,0,0,0,0,0,0,0
60277,0,1,0,0,0,0,0,0,0,0,0,0
60277,1,1,0,0,0,17,0,0,0,0,0,0
60278,0,1,22,22,22,22,22,22,22,22,22,22
60278,1,1,0,0,0,0,0,0,0,0,0,0
60279,1,1,0,0,0,0,0,0,0,0,0,0
60280,1,1,20,20,20,20,20,20,20,20,20,20
60281,0,1,0,34,0,0,9,43,0,0,0,0
60281,1,1,0,0,0,0,0,0,14,0,0,0
60282,1,1,15,4,13,22,20,15,24,16,6,14
60283,1,1,0,18,0,0,0,0,6,0,0,0
60284,1,1,0,0,0,0,0,0,0,0,0,0
60285,1,1,0,0,0,0,0,0,0,0,0,0
60286,1,1,11,6,0,14,15,15,18,16,8,10
60287,0,1,0,0,0,0,0,0,0,0,0,0
60287,1,1,0,0,0,0,0,0,0,0,0,0
60288,1,1,0,0,0,0,0,0,0,0,0,0
60289,1,1,0,0,0,0,0,0,0,10,0,0
60290,0,1,0,0,0,0,0,0,0,0,0,0
60290,1,1,0,13,0,5,15,18,0,0,0,0
60291,1,1,22,5,0,2,0,16,17,6,4,16
60292,1,1,16,19,13,18,0,0,38,0,0,0
60293,1,1,0,0,0,0,0,0,0,0,0,0
60294,1,1,18,16,5,14,17,15,23,22,14,19
60295,1,1,14,14,14,14,14,14,14,14,14,14