ST_CASE,VEH_NO,PER_NO,P1,P2,P3,P4,P5,P6,P7,P8,P9,P10
60296,1,1,0,0,0,0,0,0,0,0,0,0
60297,0,1,0,0,0,29,37,33,12,11,0,0
60297,1,1,15,15,15,15,15,15,15,15,15,15
60298,1,1,20,20,20,20,20,20,20,20,20,20
60299,0,1,0,0,0,0,0,0,0,0,0,0
60299,0,2,0,0,0,0,0,0,0,15,0,0
60299,1,1,0,0,0,0,0,0,0,0,0,0
60300,0,1,17,15,0,0,33,18,22,19,0,30
60300,1,1,0,0,0,0,0,0,0,0,0,0
60300,2,1,0,0,0,0,0,0,0,0,0,0
60300,3,1,0,0,0,0,0,0,0,0,0,0
60301,1,1,0,0,0,0,0,0,13,0,20,0
60301,2,1,0,0,0,0,0,0,0,0,0,0
60302,0,1,0,0,14,0,0,17,0,13,0,0
60302,1,1,11,11,11,11,11,11,11,11,11,11
60302,2,1,0,0,0,0,0,0,0,0,0,0
60303,1,1,0,0,0,0,0,3,0,0,0,0
60304,0,1,0,0,14,0,0,0,0,0,0,0
60304,1,1,0,0,0,0,0,0,0,0,0,0
60305,1,1,0,0,0,0,0,8,10,0,0,13
60306,1,1,0,0,0,0,0,0,0,0,0,0
60307,0,1,37,37,37,37,37,37,37,37,37,37
60307,1,1,0,0,0,0,0,0,0,0,0,0
60308,1,1,19,19,19,19,19,19,19,19,19,19
60309,0,1,0,0,7,33,2,0,0,0,0,12
60309,1,1,0,0,0,0,3,0,0,0,0,0
60310,1,1,0,0,0,0,0,0,0,0,0,0
60310,2,1,0,0,0,0,0,0,0,0,0,0
60310,3,1,0,0,0,0,0,0,0,0,0,0
60310,4,1,0,0,0,0,0,0,0,0,5,0
60310,5,1,0,0,0,0,0,0,0,0,0,0
60311,1,1,0,0,0,0,0,0,0,0,0,0
60311,2,1,0,0,0,0,0,0,0,0,0,40
60312,1,1,14,14,14,14,14,14,14,14,14,14
60312,2,1,0,11,16,22,0,10,13,12,29,0
60313,0,1,0,19,0,0,7,12,0,28,12,12
60313,1,1,0,15,27,0,0,14,10,9,11,27
60314,0,1,0,8,27,0,14,0,7,0,0,40
60314,1,1,0,0,0,0,0,0,0,0,0,0
60314,2,1,0,0,0,0,0,0,0,0,0,0
60315,0,1,0,0,0,0,0,0,0,0,0,0
60315,1,1,0,0,0,0,0,0,0,0,0,0
60316,0,1,31,0,0,0,0,11,12,22,18,0
60316,1,1,12,0,0,0,0,0,0,24,0,0
60317,0,1,0,0,0,0,14,0,21,0,0,23
60317,1,1,0,0,0,0,0,0,0,0,0,0
60318,1,1,0,0,0,0,0,0,0,0,0,0
60318,2,1,8,0,0,0,0,0,0,0,0,0
60319,1,1,0,0,0,0,0,0,0,0,0,0
60319,2,1,13,0,0,0,0,0,0,0,0,0
60320,1,1,0,0,0,11,0,0,0,0,6,0
60320,2,1,0,0,0,0,0,0,0,0,0,0
60321,1,1,4,4,4,4,4,4,4,4,4,4
60321,2,1,0,0,0,0,0,0,0,0,0,0
60322,1,1,0,0,0,0,0,0,0,0,0,0
60323,1,1,7,17,15,8,14,20,19,17,7,23
60324,1,1,0,0,0,0,13,0,0,0,0,0
60325,0,1,12,0,0,0,0,0,0,0,30,0
60325,1,1,17,0,0,26,0,0,0,0,0,0
60326,1,1,0,0,0,0,0,0,0,0,0,0
60326,2,1,0,0,0,0,0,0,0,0,14,7
60327,0,1,0,0,0,0,0,0,0,0,0,0
60327,1,1,0,0,0,0,0,0,0,0,0,0
60328,1,1,0,0,0,0,0,0,0,0,0,0
60328,2,1,0,0,0,0,0,0,0,0,0,0
60329,1,1,0,0,0,0,0,0,7,0,0,0
60329,2,1,0,0,0,0,0,0,0,0,0,0
60329,3,1,0,0,0,0,0,0,0,0,0,0
60330,1,1,21,0,13,0,0,0,0,0,0,0
60330,2,1,0,0,0,0,0,0,0,0,0,0
60331,1,1,0,12,0,0,0,0,0,0,0,0
60331,2,1,0,0,0,0,0,0,0,0,0,0
60332,0,1,7,7,7,7,7,7,7,7,7,7
60332,1,1,0,0,0,0,0,0,0,0,0,0
60333,1,1,0,0,0,0,0,0,0,0,0,0
60333,2,1,0,0,0,0,0,0,0,0,0,0
60334,1,1,0,0,25,22,0,12,17,37,0,32
60334,2,1,0,0,0,0,0,0,0,0,0,0
60335,1,1,0,0,0,0,0,0,0,0,0,0
60336,1,1,10,10,10,10,10,10,10,10,10,10
60337,1,1,4,4,4,4,4,4,4,4,4,4
60337,2,1,0,0,0,0,0,0,0,0,0,0
60338,0,1,0,0,0,0,0,0,0,0,0,0
60338,1,1,0,0,0,0,0,0,0,0,0,0
60339,1,1,0,7,0,0,0,18,0,19,17,17
60340,0,1,0,0,0,0,0,0,0,0,0,0
60340,1,1,27,21,39,18,19,36,10,21,14,37
60341,1,1,0,0,0,0,0,0,0,0,0,0
60341,2,1,0,0,0,0,0,0,0,0,0,0
60341,3,1,0,0,0,0,0,0,0,0,0,0
60342,1,1,0,0,0,0,0,0,0,0,0,0
60343,1,1,0,0,0,0,0,0,0,0,0,0
60343,2,1,0,0,0,0,0,0,0,0,0,0
60344,0,1,7,19,0,0,0,0,0,0,0,0
60344,1,1,19,0,0,0,0,0,0,0,0,0
60345,1,1,16,0,20,0,8,15,0,0,0,7
60346,1,1,0,0,0,0,0,0,0,0,0,0
60346,2,1,0,0,0,0,0,0,0,0,4,0
60347,0,1,0,0,0,0,0,0,0,0,0,0
60347,2,1,0,0,0,0,0,0,0,0,38,0
60348,1,1,0,0,0,0,0,0,0,0,0,0
60348,2,1,0,0,0,0,0,0,0,6,0,0
60349,0,1,16,0,0,27,0,0,0,5,0,0
60349,1,1,0,0,0,0,0,18,0,0,0,0
60350,1,1,0,0,0,0,0,0,0,0,0,0
60351,1,1,0,0,0,0,0,0,0,0,0,0
60351,2,1,0,0,0,0,0,0,0,0,0,0
60352,0,1,0,0,0,0,0,0,0,0,17,0
60352,1,1,0,0,0,0,0,0,0,0,0,0
60353,1,1,0,0,0,0,0,0,0,0,0,0
60353,2,1,0,0,0,0,0,0,0,0,0,0
60354,2,1,0,0,0,0,0,0,0,0,0,0
60355,0,1,0,0,0,0,0,0,0,0,0,0
60355,1,1,0,0,0,0,0,0,0,0,7,0
60356,1,1,29,29,29,29,29,29,29,29,29,29
60356,2,1,0,0,0,0,0,0,0,0,0,0
60356,3,1,0,0,0,0,0,0,0,0,0,0
60357,1,1,6,6,6,6,6,6,6,6,6,6
60358,0,1,0,0,0,11,0,0,0,0,29,0
60358,1,1,0,0,0,0,0,0,0,0,11,0
60359,0,1,0,0,0,0,0,0,0,0,0,0
60359,1,1,0,0,0,0,0,0,0,0,0,0
60360,1,1,15,19,19,18,25,11,23,15,21,15
60361,1,1,15,16,8,0,9,6,6,20,15,9
60362,1,1,0,0,0,0,0,0,0,0,0,0
60363,1,1,0,0,0,0,0,0,0,0,0,0
60364,1,1,22,0,0,0,13,11,0,8,0,0
60365,0,1,0,31,0,0,0,27,0,0,0,0
60365,1,1,0,0,0,0,0,0,0,0,0,0
60366,0,1,0,0,0,30,27,21,16,13,26,24
60366,1,1,0,0,0,0,15,0,0,0,0,6
60367,1,1,0,0,0,0,0,0,0,0,0,0
60368,0,1,0,0,0,15,11,0,0,0,0,0
60368,1,1,0,0,0,0,0,0,0,0,0,0
60369,1,1,23,2,17,14,2,11,31,12,0,0
60370,1,1,18,18,18,18,18,18,18,18,18,18
60371,1,1,0,0,0,0,0,0,0,0,0,0
60372,0,1,0,16,0,0,0,0,0,0,16,0
60372,1,1,0,0,0,0,0,0,0,0,0,0
60373,1,1,0,0,5,0,0,0,0,0,24,0
60374,1,1,0,0,0,0,0,0,0,0,0,0
60374,2,1,19,0,0,0,0,0,0,0,0,0
60375,0,1,0,0,0,0,0,0,0,0,0,0
60375,1,1,0,0,0,0,0,0,0,0,0,0
60376,1,1,16,16,16,16,16,16,16,16,16,16
60377,1,1,0,0,0,0,0,0,0,13,0,0
60378,1,1,7,17,31,23,9,20,18,7,11,27
60379,0,1,0,0,0,0,0,0,0,0,0,0
60379,1,1,0,0,0,0,0,17,0,0,0,0
60380,1,1,0,0,0,0,0,0,0,0,0,0
60381,0,1,9,32,0,28,0,6,24,43,15,8
60381,1,1,0,0,0,0,0,0,0,0,0,0
60382,1,1,1,1,1,1,1,1,1,1,1,1
60382,2,1,0,0,0,0,0,0,0,0,14,0
60383,0,1,0,0,0,0,0,0,0,0,0,0
60383,1,1,0,0,0,0,0,0,9,0,0,0
60383,2,1,0,0,0,0,0,0,0,0,0,0
60384,1,1,0,0,0,0,0,0,0,0,0,0
60384,2,1,0,0,0,0,11,0,0,0,0,0
60384,3,1,0,0,17,0,0,0,16,0,0,0
60385,1,1,12,12,12,12,12,12,12,12,12,12
60385,2,1,0,0,0,0,0,0,0,0,0,0
60386,1,1,0,0,0,0,0,0,0,0,0,0
60386,2,1,0,0,0,0,0,0,0,0,0,0
60386,3,1,0,0,0,0,0,0,0,0,0,0
60387,1,1,0,0,0,0,0,0,0,0,0,0
60387,2,1,0,0,0,0,0,0,0,0,0,4
60388,1,1,0,0,0,0,0,0,0,0,0,0
60388,2,1,0,0,0,0,0,0,0,0,0,0
60389,1,1,0,0,0,0,0,0,0,0,0,0
60389,2,1,0,14,0,17,0,0,0,8,0,0
60390,0,1,0,0,33,0,0,0,0,0,48,0
60390,1,1,0,0,0,0,0,0,0,0,0,0
60390,2,1,0,0,9,0,0,0,0,0,0,0
60391,1,1,0,0,0,0,0,0,0,0,0,0
60391,2,1,0,0,0,0,0,0,0,0,0,0
60391,3,1,0,0,0,0,0,0,0,0,0,0
60392,1,1,31,0,0,0,31,0,0,8,0,0
60393,1,1,10,0,0,0,6,7,5,0,0,17
60393,2,1,0,0,0,0,9,0,0,0,13,0
60394,1,1,0,0,0,0,0,0,0,9,0,0
60394,2,1,0,0,0,0,0,0,0,0,0,0
60394,3,1,0,0,0,0,0,0,21,0,0,0
60394,4,1,0,0,0,0,0,0,0,0,0,0
60394,5,1,0,0,0,0,0,0,0,0,0,0
60395,1,1,0,0,0,0,0,0,0,0,0,0
60396,0,1,0,0,0,0,0,0,0,0,0,0
60396,1,1,0,0,0,0,0,0,0,0,0,11
60397,1,1,0,0,0,0,0,0,0,0,0,0
60397,2,1,0,0,0,0,0,0,0,0,0,0
60398,0,1,0,0,0,34,0,0,0,0,0,0
60398,0,2,0,9,11,0,0,0,0,0,0,0
60398,1,1,0,0,0,0,0,0,0,0,13,0
60398,2,1,0,0,0,0,0,0,0,0,0,0
60399,1,1,0,0,0,0,0,0,0,0,0,0
60399,2,1,0,0,0,0,0,0,0,0,0,0
60400,1,1,0,0,0,0,0,0,0,0,0,0
60400,2,1,0,0,0,0,0,0,0,0,0,0
60401,0,1,0,30,0,12,0,0,0,10,0,0
60401,1,1,0,0,0,0,0,0,0,0,0,0
60402,1,1,11,21,22,11,22,13,25,7,16,12
60403,0,1,16,16,16,16,16,16,16,16,16,16
60403,1,1,0,0,0,9,0,0,0,0,0,0
60404,0,1,20,12,0,6,21,26,0,15,0,0
60404,1,1,6,0,24,0,3,0,0,0,0,0
60405,0,1,0,42,0,0,0,0,0,0,0,0
60405,1,1,0,0,0,0,0,0,0,0,0,0
60406,1,1,0,0,0,0,0,0,0,0,0,0
60406,2,1,0,0,0,0,0,0,0,0,0,0
60407,1,1,0,0,0,0,0,0,0,0,0,0
60407,2,1,0,0,0,0,0,0,0,0,0,0
60408,1,1,0,0,0,0,0,0,0,31,28,12
60408,2,1,0,0,0,0,0,0,0,0,9,0
60408,3,1,0,0,0,0,0,0,0,0,0,0
60409,1,1,22,17,18,13,12,0,16,26,22,17
60410,1,1,0,0,0,0,0,0,0,0,0,0
60410,2,1,0,0,0,0,0,0,0,0,0,0
60411,0,1,0,0,0,0,0,0,0,0,0,0
60411,1,1,0,0,0,26,0,0,0,0,0,0
60412,1,1,6,16,11,7,16,16,21,21,16,10
60413,1,1,0,0,0,0,0,0,0,0,0,0
60413,2,1,0,0,26,0,0,0,0,0,0,0
60414,1,1,0,3,16,13,15,14,27,6,11,25
60414,2,1,0,0,0,0,0,0,0,21,0,0
60415,1,1,0,0,0,0,0,0,0,0,0,0
60416,1,1,0,0,0,0,0,0,0,0,0,0
60416,2,1,0,0,0,0,0,0,0,0,0,0
60417,0,1,0,0,0,0,30,0,0,0,20,9
60417,1,1,0,0,0,0,0,0,0,0,0,0
60418,1,1,13,10,0,0,0,0,16,0,0,0
60419,1,1,0,0,0,0,0,0,0,0,0,0
60419,2,1,13,7,0,0,13,5,6,17,0,0
60420,0,1,9,34,19,24,10,15,11,0,0,0
60420,1,1,0,0,0,0,0,0,5,0,0,9
60420,2,1,0,0,0,0,0,6,0,0,0,0
60421,1,1,0,0,15,0,0,0,0,0,0,0
60421,2,1,0,0,0,0,0,0,0,0,0,0
60422,0,1,0,0,0,0,0,0,0,0,0,0
60422,1,1,0,0,0,0,0,0,0,0,0,0
60423,1,1,0,0,0,0,0,0,0,0,0,0
60423,2,1,0,0,0,34,0,0,0,17,0,0
60424,1,1,8,0,0,0,0,25,0,17,0,0
60425,1,1,17,11,13,22,0,25,18,50,27,34
60425,2,1,0,0,0,0,0,0,0,0,0,0
60426,0,1,21,21,21,21,21,21,21,21,21,21
60426,1,1,0,0,0,0,0,0,23,6,6,0
60427,1,1,15,0,0,0,0,0,0,0,0,0
60428,1,1,0,14,0,0,0,9,0,0,0,21
60428,2,1,0,0,0,0,0,0,0,0,0,0
60429,0,1,11,21,44,0,0,29,0,0,0,29
60429,1,1,0,0,0,0,0,0,0,0,0,0
60430,0,1,24,24,24,24,24,24,24,24,24,24
60430,1,1,0,17,0,0,22,0,0,0,0,0
60431,0,1,0,25,0,42,0,0,0,0,0,0
60431,1,1,0,0,0,0,0,0,0,0,0,0
60432,1,1,0,0,0,0,0,0,0,0,0,0
60432,2,1,13,0,5,0,0,10,11,3,0,0
60432,3,1,0,0,0,0,0,0,0,0,0,0
60432,4,1,0,0,0,0,0,0,0,0,0,0
60432,5,1,0,0,0,0,0,0,0,0,0,0
60433,0,1,0,0,0,0,0,9,0,0,0,0
60433,1,1,0,0,0,0,0,0,0,0,0,0
60434,1,1,11,0,26,9,24,16,23,18,25,31
60434,2,1,0,0,0,0,0,0,0,27,0,0
60435,1,1,17,8,0,0,0,0,12,27,0,36
60436,1,1,8,11,0,0,0,16,0,0,0,20
60436,2,1,0,0,0,11,0,0,0,0,0,0
60437,1,1,6,6,6,6,6,6,6,6,6,6
60438,1,1,0,0,0,0,0,0,0,0,0,0
60438,2,1,0,0,0,0,0,0,0,0,0,0
60439,1,1,22,0,20,0,0,0,0,28,0,0
60440,1,1,0,16,0,0,0,0,0,0,0,23
60441,1,1,10,8,11,0,20,7,19,35,45,38
60442,1,1,10,15,15,20,8,18,11,13,17,23
60443,1,1,23,17,5,25,34,22,31,18,16,26
60444,1,1,27,0,0,0,5,0,0,0,0,0
60444,2,1,0,17,0,0,0,0,16,13,0,0
60445,0,1,0,0,22,50,0,0,0,0,26,7
60445,1,1,0,0,0,34,0,0,0,0,0,0
60446,1,1,0,0,0,0,0,0,0,0,0,0
60446,2,1,15,0,0,0,13,0,0,0,0,13
60447,1,1,18,18,18,18,18,18,18,18,18,18
60447,2,1,0,0,0,0,3,0,0,0,0,0
60447,3,1,0,0,7,16,17,0,0,21,0,0
60447,4,1,0,0,0,0,0,0,0,0,0,0
60448,1,1,0,0,0,0,0,0,0,0,0,0
60449,0,1,17,0,13,13,34,0,0,9,0,11
60449,1,1,0,0,0,0,15,0,0,0,0,0
60450,1,1,27,27,21,15,13,21,15,18,22,9
60450,2,1,0,0,0,0,0,0,0,0,0,0
60451,1,1,0,0,0,0,0,0,0,0,0,0
60451,2,1,0,0,0,0,0,0,0,0,0,0
60452,1,1,0,0,0,0,12,0,0,0,18,0
60452,2,1,0,0,0,0,0,0,0,0,0,0
60453,1,1,0,0,0,0,0,0,0,0,0,0
60453,2,1,0,0,0,0,0,0,0,0,0,0
60454,1,1,0,14,0,0,18,0,24,0,0,0
60454,2,1,0,0,0,0,0,0,0,0,0,0
60455,1,1,0,0,0,0,0,0,0,22,17,22
60455,2,1,0,0,0,0,0,0,28,0,0,0
60456,1,1,0,0,0,0,0,0,23,0,0,0
60457,1,1,10,8,29,14,7,27,18,26,13,20
60458,1,1,0,0,0,0,0,0,0,0,0,0
60459,1,1,2,2,2,2,2,2,2,2,2,2
60459,2,1,19,0,0,0,0,0,0,0,0,0
60460,1,1,0,0,6,0,0,0,14,0,10,8
60461,1,1,12,12,12,12,12,12,12,12,12,12
60462,1,1,0,6,10,15,0,13,12,0,40,0
60462,2,1,0,0,0,0,0,0,0,0,0,0
60463,1,1,0,0,0,0,0,0,0,0,0,14
60463,2,1,0,0,0,0,0,0,0,0,0,0
60464,1,1,15,15,15,15,15,15,15,15,15,15
60464,2,1,0,0,0,0,0,21,10,0,0,0
60464,3,1,14,22,8,11,22,22,37,29,22,18
60464,4,1,0,0,0,0,0,0,0,0,0,0
60464,5,1,0,0,0,0,0,0,13,0,0,0
60464,6,1,7,0,12,0,0,8,0,0,0,0
60464,7,1,0,0,0,0,0,0,0,0,17,0
60464,8,1,0,0,0,0,0,0,0,0,0,0
60464,9,1,0,8,0,0,0,0,0,0,0,0
60465,0,1,0,0,0,0,0,0,0,0,0,0
60465,1,1,0,0,12,0,0,0,0,0,20,0
60466,1,1,19,0,0,0,0,0,0,0,0,0
60466,2,1,0,0,0,0,0,0,15,16,0,0
60467,1,1,0,0,20,0,0,0,0,0,0,0
60467,2,1,0,0,3,32,0,21,46,17,0,0
60468,1,1,2,2,2,2,2,2,2,2,2,2
60468,2,1,0,0,0,0,0,0,0,0,0,0
60468,3,1,0,0,0,0,0,0,0,0,0,0
60469,1,1,24,13,32,16,0,20,13,0,14,0
60469,2,1,11,0,0,10,0,5,0,0,0,0
60470,0,1,0,22,25,23,27,12,23,0,0,21
60470,0,2,0,0,14,20,0,0,0,0,24,0
60470,1,1,0,0,0,0,0,0,0,17,0,0
60471,1,1,0,0,0,0,0,0,0,0,0,0
60471,2,1,0,0,0,0,0,25,0,0,0,0
60472,1,1,18,4,0,0,16,0,0,15,15,13
60473,0,1,20,8,23,22,15,24,0,35,28,19
60473,1,1,0,0,0,0,0,0,0,0,0,0
60474,1,1,13,13,13,13,13,13,13,13,13,13
60475,0,1,0,0,12,0,0,0,0,0,0,27
60475,1,1,0,0,8,7,21,0,0,0,43,0
60476,0,1,0,19,0,0,0,0,23,0,0,0
60476,1,1,0,0,0,0,0,0,0,0,0,0
60476,2,1,0,0,0,0,0,0,0,0,0,0
60477,1,1,0,0,0,0,0,0,0,0,0,0
60477,2,1,0,0,0,0,0,0,12,0,0,0
60478,1,1,0,0,0,0,0,0,0,0,0,0
60478,2,1,0,0,0,0,0,0,0,0,0,0
60479,0,1,0,0,0,20,0,0,0,0,0,0
60479,1,1,19,19,19,19,19,19,19,19,19,19
60480,1,1,0,0,8,0,0,0,0,0,5,0
60481,1,1,0,16,5,0,17,0,23,8,0,10
60481,2,1,0,0,0,0,0,0,0,0,0,0
60482,1,1,0,0,0,0,0,0,0,0,0,11
60482,2,1,0,0,22,0,0,0,36,18,0,0
60483,0,1,0,0,0,18,21,12,3,0,26,27
60483,0,2,0,0,15,38,0,10,0,13,6,8
60483,1,1,20,0,0,0,0,0,0,0,0,0
60483,2,1,0,0,0,0,14,0,0,0,0,0
60484,0,1,0,0,16,9,26,0,0,0,0,10
60484,1,1,0,0,0,0,0,0,0,0,0,0
60485,1,1,2,19,0,42,0,0,0,0,21,0
60486,1,1,0,0,22,27,3,0,0,0,6,0
60487,1,1,36,35,7,23,7,28,21,18,16,4
60488,1,1,19,0,31,14,24,0,15,10,11,26
60489,1,1,19,16,6,11,17,7,6,16,22,17
60490,1,1,0,0,0,0,0,0,20,0,0,6
60491,1,1,0,0,0,0,0,0,0,0,0,0
60491,2,1,0,0,0,0,0,0,0,0,0,0
60492,1,1,22,0,0,9,0,0,0,0,0,0
60492,2,1,0,0,0,0,0,0,0,0,0,0
60493,1,1,12,0,0,6,0,22,22,0,0,0
60494,1,1,0,0,0,0,0,0,0,0,0,0
60494,2,1,0,0,0,0,0,0,0,0,0,0
60495,1,1,0,0,0,0,0,0,0,0,0,0
60495,2,1,0,25,0,9,0,0,20,0,0,0
60496,1,1,0,0,0,0,0,0,0,0,0,0
60496,2,1,0,0,0,0,0,0,20,0,0,0
60497,1,1,0,0,0,0,0,0,0,0,0,0
60497,2,1,0,0,0,0,0,0,0,0,0,0
60498,1,1,3,3,3,3,3,3,3,3,3,3
60498,2,1,0,0,0,0,0,0,0,0,13,0
60499,1,1,30,30,30,30,30,30,30,30,30,30
60499,2,1,0,0,0,0,0,0,0,0,0,0
60500,1,1,0,0,0,0,0,0,0,0,0,14
60500,2,1,0,0,0,0,0,0,0,0,0,0
60501,0,1,0,0,0,0,0,0,0,0,0,0
60501,1,1,0,0,0,0,0,0,0,0,0,0
60502,1,1,0,0,0,0,0,0,0,0,0,0
60503,1,1,20,20,20,20,20,20,20,20,20,20
60504,1,1,0,0,0,0,0,0,0,0,0,0
60505,1,1,0,0,0,0,0,0,0,0,0,0
60505,2,1,11,0,0,0,0,0,0,0,0,0
60506,1,1,7,24,0,8,3,14,11,10,0,12
60507,1,1,0,0,0,0,0,0,0,0,0,0
60508,1,1,0,0,0,0,0,0,0,0,0,0
60508,2,1,0,0,0,0,0,0,0,0,0,0
60509,1,1,0,0,0,0,0,0,0,0,0,0
60509,2,1,0,0,0,0,0,0,0,0,0,0
60510,0,1,4,0,12,0,0,8,20,14,5,16
60510,1,1,0,0,0,0,0,0,0,0,0,0
60511,1,1,0,13,0,18,0,18,0,0,0,0
60511,2,1,0,0,0,0,0,0,0,0,0,0
60511,3,1,0,0,0,0,0,0,0,0,0,0
60512,1,1,0,0,21,0,0,3,26,0,0,0
60512,2,1,0,0,0,11,0,0,0,0,0,0
60513,0,1,0,36,0,15,0,0,0,0,20,11
60513,1,1,0,11,0,3,0,0,0,0,0,0
60514,1,1,26,16,0,0,0,0,0,0,21,16
60514,2,1,0,0,3,0,0,0,0,0,18,0
60514,3,1,0,0,0,16,0,23,8,14,0,0
60515,1,1,0,0,0,19,0,38,25,0,9,0
60515,2,1,0,0,0,0,0,0,0,0,0,0
60516,1,1,0,11,0,0,0,16,0,0,0,0
60516,2,1,0,0,0,0,0,0,0,0,0,0
60517,0,1,0,0,0,0,17,0,0,12,0,0
60517,1,1,0,0,0,0,0,0,0,0,0,0
60518,0,1,8,8,8,8,8,8,8,8,8,8
60518,1,1,0,0,0,0,0,0,0,0,0,22
60519,1,1,0,0,0,0,0,0,0,0,0,0
60519,2,1,0,0,0,0,0,0,0,0,0,0
60520,1,1,0,0,0,0,0,0,0,0,0,0
60520,2,1,0,0,0,0,0,0,0,0,0,0
60520,3,1,0,0,0,0,0,0,0,0,0,0
60520,4,1,0,0,0,21,0,0,0,0,0,0
60521,1,1,0,0,0,0,0,0,0,0,0,0
60521,2,1,0,0,0,0,0,0,0,0,0,9
60522,1,1,22,22,22,22,22,22,22,22,22,22
60523,0,1,26,0,0,25,0,16,12,0,29,0
60523,1,1,0,0,0,0,0,0,0,0,0,0
60524,1,1,0,0,0,0,0,0,0,0,0,0
60524,2,1,0,0,0,0,0,0,0,0,0,0
60524,3,1,0,0,14,0,12,24,0,18,10,0
60525,1,1,0,6,0,0,0,0,0,15,0,0
60525,2,1,0,0,0,16,0,0,0,0,0,0
60526,1,1,0,0,0,0,0,0,0,0,0,0
60526,2,1,7,7,7,7,7,7,7,7,7,7
60527,0,1,0,0,8,0,24,0,0,0,0,0
60527,1,1,0,0,0,0,0,0,0,0,0,0
60528,1,1,0,0,0,0,0,0,0,0,0,0
60528,2,1,0,0,0,0,0,0,0,0,0,0
60529,1,1,24,23,16,0,28,10,0,10,0,0
60529,2,1,0,0,17,19,0,0,11,0,0,0
60530,1,1,9,9,9,9,9,9,9,9,9,9
60530,2,1,0,0,16,23,0,0,27,20,17,0
60531,1,1,11,19,15,22,37,21,22,24,22,17
60531,2,1,18,0,0,9,0,0,12,0,0,0
60532,1,1,16,4,25,0,0,0,11,0,0,20
60532,2,1,0,0,0,0,0,0,0,0,0,0
60533,0,1,0,0,0,10,0,28,37,0,0,0
60533,0,2,0,0,31,19,0,0,10,15,29,43
60533,1,1,0,0,0,0,0,0,0,0,0,0
60534,0,1,0,0,0,0,0,0,0,0,0,0
60534,1,1,0,0,0,0,0,0,0,0,0,0
60535,0,1,20,10,21,19,4,33,8,12,13,7
60535,1,1,0,0,0,0,0,0,0,0,14,0
60536,1,1,10,0,0,0,0,15,0,0,8,0
60536,2,1,0,0,11,0,0,0,21,4,0,0
60536,3,1,0,0,0,0,0,0,0,13,0,0
60536,4,1,0,0,0,0,0,0,0,0,0,0
60537,1,1,9,20,19,27,13,7,11,25,10,20
60537,2,1,0,0,0,0,0,0,0,0,0,0
60538,0,1,0,0,0,0,0,0,0,0,0,0
60538,1,1,0,0,0,0,0,0,0,0,0,0
60538,2,1,0,0,0,0,0,0,0,0,0,0
60539,1,1,0,0,0,0,0,0,0,0,0,0
60540,0,1,0,0,0,0,0,0,0,0,0,0
60540,1,1,0,0,0,0,0,17,32,0,0,0
60540,2,1,0,0,0,0,13,0,0,0,0,0
60541,0,1,0,0,0,0,0,0,0,0,0,0
60541,0,2,0,0,0,0,0,0,0,0,0,0
60541,1,1,0,0,0,0,0,0,0,0,0,0
60542,1,1,11,6,8,11,0,4,19,11,12,7
60543,0,1,18,0,0,0,13,0,0,0,0,0
60543,1,1,0,0,0,0,0,0,0,0,0,0
60544,0,1,15,0,39,0,13,6,16,10,0,0
60544,1,1,0,0,0,0,0,17,0,0,0,0
60545,1,1,19,18,17,16,21,19,31,24,0,4
60546,0,1,0,0,0,20,0,0,0,0,0,0
60546,1,1,0,0,0,5,0,7,0,12,0,15
60547,1,1,0,0,0,0,10,0,0,0,0,0
60548,1,1,0,0,0,0,0,0,0,0,0,0
60549,1,1,0,0,16,0,0,0,30,0,0,14
60550,1,1,20,0,0,20,21,0,0,0,16,0
60551,1,1,13,25,0,13,20,10,19,6,0,14
60552,1,1,0,0,0,0,0,0,0,0,0,0
60553,1,1,8,25,40,21,10,22,5,15,12,15
60554,1,1,12,20,0,0,11,16,9,23,10,0
60555,0,1,0,0,0,0,0,0,0,0,0,0
60555,1,1,0,0,0,0,0,0,0,0,0,0
60556,1,1,2,2,2,2,2,2,2,2,2,2
60556,2,1,0,0,0,0,0,0,0,0,0,0
60556,3,1,0,0,0,0,0,0,0,0,0,0
60556,4,1,0,0,0,0,0,0,0,0,0,0
60557,1,1,0,0,0,15,0,0,0,0,0,0
60558,0,1,0,0,0,22,0,0,0,0,0,0
60558,2,1,0,0,0,0,0,0,0,0,0,0
60559,1,1,0,0,0,0,0,0,0,0,0,0
60560,0,1,0,0,0,0,0,0,0,0,0,0
60560,1,1,0,21,0,0,0,0,0,0,0,0
60561,0,1,0,0,0,0,0,0,0,0,0,0
60561,1,1,0,0,0,0,0,0,0,0,0,0
60562,0,1,0,0,0,0,0,0,0,0,0,0
60562,1,1,0,0,0,0,0,0,0,0,0,0
60563,1,1,28,28,28,28,28,28,28,28,28,28
60564,1,1,27,12,5,9,20,25,10,24,23,12
60565,1,1,0,0,0,0,0,0,0,0,0,0
60565,2,1,0,0,0,0,0,0,0,0,0,0
60566,0,1,15,29,27,41,34,27,42,2,32,13
60566,1,1,0,0,0,0,0,0,0,0,0,0
60567,0,1,0,0,0,0,0,0,0,0,0,0
60567,1,1,0,0,0,0,0,0,0,0,0,0
60568,1,1,0,0,0,0,0,0,0,13,0,0
60569,0,1,0,0,0,6,0,23,18,0,16,0
60569,1,1,0,0,0,0,0,0,0,0,0,0