ST_CASE,VEH_NO,PER_NO,P1,P2,P3,P4,P5,P6,P7,P8,P9,P10
60895,1,1,0,0,0,0,0,0,0,0,0,0
60895,2,1,0,0,0,0,0,0,0,0,0,0
60896,1,1,23,23,23,23,23,23,23,23,23,23
60896,2,1,9,0,39,0,23,0,0,0,7,0
60897,1,1,14,0,0,0,0,0,28,7,0,0
60898,1,1,0,0,0,0,0,0,0,0,0,0
60899,1,1,22,20,15,0,26,5,0,32,0,26
60900,1,1,17,17,17,17,17,17,17,17,17,17
60901,1,1,0,0,0,0,0,0,0,0,18,0
60902,1,1,0,0,0,24,4,23,29,11,25,26
60903,1,1,7,0,17,0,0,0,0,0,0,0
60904,1,1,27,0,0,0,0,0,0,0,0,0
60904,2,1,0,0,0,0,0,0,0,0,0,0
60904,3,1,0,0,0,0,0,0,0,0,0,0
60905,0,1,0,0,0,0,0,0,0,0,0,0
60905,1,1,0,0,0,0,0,0,0,0,0,0
60906,1,1,0,0,0,0,0,0,0,0,0,0
60909,1,1,14,14,13,22,9,33,24,22,24,13
60910,1,1,19,9,11,25,0,18,10,38,18,8
60911,1,1,0,0,0,0,0,0,0,0,0,0
60911,2,1,0,0,0,0,0,0,0,0,0,0
60912,1,1,14,14,14,14,14,14,14,14,14,14
60912,2,1,19,8,19,23,0,0,16,0,8,4
60913,1,1,0,0,0,0,0,0,0,0,0,0
60913,2,1,0,0,0,0,0,0,0,0,0,0
60914,0,1,14,0,13,0,0,0,0,20,5,21
60914,1,1,0,0,0,0,0,0,0,0,0,0
60915,0,1,0,25,5,12,0,0,0,36,0,0
60915,1,1,0,0,0,0,0,0,0,0,0,0
60916,0,1,37,38,21,0,10,0,14,13,8,28
60916,1,1,0,0,0,0,0,0,0,0,0,0
60918,0,1,7,0,24,25,0,0,20,0,11,24
60918,1,1,0,0,0,0,0,0,0,0,0,0
60919,0,1,0,0,0,0,0,0,0,0,0,0
60919,1,1,0,0,0,0,0,0,0,0,0,0
60920,0,1,0,0,0,23,7,42,0,14,0,29
60920,1,1,0,0,0,0,0,0,0,0,0,0
60921,1,1,0,6,0,0,0,0,0,30,0,9
60922,0,1,0,0,0,0,0,0,3,0,0,0
60922,1,1,0,0,0,0,0,0,0,0,0,0
60923,1,1,0,0,0,0,0,0,0,0,0,0
60923,2,1,0,0,0,22,0,17,0,3,0,0
60924,1,1,0,17,0,0,21,19,0,0,0,0
60925,1,1,12,16,0,30,0,0,13,0,0,12
60926,0,1,7,27,0,20,0,0,21,21,35,0
60926,1,1,0,0,3,0,0,0,14,0,0,0
60927,0,1,7,7,7,7,7,7,7,7,7,7
60927,1,1,0,0,0,0,0,0,0,0,0,0
60928,1,1,15,15,15,15,15,15,15,15,15,15
60928,2,1,0,0,0,0,0,0,0,0,0,0
60929,1,1,9,9,9,9,9,9,9,9,9,9
60929,2,1,0,0,0,0,0,0,0,0,0,0
60930,1,1,20,21,19,17,12,9,20,26,10,17
60931,1,1,0,0,0,0,0,0,0,0,0,0
60932,1,1,0,0,0,0,0,0,0,0,0,0
60932,2,1,0,0,24,0,0,0,0,0,9,16
60932,3,1,0,0,0,0,0,0,0,0,0,0
60933,1,1,0,0,0,12,0,0,0,0,0,0
60934,0,1,0,0,0,0,0,0,0,0,0,0
60934,1,1,0,0,0,0,0,0,0,0,0,0
60935,1,1,0,0,0,0,0,0,0,0,0,0
60936,1,1,0,0,0,0,0,0,0,0,0,0
60936,2,1,0,0,0,0,0,0,0,0,0,0
60937,1,1,0,0,0,0,0,0,0,0,0,0
60937,2,1,0,0,0,0,0,0,0,0,0,0
60938,0,1,2,2,2,2,2,2,2,2,2,2
60938,1,1,0,0,0,0,20,0,0,0,0,0
60939,1,1,0,0,0,0,13,0,9,0,0,0
60940,0,1,4,0,32,4,0,0,7,0,21,3
60940,1,1,0,0,0,0,0,0,7,0,0,0
60941,1,1,0,0,0,0,0,0,0,0,0,0
60941,2,1,0,0,0,0,15,0,15,13,20,38
60942,1,1,25,20,20,12,26,0,11,29,20,12
60943,1,1,0,0,0,0,13,0,0,0,18,13
60943,2,1,26,0,0,0,0,0,0,0,30,0
60944,1,1,0,0,0,0,0,0,0,0,0,0
60944,2,1,0,0,0,0,18,0,27,0,0,0
60945,1,1,0,0,0,11,0,0,0,0,0,0
60945,2,1,0,0,0,0,0,0,0,0,0,0
60946,1,1,24,14,17,18,41,24,21,21,24,22
60947,1,1,0,0,0,0,0,0,0,0,0,0
60947,2,1,20,0,0,0,12,0,0,0,16,30
60948,1,1,7,0,0,17,0,0,0,10,0,0
60948,2,1,0,0,0,0,0,0,0,0,0,0
60949,1,1,15,21,0,12,7,12,21,9,16,0
60950,1,1,0,0,0,0,0,0,0,0,0,0
60951,1,1,0,0,0,0,0,13,0,0,0,0
60952,1,1,4,4,4,4,4,4,4,4,4,4
60952,2,1,0,0,0,10,24,0,14,18,17,17
60953,0,1,0,0,0,0,15,13,0,0,0,0
60953,1,1,0,0,0,0,0,0,0,0,0,0
60954,0,1,0,24,24,25,0,16,5,0,0,0
60954,1,1,0,0,25,14,17,0,0,0,0,0
60955,1,1,21,30,0,21,13,12,11,22,7,26
60955,4,1,0,0,0,0,7,0,0,0,22,0
60956,1,1,9,41,22,15,29,20,17,20,6,13
60956,2,1,0,0,0,0,0,7,15,0,0,0
60956,3,1,0,0,0,0,0,0,0,0,0,0
60957,1,1,30,23,19,0,11,46,11,13,0,13
60958,1,1,0,0,0,0,0,0,0,0,0,0
60958,2,1,0,0,0,0,0,0,0,0,0,0
60958,3,1,0,0,0,0,0,0,0,0,0,0
60958,4,1,0,0,0,0,0,0,0,0,0,0
60959,1,1,0,0,0,10,0,0,0,0,0,0
60960,1,1,16,18,18,25,8,8,23,26,30,12
60961,1,1,0,0,16,21,0,0,12,0,20,0
60962,1,1,0,0,7,0,0,26,0,0,0,0
60963,1,1,0,0,0,0,0,0,0,0,0,0
60963,2,1,21,7,18,14,11,38,15,15,14,14
60964,1,1,0,0,14,0,0,0,0,0,0,0
60964,2,1,35,0,0,0,0,0,0,0,0,0
60965,1,1,0,0,0,0,0,0,0,0,0,0
60966,1,1,0,0,0,0,0,0,0,0,0,0
60967,1,1,12,12,12,12,12,12,12,12,12,12
60968,1,1,12,0,0,18,15,0,0,25,22,0
60969,0,1,0,0,0,0,0,0,0,0,0,0
60969,1,1,0,0,0,0,0,0,0,0,0,0
60970,0,1,0,0,0,0,0,0,0,0,0,0
60970,1,1,0,0,0,0,0,0,0,0,0,0
60971,1,1,0,0,0,0,0,0,0,0,0,0
60972,1,1,0,0,0,0,0,0,0,0,0,0
60973,0,1,22,22,22,22,22,22,22,22,22,22
60973,1,1,0,0,0,0,0,0,0,0,0,0
60974,1,1,0,0,23,10,25,21,13,35,17,35
60974,2,1,0,0,0,0,0,0,0,0,0,0
60975,0,1,0,0,0,0,0,0,0,0,0,0
60975,1,1,0,0,0,0,14,0,0,0,0,0
60976,0,1,0,0,0,16,0,11,13,11,0,21
60976,1,1,0,0,0,16,0,18,0,7,0,0
60977,0,1,17,0,0,0,0,0,0,0,0,0
60977,1,1,0,0,0,0,0,0,0,0,0,0
60978,0,1,0,0,0,0,0,16,0,0,0,0
60978,1,1,13,10,13,9,16,8,10,10,3,31
60979,0,1,0,0,0,0,0,0,13,0,0,0
60979,1,1,13,8,25,20,12,20,0,18,17,17
60980,0,1,0,0,0,25,0,13,0,0,0,17
60980,1,1,0,0,0,0,0,0,0,15,0,0
60981,1,1,23,23,23,23,23,23,23,23,23,23
60982,1,1,15,15,15,15,15,15,15,15,15,15
60983,1,1,0,0,0,0,0,0,0,0,0,0
60984,1,1,0,0,0,31,19,9,0,0,0,0
60985,1,1,0,0,0,0,0,0,0,24,0,27
60986,1,1,10,0,5,26,23,8,0,17,0,19
60986,2,1,0,0,0,0,0,0,19,0,0,0
60987,1,1,23,23,23,23,23,23,23,23,23,23
60988,1,1,20,0,0,0,0,0,0,0,0,0
60989,1,1,0,0,0,0,0,0,0,0,0,0
60989,2,1,0,0,0,0,0,0,0,0,0,0
60989,3,1,0,0,0,0,0,0,0,0,0,0
60990,1,1,0,0,5,0,0,6,10,0,0,0
60992,1,1,0,0,0,0,0,0,0,0,0,0
60993,1,1,0,0,0,0,0,0,0,0,0,0
60993,2,1,0,0,0,0,0,0,0,0,0,0
60994,0,1,0,0,0,0,0,0,0,0,0,0
60994,1,1,0,0,0,0,0,0,0,0,0,0
60995,0,1,0,0,0,0,0,28,0,0,25,0
60995,1,1,0,0,0,0,0,0,0,0,0,0
60996,0,1,0,0,0,0,0,0,0,0,0,0
60996,1,1,0,0,0,0,0,0,0,0,4,0
60997,1,1,8,0,0,0,10,0,0,0,0,0
60997,2,1,0,18,0,25,0,14,0,0,0,0
60998,0,1,7,7,0,0,0,0,0,30,0,32
60998,1,1,0,0,0,0,0,0,0,0,0,0
60999,1,1,0,0,0,0,0,0,0,0,0,0
60999,2,1,0,0,0,0,0,0,0,0,0,0
60999,3,1,0,0,0,0,0,0,0,0,0,0
61000,0,1,34,0,0,0,0,23,0,0,26,0
61000,1,1,0,0,0,0,0,0,0,0,0,0
61001,1,1,11,11,11,11,11,11,11,11,11,11
61001,2,1,0,0,0,0,0,0,0,0,0,0
61001,3,1,9,0,0,0,15,0,0,24,7,0
61002,1,1,0,0,23,0,0,0,0,0,22,17
61003,1,1,0,5,0,5,0,0,0,0,0,28
61003,2,1,0,0,0,0,0,0,0,0,0,0
61004,1,1,8,15,0,0,16,13,18,0,0,3
61004,2,1,0,0,17,0,0,0,0,0,0,0
61005,0,1,0,0,0,0,0,0,0,0,0,0
61005,1,1,0,0,0,0,0,7,0,37,0,0
61006,0,1,0,0,0,0,0,0,0,0,0,0
61006,1,1,0,0,0,0,0,0,0,0,0,0
61007,0,1,30,0,0,26,35,0,0,0,0,0
61007,1,1,0,0,0,0,0,0,11,0,7,0
61008,0,1,5,21,27,29,0,22,13,10,11,19
61008,1,1,0,13,0,0,0,0,11,10,31,11
61009,1,1,0,0,0,14,0,0,0,0,0,0
61010,1,1,20,0,14,14,0,8,0,11,19,0
61011,1,1,0,0,0,0,0,0,0,0,0,0
61011,2,1,0,0,0,0,0,0,0,0,0,0
61011,3,1,0,0,0,0,0,0,0,0,0,0
61012,1,1,6,6,6,6,6,6,6,6,6,6
61013,1,1,0,0,0,0,0,0,0,0,0,0
61014,1,1,29,29,29,29,29,29,29,29,29,29
61015,1,1,3,3,3,3,3,3,3,3,3,3
61016,0,1,7,0,9,0,0,17,42,7,0,18
61016,1,1,0,0,0,0,0,0,0,0,0,0
61017,1,1,0,0,0,0,0,0,0,0,0,0
61018,0,1,18,18,18,18,18,18,18,18,18,18
61018,1,1,0,0,0,0,0,0,0,0,0,0
61019,0,1,0,0,0,11,0,0,0,22,0,0
61019,1,1,0,0,0,0,0,0,0,0,0,0
61020,1,1,21,0,0,13,0,6,0,7,18,26
61021,0,1,0,0,0,0,0,0,0,0,0,0
61021,1,1,0,0,0,0,0,0,0,0,0,0
61022,0,1,21,14,0,0,0,0,22,0,4,29
61022,1,1,12,2,0,17,0,3,27,9,4,0
61023,1,1,0,16,0,15,2,0,11,10,21,12
61024,0,1,0,0,8,0,0,0,0,25,0,0
61024,1,1,0,0,0,0,0,0,0,0,0,0
61025,1,1,26,8,16,21,17,17,20,21,14,2
61026,1,1,0,13,6,15,0,0,0,0,0,0
61027,1,1,0,0,0,11,0,0,0,19,0,0
61028,1,1,0,0,0,0,0,0,0,0,0,0
61029,1,1,0,0,0,0,0,0,0,0,0,0
61029,2,1,0,0,0,0,0,0,0,0,0,0
61030,0,1,18,0,15,20,14,0,17,0,0,0
61030,1,1,15,13,3,9,0,18,11,16,13,15
61031,1,1,0,0,0,0,0,0,0,0,0,0
61031,2,1,0,0,0,0,0,0,0,0,0,0
61032,1,1,0,0,0,0,0,0,0,0,0,0
61033,1,1,0,11,3,0,0,0,0,6,0,0
61033,2,1,0,15,0,0,0,0,0,0,0,0
61034,1,1,0,0,0,22,0,0,0,0,0,0
61035,0,1,0,0,0,0,0,0,0,0,0,0
61035,1,1,0,0,0,0,14,0,0,0,0,0
61036,0,1,0,31,19,0,0,0,0,19,27,19
61036,1,1,0,0,0,0,0,0,0,0,0,0
61037,0,1,0,0,0,0,0,0,0,0,0,0
61037,1,1,0,0,0,0,0,0,0,0,0,0
61038,1,1,0,0,0,0,0,0,0,0,0,0
61038,2,1,0,0,0,0,0,0,0,0,0,0
61039,0,1,0,0,0,0,0,0,0,0,0,0
61039,1,1,0,0,0,0,0,0,0,0,0,0
61040,0,1,0,0,28,16,27,14,0,0,0,18
61040,1,1,0,0,0,0,0,0,0,0,0,0
61041,0,1,0,0,0,0,0,0,0,0,0,0
61041,1,1,0,0,0,0,0,0,0,0,0,0
61042,1,1,24,24,24,24,24,24,24,24,24,24
61042,2,1,0,0,0,0,0,0,0,0,0,0
61043,1,1,0,0,0,0,0,0,0,0,0,0
61043,2,1,0,0,0,0,0,0,0,19,0,0
61044,0,1,0,18,0,12,0,0,0,12,0,0
61044,1,1,0,0,0,13,0,0,0,0,0,0
61045,1,1,0,0,0,0,0,0,0,0,0,0
61045,2,1,0,0,0,0,0,0,0,0,0,0
61045,3,1,4,4,4,4,4,4,4,4,4,4
61046,1,1,10,10,10,10,10,10,10,10,10,10
61046,2,1,0,0,0,0,0,0,0,0,7,0
61047,1,1,29,29,29,29,29,29,29,29,29,29
61047,2,1,0,0,0,0,0,0,0,0,0,0
61048,1,1,0,0,0,0,0,0,0,0,0,0
61049,1,1,9,0,0,0,2,0,0,13,0,0
61050,0,1,0,0,0,0,0,0,0,0,0,0
61050,1,1,0,0,0,14,0,0,0,0,0,0
61051,0,1,0,0,0,0,0,0,22,0,0,0
61051,1,1,0,0,0,0,0,0,5,0,0,0
61052,0,1,0,32,23,5,42,22,5,11,3,27
61052,1,1,0,0,0,0,0,0,0,0,0,0
61053,1,1,23,23,23,23,23,23,23,23,23,23
61054,1,1,20,20,20,20,20,20,20,20,20,20
61055,1,1,0,0,0,0,0,0,0,0,0,0
61056,0,1,27,0,0,0,37,0,55,0,33,0
61056,1,1,0,12,0,0,0,0,0,0,0,0
61056,2,1,0,32,0,0,19,0,0,0,0,0
61057,1,1,17,16,20,17,22,0,22,14,16,4
61057,2,1,0,22,0,0,0,0,0,0,0,0
61058,0,1,0,0,0,0,0,0,0,0,0,0
61058,1,1,0,0,0,0,0,0,0,0,0,0
61059,1,1,0,0,0,0,0,0,0,0,0,0
61059,2,1,0,0,0,0,0,0,0,0,0,0
61060,1,1,0,0,0,0,0,0,0,0,0,0
61061,1,1,16,16,16,16,16,16,16,16,16,16
61061,2,1,0,0,0,0,0,0,0,0,0,0
61061,3,1,32,0,0,0,0,7,0,0,0,0
61062,1,1,0,0,0,0,0,0,0,0,0,0
61063,1,1,0,0,0,0,0,0,0,0,0,0
61063,2,1,13,0,4,20,0,12,17,0,16,9
61064,0,1,0,0,0,0,0,0,0,0,0,0
61064,1,1,0,0,0,0,0,0,0,0,0,0
61065,1,1,4,13,12,25,0,7,0,0,0,7
61065,2,1,0,0,0,0,0,0,0,0,0,0
61066,0,1,0,0,0,0,0,0,0,0,0,0
61066,1,1,7,30,20,7,7,30,14,14,17,21
61067,1,1,14,14,14,14,14,14,14,14,14,14
61068,1,1,0,0,0,0,0,0,0,0,0,0
61069,1,1,20,19,19,9,8,19,13,0,40,18
61070,1,1,0,0,0,0,0,0,0,0,0,0
61070,2,1,0,0,0,0,0,0,0,0,0,0
61071,1,1,33,33,33,33,33,33,33,33,33,33
61072,0,1,17,0,0,0,22,0,0,7,0,0
61072,1,1,0,0,0,0,0,0,0,0,0,0
61073,1,1,24,24,24,24,24,24,24,24,24,24
61073,2,1,0,0,0,0,0,0,0,0,0,0
61074,1,1,14,17,3,11,5,23,23,12,41,20
61075,1,1,24,24,24,24,24,24,24,24,24,24
61075,2,1,0,0,0,0,0,0,0,0,0,0
61076,1,1,0,0,0,0,0,0,0,0,0,0
61076,2,1,0,0,0,0,0,36,0,18,0,0
61077,1,1,9,0,0,24,16,9,0,7,29,21
61078,1,1,17,17,17,17,17,17,17,17,17,17
61078,2,1,0,0,0,0,0,0,0,0,0,0
61079,1,1,7,7,7,7,7,7,7,7,7,7
61080,1,1,0,17,0,0,0,34,0,0,36,9
61081,0,1,10,0,0,17,0,0,17,21,0,0
61081,1,1,0,11,0,8,0,2,4,0,0,0
61082,1,1,0,0,0,0,0,0,0,0,0,0
61082,2,1,0,0,0,0,0,0,0,0,0,6
61083,1,1,12,20,17,13,0,31,4,14,15,0
61083,2,1,0,0,0,0,0,0,0,0,0,0
61083,3,1,0,0,0,0,0,9,0,0,0,0
61084,1,1,11,11,11,11,11,11,11,11,11,11
61085,1,1,0,0,0,0,0,0,0,0,0,0
61085,2,1,0,11,12,9,7,13,15,0,0,0
61086,1,1,0,0,0,17,0,0,0,0,0,0
61086,2,1,1,1,1,1,1,1,1,1,1,1
61087,1,1,0,0,0,0,0,0,0,0,0,0
61087,2,1,0,0,0,0,0,0,0,0,0,0
61088,0,1,0,0,0,0,0,0,0,0,0,0
61088,1,1,0,0,0,0,0,0,0,0,0,0
61089,1,1,0,0,0,0,0,0,16,0,0,0
61090,0,1,30,47,14,23,11,20,23,0,23,15
61090,1,1,18,18,18,18,18,18,18,18,18,18
61091,1,1,0,0,0,0,0,0,0,0,0,0
61091,2,1,0,0,0,0,0,0,0,0,0,0
61092,1,1,0,0,0,0,0,0,0,0,0,0
61093,1,1,0,0,0,0,0,0,0,0,0,0
61094,1,1,0,0,0,4,0,0,0,0,0,0
61095,1,1,5,5,5,5,5,5,5,5,5,5
61096,1,1,20,16,26,15,0,12,17,22,15,7
61097,0,1,16,12,0,19,0,19,18,21,0,0
61097,1,1,0,9,0,0,0,0,0,0,0,0
61098,1,1,13,13,13,13,13,13,13,13,13,13
61099,1,1,0,0,0,0,0,0,0,0,0,0
61100,1,1,0,0,0,0,0,0,0,0,0,0
61101,1,1,0,0,0,0,0,0,0,0,0,0
61101,2,1,0,0,0,0,0,0,0,12,0,0
61102,1,1,0,0,0,0,0,0,0,0,0,0
61102,2,1,16,0,19,0,13,12,6,21,11,19
61103,1,1,0,0,0,0,0,0,0,0,0,0
61103,2,1,0,0,0,0,0,0,0,0,0,0
61104,1,1,0,0,0,0,0,0,0,0,0,0
61104,2,1,0,0,0,0,0,0,0,0,0,0
61104,3,1,0,0,0,39,0,23,0,0,0,0
61105,1,1,19,0,0,0,0,0,0,10,0,0
61105,2,1,17,0,17,0,0,0,14,0,3,18
61106,1,1,0,0,0,0,0,0,0,0,0,0
61106,2,1,0,9,0,25,0,0,0,0,0,0
61107,0,1,12,0,0,0,0,0,36,0,28,17
61107,1,1,0,0,0,7,0,0,0,0,0,0
61108,1,1,7,0,12,11,0,0,13,0,16,13
61108,2,1,0,0,0,0,0,0,0,0,0,0
61109,0,1,0,0,25,0,0,0,0,0,0,0
61109,1,1,0,0,0,0,0,0,0,0,0,0
61110,1,1,0,0,0,0,0,0,0,0,0,0
61111,0,1,33,0,0,0,0,0,0,16,0,0
61111,1,1,8,0,0,0,0,0,0,0,0,0
61112,1,1,19,19,19,19,19,19,19,19,19,19
61113,1,1,0,0,0,0,0,0,0,0,10,0
61113,2,1,0,0,0,0,0,0,0,0,0,0
61114,1,1,4,14,31,0,0,0,13,3,0,0
61115,1,1,0,0,0,0,0,0,0,0,0,0
61115,2,1,0,0,0,0,0,0,0,0,0,0
61116,1,1,0,0,0,0,0,0,0,0,0,0
61117,1,1,0,0,0,0,0,0,0,0,0,0
61117,2,1,0,0,0,0,0,15,0,0,0,0
61117,3,1,0,0,0,0,0,0,0,0,0,0
61118,1,1,0,0,0,0,0,0,0,0,0,0
61118,2,1,0,0,0,0,0,0,0,0,0,0
61119,1,1,22,22,22,22,22,22,22,22,22,22
61120,1,1,0,0,0,0,0,0,0,0,0,0
61120,2,1,0,0,0,0,0,0,0,0,0,0
61121,1,1,0,0,0,0,11,0,0,33,0,0
61121,2,1,0,0,0,0,0,0,0,0,0,0
61122,1,1,37,37,37,37,37,37,37,37,37,37
61123,1,1,0,0,0,0,0,0,0,0,0,0
61124,1,1,0,0,0,0,0,0,0,0,0,0
61125,1,1,0,0,0,0,0,0,0,0,0,0
61126,1,1,0,0,11,0,0,0,0,0,0,0
61127,1,1,22,0,0,0,0,0,0,0,0,0
61127,2,1,0,0,0,0,0,0,0,0,0,0
61128,1,1,27,0,17,18,9,12,13,16,16,0
61128,2,1,0,0,0,0,0,0,0,0,24,0
61130,1,1,0,0,0,0,0,0,0,0,0,0
61130,2,1,0,0,0,0,0,0,0,0,0,0
61130,3,1,0,0,0,0,0,0,0,0,0,0
61130,4,1,0,16,0,0,0,0,0,0,0,0
61131,0,1,0,0,17,12,0,31,0,0,0,43
61131,1,1,0,0,0,0,0,0,0,0,0,0
61132,1,1,0,0,0,0,0,0,0,0,0,0
61132,2,1,0,0,0,0,0,0,5,0,0,0
61133,1,1,0,0,0,0,0,0,0,0,0,0
61133,2,1,0,0,0,0,0,0,0,0,0,0
61134,1,1,0,0,25,0,0,0,0,0,0,0
61134,2,1,0,0,0,0,0,0,0,0,0,0
61135,1,1,0,33,6,0,16,0,0,0,0,0
61136,1,1,6,26,25,0,0,0,20,19,18,0
61136,2,1,0,0,0,0,0,0,16,0,15,0
61137,1,1,10,30,17,18,28,12,14,22,19,23
61138,0,1,0,25,0,12,0,0,0,0,0,13
61138,1,1,0,0,0,0,0,0,0,0,0,0
61139,1,1,0,0,0,0,0,0,0,11,0,0
61139,2,1,0,0,0,0,0,0,0,0,0,0
61140,1,1,24,9,0,0,0,0,9,8,0,0
61141,1,1,0,0,0,0,0,0,0,0,0,0
61141,2,1,0,0,0,13,0,0,0,0,0,0
61142,1,1,0,0,0,0,0,0,0,0,0,0
61143,1,1,0,0,0,0,0,0,0,0,21,0
61143,2,1,0,0,0,0,0,0,0,0,0,0
61144,1,1,3,0,18,0,21,0,8,0,0,10
61145,1,1,9,8,10,13,0,21,25,26,13,10
61146,0,1,14,19,9,32,30,29,7,34,26,27
61146,1,1,0,0,0,0,0,0,14,0,0,0
61147,1,1,0,0,0,0,0,0,0,0,0,0
61147,2,1,0,0,0,0,0,0,0,0,0,0
61148,1,1,0,0,0,12,0,0,0,0,0,0
61148,2,1,0,0,0,0,0,0,0,0,0,0
61149,0,1,24,0,0,15,0,20,39,22,0,26
61149,1,1,0,0,0,0,0,0,0,0,0,0
61150,1,1,18,18,18,18,18,18,18,18,18,18
61151,1,1,0,13,0,13,0,0,0,0,16,0
61152,1,1,6,0,0,25,38,0,0,2,0,8
61152,2,1,0,12,0,0,36,0,0,32,0,0
61153,0,1,17,0,0,4,0,28,0,0,0,0
61153,1,1,0,13,0,0,0,0,0,0,0,0
61154,1,1,0,0,0,0,0,0,0,0,0,0
61154,2,1,0,8,0,0,0,0,5,11,0,8
61155,0,1,0,0,39,0,0,0,0,0,0,0
61155,1,1,0,0,0,0,0,0,0,0,0,0
61156,0,1,29,42,12,25,19,14,9,26,45,13
61156,1,1,0,0,0,11,25,0,0,0,0,0
61156,2,1,0,0,0,0,19,0,0,0,0,0
61157,0,1,30,22,0,0,16,0,0,0,21,0
61157,1,1,34,0,0,0,0,0,13,28,13,16
61158,1,1,0,0,0,0,0,0,0,0,0,24
61158,2,1,0,0,0,0,0,0,0,0,20,0
61159,1,1,0,0,0,0,0,0,0,0,0,0
61160,1,1,0,0,0,12,0,0,27,24,0,0
61161,1,1,8,8,8,8,8,8,8,8,8,8
61161,2,1,0,7,0,0,0,0,26,0,0,0
61162,1,1,14,0,0,0,14,0,13,0,24,0
61163,1,1,0,0,0,0,0,0,0,0,0,0
61164,1,1,0,0,26,0,0,22,0,0,0,18
61165,1,1,29,0,0,23,19,18,23,19,18,30
61166,1,1,0,0,0,0,0,0,0,0,0,0
61166,2,1,0,0,0,0,0,0,0,0,0,0
61166,3,1,11,0,0,0,0,0,12,0,0,0
61167,1,1,0,0,0,0,0,0,0,0,0,0
61167,2,1,0,0,0,0,0,0,0,0,0,0
61168,1,1,24,11,12,10,22,0,16,13,23,7
61169,1,1,9,9,9,9,9,9,9,9,9,9
61169,2,1,0,0,0,0,0,0,0,0,0,0
61170,0,1,29,21,23,32,16,14,17,38,29,15
61170,1,1,0,0,0,0,0,0,0,0,0,0
61171,1,1,0,0,35,0,0,0,14,0,0,14
61171,2,1,15,27,19,22,16,13,11,10,16,33
61172,0,1,0,20,0,15,0,34,0,0,26,16
61172,1,1,0,0,0,0,0,0,0,0,0,0
61173,0,1,25,25,25,25,25,25,25,25,25,25
61173,1,1,0,0,0,0,0,0,0,0,0,0
61174,1,1,0,5,0,4,4,0,0,0,0,0
61174,2,1,28,0,17,0,0,22,0,31,0,5
61175,1,1,20,20,20,20,20,20,20,20,20,20
61176,0,1,2,28,11,19,34,23,0,39,20,0
61176,1,1,0,0,0,0,0,0,0,14,0,0
61176,2,1,10,2,14,0,5,0,0,7,0,0
61177,0,1,4,35,7,22,49,11,25,18,15,5
61177,1,1,0,0,0,0,11,0,0,0,0,0
61178,0,1,18,0,0,6,11,0,14,16,0,15
61178,1,1,0,0,0,0,0,0,0,0,0,0
61178,2,1,0,0,0,0,0,0,0,0,0,0
61179,1,1,0,0,0,40,0,0,0,0,0,0
61179,2,1,3,0,12,0,0,0,10,0,25,0
61180,0,1,34,20,15,13,25,27,0,24,42,0
61180,1,1,0,0,0,0,0,0,0,0,0,0
61181,1,1,0,0,0,0,0,23,0,0,0,0
61181,2,1,0,0,0,0,0,0,0,0,0,0
61182,1,1,0,0,0,0,0,0,0,0,0,0
61182,2,1,0,0,0,0,0,0,0,0,0,0
61182,3,1,0,0,11,0,0,0,0,0,0,0
61183,1,1,0,0,0,0,0,0,0,0,0,0
61184,1,1,0,0,0,16,0,0,0,0,15,0
61184,2,1,0,0,0,0,9,0,0,0,0,0
61185,1,1,0,0,0,0,0,0,0,0,0,0
61185,2,1,0,0,0,0,0,0,0,0,0,0
61186,1,1,0,12,0,9,0,0,0,22,17,7
61187,1,1,0,0,0,0,0,0,0,0,0,0
61188,1,1,0,0,0,0,0,0,0,0,0,0
61188,2,1,0,0,0,0,0,0,0,0,0,0
61189,0,1,0,0,17,0,0,16,0,20,7,0
61189,1,1,0,0,0,0,0,0,15,0,0,0
61190,1,1,0,0,0,0,0,0,0,0,0,0
61190,2,1,0,0,0,0,0,0,0,0,0,0
61191,1,1,0,17,0,0,0,0,0,0,0,0
61191,2,1,0,0,0,0,0,0,0,0,0,0
61191,3,1,24,0,0,0,0,0,0,0,0,0
61192,1,1,0,0,0,0,0,0,0,0,0,0
61193,1,1,0,0,0,0,0,0,0,0,0,0
61193,2,1,0,0,0,0,0,0,0,0,0,0
61193,3,1,0,0,0,0,0,0,0,0,0,0
61193,4,1,0,0,0,0,0,0,0,0,0,0
61193,5,1,0,0,0,0,0,0,0,0,0,0
61194,1,1,11,11,11,11,11,11,11,11,11,11
61194,2,1,0,0,0,0,0,7,0,0,0,0
61194,3,1,0,0,0,0,0,0,0,0,0,16
61195,1,1,0,0,0,0,0,0,0,0,0,0
61195,2,1,0,0,0,0,0,0,0,0,0,0
61195,3,1,0,0,0,0,0,0,0,0,0,0
61195,4,1,0,0,0,0,0,0,0,0,0,0
61195,5,1,0,0,0,0,0,0,0,0,0,0
61196,0,1,0,0,0,0,0,0,0,0,0,0
61196,1,1,0,0,0,0,0,0,0,0,0,0
61197,1,1,0,0,0,0,0,0,0,0,0,0