ST_CASE,VEH_NO,PER_NO,P1,P2,P3,P4,P5,P6,P7,P8,P9,P10
61483,1,1,12,12,12,12,12,12,12,12,12,12
61484,1,1,0,22,25,0,0,0,0,0,0,0
61485,1,1,0,23,11,23,0,0,0,0,0,0
61486,0,1,0,0,0,0,0,0,0,17,41,0
61486,1,1,0,0,0,0,0,0,0,0,0,0
61487,1,1,0,0,0,0,0,9,0,0,0,0
61487,2,1,0,0,0,0,0,0,0,0,0,0
61489,1,1,12,12,12,12,12,12,12,12,12,12
61490,1,1,0,0,0,0,0,0,0,0,0,0
61491,1,1,0,0,0,0,0,0,0,0,0,0
61491,2,1,0,0,0,0,0,0,0,0,0,0
61491,3,1,0,0,0,0,0,0,0,0,0,0
61492,1,1,0,0,0,0,0,0,0,0,0,10
61492,2,1,0,0,0,0,0,0,0,0,0,0
61493,1,1,0,18,19,21,0,0,0,0,0,0
61493,2,1,0,0,0,0,0,0,0,0,0,0
61494,0,1,0,0,0,0,0,0,0,0,0,0
61494,1,1,0,0,0,0,0,0,0,0,0,0
61495,1,1,0,20,0,0,11,28,0,0,0,28
61495,2,1,0,0,0,0,0,0,0,0,0,0
61495,3,1,0,7,0,0,0,0,0,0,0,0
61496,1,1,0,0,0,0,0,0,0,7,0,0
61496,2,1,0,0,0,0,0,0,0,0,0,0
61497,1,1,10,0,0,0,0,19,0,17,0,21
61497,2,1,0,0,0,0,0,0,0,0,0,0
61498,1,1,0,0,7,36,0,0,0,0,0,0
61499,1,1,0,0,0,0,0,0,0,0,28,0
61500,1,1,0,0,0,0,23,6,0,16,23,0
61501,1,1,30,30,30,30,30,30,30,30,30,30
61502,1,1,24,24,24,24,24,24,24,24,24,24
61502,2,1,0,0,0,0,0,0,0,0,0,0
61503,1,1,11,24,11,9,16,4,16,6,11,17
61503,2,1,0,0,0,0,0,0,0,0,0,0
61504,1,1,10,0,0,14,14,7,5,20,13,4
61505,1,1,0,0,0,0,0,0,0,0,0,0
61505,2,1,0,0,0,0,0,0,16,0,0,0
61505,3,1,0,0,0,0,0,0,0,0,0,0
61505,4,1,0,0,0,0,0,0,0,0,0,0
61506,1,1,16,30,19,16,21,10,19,16,18,16
61507,1,1,25,25,25,25,25,25,25,25,25,25
61508,0,1,28,22,0,29,0,37,27,0,0,12
61508,1,1,36,30,16,3,10,27,11,29,8,15
61509,1,1,27,27,27,27,27,27,27,27,27,27
61510,1,1,15,15,15,15,15,15,15,15,15,15
61511,1,1,0,0,0,0,0,0,0,0,0,0
61511,2,1,0,0,0,0,0,0,0,0,0,0
61512,1,1,0,0,0,0,0,0,0,0,0,0
61512,2,1,0,0,0,0,0,0,0,0,0,0
61512,3,1,0,0,0,13,0,0,0,0,0,0
61513,1,1,21,0,0,0,0,0,0,0,0,0
61514,1,1,0,0,0,20,0,0,0,0,0,0
61514,2,1,0,0,0,0,0,0,0,0,0,0
61515,1,1,0,0,0,0,0,0,10,0,0,13
61516,1,1,0,0,0,6,0,0,0,0,0,0
61517,1,1,17,17,17,17,17,17,17,17,17,17
61517,2,1,0,0,0,0,0,0,0,0,0,0
61518,1,1,4,0,21,0,8,0,0,13,0,0
61519,1,1,0,0,0,0,0,0,0,0,0,0
61519,2,1,12,0,0,0,0,0,0,0,0,0
61520,1,1,0,0,0,0,0,0,0,0,0,12
61520,2,1,0,0,0,0,0,0,0,0,0,0
61521,1,1,0,0,0,0,0,0,0,0,0,0
61521,2,1,0,0,0,0,0,0,0,0,0,0
61521,3,1,0,0,0,0,0,0,0,0,0,2
61522,1,1,29,29,29,29,29,29,29,29,29,29
61522,2,1,0,0,0,0,0,0,0,0,0,0
61523,1,1,0,0,0,0,0,0,0,0,0,0
61523,2,1,0,0,12,0,0,0,0,0,0,0
61524,0,1,0,0,0,0,0,0,0,0,0,0
61524,1,1,0,0,34,0,0,29,0,0,0,0
61525,1,1,0,0,0,0,0,0,0,0,0,0
61525,2,1,0,0,0,0,0,0,0,0,0,0
61526,1,1,0,0,0,0,0,0,0,0,0,0
61527,0,1,5,5,5,5,5,5,5,5,5,5
61527,1,1,0,0,0,0,0,0,0,0,0,0
61527,2,1,0,0,0,0,0,0,0,0,0,0
61527,3,1,0,0,0,0,0,0,0,0,0,0
61528,0,1,19,19,19,19,19,19,19,19,19,19
61528,1,1,16,0,0,0,0,0,0,0,0,21
61529,0,1,0,13,0,0,0,0,0,0,0,0
61529,0,2,0,0,0,0,22,19,25,5,0,44
61529,1,1,0,0,0,0,0,0,0,0,0,0
61530,1,1,16,16,16,16,16,16,16,16,16,16
61531,0,1,0,0,0,0,0,0,0,0,0,0
61531,1,1,0,0,21,0,0,0,0,0,0,0
61532,1,1,18,18,18,18,18,18,18,18,18,18
61533,1,1,0,0,0,0,20,0,0,0,0,0
61534,0,1,0,0,0,0,0,35,0,0,0,0
61534,1,1,0,0,0,0,0,0,0,0,0,0
61535,1,1,15,15,15,15,15,15,15,15,15,15
61536,1,1,14,0,18,28,18,9,0,24,16,16
61537,0,1,25,0,35,0,0,0,23,63,12,0
61537,1,1,0,0,6,0,0,0,0,0,0,0
61538,0,1,12,0,11,21,0,15,35,9,0,44
61538,1,1,0,0,0,0,0,0,0,0,0,0
61539,0,1,0,14,0,25,0,0,0,25,12,0
61539,1,1,0,18,10,12,11,0,9,19,21,10
61540,1,1,22,22,22,22,22,22,22,22,22,22
61541,0,1,0,23,0,18,0,0,29,0,0,0
61541,1,1,0,0,0,0,7,0,0,0,0,0
61542,0,1,29,0,18,0,0,0,0,0,0,14
61542,1,1,0,0,0,0,0,0,0,0,0,0
61543,1,1,15,18,0,7,0,0,0,0,0,0
61544,1,1,0,0,0,10,7,0,14,0,0,15
61545,1,1,0,0,0,0,0,0,0,0,0,0
61545,2,1,0,0,0,0,0,0,0,0,0,0
61545,3,1,0,0,0,0,0,0,0,0,0,0
61546,1,1,0,0,0,0,0,0,0,0,27,0
61546,2,1,0,0,0,0,0,0,0,0,0,0
61547,1,1,0,0,0,0,0,0,0,0,0,0
61547,2,1,0,0,0,0,0,0,0,0,0,9
61548,1,1,6,17,16,7,15,16,13,17,4,18
61549,1,1,0,0,15,6,14,10,6,0,16,0
61549,2,1,0,0,23,0,0,0,0,0,0,0
61550,1,1,0,0,0,0,0,0,0,0,0,0
61550,2,1,0,0,0,0,0,0,0,0,0,0
61551,1,1,33,33,33,33,33,33,33,33,33,33
61552,1,1,8,8,8,8,8,8,8,8,8,8
61552,2,1,3,3,3,3,3,3,3,3,3,3
61553,1,1,0,0,0,0,0,0,0,0,0,0
61553,2,1,7,0,0,0,0,0,0,0,0,0
61553,3,1,0,0,0,0,0,0,0,0,0,0
61554,1,1,0,0,0,0,0,0,0,0,0,0
61554,2,1,0,0,14,0,0,0,0,0,0,0
61555,0,1,0,0,20,0,0,0,0,0,0,0
61555,1,1,0,0,0,0,0,0,0,0,0,0
61556,1,1,0,0,0,0,0,0,0,0,0,0
61556,2,1,0,0,0,0,0,0,0,0,0,0
61557,1,1,24,29,12,10,6,5,12,9,15,13
61557,2,1,0,5,25,22,21,36,6,0,9,17
61558,1,1,0,0,0,0,0,25,0,0,0,0
61559,0,1,0,0,10,2,0,39,0,28,0,25
61559,1,1,0,0,0,0,0,0,0,0,0,14
61560,1,1,0,0,0,0,0,0,0,0,0,6
61561,1,1,0,0,0,15,0,0,0,0,0,0
61562,1,1,0,0,0,0,0,0,0,0,0,0
61563,1,1,0,0,0,0,0,0,0,0,0,0
61563,2,1,0,0,0,0,0,0,0,0,0,0
61564,0,1,0,18,0,35,14,14,11,24,28,12
61564,1,1,8,0,0,8,14,0,0,0,0,0
61565,1,1,11,11,11,11,11,11,11,11,11,11
61565,2,1,0,0,0,0,21,0,0,21,0,0
61566,1,1,0,0,0,17,0,0,0,0,0,0
61567,1,1,0,0,0,0,23,0,0,0,0,0
61568,1,1,0,0,0,0,0,0,0,0,0,0
61568,2,1,0,0,0,16,0,0,10,0,0,0
61568,3,1,0,0,0,0,0,0,0,0,0,0
61568,4,1,0,0,0,0,0,0,0,0,0,0
61568,5,1,0,0,0,0,0,9,0,0,0,0
61569,1,1,0,0,0,0,0,0,0,0,0,0
61569,2,1,0,0,0,0,0,0,0,0,0,0
61570,1,1,0,0,26,0,20,0,0,6,0,0
61571,1,1,13,0,0,0,0,0,0,0,0,0
61571,2,1,0,0,0,0,0,0,0,0,0,0
61572,1,1,25,11,2,11,0,12,0,13,2,24
61573,1,1,18,0,9,0,0,0,0,0,34,13
61573,2,1,0,0,0,0,0,0,0,0,0,0
61574,1,1,0,18,0,0,14,0,0,31,16,16
61575,0,1,0,0,0,0,0,0,0,0,0,0
61575,1,1,0,0,0,0,0,0,0,0,0,0
61576,1,1,0,0,17,0,0,0,15,0,0,0
61577,1,1,0,0,19,0,0,19,0,0,0,0
61577,2,1,0,0,0,14,11,16,0,0,0,0
61578,1,1,0,0,0,0,13,16,0,0,0,0
61578,2,1,0,0,0,0,0,0,0,0,0,0
61579,1,1,39,0,21,0,15,3,0,0,21,0
61580,1,1,11,11,11,11,11,11,11,11,11,11
61580,2,1,0,0,0,0,0,0,0,0,0,0
61580,3,1,0,0,0,0,0,0,0,0,0,0
61580,4,1,0,0,0,0,0,0,0,0,0,0
61580,5,1,0,0,0,0,0,0,0,0,0,24
61581,1,1,0,0,0,11,15,0,28,12,0,0
61581,2,1,9,0,0,0,0,0,0,0,0,0
61581,3,1,0,0,0,8,0,0,7,0,4,0
61582,0,1,0,19,0,5,0,30,0,0,0,18
61582,1,1,0,20,0,0,0,0,0,0,0,0
61583,1,1,0,0,0,0,0,0,0,0,0,0
61583,2,1,13,0,15,16,27,14,16,11,25,11
61584,1,1,19,19,19,19,19,19,19,19,19,19
61584,2,1,7,7,7,7,7,7,7,7,7,7
61585,1,1,0,0,24,19,11,10,12,19,24,10
61586,1,1,15,17,17,23,12,7,13,17,8,24
61586,2,1,25,0,0,0,0,23,0,0,0,0
61587,1,1,19,18,20,14,0,0,43,0,0,0
61588,1,1,0,0,0,0,0,0,0,0,0,0
61589,1,1,10,0,0,0,20,25,15,0,8,23
61590,0,1,0,0,0,0,0,0,0,0,0,0
61591,1,1,0,0,0,0,0,0,0,0,0,0
61591,2,1,0,0,0,6,0,0,6,0,0,0
61591,3,1,0,0,0,7,0,0,0,0,0,0
61592,1,1,0,0,0,0,0,0,10,0,0,0
61593,0,1,32,0,24,19,18,0,7,0,0,0
61593,1,1,0,0,0,0,0,0,0,0,0,0
61594,1,1,0,0,0,0,0,0,0,0,0,0
61594,2,1,0,0,0,0,0,0,0,0,0,0
61594,3,1,0,0,0,0,0,0,0,0,0,0
61595,1,1,21,21,21,21,21,21,21,21,21,21
61596,1,1,0,0,0,0,0,0,0,0,0,0
61597,1,1,0,0,0,0,0,0,0,0,0,0
61597,2,1,0,0,0,0,0,0,0,0,0,0
61598,1,1,0,0,0,0,0,0,0,0,0,0
61598,2,1,21,0,0,0,12,0,0,10,0,15
61599,0,1,5,5,5,5,5,5,5,5,5,5
61599,1,1,8,8,8,8,8,8,8,8,8,8
61600,1,1,0,0,0,0,24,0,0,21,0,0
61601,1,1,0,0,0,0,0,0,0,0,0,0
61601,2,1,0,0,0,0,0,0,0,0,30,0
61601,3,1,0,0,0,0,0,0,0,0,0,0
61602,1,1,12,17,33,12,18,21,4,6,19,7
61603,1,1,0,0,0,0,0,0,0,0,0,0
61604,1,1,0,0,0,0,0,0,0,0,0,0
61605,1,1,0,0,0,0,0,0,0,0,0,0
61605,2,1,0,0,21,0,0,0,0,0,0,0
61605,3,1,0,0,0,0,0,12,0,0,0,0
61606,1,1,0,0,10,25,0,0,0,11,16,17
61607,0,1,13,13,13,13,13,13,13,13,13,13
61607,1,1,0,0,0,0,0,0,0,0,0,0
61608,1,1,15,20,12,4,7,23,15,18,7,15
61608,2,1,3,3,3,3,3,3,3,3,3,3
61609,1,1,12,12,12,12,12,12,12,12,12,12
61610,1,1,15,12,7,18,15,30,17,5,18,20
61611,1,1,18,18,18,18,18,18,18,18,18,18
61612,1,1,0,12,0,0,0,0,0,0,0,0
61612,2,1,0,0,0,0,0,0,0,0,0,0
61613,1,1,0,0,0,0,0,0,0,0,0,0
61613,2,1,0,0,0,0,0,0,0,0,0,0
61614,1,1,0,0,0,0,0,0,0,0,0,0
61614,2,1,0,0,0,0,0,0,0,0,0,0
61615,1,1,9,9,9,9,9,9,9,9,9,9
61615,2,1,0,0,0,0,0,0,0,0,0,0
61615,3,1,0,0,0,16,0,0,31,0,0,30
61615,4,1,0,0,0,0,0,0,0,0,31,0
61616,1,1,0,6,0,0,26,0,36,0,0,0
61617,1,1,11,14,18,17,22,19,13,33,17,19
61618,1,1,0,0,0,0,0,0,0,0,0,0
61618,2,1,0,0,0,0,0,0,0,0,0,0
61619,1,1,25,0,0,15,0,15,0,0,0,33
61620,1,1,0,17,14,17,0,10,0,14,0,0
61621,1,1,15,4,9,10,20,22,10,17,16,21
61621,2,1,0,0,0,0,0,0,0,0,0,0
61622,1,1,0,0,0,0,0,0,5,0,7,0
61623,1,1,0,0,0,0,0,0,0,0,0,0
61624,1,1,0,0,0,0,0,0,0,0,0,0
61625,1,1,9,9,9,9,9,9,9,9,9,9
61626,0,1,0,0,24,8,10,3,29,32,0,0
61626,1,1,0,0,0,0,0,0,0,0,0,0
61627,1,1,0,0,0,0,9,0,0,0,0,0
61627,2,1,0,0,0,0,0,0,0,0,0,0
61627,3,1,0,0,0,7,0,0,0,0,0,0
61628,1,1,22,10,17,11,18,18,24,0,4,11
61629,1,1,0,0,25,15,0,0,0,0,0,0
61629,2,1,0,0,0,0,0,0,0,0,0,0
61629,3,1,0,0,0,0,0,0,0,0,0,0
61629,4,1,11,0,0,0,0,0,0,0,0,0
61631,1,1,0,0,9,0,0,0,0,0,0,0
61631,2,1,0,0,0,0,0,0,0,0,0,0
61632,1,1,0,0,0,0,0,0,0,0,23,0
61632,2,1,0,0,0,0,0,0,0,0,0,0
61633,1,1,0,0,0,0,21,0,3,13,8,25
61634,1,1,0,0,0,0,22,0,0,0,20,0
61634,2,1,0,0,0,0,0,0,0,0,0,0
61635,1,1,0,0,0,0,0,0,0,0,0,0
61635,2,1,5,22,0,0,32,8,6,14,11,0
61636,1,1,0,0,0,0,0,0,0,0,0,0
61637,1,1,0,0,0,0,0,0,0,0,0,0
61637,2,1,0,0,0,0,0,0,0,0,0,0
61638,1,1,17,17,17,17,17,17,17,17,17,17
61639,1,1,28,21,13,0,0,16,13,18,12,24
61640,1,1,0,0,0,0,0,0,0,0,0,34
61641,1,1,32,38,27,17,4,33,8,33,22,27
61641,2,1,0,0,0,0,0,17,0,7,0,0
61642,1,1,0,0,0,0,0,0,0,0,0,0
61642,2,1,0,0,0,0,0,0,0,0,17,0
61643,0,1,0,0,0,0,0,0,0,0,0,0
61643,1,1,0,0,4,0,0,0,0,0,0,0
61644,1,1,0,0,0,0,0,0,0,0,0,0
61645,1,1,24,24,24,24,24,24,24,24,24,24
61645,2,1,0,0,0,0,0,0,0,0,0,0
61645,3,1,0,0,0,0,0,0,0,0,0,0
61645,4,1,0,0,0,0,0,14,0,0,0,0
61646,0,1,0,0,0,0,0,0,0,0,0,0
61646,0,2,0,0,0,0,0,0,0,0,0,0
61646,1,1,0,0,0,0,0,0,0,0,0,0
61647,0,1,0,27,0,0,0,15,0,0,0,19
61647,1,1,0,0,0,8,0,0,0,0,0,0
61647,2,1,0,31,0,0,0,0,0,0,0,0
61648,1,1,0,0,0,0,0,0,0,0,0,0
61649,1,1,0,0,0,0,0,0,0,0,0,0
61650,1,1,32,22,29,27,0,9,27,31,0,0
61651,1,1,0,0,0,0,0,0,0,0,0,0
61651,2,1,0,0,0,0,0,0,0,9,2,0
61652,1,1,0,0,12,0,0,0,7,0,0,8
61652,2,1,0,0,0,18,0,0,0,0,0,0
61653,1,1,0,0,0,0,0,0,0,26,0,13
61653,2,1,7,18,7,0,32,16,14,0,0,9
61654,0,1,0,0,0,0,27,0,0,0,18,13
61654,1,1,0,0,0,0,0,0,0,0,0,0
61655,1,1,0,0,0,0,0,0,0,0,0,0
61655,2,1,0,0,0,0,0,0,0,0,0,0
61655,3,1,0,0,0,0,0,0,0,0,0,0
61655,4,1,0,0,0,0,2,0,0,0,0,0
61655,5,1,0,0,0,0,0,0,0,0,0,0
61656,1,1,26,26,26,26,26,26,26,26,26,26
61657,0,1,23,9,22,20,10,2,23,14,15,19
61657,1,1,0,0,0,0,0,0,0,0,0,0
61658,0,1,0,9,0,0,0,0,0,0,0,0
61658,1,1,0,0,0,0,0,0,0,0,0,0
61659,0,1,0,0,0,0,0,0,0,0,0,0
61659,1,1,0,0,0,0,0,0,0,0,0,0
61660,1,1,0,0,0,0,0,0,0,0,0,0
61660,2,1,0,0,0,0,0,0,0,0,0,0
61661,0,1,21,0,0,0,0,0,26,0,18,0
61661,1,1,0,0,0,0,0,0,0,1,0,0
61662,1,1,0,0,30,0,35,0,0,0,0,0
61662,2,1,12,0,14,0,0,0,0,16,0,0
61663,1,1,0,0,0,0,0,0,0,0,0,0
61664,1,1,12,0,0,23,0,0,0,29,1,0
61664,2,1,0,0,0,0,0,0,0,0,0,0
61665,1,1,0,13,0,0,9,0,0,10,0,0
61666,1,1,0,0,0,0,0,0,0,0,0,0
61666,2,1,0,0,0,0,0,0,0,0,0,0
61667,0,1,0,0,0,0,0,0,0,0,0,0
61667,1,1,0,0,0,0,0,0,0,0,0,0
61668,0,1,0,0,0,0,0,0,0,0,0,0
61668,1,1,0,0,0,0,0,0,0,0,0,0
61669,1,1,0,0,0,0,0,0,0,0,0,0
61669,2,1,0,0,0,0,0,0,0,0,0,0
61669,3,1,0,0,0,0,0,0,0,0,0,0
61670,1,1,21,16,8,10,10,14,11,26,6,13
61670,2,1,0,0,0,0,5,0,10,15,0,7
61671,1,1,0,0,13,0,0,21,0,6,0,0
61672,1,1,9,27,13,14,19,14,17,15,8,13
61672,2,1,0,0,0,0,0,0,0,0,0,0
61673,0,1,0,0,0,0,23,0,0,0,0,0
61673,1,1,0,0,0,0,0,0,0,0,0,0
61674,1,1,0,0,0,28,16,0,0,0,20,0
61674,2,1,0,0,20,0,0,0,0,0,0,0
61675,1,1,19,19,19,19,19,19,19,19,19,19
61675,2,1,0,0,0,0,0,0,0,0,0,0
61676,1,1,10,10,10,10,10,10,10,10,10,10
61676,2,1,8,0,9,8,0,0,0,0,0,0
61677,0,1,8,8,8,8,8,8,8,8,8,8
61677,1,1,0,0,0,0,0,0,0,0,0,0
61678,0,1,17,13,34,0,11,0,24,28,26,21
61678,1,1,0,0,0,0,0,0,0,0,0,0
61679,1,1,0,0,0,0,0,0,0,0,0,0
61679,2,1,0,0,0,0,0,0,0,0,0,0
61679,3,1,0,0,0,0,0,0,0,0,0,0
61679,4,1,0,0,0,0,0,0,0,0,0,0
61680,1,1,0,19,0,6,0,0,0,0,0,0
61681,1,1,10,0,15,15,27,11,4,13,35,6
61681,2,1,0,0,0,0,0,0,0,0,0,0
61681,3,1,20,0,0,0,0,0,12,0,0,0
61681,4,1,0,0,0,0,0,0,0,0,0,12
61682,1,1,10,2,9,22,17,13,34,23,32,17
61683,0,1,0,0,0,0,0,0,0,0,0,0
61683,1,1,0,0,0,0,11,0,8,0,0,0
61684,1,1,0,0,0,0,0,0,0,0,0,0
61684,2,1,0,0,0,0,0,16,0,0,0,0
61685,1,1,19,19,19,19,19,19,19,19,19,19
61685,2,1,0,18,0,0,0,0,0,0,0,0
61686,0,1,0,0,0,0,0,0,0,0,23,0
61686,1,1,0,0,0,0,0,0,0,0,0,0
61687,1,1,0,0,0,0,15,0,0,0,0,3
61687,2,1,0,0,0,0,0,0,0,0,0,0
61688,1,1,0,0,0,0,0,17,0,0,0,0
61689,1,1,12,12,12,12,12,12,12,12,12,12
61690,0,1,21,0,0,0,6,0,0,20,0,0
61690,1,1,0,0,0,0,0,0,0,0,0,0
61691,1,1,2,12,19,23,14,12,0,15,25,12
61692,0,1,0,0,0,0,0,0,0,0,0,0
61692,1,1,0,0,0,0,0,0,0,0,0,0
61693,1,1,17,24,16,9,20,27,21,18,10,14
61694,0,1,27,26,29,0,28,14,15,13,9,0
61694,1,1,0,0,0,0,0,0,0,0,0,0
61695,1,1,0,0,0,0,0,0,25,0,0,0
61695,2,1,0,0,0,0,0,0,0,0,0,0
61695,3,1,0,0,0,0,0,0,0,0,0,0
61695,4,1,0,0,0,0,0,0,0,0,0,0
61696,1,2,0,0,30,25,0,0,0,0,15,0
61697,0,1,0,23,0,0,0,0,0,22,0,0
61697,1,1,0,0,0,0,0,0,0,0,0,0
61698,0,1,0,26,0,0,0,0,0,0,19,14
61698,1,1,13,8,0,0,0,0,0,0,23,0
61699,0,1,8,5,22,17,23,17,26,31,24,19
61699,0,2,25,0,0,21,9,10,14,15,0,40
61699,1,1,0,0,0,0,0,0,0,0,0,18
61700,1,1,26,16,4,6,10,4,15,5,19,7
61701,1,1,17,17,17,17,17,17,17,17,17,17
61701,2,1,0,0,0,0,0,0,0,0,0,0
61702,1,1,26,0,0,0,0,0,0,0,0,0
61702,2,1,0,0,0,0,0,0,0,0,0,0
61703,1,1,0,0,0,0,0,0,0,0,0,0
61703,2,1,0,0,0,0,0,0,0,0,0,0
61704,1,1,0,0,0,0,0,0,0,0,0,0
61705,0,1,16,16,16,16,16,16,16,16,16,16
61705,0,2,6,6,6,6,6,6,6,6,6,6
61705,1,1,0,0,0,14,0,24,0,0,0,0
61706,1,1,22,24,9,12,5,15,23,14,7,15
61706,2,1,0,0,0,0,0,0,0,0,0,0
61707,1,1,0,20,37,4,25,40,16,16,24,20
61708,1,1,13,13,13,13,13,13,13,13,13,13
61709,1,1,0,0,17,0,0,0,0,25,0,0
61710,1,1,23,0,0,22,0,0,5,0,0,0
61710,2,1,0,0,0,0,0,0,0,0,0,0
61710,3,1,0,0,0,0,0,0,0,0,0,0
61710,4,1,0,0,0,0,0,0,0,0,0,0
61710,5,1,0,26,0,0,0,0,0,0,0,0
61711,0,1,0,0,14,0,0,0,0,0,36,13
61711,1,1,0,0,0,0,0,0,0,0,0,0
61712,1,1,0,0,0,0,0,0,0,0,0,0
61713,1,1,0,7,0,12,0,0,0,0,21,0
61714,1,1,22,22,22,22,22,22,22,22,22,22
61715,1,1,0,0,0,0,0,0,0,0,0,0
61715,2,1,0,0,0,0,0,0,0,0,0,0
61716,1,1,0,0,0,0,0,0,0,0,0,0
61716,2,1,0,0,0,0,0,0,0,0,0,0
61716,3,1,0,0,0,0,0,0,0,0,0,0
61716,4,1,0,0,0,0,0,0,0,0,0,0
61716,5,1,0,0,0,0,0,0,26,0,0,0
61716,6,1,7,0,0,0,0,0,0,0,0,0
61717,1,1,21,21,21,21,21,21,21,21,21,21
61717,2,1,7,0,19,16,12,0,0,0,7,0
61717,3,1,0,0,0,0,0,0,0,0,0,0
61718,0,1,0,0,0,0,0,0,0,0,0,0
61718,1,1,0,0,0,0,0,0,0,0,0,0
61718,2,1,3,0,0,2,2,18,0,0,0,0
61719,1,1,0,0,0,0,0,0,0,0,0,0
61719,2,1,0,0,0,0,0,0,0,0,0,0
61720,1,1,14,21,0,15,14,21,13,28,18,8
61721,1,1,11,11,11,11,11,11,11,11,11,11
61721,2,1,0,0,0,0,0,0,0,0,0,0
61723,0,1,0,20,0,0,29,0,0,0,13,0
61723,1,1,0,0,0,0,0,0,0,0,0,0
61724,1,1,0,0,0,0,0,0,0,0,0,0
61724,2,1,0,0,0,0,0,0,0,0,0,0
61725,1,1,11,11,11,11,11,11,11,11,11,11
61726,1,1,0,0,0,0,0,0,0,0,0,0
61726,2,1,0,0,0,0,0,0,0,0,0,0
61727,1,1,19,0,0,0,0,14,13,0,0,0
61727,2,1,7,0,0,0,0,0,0,11,7,11
61728,0,1,0,0,0,0,0,0,10,0,0,0
61728,1,1,0,0,0,0,0,0,0,0,19,0
61729,1,1,9,13,0,10,0,15,0,0,0,0
61729,2,1,0,0,0,0,0,0,0,0,0,0
61730,1,1,12,7,21,10,7,21,21,17,7,14
61731,0,1,0,0,0,0,0,0,0,0,0,0
61731,1,1,0,0,0,0,0,0,0,0,0,0
61732,1,1,2,0,0,9,0,0,0,0,0,5
61732,2,1,0,0,0,0,0,0,0,0,0,0
61733,1,1,0,0,0,0,0,0,0,7,0,0
61733,2,1,0,0,0,0,21,11,22,2,0,0
61734,0,1,0,0,0,0,0,0,0,0,0,0
61734,1,1,0,0,10,0,0,0,0,3,0,11
61735,1,1,24,0,0,21,0,24,0,0,0,0
61736,1,1,24,26,10,7,9,20,10,13,20,0
61736,2,1,0,0,0,0,0,0,0,0,0,0
61737,1,1,0,0,0,0,0,0,0,0,0,0
61738,1,1,19,19,20,6,20,3,0,12,9,21
61739,1,1,21,21,21,21,21,21,21,21,21,21
61739,2,1,0,0,0,0,0,0,0,0,0,0
61740,1,1,14,0,0,26,0,10,10,0,4,12
61741,0,1,0,0,0,0,0,24,0,0,0,0
61741,1,1,0,0,0,0,0,0,0,0,0,0
61742,1,1,0,0,0,0,0,0,0,0,0,0
61742,2,1,0,0,0,0,0,0,0,0,0,0
61743,1,1,0,0,0,0,0,0,0,0,0,0
61744,1,1,0,0,0,0,0,0,0,0,0,0
61744,2,1,0,0,17,0,0,0,0,0,0,0
61745,0,1,15,7,4,6,24,12,17,27,23,13
61745,1,1,14,17,7,0,0,0,0,0,0,0
61746,1,1,0,0,0,0,16,0,21,0,0,29
61747,1,1,0,0,0,0,0,0,2,0,0,0
61747,2,1,0,0,0,0,0,0,0,21,13,0
61748,0,1,0,0,0,0,0,0,0,0,0,0
61748,1,1,0,0,0,0,0,0,0,0,0,0
61749,1,1,8,8,8,8,8,8,8,8,8,8
61749,2,1,0,0,0,0,0,0,0,0,0,0
61750,1,1,32,32,32,32,32,32,32,32,32,32
61750,2,1,0,0,0,0,15,0,10,0,0,0
61751,0,1,19,20,29,22,0,13,24,29,0,0
61751,1,1,0,0,0,0,0,0,0,0,0,0
61752,1,1,7,7,7,7,7,7,7,7,7,7
61753,1,1,0,0,0,0,0,0,0,0,0,0
61753,2,1,0,0,0,0,0,0,0,0,0,0
61753,3,1,0,0,0,0,0,0,0,0,0,0
61754,1,1,0,0,0,0,0,0,0,0,17,0
61754,2,1,0,0,0,0,0,0,0,0,0,0
61755,1,1,0,0,0,0,0,0,0,18,0,0
61756,1,1,0,0,0,0,0,0,0,0,0,0
61756,2,1,12,0,0,0,0,0,0,0,0,12
61756,3,1,0,0,0,0,0,0,0,0,0,0
61757,0,1,0,0,0,0,0,0,29,23,28,0
61757,0,2,0,0,0,0,0,0,0,0,0,0
61757,1,1,0,0,0,0,0,0,0,0,0,0
61758,0,1,0,0,0,0,0,0,0,0,0,0
61758,1,1,5,0,0,0,10,0,0,9,0,0
61759,1,1,0,0,26,0,0,0,0,0,0,0
61759,2,1,21,0,0,0,0,0,0,0,0,0
61759,3,1,0,0,17,0,9,0,0,0,0,0
61759,4,1,0,0,0,0,0,0,0,0,0,0
61760,1,1,22,22,22,22,22,22,22,22,22,22
61760,2,1,0,0,0,0,0,0,0,0,0,0
61761,1,1,8,8,8,8,8,8,8,8,8,8
61761,2,1,0,0,0,0,0,0,0,0,0,0
61762,1,1,0,0,0,0,0,0,0,0,0,0
61762,2,1,0,0,0,0,0,0,0,0,0,0
61763,1,1,18,12,12,19,17,17,28,15,4,13
61764,1,1,0,0,0,0,0,0,0,33,0,0
61764,2,1,0,0,0,0,0,0,0,0,0,0
61765,1,1,0,0,0,0,0,0,0,0,0,0
61765,2,1,0,0,0,0,0,0,0,0,0,0