ST_CASE,VEH_NO,PER_NO,P1,P2,P3,P4,P5,P6,P7,P8,P9,P10
62620,1,1,0,0,0,0,0,0,0,0,0,0
62620,2,1,0,0,0,0,0,0,0,0,0,0
62621,1,1,0,0,0,0,0,0,0,0,0,15
62622,1,1,0,0,0,0,0,0,0,0,0,0
62622,2,1,0,32,0,11,0,0,0,0,0,0
62623,1,1,4,18,9,27,4,14,25,16,12,37
62624,1,1,15,13,11,34,22,7,27,9,6,13
62625,1,1,0,0,0,0,0,0,0,0,0,0
62625,2,1,0,0,0,0,0,0,0,0,0,0
62626,1,1,0,2,11,0,10,16,0,0,14,0
62626,2,1,0,0,0,0,0,0,0,0,0,0
62627,1,1,0,0,0,0,0,0,0,0,0,0
62627,2,1,22,22,22,22,22,22,22,22,22,22
62628,0,1,0,19,0,0,0,0,0,10,44,12
62628,1,1,0,0,0,0,0,0,0,0,0,0
62629,0,1,17,17,17,17,17,17,17,17,17,17
62629,0,2,4,0,8,0,0,0,28,4,0,0
62629,1,1,0,0,0,0,0,0,0,0,0,0
62630,1,1,0,0,0,0,0,0,0,0,0,0
62630,2,1,0,0,22,0,9,0,25,0,0,0
62631,0,1,0,0,20,0,22,0,0,0,0,0
62631,1,1,0,0,0,0,0,0,0,0,0,0
62631,2,1,0,0,0,0,0,0,0,0,0,0
62631,3,1,0,0,0,0,0,0,0,21,0,0
62631,4,1,0,0,0,0,0,0,0,0,0,0
62632,1,1,0,0,0,0,0,0,0,0,0,0
62632,2,1,0,0,0,0,0,0,0,0,0,0
62633,0,1,20,15,6,10,6,24,16,38,16,10
62633,1,1,0,0,0,0,0,0,0,0,0,0
62634,0,1,0,16,15,0,15,15,0,20,32,11
62634,1,1,0,0,0,0,0,0,0,0,0,0
62635,1,1,0,0,0,0,0,0,0,0,0,0
62635,2,1,0,0,0,37,0,0,0,0,0,0
62636,1,1,0,0,0,0,0,0,0,0,0,0
62636,2,1,0,0,0,0,0,0,0,0,0,0
62636,3,1,0,0,0,0,0,0,0,0,0,0
62637,0,1,26,9,18,0,34,11,21,10,30,23
62637,1,1,0,0,0,0,0,0,0,0,0,0
62638,1,1,2,13,11,0,0,0,0,25,0,24
62639,0,1,0,0,0,0,0,0,0,0,0,0
62639,1,1,0,0,0,0,0,0,0,0,0,0
62640,1,1,11,19,9,9,0,26,13,0,0,0
62641,0,1,0,0,0,0,0,0,0,0,0,0
62641,1,1,0,0,0,0,0,0,0,0,0,0
62642,0,1,0,0,0,0,10,0,0,0,22,0
62642,1,1,0,0,0,0,0,0,0,0,0,0
62643,1,1,34,0,0,0,0,0,0,0,0,6
62644,1,1,0,0,0,0,0,0,0,0,0,0
62645,1,1,20,20,20,20,20,20,20,20,20,20
62646,1,1,15,3,17,8,29,18,18,12,27,31
62647,1,1,0,18,0,0,0,8,0,0,27,0
62648,1,1,0,0,0,13,33,0,0,0,0,17
62649,1,1,9,8,15,9,16,8,14,12,10,11
62650,0,1,0,22,32,29,0,24,22,9,8,44
62650,1,1,0,0,0,0,0,0,0,0,0,0
62651,1,1,15,36,0,20,6,7,41,18,18,18
62652,1,1,24,24,24,24,24,24,24,24,24,24
62653,1,1,20,0,35,7,9,29,0,0,16,0
62654,0,1,0,0,0,0,0,30,0,0,0,0
62654,1,1,0,0,0,0,0,0,0,0,0,0
62655,1,1,0,0,13,0,15,0,0,0,0,0
62656,1,1,0,0,10,0,0,0,0,24,0,27
62656,2,1,0,0,0,0,0,0,0,0,0,0
62657,0,1,26,26,26,26,26,26,26,26,26,26
62657,1,1,0,0,0,0,0,0,0,0,0,0
62658,1,1,0,0,0,0,0,0,0,0,0,0
62658,2,1,0,0,0,0,0,0,0,0,0,0
62658,3,1,11,20,0,0,0,18,0,0,0,13
62659,0,1,0,0,0,0,0,0,0,0,0,0
62659,1,1,16,16,16,16,16,16,16,16,16,16
62660,1,1,13,13,13,13,13,13,13,13,13,13
62660,2,1,0,0,0,0,0,0,0,0,10,0
62661,0,1,0,0,0,0,0,27,0,0,15,0
62661,1,1,0,9,0,15,7,25,0,0,0,0
62662,1,1,0,0,8,0,0,30,0,0,0,0
62662,2,1,0,0,0,0,0,0,0,0,0,0
62663,1,1,0,0,0,0,0,0,0,0,0,0
62663,2,1,0,0,0,0,0,0,0,0,0,0
62664,1,1,11,0,20,19,0,9,4,2,0,5
62664,2,1,4,0,13,7,23,17,13,19,26,12
62664,3,1,0,0,0,12,0,16,0,0,0,0
62665,1,1,3,5,7,20,17,24,17,12,8,0
62665,2,1,0,0,0,0,0,19,0,0,0,0
62666,1,1,0,5,0,0,0,0,0,0,0,0
62666,2,1,0,19,0,12,0,0,0,0,0,0
62667,0,1,0,0,0,0,0,0,0,0,0,0
62667,1,1,0,0,0,0,0,0,0,0,0,0
62668,0,1,0,0,0,0,0,0,0,0,0,0
62668,1,1,0,0,18,10,0,0,0,0,0,11
62669,0,1,0,0,0,0,8,11,0,0,0,0
62669,1,1,0,0,0,0,17,0,0,0,0,0
62670,0,1,11,0,0,13,0,0,8,0,23,25
62670,1,1,23,23,23,23,23,23,23,23,23,23
62671,1,1,14,14,14,14,14,14,14,14,14,14
62672,0,1,17,0,0,0,2,0,10,22,0,0
62672,1,1,0,0,22,0,0,0,0,0,0,0
62673,0,1,0,0,21,14,0,26,22,0,21,30
62673,1,1,0,0,0,0,0,0,0,15,0,0
62673,2,1,0,14,12,0,0,0,0,0,2,0
62674,1,1,9,2,12,12,22,9,9,20,23,14
62674,2,1,0,0,0,21,0,0,17,0,0,0
62675,1,1,2,0,14,0,0,0,0,0,0,26
62675,2,1,0,0,0,0,0,0,0,0,0,0
62676,1,1,0,0,0,11,0,0,0,14,0,0
62676,2,1,4,0,0,19,0,0,10,13,0,0
62677,1,1,0,4,0,0,0,14,8,0,0,0
62677,2,1,0,0,0,0,0,0,0,0,0,0
62678,1,1,0,0,0,0,0,0,0,0,0,0
62678,2,1,0,14,0,0,0,0,0,0,0,0
62679,1,1,0,0,0,0,0,0,0,0,0,0
62679,2,1,0,0,0,0,0,0,0,0,0,0
62680,0,1,0,0,0,0,0,0,0,0,0,0
62680,1,1,0,0,0,0,0,0,0,0,0,0
62681,1,1,0,0,0,0,0,0,0,0,0,0
62681,2,1,0,0,0,0,0,0,0,0,0,0
62682,0,1,29,0,48,6,0,0,0,0,0,0
62682,1,1,0,0,0,0,0,0,0,0,0,0
62683,0,1,0,0,0,0,17,0,0,0,0,0
62683,1,1,0,0,12,30,36,0,0,0,0,0
62684,0,1,18,0,0,0,0,0,20,22,0,0
62684,1,1,0,0,0,0,0,0,0,0,0,0
62685,0,1,12,0,0,0,25,0,0,8,0,20
62685,1,1,0,0,0,0,0,0,0,12,0,0
62685,2,1,0,0,0,0,0,0,0,0,0,0
62686,0,1,4,16,0,0,39,24,0,0,0,0
62686,1,1,0,0,0,0,0,0,0,0,0,0
62687,0,1,0,0,0,0,0,0,0,0,0,0
62687,1,1,0,0,0,0,0,0,0,0,0,0
62688,0,1,0,26,0,38,0,20,0,5,16,0
62688,1,1,30,0,0,0,0,0,0,0,0,0
62689,1,1,0,0,0,0,0,0,0,0,0,0
62689,2,1,21,17,0,2,6,7,11,18,3,12
62690,0,1,0,0,18,0,0,23,0,0,0,5
62690,1,1,0,0,19,0,0,0,0,0,0,0
62691,1,1,0,18,0,0,0,15,0,0,0,0
62691,2,1,0,0,0,0,0,0,0,0,0,0
62692,0,1,16,0,0,0,0,0,0,0,0,0
62692,1,1,0,0,0,0,0,0,0,0,0,0
62693,1,1,0,0,0,0,0,0,0,0,0,0
62694,1,1,5,17,15,10,25,22,27,22,23,11
62695,1,1,0,0,0,0,0,0,0,0,0,0
62695,2,1,0,0,0,11,0,0,22,0,0,0
62696,0,1,0,0,0,0,0,0,0,0,0,0
62696,1,1,0,0,0,0,0,0,0,0,0,0
62697,0,1,0,0,0,0,0,27,29,0,25,0
62697,1,1,0,0,0,0,20,0,7,0,0,0
62697,2,1,0,0,0,0,11,0,0,0,0,0
62698,1,1,0,0,0,0,0,0,0,0,0,0
62698,2,1,0,7,0,0,15,19,0,0,0,0
62699,0,1,0,40,50,21,12,15,24,0,17,16
62699,1,1,0,0,0,0,0,0,0,0,0,0
62700,1,1,0,0,0,0,0,0,0,0,0,0
62700,2,1,0,0,0,0,0,0,0,0,0,0
62701,1,1,0,22,0,0,0,0,0,0,0,0
62701,2,1,0,0,0,0,18,0,7,0,0,0
62702,1,1,22,0,0,0,0,0,0,11,0,6
62702,2,1,0,0,0,0,0,0,0,0,0,0
62703,1,1,17,10,23,33,9,13,18,7,10,25
62703,2,1,0,0,0,0,0,19,10,0,33,0
62703,3,1,0,0,0,0,0,0,0,0,0,0
62703,4,1,0,11,0,0,0,0,0,0,0,0
62703,5,1,28,0,0,0,0,3,0,0,0,0
62704,1,1,0,0,0,0,0,0,0,0,0,0
62704,2,1,0,0,0,0,0,0,0,0,0,0
62705,1,1,0,0,0,0,0,0,0,0,0,0
62705,2,1,0,0,0,0,0,0,18,0,0,0
62706,1,1,20,20,20,20,20,20,20,20,20,20
62706,2,1,0,0,0,0,0,0,0,9,0,0
62707,0,1,0,7,0,0,0,0,0,0,0,0
62707,1,1,0,0,0,0,0,0,0,0,0,0
62707,2,1,5,0,0,0,26,0,0,0,0,0
62708,1,1,0,0,0,36,0,0,0,0,0,0
62708,2,1,0,0,18,0,0,0,0,0,0,0
62709,1,1,0,7,21,0,13,16,0,9,31,0
62710,0,1,8,8,8,8,8,8,8,8,8,8
62710,1,1,9,9,9,9,9,9,9,9,9,9
62711,0,1,24,5,0,0,0,18,0,0,0,0
62711,1,1,0,0,0,0,0,0,0,0,0,0
62712,0,1,0,20,0,0,0,0,0,0,0,0
62712,1,1,16,13,33,13,13,32,16,0,0,16
62713,0,1,10,7,28,0,0,15,41,0,0,40
62713,1,1,0,0,0,0,0,10,0,0,0,0
62714,0,1,0,0,0,0,0,0,0,0,0,0
62714,2,1,0,16,0,6,0,0,0,0,0,0
62715,0,1,19,0,21,0,22,0,0,0,15,0
62715,1,1,0,0,0,0,0,0,0,35,0,13
62716,0,1,0,0,0,0,0,0,0,0,0,0
62716,1,1,0,0,0,0,0,0,0,0,0,0
62717,0,1,0,0,62,0,0,12,0,25,27,0
62717,1,1,13,11,0,21,0,9,20,9,10,18
62718,1,1,0,0,0,0,0,0,0,0,0,0
62718,2,1,0,0,0,2,0,0,0,0,7,0
62719,0,1,2,2,2,2,2,2,2,2,2,2
62719,1,1,0,0,0,26,0,0,0,0,0,0
62720,1,1,0,0,0,0,0,0,0,0,0,0
62720,2,1,0,0,0,0,0,0,0,0,0,0
62721,1,1,8,8,8,8,8,8,8,8,8,8
62722,1,1,0,0,0,0,0,0,0,0,0,0
62722,2,1,0,0,0,0,0,0,0,0,0,0
62723,0,1,16,37,0,0,0,30,0,0,0,0
62723,1,1,0,0,0,0,0,0,0,0,0,0
62723,2,1,0,17,0,0,11,0,0,0,18,0
62724,0,1,0,0,0,0,0,0,0,0,0,0
62724,1,1,0,0,0,0,0,0,0,0,0,0
62725,1,1,3,3,3,3,3,3,3,3,3,3
62726,1,1,0,0,0,0,0,0,0,0,0,0
62726,2,1,0,0,0,0,0,0,0,0,0,0
62727,0,1,0,0,0,0,14,0,0,0,27,0
62727,1,1,0,0,0,9,14,0,19,0,0,0
62727,2,1,0,14,0,0,14,0,0,0,0,0
62727,3,1,0,0,15,26,0,0,0,0,0,0
62728,0,1,0,0,0,0,0,0,0,0,0,11
62728,1,1,0,0,0,0,26,0,0,0,0,0
62728,2,1,0,0,0,0,0,0,0,0,0,0
62729,0,1,14,0,0,0,13,0,12,0,16,18
62729,1,1,18,0,17,13,0,8,0,0,0,0
62729,2,1,0,0,0,0,0,0,0,18,0,0
62730,0,1,0,0,0,0,0,0,0,0,0,0
62730,1,1,0,0,0,0,0,0,0,0,0,0
62730,2,1,0,0,0,0,0,0,0,0,0,0
62731,1,1,0,0,0,0,0,0,0,0,0,0
62731,2,1,0,0,0,0,0,5,0,0,0,0
62732,0,1,0,0,0,0,0,0,0,13,0,0
62732,0,2,0,0,0,0,0,0,0,0,12,0
62732,0,3,0,0,17,0,0,20,0,0,0,0
62732,1,1,0,0,24,0,0,0,0,0,0,0
62733,1,1,0,0,0,0,0,0,0,0,0,0
62733,2,1,0,0,0,0,0,0,0,0,0,0
62734,1,1,9,19,22,24,14,5,8,5,17,15
62734,2,1,4,4,4,4,4,4,4,4,4,4
62734,3,1,6,27,29,27,0,0,0,24,0,0
62735,0,1,14,19,0,0,17,0,0,0,0,16
62735,1,1,0,0,0,0,0,0,0,0,0,0
62736,0,1,18,25,8,19,27,0,6,0,8,0
62736,1,1,0,0,0,0,0,0,0,0,0,0
62737,0,1,0,18,0,0,15,0,0,0,0,0
62737,1,1,27,0,0,0,0,0,0,0,34,0
62738,1,1,15,0,6,4,17,24,7,4,5,22
62739,0,1,0,0,0,0,0,0,0,0,0,0
62739,1,1,0,0,0,0,14,0,0,0,7,0
62740,0,1,0,0,18,17,17,0,0,0,6,0
62740,1,1,0,0,0,0,0,0,0,0,0,0
62741,0,1,20,20,20,20,20,20,20,20,20,20
62741,1,1,0,0,0,0,0,0,0,0,0,0
62742,0,1,6,0,9,29,0,35,0,0,0,0
62742,1,1,2,0,0,0,0,0,0,0,8,0
62743,1,1,18,0,0,0,0,0,0,21,0,9
62743,2,1,0,0,0,0,15,0,0,0,0,0
62743,3,1,0,0,0,0,0,0,0,0,0,0
62744,1,1,17,16,31,35,21,19,13,10,20,28
62745,0,1,0,0,0,0,0,0,0,0,0,0
62745,0,2,0,0,0,0,0,0,0,0,0,0
62745,0,3,0,0,0,0,0,0,0,0,0,0
62745,1,1,0,0,0,0,0,0,23,0,0,0
62745,2,1,0,25,0,0,0,0,0,0,0,0
62745,3,1,0,0,0,0,0,0,0,0,0,0
62746,1,1,0,0,0,22,0,8,18,12,0,0
62747,1,1,0,0,0,0,0,0,11,0,0,0
62747,2,1,0,0,0,22,0,0,0,0,0,0
62748,1,1,0,0,0,0,0,0,0,0,28,0
62748,2,1,0,0,0,0,0,0,0,0,0,0
62749,0,1,0,0,0,0,0,32,21,0,0,22
62750,1,1,0,0,0,0,5,0,0,0,0,0
62750,2,1,0,0,0,0,0,0,0,0,0,0
62751,0,1,0,11,0,25,0,0,21,0,0,0
62751,1,1,0,0,0,0,0,0,0,0,0,0
62752,1,1,0,0,0,0,0,0,0,0,0,0
62752,2,1,0,0,18,0,0,0,0,0,0,31
62752,3,1,0,0,0,0,0,17,0,18,0,21
62752,4,1,15,0,0,0,0,0,0,0,0,0
62753,0,1,0,0,0,0,0,0,0,0,0,0
62753,1,1,29,0,0,0,0,0,10,0,0,0
62754,0,1,0,0,0,0,0,0,28,0,0,26
62754,1,1,0,0,0,0,0,0,0,0,0,0
62755,1,1,0,0,0,0,0,0,0,0,0,0
62755,2,1,0,0,0,0,0,0,0,0,0,0
62756,1,1,11,28,10,20,23,16,20,10,9,4
62757,0,1,0,0,0,0,0,0,0,0,0,0
62757,1,1,20,26,18,30,23,14,21,21,13,10
62758,1,1,16,0,0,0,32,15,14,0,23,0
62759,0,1,0,0,0,0,0,0,0,0,0,0
62759,1,1,0,0,0,0,0,11,0,0,0,0
62760,0,1,0,0,0,0,0,0,0,0,0,0
62760,1,1,13,5,14,2,24,9,0,24,18,4
62761,0,1,24,0,18,22,13,0,0,11,0,16
62761,1,1,0,0,7,0,0,0,0,7,0,0
62762,0,1,0,0,0,0,0,0,0,0,0,0
62762,1,1,0,0,0,0,0,14,0,17,0,0
62763,1,1,33,23,15,0,0,18,22,0,29,0
62764,1,1,18,18,18,18,18,18,18,18,18,18
62765,0,1,16,0,0,28,26,27,0,0,28,0
62765,1,1,0,0,9,0,0,3,0,0,0,12
62766,1,1,9,9,9,9,9,9,9,9,9,9
62767,1,1,0,0,0,7,0,0,0,11,0,0
62767,2,1,0,0,0,0,0,0,0,0,0,0
62768,1,1,13,3,0,0,0,0,0,0,0,0
62769,1,1,58,58,58,58,58,58,58,58,58,58
62770,1,1,0,0,0,0,0,0,0,0,0,0
62770,2,1,20,0,0,0,10,8,0,3,0,0
62770,3,1,0,0,0,0,25,0,0,21,0,0
62771,1,1,0,0,0,0,0,0,0,0,0,0
62771,2,1,0,0,0,0,0,0,0,0,0,0
62772,0,1,0,0,0,24,32,0,0,0,0,28
62772,1,1,0,0,0,0,0,5,0,0,0,0
62773,0,1,0,0,0,0,0,9,0,0,0,0
62773,1,1,0,0,0,0,0,0,0,0,0,0
62774,0,1,0,19,21,0,20,32,40,15,0,14
62774,1,1,0,0,4,20,0,0,0,0,3,0
62774,2,1,0,0,0,0,0,0,0,0,0,0
62775,1,1,1,1,1,1,1,1,1,1,1,1
62775,2,1,0,0,0,0,0,0,0,0,0,0
62776,0,1,21,21,21,21,21,21,21,21,21,21
62776,1,1,0,0,0,0,0,0,0,0,0,0
62776,2,1,0,0,0,0,17,0,0,0,0,0
62777,0,1,0,26,0,0,0,0,14,0,0,27
62777,1,1,0,0,0,0,0,0,0,0,0,0
62778,1,1,0,0,0,0,0,0,0,0,0,0
62778,2,1,0,0,0,0,0,0,0,0,0,0
62778,3,1,0,0,0,0,0,0,0,0,0,0
62778,4,1,0,0,0,0,0,0,0,0,0,0
62779,1,1,0,0,0,0,0,0,0,0,0,0
62779,2,1,0,0,5,0,0,0,0,0,0,0
62780,0,1,0,30,9,0,0,0,0,7,7,0
62780,1,1,0,0,0,0,0,0,0,0,0,0
62781,0,1,26,21,32,17,29,14,28,49,0,19
62781,1,1,0,0,0,0,0,0,0,0,0,0
62782,1,1,0,0,0,0,0,0,0,0,18,0
62782,2,1,0,0,0,0,0,0,0,0,0,0
62783,1,1,0,0,0,0,0,0,0,0,0,0
62783,2,1,0,0,0,0,0,0,0,0,8,0
62784,0,1,0,0,0,0,3,0,0,0,0,30
62784,1,1,0,0,0,0,0,0,0,0,0,0
62785,1,1,17,17,17,17,17,17,17,17,17,17
62785,2,1,0,0,0,0,0,0,0,0,0,0
62786,1,1,13,13,13,13,13,13,13,13,13,13
62787,1,1,12,0,15,0,11,17,0,15,18,0
62788,1,1,0,4,4,0,0,11,0,11,30,0
62789,0,1,33,33,33,33,33,33,33,33,33,33
62789,1,1,0,0,0,0,0,0,0,0,0,0
62790,0,1,0,0,0,9,13,0,0,0,23,0
62790,1,1,0,0,0,0,22,0,0,4,0,0
62791,0,1,0,0,0,14,0,0,0,26,0,0
62791,1,1,12,19,28,9,0,11,37,19,0,27
62792,0,1,0,0,15,33,0,0,15,0,0,29
62792,1,1,0,0,0,0,0,0,0,0,0,0
62793,0,1,11,0,0,12,23,44,0,0,0,23
62793,1,1,0,0,0,0,0,0,0,0,0,0
62794,0,1,15,0,0,0,0,0,0,0,0,0
62794,1,1,0,0,0,0,0,0,0,0,0,0
62795,0,1,0,0,0,0,14,0,0,0,0,0
62795,1,1,0,0,0,0,0,0,0,0,0,0
62796,1,1,0,21,0,0,0,0,0,0,0,0
62796,2,1,21,20,0,0,0,0,0,0,0,0
62796,3,1,0,0,0,0,0,9,0,0,0,0
62797,0,1,0,0,0,0,0,0,0,0,0,0
62797,1,1,0,0,0,0,0,0,0,0,0,0
62797,2,1,0,0,0,0,15,0,0,0,0,0
62798,1,1,22,0,0,0,0,13,0,6,0,0
62799,0,1,0,0,0,7,10,24,0,0,8,0
62799,1,1,0,0,0,0,0,0,0,0,0,0
62800,1,1,0,0,0,0,0,0,0,0,0,0
62801,0,1,0,24,8,20,0,0,0,0,0,0
62801,1,1,0,0,0,0,0,0,0,0,0,0
62802,0,1,17,0,0,25,5,0,10,0,0,0
62802,1,1,0,0,0,0,0,0,0,0,0,11
62803,1,1,0,0,0,0,0,0,0,0,0,0
62804,0,1,19,0,0,0,0,13,0,0,0,0
62804,1,1,0,20,0,0,17,0,0,0,4,0
62805,0,1,0,0,0,0,0,0,0,0,0,0
62805,1,1,0,0,0,0,0,0,0,0,4,0
62806,0,1,0,24,16,0,0,0,0,0,0,0
62806,1,1,0,0,0,0,0,0,0,0,0,0
62807,1,1,5,5,5,5,5,5,5,5,5,5
62808,1,1,15,12,19,9,31,9,35,12,30,9
62809,0,1,0,25,0,21,25,10,0,0,0,0
62809,1,1,0,18,18,23,0,23,23,11,21,11
62810,0,1,0,13,0,0,5,8,0,0,28,0
62810,1,1,0,0,0,0,0,36,0,0,0,0
62811,0,1,0,0,0,0,21,0,0,0,0,13
62811,1,1,0,0,0,0,0,0,0,0,0,0
62812,0,1,0,0,34,25,0,0,17,0,15,0
62812,1,1,17,0,0,0,0,0,0,0,0,0
62813,1,1,12,11,31,14,13,11,11,9,8,21
62813,2,1,14,2,22,32,20,12,10,18,0,17
62814,1,1,0,0,0,0,0,0,0,0,0,0
62815,1,1,0,0,0,0,0,0,0,0,0,0
62816,0,1,21,0,0,0,10,18,10,5,0,0
62816,1,1,22,0,0,12,7,24,0,0,0,18
62817,1,1,0,0,19,0,0,0,0,10,0,0
62818,0,1,0,0,0,0,0,0,0,0,0,0
62818,1,1,0,0,0,0,0,4,3,0,0,0
62819,0,1,0,0,0,26,0,0,0,0,0,0
62819,1,1,0,0,0,0,39,0,0,0,0,0
62820,1,1,0,0,0,0,0,11,0,0,0,0
62820,2,1,0,0,0,0,0,0,0,0,0,0
62821,0,1,37,0,0,0,41,34,0,0,22,18
62821,1,1,0,0,0,0,0,0,0,0,0,0
62822,1,1,0,0,0,0,0,0,0,0,0,0
62823,0,1,13,0,18,0,0,0,0,0,0,0
62823,1,1,0,0,0,0,0,0,0,0,0,0
62824,0,1,0,0,31,0,0,21,0,38,22,8
62824,1,1,0,0,0,0,0,0,0,0,0,0
62825,1,1,0,0,0,0,0,0,0,0,0,0
62826,0,1,0,30,0,5,30,0,26,26,20,0
62826,1,1,13,0,0,0,0,0,0,0,0,0
62826,2,1,0,0,0,0,0,0,0,0,0,0
62826,3,1,0,0,0,0,0,0,0,0,0,0
62827,1,1,31,16,0,0,0,13,14,0,9,15
62828,1,1,0,9,0,0,0,0,0,8,0,0
62828,2,1,0,0,0,0,0,0,0,0,0,0
62829,0,1,0,0,0,0,0,0,0,0,2,0
62829,1,1,0,0,0,0,0,0,0,0,0,0
62830,0,1,28,13,18,25,16,0,8,0,26,10
62830,1,1,0,0,0,0,0,0,0,0,0,0
62831,0,1,0,0,0,0,0,0,0,0,0,0
62831,1,1,0,0,0,0,0,0,0,0,0,0
62832,0,1,0,0,47,16,28,23,0,15,16,9
62832,1,1,0,4,9,0,14,0,0,0,0,0
62833,0,1,0,0,0,0,23,0,27,0,22,0
62833,1,1,0,18,0,20,19,16,3,24,0,13
62834,0,1,0,31,0,0,0,0,0,0,0,0
62834,1,1,0,15,0,4,0,0,0,0,0,0
62835,0,1,26,0,28,17,0,0,13,0,0,0
62835,1,1,0,0,0,0,0,0,0,0,0,0
62836,0,1,0,0,0,0,13,9,14,0,0,10
62836,1,1,0,0,0,6,14,0,0,0,0,27
62837,1,1,0,0,0,0,0,0,0,0,24,0
62837,2,1,0,0,0,0,0,0,0,0,0,0
62838,1,1,0,0,22,0,0,15,0,0,8,0
62839,0,1,0,0,0,0,0,0,14,0,0,0
62839,1,1,0,0,0,0,0,0,0,6,0,0
62840,0,1,0,0,24,0,0,0,20,0,0,0
62840,1,1,0,0,0,0,0,0,0,0,0,0
62841,0,1,0,0,0,0,0,0,0,0,0,0
62841,1,1,0,0,0,0,0,12,0,0,0,0
62842,0,1,0,0,0,0,0,0,0,0,0,21
62842,1,1,0,0,0,0,0,0,0,0,0,0
62843,1,1,16,23,0,0,0,0,0,0,0,0
62843,2,1,0,0,0,0,0,0,0,0,0,0
62843,3,1,0,0,0,0,0,0,0,0,0,0
62844,1,1,0,0,0,0,0,0,0,0,0,0
62844,2,1,0,0,0,0,0,0,0,0,0,0
62845,1,1,0,0,26,0,0,0,0,0,0,0
62845,2,1,25,0,6,11,5,0,12,10,10,19
62846,1,1,0,8,16,28,22,14,12,0,33,6
62847,0,1,0,0,0,0,0,0,0,0,8,20
62847,1,1,0,0,0,0,0,0,0,0,0,0
62848,1,1,0,0,18,0,0,0,0,0,0,0
62848,2,1,0,0,0,0,0,0,0,14,0,0
62848,3,1,0,0,0,0,0,0,0,11,0,0
62848,4,1,0,0,0,7,0,0,0,0,0,0
62848,5,1,0,0,0,0,0,0,0,0,0,0
62848,6,1,32,0,0,0,0,0,0,0,0,0
62849,0,1,36,0,0,0,0,0,0,0,13,7
62849,1,1,0,0,0,0,0,0,0,0,0,0
62850,1,1,0,0,0,0,0,0,0,0,0,0
62850,2,1,0,0,0,0,0,0,0,0,0,0
62851,0,1,0,15,40,0,0,21,0,0,27,0
62851,1,1,0,0,0,0,0,0,0,0,0,0
62852,1,1,0,0,0,0,0,0,0,0,0,0
62853,0,1,18,0,0,20,0,26,7,0,0,21
62853,1,1,24,0,0,0,0,17,19,0,0,0
62854,1,1,29,29,29,29,29,29,29,29,29,29
62854,2,1,0,0,0,0,0,0,0,0,0,0
62855,0,1,0,0,0,0,0,0,0,0,0,0
62855,1,1,0,0,0,0,0,0,0,0,0,0
62856,1,1,0,0,0,0,0,0,0,0,0,0
62856,2,1,0,0,0,0,0,0,0,0,0,0
62857,1,1,0,0,0,0,0,0,0,0,0,0
62857,2,1,0,0,0,11,0,0,0,13,0,0
62857,3,1,0,22,0,0,0,0,0,0,0,0
62858,1,1,0,0,0,0,0,0,0,0,0,0
62858,2,1,0,0,0,0,0,0,0,0,0,0
62859,1,1,0,5,0,0,0,0,0,0,0,0
62859,2,1,14,14,14,14,14,14,14,14,14,14
62860,0,1,0,0,0,0,28,0,0,0,0,19
62860,1,1,0,0,0,0,0,0,0,0,0,0
62861,0,1,0,0,0,0,0,0,0,0,0,0
62861,1,1,12,0,6,0,0,0,0,0,0,0
62862,0,1,0,25,3,11,0,41,15,0,16,11
62862,1,1,0,0,0,0,0,0,0,0,0,0
62863,0,1,0,0,0,0,0,0,0,0,0,0
62863,1,1,0,0,0,0,0,0,0,0,0,0
62864,1,1,0,0,0,0,0,0,0,0,0,0
62865,1,1,0,0,0,0,0,0,0,0,0,0
62866,0,1,0,0,0,0,0,28,0,0,0,0
62866,1,1,0,0,0,0,0,0,0,0,0,0
62867,0,1,27,31,11,12,0,0,21,24,24,0
62867,1,1,0,0,0,0,0,9,0,0,0,20
62867,2,1,0,0,0,0,0,0,0,0,0,0
62868,1,1,0,0,0,0,0,0,0,0,0,0
62868,2,1,0,0,0,0,0,0,0,0,0,0
62869,0,1,0,12,21,12,0,42,0,0,0,26
62869,1,1,0,0,0,0,0,0,0,0,0,0
62869,2,1,0,0,0,0,0,0,0,0,0,0
62870,0,1,0,0,0,0,0,0,0,0,0,0
62870,1,1,0,0,17,0,0,0,0,0,0,0
62871,0,1,11,17,0,0,0,20,0,0,14,0
62871,1,1,0,0,0,0,0,0,0,0,0,0
62872,1,1,0,0,0,0,0,0,0,0,0,0
62872,2,1,0,0,0,0,0,0,0,0,0,0
62872,3,1,0,0,0,0,0,0,0,0,0,0
62872,4,1,0,0,0,0,0,0,0,0,0,0
62873,1,1,0,0,0,0,0,0,0,0,0,0
62873,2,1,20,0,0,0,0,0,0,0,0,0
62873,3,1,0,0,0,0,0,0,0,0,0,0
62874,1,1,0,0,0,0,0,0,0,0,0,0
62874,2,1,0,0,0,0,21,0,0,0,0,0
62875,0,1,0,0,0,0,0,0,0,0,0,0
62875,1,1,0,0,0,0,4,0,0,0,0,0
62876,1,1,0,0,0,0,0,0,0,0,0,0
62876,2,1,0,0,0,0,0,0,0,0,0,0
62876,3,1,0,0,0,0,0,0,0,0,0,0
62877,0,1,17,0,0,0,2,0,15,0,20,13
62877,1,1,0,0,0,0,12,0,0,0,0,0
62878,1,1,14,14,14,14,14,14,14,14,14,14