ST_CASE,VEH_NO,PER_NO,P1,P2,P3,P4,P5,P6,P7,P8,P9,P10
62878,2,1,0,0,0,0,0,0,0,0,0,0
62878,3,1,16,0,0,9,0,0,0,0,0,0
62879,0,1,0,0,0,0,0,0,0,0,0,0
62879,1,1,0,0,0,0,0,0,0,0,0,0
62880,0,1,0,0,0,40,24,30,0,0,33,16
62880,1,1,0,0,0,0,0,0,0,0,0,0
62881,1,1,19,19,19,19,19,19,19,19,19,19
62881,2,1,0,0,0,0,0,0,0,0,15,0
62882,0,1,0,0,0,0,0,15,0,0,0,0
62882,1,1,0,0,0,0,0,0,0,0,0,0
62883,1,1,0,0,9,0,0,0,18,0,0,9
62883,2,1,9,0,0,0,0,9,0,0,0,0
62883,3,1,0,0,0,0,45,0,0,0,0,18
62883,4,1,0,0,0,0,0,0,0,0,31,0
62883,5,1,0,0,0,0,0,0,0,0,0,0
62883,6,1,0,0,18,0,34,0,0,16,20,12
62884,1,1,0,0,0,0,0,0,0,0,0,0
62884,2,1,12,0,0,0,0,0,0,0,0,0
62884,3,1,0,0,0,0,0,0,0,0,0,0
62884,4,1,0,0,0,0,0,0,0,0,0,0
62884,5,1,4,0,0,0,0,0,0,0,0,0
62885,0,1,12,0,0,0,0,0,0,0,0,0
62885,1,1,0,0,0,0,0,0,0,0,0,0
62886,1,1,1,1,1,1,1,1,1,1,1,1
62887,0,1,20,20,20,20,20,20,20,20,20,20
62887,1,1,0,0,15,0,28,0,25,0,5,0
62888,1,1,22,22,22,22,22,22,22,22,22,22
62889,0,1,0,13,0,0,0,0,0,0,0,0
62889,1,1,0,0,0,0,11,0,10,41,0,3
62890,0,1,0,0,0,0,0,33,3,0,15,0
62890,1,1,16,0,0,0,0,0,0,0,0,0
62891,0,1,0,31,0,10,0,0,0,0,0,0
62891,1,1,0,0,0,0,0,0,0,0,0,0
62892,0,1,17,28,9,12,0,3,0,18,0,0
62892,1,1,0,0,0,6,0,0,0,3,0,0
62893,0,1,0,0,9,0,24,0,0,32,11,0
62893,1,1,21,21,21,21,21,21,21,21,21,21
62894,0,1,0,0,0,0,0,28,0,0,0,0
62894,1,1,3,3,3,3,3,3,3,3,3,3
62895,1,1,0,11,0,0,0,0,0,0,0,0
62896,0,1,0,0,0,0,0,0,0,0,0,0
62896,0,2,0,0,0,0,0,0,0,0,0,0
62896,0,3,0,0,0,0,0,0,0,0,0,0
62896,0,4,0,0,16,0,24,19,0,14,9,14
62896,0,5,21,0,14,0,16,35,0,0,0,10
62896,0,6,21,0,21,0,0,0,0,0,0,0
62896,1,1,0,12,0,0,5,0,0,0,0,0
62896,2,1,25,5,12,16,4,0,9,23,22,10
62897,0,1,9,0,0,0,0,0,0,21,6,32
62897,1,1,0,0,0,0,0,0,0,0,0,0
62898,0,1,21,7,0,0,25,24,25,52,19,34
62898,1,1,0,0,0,0,0,0,0,0,0,0
62898,2,1,0,0,0,0,0,0,0,0,0,0
62899,0,1,0,0,0,0,0,0,0,0,0,0
62899,1,1,0,0,0,0,0,0,0,0,0,0
62900,1,1,24,24,24,24,24,24,24,24,24,24
62900,2,1,0,0,0,0,0,0,0,0,0,0
62901,0,1,32,33,21,19,13,12,16,27,26,13
62901,1,1,0,0,0,0,0,0,0,0,0,13
62902,1,1,0,0,0,0,0,0,0,0,0,0
62902,2,1,0,0,0,8,6,0,0,0,0,0
62903,0,1,30,30,30,30,30,30,30,30,30,30
62903,1,1,0,6,0,0,18,0,0,0,0,0
62904,0,1,23,23,23,23,23,23,23,23,23,23
62904,1,1,0,0,0,0,0,0,0,0,0,0
62905,1,1,0,0,0,0,0,0,0,0,0,0
62906,0,1,0,0,0,0,0,0,0,0,0,0
62906,1,1,0,0,0,25,0,0,0,0,0,0
62907,1,1,0,0,0,0,0,0,0,0,0,0
62907,2,1,0,0,0,6,0,7,0,0,0,0
62908,1,1,0,0,0,0,0,0,0,0,0,0
62908,2,1,0,0,0,0,0,0,0,0,0,0
62909,1,1,9,9,9,9,9,9,9,9,9,9
62910,0,1,0,17,0,0,0,0,0,0,0,0
62910,1,1,0,0,0,0,0,0,0,0,0,0
62911,1,1,24,24,24,24,24,24,24,24,24,24
62912,1,1,0,0,0,0,0,0,0,0,0,0
62913,1,1,0,0,0,9,3,0,0,0,0,17
62913,2,1,0,0,0,0,0,0,0,0,0,0
62914,1,1,0,0,0,0,0,0,0,0,0,0
62914,2,1,0,0,0,0,0,0,0,0,0,0
62915,1,1,0,0,0,0,0,0,0,0,0,0
62915,2,1,0,0,0,0,0,0,0,0,0,0
62916,1,1,40,40,40,40,40,40,40,40,40,40
62917,0,1,26,26,26,26,26,26,26,26,26,26
62917,1,1,0,0,0,0,0,0,0,0,0,15
62918,1,1,35,35,35,35,35,35,35,35,35,35
62919,0,1,0,0,0,0,0,0,13,15,0,0
62919,1,1,0,0,22,0,0,0,0,0,0,0
62920,0,1,0,0,0,0,0,0,0,0,0,0
62920,1,1,0,0,0,0,0,0,0,0,0,0
62921,1,1,0,0,0,0,0,0,0,0,0,0
62922,1,1,0,0,0,0,0,0,0,0,0,0
62922,2,1,0,0,0,0,0,0,0,0,0,0
62922,3,1,0,0,0,15,0,0,0,0,11,0
62923,1,1,0,0,0,0,0,0,0,0,0,0
62923,2,1,0,0,0,0,0,0,0,0,0,0
62924,1,1,0,0,0,0,0,0,0,0,0,0
62924,2,1,0,0,0,0,0,0,0,0,0,0
62924,3,1,0,0,0,0,0,0,0,0,0,0
62925,1,1,18,18,18,18,18,18,18,18,18,18
62926,0,1,6,6,6,6,6,6,6,6,6,6
62926,1,1,0,12,0,0,0,6,4,0,0,8
62927,0,1,0,0,0,0,0,0,0,0,0,0
62927,1,1,0,0,0,0,0,0,0,0,0,0
62928,0,1,2,2,2,2,2,2,2,2,2,2
62928,1,1,3,3,3,3,3,3,3,3,3,3
62929,0,1,0,24,0,0,0,0,0,0,0,0
62929,1,1,0,0,0,0,0,4,0,8,0,0
62930,0,1,5,0,0,0,0,0,0,0,0,22
62930,0,2,0,0,0,30,0,0,0,25,0,21
62930,1,1,0,0,0,0,0,12,0,0,0,0
62930,3,1,0,0,0,0,16,0,0,0,14,0
62930,4,1,0,0,0,0,0,0,0,0,0,0
62930,5,1,0,0,0,0,18,0,0,0,0,0
62930,6,1,0,0,0,0,19,0,0,0,14,0
62931,1,1,0,17,17,11,0,27,0,6,0,0
62932,0,1,42,42,42,42,42,42,42,42,42,42
62932,1,1,0,0,0,0,0,0,14,0,0,0
62933,1,1,0,0,0,0,0,0,0,0,0,0
62933,2,1,0,0,0,0,0,0,0,0,0,0
62934,1,1,0,0,0,0,0,0,0,0,0,0
62934,2,1,0,0,0,0,0,0,0,0,0,0
62934,3,1,0,0,0,0,0,0,0,0,0,0
62934,4,1,0,0,0,0,0,0,0,0,0,0
62935,1,1,0,0,0,0,0,0,0,0,0,0
62935,2,1,0,0,0,0,0,0,0,0,0,24
62936,0,1,0,0,0,0,0,0,0,0,0,0
62936,1,1,0,7,0,0,0,12,7,0,0,18
62937,0,1,20,0,0,0,0,0,0,0,0,0
62937,1,1,0,0,0,0,0,0,0,0,0,0
62938,0,1,0,0,9,26,0,0,17,0,0,23
62938,1,1,0,0,0,0,0,0,0,0,0,0
62939,0,1,0,0,0,29,0,0,23,0,0,0
62939,1,1,0,0,0,0,0,0,0,0,0,0
62940,0,1,0,0,0,0,0,0,0,0,0,0
62940,1,1,0,15,0,0,0,26,12,0,0,0
62941,0,1,10,0,0,0,17,0,0,0,0,0
62941,0,2,34,0,0,0,27,0,0,0,0,33
62941,1,1,0,0,0,0,0,0,0,0,0,0
62942,0,1,0,0,0,0,0,0,0,0,0,0
62942,1,1,0,0,0,0,0,0,0,0,0,0
62943,1,1,7,7,7,7,7,7,7,7,7,7
62943,2,1,0,0,0,0,15,0,0,0,0,0
62944,1,1,0,0,0,0,0,0,0,0,0,0
62944,2,1,0,0,0,0,0,0,0,0,0,0
62945,1,1,0,0,0,0,0,0,0,0,0,0
62945,2,1,0,0,0,0,0,0,0,0,0,0
62945,3,1,0,0,0,0,0,0,0,0,0,0
62946,1,1,0,0,0,0,0,0,0,0,0,0
62946,2,1,0,0,0,0,0,0,0,0,0,0
62947,1,1,20,20,20,20,20,20,20,20,20,20
62948,0,1,23,32,10,24,21,14,0,7,6,9
62948,1,1,0,0,0,21,0,0,0,0,0,0
62949,0,1,0,0,0,0,0,0,0,0,0,0
62949,1,1,0,0,0,0,0,0,0,0,0,0
62950,1,1,0,0,0,0,0,21,0,17,0,0
62951,1,1,0,0,0,0,0,0,0,0,0,0
62951,2,1,0,0,0,0,0,0,0,0,0,0
62951,3,1,0,0,0,0,0,0,0,0,0,7
62951,4,1,0,0,0,0,0,0,0,0,0,0
62951,5,1,0,0,0,0,0,0,0,0,0,0
62952,1,1,0,0,0,0,0,0,0,0,0,0
62953,0,1,0,0,25,0,0,0,0,0,0,0
62953,1,1,0,0,0,0,0,0,0,0,0,0
62954,1,1,15,15,15,15,15,15,15,15,15,15
62955,0,1,0,0,0,0,0,0,0,0,0,0
62955,1,1,0,0,0,0,0,0,0,0,0,0
62956,0,1,26,23,11,5,19,19,24,23,0,7
62956,1,1,0,0,0,0,0,0,0,0,0,0
62957,0,1,0,19,23,0,43,0,34,0,0,34
62957,1,1,0,0,0,0,0,0,0,0,0,0
62958,0,1,0,0,0,0,0,0,0,0,0,0
62958,1,1,0,0,0,0,0,0,0,0,0,0
62959,0,1,23,0,22,0,0,19,0,14,0,0
62959,1,1,0,0,0,0,0,0,0,0,0,0
62960,1,1,0,0,0,0,0,0,0,0,0,0
62961,0,1,0,0,0,13,0,0,25,0,18,0
62961,1,1,0,0,0,0,0,0,0,0,0,0
62962,0,1,0,0,0,0,0,0,0,0,0,0
62962,1,1,0,0,0,0,0,0,0,0,0,0
62963,0,1,0,0,0,18,0,0,0,0,0,0
62963,1,1,0,0,0,0,0,0,0,0,0,0
62964,1,1,0,0,0,0,0,0,0,0,0,0
62965,0,1,17,0,5,0,0,14,0,0,11,0
62965,1,1,3,0,19,0,0,9,0,0,0,0
62966,0,1,0,0,0,0,0,0,0,0,0,0
62966,1,1,0,0,0,0,0,0,0,0,0,0
62967,0,1,0,0,0,0,19,0,0,17,18,0
62967,1,1,0,0,0,0,0,0,0,0,0,0
62968,0,1,0,0,0,0,0,0,0,0,0,0
62968,1,1,0,0,0,0,0,0,0,0,0,0
62969,0,1,0,0,0,0,0,0,0,7,0,20
62969,1,1,0,0,0,0,0,0,0,0,0,0
62969,2,1,0,0,0,0,0,0,0,0,0,0
62970,0,1,0,0,0,0,0,0,0,0,0,0
62970,1,1,0,0,0,24,0,0,0,0,0,0
62971,0,1,0,0,0,0,0,0,0,0,0,0
62971,1,1,0,0,0,0,0,0,0,0,0,0
62972,1,1,18,18,18,18,18,18,18,18,18,18
62973,1,1,7,0,0,14,0,0,0,0,0,0
62974,0,1,0,0,0,0,0,0,0,0,0,0
62974,1,1,0,0,0,0,0,0,0,0,0,0
62975,0,1,0,0,0,0,0,0,0,0,0,0
62975,1,1,26,0,0,0,0,0,0,21,0,10
62976,0,1,0,0,0,0,0,0,0,0,0,0
62976,1,1,18,0,0,17,22,0,4,0,36,0
62977,1,1,0,0,0,0,0,0,0,0,0,0
62977,2,1,0,0,0,0,0,20,12,0,0,9
62978,0,1,0,0,0,0,0,0,0,0,0,0
62978,1,1,0,0,0,0,0,0,0,0,0,0
62979,0,1,0,0,0,0,0,0,0,0,0,0
62979,1,1,0,0,0,0,0,0,0,0,0,0
62980,0,1,0,0,35,0,0,7,0,0,0,0
62980,1,1,0,13,0,0,7,0,0,3,0,0
62981,0,1,0,0,0,0,0,0,0,0,0,0
62981,1,1,0,0,0,0,0,0,0,0,0,0
62982,1,1,0,0,0,0,0,0,0,0,0,0
62983,1,1,25,25,25,25,25,25,25,25,25,25
62983,2,1,0,0,0,0,0,0,0,0,0,0
62983,3,1,0,0,0,0,0,0,0,0,0,0
62984,1,1,8,28,10,24,19,10,14,7,12,0
62984,2,1,14,8,16,3,6,22,10,12,7,12
62985,0,1,0,0,0,0,0,0,0,0,0,0
62985,1,1,0,0,0,0,0,0,0,0,0,0
62986,1,1,15,25,0,24,0,0,0,14,0,0
62987,0,1,0,0,0,0,0,0,0,0,0,0
62987,1,1,0,0,0,0,0,37,17,0,0,0
62988,1,1,0,0,0,0,0,0,0,0,0,0
62988,2,1,0,0,0,0,0,0,0,0,0,0
62989,0,1,0,0,0,0,0,0,0,0,0,0
62989,1,1,0,0,0,0,0,0,0,0,0,0
62990,1,1,17,17,17,17,17,17,17,17,17,17
62991,1,1,0,0,0,0,0,0,0,0,0,0
62991,2,1,0,0,0,0,0,0,0,0,0,0
62991,3,1,16,16,16,16,16,16,16,16,16,16
62992,1,1,0,12,33,5,32,0,2,6,13,14
62992,2,1,0,0,0,13,0,0,0,0,0,0
62992,3,1,0,0,0,0,0,0,0,0,0,0
62992,4,1,0,0,0,0,0,0,0,0,0,0
62993,0,1,0,0,0,0,0,0,0,0,0,0
62994,0,1,0,0,0,21,31,0,6,0,0,0
62994,1,1,10,11,0,7,8,13,13,16,38,27
62995,0,1,0,0,20,0,0,0,0,21,0,22
62995,1,1,0,0,0,0,0,0,0,0,0,0
62996,0,1,0,0,0,0,0,0,0,0,0,0
62996,1,1,0,0,0,0,0,0,0,0,0,0
62997,0,1,0,0,0,0,7,0,0,0,0,0
62997,1,1,0,0,0,0,0,0,0,0,0,0
62998,0,1,0,0,0,0,0,0,0,0,0,0
62998,1,1,0,0,0,0,0,0,0,0,0,0
62998,2,1,0,0,0,0,0,0,0,0,0,0
62999,1,1,18,13,8,15,23,12,25,24,6,12
63000,0,1,11,11,11,11,11,11,11,11,11,11
63000,1,1,4,4,4,4,4,4,4,4,4,4
63001,1,1,35,7,18,21,15,26,10,29,33,20
63001,2,1,0,0,0,0,0,0,0,0,0,0
63002,1,1,0,0,0,0,0,0,0,0,0,0
63002,2,1,0,0,0,0,0,0,0,0,0,0
63003,1,1,13,19,16,10,7,7,21,0,20,3
63004,0,1,32,32,32,32,32,32,32,32,32,32
63004,0,2,0,0,0,0,0,0,39,0,0,0
63004,1,1,0,0,0,9,0,0,0,0,0,0
63005,1,1,16,16,16,16,16,16,16,16,16,16
63006,0,1,0,0,0,0,0,0,0,0,0,0
63006,0,2,0,33,0,0,0,0,0,0,0,0
63006,1,1,0,0,0,0,0,0,0,0,0,0
63007,1,1,21,12,9,13,0,14,16,0,15,0
63007,2,1,0,0,9,6,0,0,0,0,11,8
63008,1,1,14,0,11,14,13,7,20,4,7,0
63009,1,1,18,0,18,11,28,25,19,3,17,14
63009,2,1,26,7,19,0,17,9,8,6,9,12
63010,1,1,6,15,20,3,10,28,7,9,25,26
63010,2,1,33,14,33,24,0,22,0,0,0,17
63011,0,1,0,0,0,0,0,0,0,0,0,0
63011,1,1,20,0,0,8,0,0,0,0,0,0
63012,0,1,0,0,0,0,0,0,0,0,0,0
63012,1,1,0,0,0,0,0,0,0,0,0,0
63013,0,1,0,0,0,0,0,0,0,0,0,0
63013,1,1,0,19,0,0,0,0,0,0,0,0
63014,1,1,6,17,8,10,19,6,6,9,17,20
63015,0,1,0,0,0,0,0,0,20,0,0,0
63015,1,1,9,15,8,24,9,15,10,9,9,16
63016,1,1,6,27,23,9,15,12,28,14,18,11
63016,2,1,0,0,0,0,0,0,0,0,9,0
63017,0,1,0,0,0,0,0,0,0,0,0,0
63017,1,1,0,0,0,0,0,0,0,0,0,0
63018,1,1,12,12,12,12,12,12,12,12,12,12
63019,0,1,0,0,11,0,0,0,0,0,0,0
63019,0,2,10,29,0,0,0,0,16,0,11,0
63019,1,1,0,0,0,0,0,0,0,0,0,0
63020,1,1,2,2,2,2,2,2,2,2,2,2
63021,0,1,21,21,21,21,21,21,21,21,21,21
63021,1,1,11,0,0,12,14,21,0,0,0,0
63022,0,1,1,1,1,1,1,1,1,1,1,1
63022,1,1,0,0,0,0,0,0,0,0,0,0
63023,0,1,0,16,0,0,0,0,34,0,30,21
63023,1,1,0,0,5,0,0,0,0,0,0,0
63024,1,1,0,0,0,0,0,0,0,0,0,0
63025,0,1,0,0,0,0,0,0,0,0,0,0
63025,1,1,0,15,0,0,0,0,0,0,0,0
63026,1,1,7,0,0,0,0,0,0,2,0,0
63027,0,1,0,0,0,0,0,0,0,0,0,0
63027,0,2,0,0,14,0,0,0,0,0,18,0
63027,0,3,0,0,0,0,0,0,0,0,0,0
63027,0,4,0,0,0,0,0,0,0,0,0,0
63027,0,5,0,0,0,0,0,0,0,0,0,0
63027,0,6,0,0,0,0,0,0,0,0,0,0
63027,0,7,0,0,0,0,0,0,0,0,0,0
63027,0,8,0,0,0,0,0,0,0,0,0,0
63027,0,9,0,0,0,0,9,0,0,0,0,0
63027,0,10,0,0,0,0,0,0,0,0,0,0
63027,0,11,0,0,0,0,0,0,0,0,0,0
63027,1,1,20,20,20,20,20,20,20,20,20,20
63028,0,1,0,0,0,0,0,0,0,0,0,24
63028,1,1,0,0,0,0,0,0,0,0,0,0
63029,1,1,25,13,13,12,20,4,17,10,11,22
63030,0,1,0,0,0,0,0,0,0,0,30,0
63030,1,1,0,0,0,0,0,0,0,0,0,0
63031,1,1,0,0,0,0,0,0,0,0,0,0
63031,2,1,0,0,0,0,0,0,0,0,0,0
63032,1,1,0,0,0,0,0,0,0,0,0,0
63032,2,1,0,0,0,0,0,0,0,0,0,0
63033,1,1,0,0,0,0,0,0,0,0,0,0
63034,0,1,0,0,0,0,0,0,0,0,0,0
63034,0,2,0,38,0,0,0,0,0,14,0,0
63034,1,1,0,0,0,0,0,0,0,0,0,0
63035,0,1,0,0,0,11,0,0,0,0,0,0
63035,1,1,0,18,0,0,0,0,0,9,0,10
63036,1,1,0,0,0,0,0,0,0,0,20,0
63036,2,1,0,0,0,0,0,0,0,0,0,0
63037,1,1,20,20,20,20,20,20,20,20,20,20
63037,2,1,0,0,0,0,0,0,0,0,0,0
63038,1,1,0,0,0,0,0,0,0,0,0,0
63038,2,1,0,0,0,0,0,0,0,0,0,0
63038,3,1,0,0,0,0,0,0,0,0,0,18
63039,1,1,0,0,0,0,0,0,0,0,0,0
63039,2,1,0,0,0,0,0,0,23,0,0,0
63040,1,1,0,0,0,0,34,0,0,0,0,16
63040,2,1,0,0,0,0,0,0,0,0,0,0
63041,1,1,0,0,19,0,19,0,0,0,0,0
63042,1,1,9,9,9,9,9,9,9,9,9,9
63042,2,1,0,0,0,0,0,0,0,0,0,0
63043,0,1,0,0,0,0,0,0,0,0,0,0
63043,1,1,0,0,0,0,0,0,0,0,0,0
63044,1,1,28,28,28,28,28,28,28,28,28,28
63044,2,1,8,8,8,8,8,8,8,8,8,8
63045,1,1,19,19,19,19,19,19,19,19,19,19
63045,2,1,0,0,0,0,0,0,0,0,0,0
63046,0,1,0,0,0,0,0,0,0,0,0,0
63046,1,1,0,0,0,0,0,0,0,11,25,0
63047,0,1,0,0,0,0,0,0,0,0,0,0
63047,1,1,0,0,0,0,0,0,0,10,0,0
63048,0,1,0,0,0,0,0,0,0,0,0,0
63048,1,1,0,0,0,0,0,0,0,0,0,0
63049,1,1,0,0,15,14,0,0,0,0,0,0
63049,2,1,0,0,0,0,0,0,0,0,0,0
63050,1,1,0,0,0,0,0,0,0,0,0,0
63050,2,1,0,0,0,0,0,0,0,14,0,0
63051,1,1,8,17,4,12,9,14,18,10,15,34
63051,2,1,0,0,0,0,0,0,0,0,0,0
63052,0,1,21,21,21,21,21,21,21,21,21,21
63052,1,1,0,0,0,0,0,0,0,0,0,0
63052,2,1,0,0,0,0,0,0,0,0,0,0
63053,0,1,6,6,6,6,6,6,6,6,6,6
63053,1,1,0,0,0,0,0,0,0,0,0,0
63054,0,1,33,33,33,33,33,33,33,33,33,33
63054,1,1,0,0,0,0,0,0,0,0,0,0
63055,0,1,0,0,0,0,0,0,0,0,0,0
63055,1,1,0,0,0,0,0,0,0,0,0,0
63056,1,1,0,0,5,0,0,0,0,0,0,0
63056,2,1,4,9,0,22,24,14,16,0,0,39
63056,3,1,8,0,13,0,0,0,10,5,16,0
63057,1,1,16,16,16,16,16,16,16,16,16,16
63057,2,1,0,0,0,0,0,0,0,0,0,0
63058,1,1,0,0,0,0,0,0,0,0,0,16
63058,2,1,0,0,0,0,0,0,0,0,0,0
63058,3,1,0,0,0,0,0,0,0,0,0,0
63059,0,1,0,0,0,0,0,0,0,0,0,0
63059,1,1,0,0,0,0,0,31,0,0,0,0
63060,0,1,4,26,19,13,23,22,30,8,40,24
63060,1,1,13,13,13,13,13,13,13,13,13,13
63061,0,1,0,31,0,17,0,0,17,0,0,0
63061,1,1,9,18,0,0,0,14,0,21,24,0
63062,0,1,0,0,23,6,0,0,0,4,0,0
63062,1,1,25,25,25,25,25,25,25,25,25,25
63062,2,1,0,0,0,0,0,0,0,0,0,0
63063,1,1,0,0,0,0,0,0,0,0,0,0
63063,2,1,0,0,0,0,0,0,0,0,0,0
63063,3,1,0,0,0,0,0,0,0,0,0,0
63063,4,1,0,0,0,0,0,0,0,0,0,0
63064,0,1,22,22,22,22,22,22,22,22,22,22
63064,1,1,0,0,0,0,0,0,0,0,0,0
63065,0,1,0,0,0,0,0,0,0,0,0,0
63065,1,1,15,0,17,10,22,16,21,30,0,8
63066,0,1,0,0,0,0,0,0,0,0,0,0
63066,1,1,0,0,0,0,0,0,0,0,0,0
63067,0,1,0,0,24,22,6,0,20,9,0,0
63067,1,1,0,0,0,0,0,0,0,0,0,0
63068,0,1,0,0,0,0,0,0,0,0,0,0
63068,1,1,29,23,0,31,16,5,22,26,11,14
63069,0,1,0,0,0,0,0,0,0,0,0,0
63069,0,2,0,0,0,0,0,0,0,0,0,0
63069,1,1,0,0,0,0,0,0,0,0,0,0
63069,2,1,0,0,0,0,0,0,0,0,0,0
63070,1,1,0,0,0,0,0,0,0,0,0,0
63070,2,1,29,0,0,0,16,0,0,14,11,0
63071,1,1,0,0,13,0,0,0,0,0,0,0
63071,2,1,30,0,10,0,0,0,22,22,8,0
63072,0,1,21,0,0,0,0,0,0,0,0,0
63072,1,1,6,0,0,0,0,15,0,0,0,0
63073,1,1,0,0,0,0,0,0,0,0,0,0
63073,2,1,0,0,0,0,0,0,0,0,0,0
63074,1,1,23,0,15,7,2,6,8,11,15,6
63075,0,1,0,0,0,0,20,30,0,0,0,0
63075,1,1,0,0,0,0,0,0,0,0,0,0
63076,1,1,17,17,17,17,17,17,17,17,17,17
63077,1,1,21,16,11,0,11,5,13,34,16,18
63078,1,1,0,0,0,0,0,0,0,0,0,0
63079,0,1,0,0,2,19,0,0,0,0,0,13
63079,1,1,0,0,0,0,0,0,0,0,0,0
63080,0,1,32,32,32,32,32,32,32,32,32,32
63080,1,1,6,6,6,6,6,6,6,6,6,6
63081,0,1,0,28,0,0,0,0,0,16,0,19
63081,1,1,0,0,0,0,0,0,0,0,0,0
63082,0,1,0,0,0,0,27,0,0,16,34,18
63082,1,1,0,0,0,0,0,0,0,0,0,0
63083,0,1,34,34,34,34,34,34,34,34,34,34
63083,1,1,0,0,13,0,0,10,0,0,0,0
63084,0,1,25,16,25,30,6,25,24,14,22,23
63084,1,1,0,0,0,0,0,0,0,0,0,0
63085,0,1,0,0,0,0,0,0,0,0,0,0
63085,1,1,0,0,0,0,0,0,0,0,0,0
63086,1,1,0,0,0,0,0,0,0,16,0,10
63087,1,1,0,0,0,0,0,0,0,0,0,0
63087,2,1,0,0,0,0,0,0,0,0,0,0
63087,3,1,0,0,0,0,0,0,0,0,0,0
63087,4,1,0,0,0,0,0,0,0,0,0,0
63088,1,1,26,16,13,7,20,11,12,8,6,12
63089,0,1,0,26,0,0,0,0,0,32,0,0
63089,1,1,19,0,0,0,0,0,0,13,0,0
63090,0,1,0,26,0,20,0,0,0,17,0,0
63090,1,1,0,0,0,0,0,0,0,0,0,0
63091,0,1,23,9,4,0,20,26,0,0,0,13
63091,1,1,13,13,13,13,13,13,13,13,13,13
63092,1,1,14,5,29,21,25,17,12,16,22,11
63093,1,1,0,0,0,0,0,0,0,0,0,0
63094,0,1,49,18,35,32,16,11,32,36,24,13
63094,1,1,0,0,0,0,0,0,0,0,0,0
63095,1,1,22,22,22,22,22,22,22,22,22,22
63096,1,1,2,2,2,2,2,2,2,2,2,2
63097,1,1,12,18,22,11,12,15,15,14,8,21
63097,2,1,16,21,14,0,0,0,5,0,0,0
63098,0,1,0,0,20,0,24,0,24,0,0,0
63098,1,1,0,0,0,0,0,0,0,0,0,0
63099,0,1,0,0,37,0,0,38,0,50,23,0
63099,1,1,16,16,16,16,16,16,16,16,16,16
63100,0,1,0,0,0,0,0,0,0,0,0,0
63100,1,1,0,0,14,3,0,0,0,0,0,0
63101,0,1,16,0,0,0,0,0,0,0,0,17
63101,1,1,0,0,0,0,0,0,0,0,0,0
63102,0,1,0,0,0,0,30,0,0,0,0,0
63102,1,1,13,0,0,0,0,0,0,0,0,0
63103,1,1,7,0,0,0,0,0,0,0,0,25
63104,0,1,27,0,0,0,30,0,0,17,0,14
63104,1,1,0,0,0,0,0,26,0,0,0,26
63105,0,1,12,42,27,16,2,19,0,17,15,6
63105,1,1,0,0,0,0,0,0,0,0,0,0
63106,0,1,13,0,0,0,0,0,0,40,0,0
63106,1,1,0,0,0,0,0,0,0,0,0,0
63107,0,1,35,0,0,0,28,0,0,0,27,0
63107,1,1,0,0,0,0,6,0,0,0,0,0
63108,1,1,18,18,18,18,18,18,18,18,18,18
63109,1,1,0,0,0,0,0,0,0,0,0,0
63109,2,1,0,0,0,0,0,0,0,0,0,0
63110,0,1,0,0,0,0,0,0,0,0,0,0
63110,1,1,0,0,0,0,0,0,0,0,29,0
63111,1,1,0,0,0,0,0,0,0,0,0,0
63111,2,1,0,0,0,0,0,0,0,0,0,0
63112,1,1,0,0,0,0,0,0,0,0,0,0
63112,2,1,0,0,0,0,0,0,0,0,0,0
63113,1,1,0,0,0,0,0,0,0,0,0,0
63114,1,1,0,0,0,0,0,0,0,0,0,0
63114,2,1,0,0,0,0,0,18,0,0,0,0
63115,0,1,0,0,34,0,0,0,0,0,0,0
63115,0,2,0,0,0,0,0,0,0,0,0,0
63115,0,3,0,0,0,0,0,0,0,0,0,0
63115,1,1,0,0,0,0,0,0,0,0,0,0
63115,2,1,0,0,0,0,0,0,0,0,0,0
63116,1,1,0,0,0,0,0,0,0,0,0,0
63116,2,1,0,0,0,0,0,0,0,0,0,0
63117,1,1,10,10,10,10,10,10,10,10,10,10
63118,1,1,16,16,16,16,16,16,16,16,16,16
63119,1,1,0,0,9,15,0,0,0,0,0,0
63120,0,1,0,0,5,0,0,26,0,0,0,0
63120,1,1,0,0,0,0,0,0,0,0,0,0
63121,0,1,0,0,0,0,0,0,0,16,0,0
63121,1,1,0,0,0,0,0,0,0,0,0,22
63122,1,1,0,0,0,0,0,0,0,0,0,0
63122,2,1,0,0,0,0,0,0,0,0,0,0
63123,1,1,16,13,11,3,2,14,23,7,0,3
63124,1,1,14,14,14,14,14,14,14,14,14,14
63124,2,1,0,0,0,0,0,0,0,0,0,0
63125,1,1,18,18,18,18,18,18,18,18,18,18
63126,0,1,0,0,35,23,16,0,0,0,0,0
63126,1,1,0,0,0,0,0,3,0,9,0,0
63127,1,1,9,9,9,9,9,9,9,9,9,9
63128,0,1,0,0,0,0,0,0,0,0,0,0
63128,1,1,20,20,20,20,20,20,20,20,20,20
63129,1,1,16,16,16,16,16,16,16,16,16,16
63130,0,1,0,25,0,0,0,0,0,0,0,0
63130,1,1,0,0,0,0,0,0,0,0,0,0
63131,1,1,0,0,0,0,13,0,27,0,23,0