ST_CASE,VEH_NO,PER_NO,P1,P2,P3,P4,P5,P6,P7,P8,P9,P10
63132,1,1,2,2,2,2,2,2,2,2,2,2
63133,1,1,25,25,25,25,25,25,25,25,25,25
63133,2,1,0,0,0,0,0,0,0,0,0,0
63133,3,1,0,0,0,0,0,0,19,0,0,0
63134,0,1,0,0,0,0,0,0,0,0,0,0
63134,1,1,0,0,0,0,0,0,0,0,0,0
63135,0,1,0,0,4,0,0,0,0,0,29,0
63135,1,1,0,0,0,0,0,0,0,0,0,0
63136,1,1,17,17,17,17,17,17,17,17,17,17
63137,0,1,0,0,0,0,0,0,0,0,0,0
63137,1,1,17,0,12,23,34,26,5,24,3,0
63138,1,1,16,16,16,16,16,16,16,16,16,16
63138,2,1,0,0,0,0,0,0,0,0,0,0
63139,0,1,0,0,0,0,0,0,0,0,0,0
63139,1,1,0,0,0,0,0,0,0,0,0,0
63140,1,1,0,0,0,0,0,0,0,0,0,0
63141,0,1,12,3,0,0,20,29,0,0,22,0
63141,1,1,0,0,0,0,0,0,0,0,0,0
63142,0,1,0,0,0,18,0,0,25,13,22,17
63142,1,1,0,0,0,0,23,0,0,0,0,0
63143,1,1,0,0,0,0,0,0,0,0,0,0
63144,1,1,27,18,28,0,17,19,0,0,0,13
63145,1,1,16,20,12,5,27,8,14,17,6,34
63145,2,1,18,10,6,15,0,0,0,0,0,0
63145,3,1,0,7,0,0,0,0,0,12,0,0
63146,0,1,0,36,0,23,23,0,0,16,22,28
63146,1,1,0,0,0,5,0,0,0,0,0,0
63147,0,1,0,0,0,0,0,0,0,0,0,0
63147,1,1,0,0,0,0,0,0,0,0,0,0
63148,1,1,0,0,0,0,0,0,0,0,0,0
63148,2,1,0,0,0,0,0,0,0,0,0,0
63149,1,1,28,28,28,28,28,28,28,28,28,28
63149,2,1,0,0,0,0,0,0,0,0,0,0
63149,3,1,0,0,0,0,0,0,0,0,0,13
63150,1,1,0,0,0,0,0,0,0,0,0,0
63151,1,1,0,0,0,13,21,0,8,0,0,9
63152,1,1,0,0,0,0,0,0,0,0,0,0
63152,2,1,0,0,0,0,0,0,0,0,0,0
63153,1,1,24,24,24,24,24,24,24,24,24,24
63153,2,1,0,0,0,0,0,0,0,15,0,0
63154,1,1,0,0,0,0,0,0,0,0,0,0
63154,2,1,0,0,0,0,0,0,0,0,0,0
63155,2,1,14,0,0,0,0,0,8,11,11,0
63156,1,1,20,29,28,7,18,29,21,4,18,12
63157,0,1,0,0,0,0,0,0,0,0,0,0
63157,1,1,0,0,0,0,0,0,0,0,0,21
63158,0,1,26,14,29,12,13,20,12,26,45,0
63158,1,1,0,0,0,0,0,0,0,0,0,0
63159,0,1,0,0,0,0,0,0,0,0,0,0
63159,1,1,0,0,0,0,0,0,0,0,0,0
63160,0,1,0,0,0,31,0,51,23,0,0,0
63160,1,1,0,0,0,0,0,0,0,0,0,0
63160,2,1,0,0,0,0,0,0,0,0,0,0
63161,0,1,0,0,0,0,0,0,0,0,0,0
63161,0,2,0,0,0,0,0,0,0,0,0,0
63161,1,1,11,0,12,7,12,9,10,7,20,5
63162,0,1,12,0,21,0,0,0,0,0,0,11
63162,1,1,0,0,0,0,0,22,0,0,0,0
63163,1,1,21,21,21,21,21,21,21,21,21,21
63164,1,1,0,0,0,0,0,0,0,0,0,0
63164,2,1,0,0,0,0,0,0,0,0,0,0
63165,1,1,0,0,10,0,15,0,0,0,24,0
63165,2,1,0,0,0,0,0,0,0,0,0,0
63166,0,1,0,0,0,0,0,0,0,0,0,0
63166,1,1,0,0,0,0,0,0,0,0,0,0
63167,0,1,0,0,0,0,0,0,0,0,0,0
63167,1,1,10,25,29,18,15,12,19,12,23,7
63168,1,1,22,14,0,17,0,0,19,0,0,0
63169,1,1,20,30,11,0,15,8,21,16,28,17
63169,2,1,0,0,0,0,0,0,0,0,0,0
63170,1,1,0,0,0,0,0,0,0,0,0,0
63171,1,1,14,4,35,21,33,12,17,2,24,12
63172,1,1,0,0,0,0,0,0,27,0,0,0
63172,2,1,0,0,18,0,0,0,0,0,0,0
63173,1,1,0,0,0,0,0,0,0,0,0,0
63173,2,1,0,0,0,0,0,0,0,0,0,0
63174,1,1,17,17,17,17,17,17,17,17,17,17
63175,0,1,0,0,0,0,0,0,0,0,0,0
63175,1,1,0,0,0,0,0,0,0,0,0,0
63176,1,1,0,16,0,13,0,5,0,0,11,0
63176,2,1,0,0,0,17,0,0,0,0,0,0
63177,1,1,10,4,8,11,8,14,15,18,25,36
63178,0,1,2,2,2,2,2,2,2,2,2,2
63178,1,1,0,0,0,0,0,0,0,0,0,0
63179,1,1,0,0,0,0,0,0,0,0,0,0
63179,2,1,0,0,0,0,0,0,0,0,0,0
63179,3,1,0,0,0,0,0,0,0,0,0,0
63180,1,1,0,0,0,0,0,0,32,0,0,0
63181,1,1,12,20,0,23,24,23,22,20,19,14
63181,2,1,0,0,0,0,0,0,0,0,0,0
63181,3,1,0,0,0,10,0,0,0,0,0,0
63182,1,2,0,20,0,21,20,5,0,0,0,5
63183,1,1,0,0,21,0,0,0,0,0,0,0
63184,1,1,0,0,0,0,0,0,0,0,0,0
63184,2,1,0,0,0,0,0,0,0,0,0,0
63185,0,1,38,38,38,38,38,38,38,38,38,38
63185,1,1,2,2,2,2,2,2,2,2,2,2
63186,0,1,0,0,0,0,0,0,0,0,0,0
63186,1,1,0,0,0,0,0,0,0,0,0,0
63187,1,1,1,1,1,1,1,1,1,1,1,1
63187,2,1,12,28,15,14,14,0,23,0,15,20
63188,0,1,0,0,0,0,0,0,0,0,0,0
63188,1,1,24,24,24,24,24,24,24,24,24,24
63189,1,1,11,19,0,23,0,11,17,0,0,35
63189,2,1,0,0,12,0,0,19,13,8,0,0
63189,3,1,0,0,0,0,0,0,0,0,0,0
63190,0,1,27,27,27,27,27,27,27,27,27,27
63190,1,1,0,0,0,0,0,0,0,0,0,0
63191,1,1,17,0,17,0,0,0,26,0,14,0
63191,2,1,0,0,0,0,0,0,0,0,0,0
63192,1,1,0,0,0,0,0,0,0,0,0,0
63192,2,1,0,0,0,0,0,0,0,0,0,0
63193,0,1,17,16,14,27,12,17,0,38,22,0
63193,1,1,0,0,0,0,0,0,0,0,0,0
63194,1,1,0,0,0,19,0,0,0,0,0,0
63194,2,1,0,0,0,0,0,0,0,0,0,0
63195,1,1,26,14,8,11,20,23,9,13,28,16
63195,2,1,0,12,0,0,0,0,0,27,0,0
63196,0,1,16,43,11,17,0,0,27,25,24,3
63196,1,1,0,14,0,0,0,0,0,0,16,0
63197,1,1,0,0,0,0,0,0,0,0,0,12
63197,2,1,0,24,0,0,0,0,0,0,0,10
63198,0,1,0,0,0,0,0,0,0,0,0,0
63198,1,1,3,0,0,0,10,0,0,0,9,0
63199,0,1,0,0,0,0,0,0,0,0,0,28
63199,1,1,0,0,0,0,0,0,0,0,0,0
63200,0,1,0,0,0,25,26,0,0,0,0,0
63200,1,1,0,0,0,0,0,0,0,0,0,0
63201,0,1,0,0,0,0,0,0,0,0,0,0
63201,1,1,0,0,0,0,0,0,0,0,0,0
63202,1,1,0,0,0,0,0,0,0,0,0,0
63203,0,1,0,0,0,0,0,0,0,0,0,0
63203,1,1,0,0,0,0,0,0,0,0,0,0
63204,0,1,0,0,0,0,0,0,0,0,0,0
63204,1,1,11,0,0,0,0,0,0,0,0,0
63205,0,1,0,0,0,0,0,0,0,0,0,0
63205,1,1,0,0,0,0,0,0,0,0,0,0
63206,1,1,5,20,9,17,14,14,8,20,9,16
63207,1,1,0,0,0,12,15,0,8,0,0,0
63208,0,1,0,0,0,0,0,0,0,0,0,0
63208,1,1,0,0,0,0,0,0,0,0,0,0
63209,0,1,0,33,0,6,30,7,0,0,0,0
63209,1,1,0,0,0,0,0,0,0,0,0,10
63210,0,1,22,22,22,22,22,22,22,22,22,22
63210,1,1,0,0,0,0,0,0,11,0,0,0
63211,1,1,0,0,0,0,0,0,0,0,0,0
63212,0,1,0,0,0,0,4,0,0,0,0,0
63212,1,1,0,0,0,0,12,0,0,0,0,0
63213,0,1,0,0,0,0,0,0,0,0,0,0
63213,1,1,0,0,0,0,0,0,0,0,0,0
63214,0,1,0,24,0,0,10,26,0,12,18,0
63214,1,1,0,0,0,14,0,0,17,0,0,0
63215,1,1,0,0,0,18,13,15,0,6,0,0
63215,2,1,0,22,21,22,13,0,6,0,5,0
63216,0,1,15,15,15,15,15,15,15,15,15,15
63216,1,1,0,0,0,0,8,0,0,0,0,0
63217,0,1,0,0,0,0,0,0,0,0,0,0
63217,1,1,0,0,0,0,0,0,0,0,0,0
63218,0,1,5,5,5,5,5,5,5,5,5,5
63218,1,1,0,0,0,0,0,0,0,0,0,0
63218,2,1,0,0,0,0,0,0,21,0,0,0
63219,0,1,0,0,0,0,0,0,0,0,0,0
63219,1,1,0,8,0,0,0,0,0,0,0,0
63220,1,1,0,0,0,0,0,0,0,0,0,0
63220,2,1,0,0,0,0,0,0,0,0,0,0
63221,0,1,10,10,10,10,10,10,10,10,10,10
63221,1,1,0,0,0,0,0,0,0,0,0,0
63222,1,1,9,0,0,0,0,0,0,0,0,0
63222,2,1,0,0,0,0,0,0,0,0,0,0
63222,3,1,0,0,0,0,0,0,0,0,0,0
63223,1,1,0,0,0,0,0,0,0,0,0,0
63223,2,1,0,0,0,0,0,0,0,0,0,0
63224,0,1,0,0,0,0,0,0,0,0,0,0
63224,1,1,0,0,0,0,0,0,0,0,0,0
63224,2,1,0,0,0,0,0,0,0,0,0,0
63225,1,1,17,17,17,17,17,17,17,17,17,17
63226,1,1,9,11,0,0,23,20,16,0,17,0
63227,1,1,0,0,0,0,0,0,0,9,0,14
63227,2,1,0,0,0,0,0,0,0,0,0,0
63228,1,1,0,14,0,0,0,0,0,0,0,0
63228,2,1,0,0,0,0,0,0,0,0,0,0
63228,3,1,0,0,0,0,0,11,0,0,0,0
63228,4,1,0,0,0,0,0,0,0,0,0,0
63229,1,1,19,7,32,21,19,26,12,14,18,8
63230,1,1,0,17,0,20,0,0,19,21,4,18
63231,1,1,0,0,0,0,0,0,0,0,0,0
63231,2,1,0,0,0,0,0,0,0,0,0,0
63232,0,1,0,17,26,0,0,0,0,31,12,22
63232,1,1,0,0,0,0,0,0,0,0,0,0
63233,1,1,4,11,16,18,16,3,12,7,20,5
63233,2,1,0,0,0,12,0,0,0,0,0,0
63235,0,1,0,0,0,0,0,0,0,0,0,0
63235,1,1,0,0,0,0,0,0,0,0,0,0
63236,1,1,0,0,0,0,0,0,0,0,0,0
63236,2,1,0,0,0,0,0,0,0,0,0,0
63237,1,1,24,33,8,3,15,17,17,21,18,6
63238,1,1,0,0,0,0,0,0,0,0,0,0
63238,2,1,0,0,0,0,0,0,0,0,0,0
63239,1,1,7,12,8,15,21,17,11,23,6,18
63240,0,1,0,0,0,0,0,0,0,0,0,0
63240,0,2,23,0,5,0,0,14,0,5,27,6
63240,1,1,0,0,0,0,0,0,0,0,0,0
63241,1,1,0,0,0,0,0,0,0,0,0,0
63242,0,1,19,29,0,10,20,0,0,13,0,29
63242,1,1,17,0,0,0,0,0,0,0,0,0
63243,0,1,18,22,20,20,37,8,26,31,31,13
63243,1,1,0,7,6,9,0,0,0,0,0,0
63244,0,1,0,0,0,30,0,0,0,0,0,0
63244,1,1,0,0,0,0,0,0,11,0,0,0
63245,1,1,0,0,0,0,0,0,0,0,0,0
63246,1,1,0,0,21,0,0,0,0,0,0,29
63246,2,1,0,0,0,0,21,0,0,0,0,0
63247,0,1,33,0,0,0,21,21,0,0,0,0
63247,1,1,0,0,0,0,0,0,0,0,0,0
63248,1,1,0,0,0,0,0,7,0,0,0,0
63248,2,1,18,30,0,9,4,32,11,0,0,7
63249,0,1,0,0,0,23,0,0,0,0,0,0
63249,1,1,12,0,0,0,0,0,0,0,0,0
63250,1,1,15,27,17,0,18,0,0,0,31,0
63251,1,1,26,26,26,26,26,26,26,26,26,26
63252,1,1,6,14,29,20,17,12,12,27,16,13
63253,0,1,0,0,0,0,0,0,0,0,20,0
63253,1,1,0,0,0,0,0,0,0,0,0,0
63254,0,1,23,23,23,23,23,23,23,23,23,23
63254,1,1,18,26,0,12,9,11,0,0,13,0
63255,0,1,4,4,4,4,4,4,4,4,4,4
63255,1,1,0,0,0,0,0,0,0,0,0,0
63256,1,1,22,22,22,22,22,22,22,22,22,22
63257,0,1,0,0,0,0,0,0,0,0,0,0
63257,1,1,0,0,0,0,0,0,5,0,0,28
63258,1,1,0,0,0,0,0,0,0,0,0,0
63258,2,1,0,3,0,0,0,0,0,0,0,13
63258,3,1,0,0,0,0,0,0,0,16,0,0
63259,0,1,0,23,14,12,20,0,0,34,0,30
63259,1,1,0,0,25,0,0,0,0,0,0,0
63260,0,1,0,0,0,0,0,0,0,0,0,0
63260,1,1,0,0,0,0,0,0,0,0,0,0
63261,0,1,0,0,40,22,0,11,7,0,0,22
63261,1,1,0,0,0,0,0,0,0,0,0,0
63262,0,1,0,0,0,11,40,0,5,0,22,0
63262,1,1,0,0,0,0,0,0,0,0,0,0
63262,2,1,0,0,0,0,2,0,0,24,0,0
63263,1,1,17,17,17,17,17,17,17,17,17,17
63263,2,1,0,0,0,0,0,0,0,0,0,0
63264,1,1,0,0,0,0,0,0,0,0,0,0
63264,2,1,0,0,0,0,0,0,0,0,0,0
63265,0,1,0,10,0,3,13,0,39,0,28,7
63265,1,1,0,0,0,0,0,0,0,0,0,0
63266,0,1,0,0,0,0,0,0,0,0,0,0
63266,1,1,0,0,0,0,0,0,0,0,0,0
63267,1,1,13,0,11,0,0,0,7,0,0,6
63267,2,1,12,22,9,13,10,9,12,11,6,9
63268,1,1,0,0,0,0,0,0,0,0,0,0
63268,2,1,0,0,0,7,31,0,0,0,0,0
63269,1,1,13,13,13,13,13,13,13,13,13,13
63270,1,1,6,0,0,0,0,0,0,0,4,0
63270,2,1,0,4,0,7,0,0,0,0,17,0
63271,0,1,10,0,0,0,0,0,0,0,0,0
63271,1,1,0,0,0,0,0,0,0,0,0,0
63272,1,1,0,23,0,0,0,14,19,11,12,28
63273,1,1,0,0,0,0,0,0,18,7,6,0
63274,1,1,0,0,0,0,11,0,0,0,0,0
63274,2,1,0,0,0,0,0,0,0,0,0,0
63275,1,1,0,0,0,0,0,0,0,12,0,0
63275,2,1,0,0,0,0,0,0,0,0,0,0
63276,1,1,13,13,13,13,13,13,13,13,13,13
63277,1,1,0,0,16,0,0,0,0,0,0,0
63278,0,1,0,0,0,0,0,0,0,0,0,0
63278,1,1,9,4,0,21,0,0,0,2,0,0
63279,0,1,0,0,0,0,0,22,0,0,12,0
63279,1,1,0,0,27,0,0,0,0,0,0,0
63280,1,1,0,0,0,0,0,0,0,0,12,0
63281,1,1,0,0,0,34,0,0,0,0,0,0
63281,2,1,0,0,0,0,0,0,0,0,0,0
63282,1,1,0,0,0,0,0,0,0,0,0,0
63282,2,1,0,0,0,0,0,0,0,0,0,0
63283,0,1,36,0,50,0,0,23,0,0,0,0
63283,1,1,0,0,0,0,0,0,0,0,0,0
63284,1,1,13,4,22,27,5,10,9,12,20,12
63284,2,1,0,9,5,0,20,3,8,0,0,0
63285,1,1,0,13,0,0,11,17,0,0,14,0
63286,1,1,0,0,0,0,0,0,0,0,0,0
63286,2,1,0,0,0,0,0,0,0,0,0,0
63287,1,1,0,0,0,0,0,0,0,0,0,0
63287,2,1,0,0,5,0,0,0,0,0,0,0
63287,3,1,0,22,0,0,0,0,0,0,0,0
63288,1,1,0,0,0,0,0,0,0,0,0,0
63288,2,1,0,0,0,0,0,0,0,0,0,0
63289,0,1,0,0,0,0,18,0,0,4,15,0
63289,1,1,0,0,0,0,0,0,0,0,0,0
63290,1,1,0,0,0,0,0,0,0,0,0,0
63291,1,1,0,0,0,0,6,0,43,0,0,18
63292,1,1,0,0,0,0,0,0,0,0,0,0
63292,2,1,0,0,0,0,0,0,0,0,0,0
63293,0,1,0,0,0,0,0,0,19,10,24,0
63293,1,1,0,0,0,0,28,0,0,28,0,0
63294,1,1,0,0,27,0,0,0,0,0,0,0
63295,1,1,0,0,0,0,0,0,0,0,0,0
63296,1,1,0,0,0,0,0,0,11,0,0,0
63296,2,1,0,0,0,0,0,0,0,0,0,0
63297,0,1,0,0,0,0,0,0,0,0,0,0
63297,1,1,0,0,0,0,19,0,24,0,0,7
63298,0,1,0,0,0,31,6,0,0,5,0,0
63298,1,1,9,3,0,4,7,9,13,0,14,16
63299,0,1,0,0,0,0,0,0,4,17,0,19
63299,1,1,0,0,0,0,0,0,0,0,0,0
63300,1,1,17,17,17,17,17,17,17,17,17,17
63300,2,1,2,11,0,0,14,0,0,14,0,0
63300,3,1,0,0,0,0,0,0,0,0,0,0
63300,4,1,0,0,0,0,0,0,0,0,31,0
63301,1,1,12,12,12,12,12,12,12,12,12,12
63302,0,1,0,0,0,19,0,0,0,0,0,0
63302,0,2,0,0,0,0,0,0,0,0,0,0
63302,0,3,0,0,0,0,0,0,0,0,0,0
63302,1,1,0,0,8,0,0,0,13,0,0,0
63302,2,1,0,0,0,19,0,9,0,0,0,29
63303,1,1,0,0,0,11,18,0,0,7,0,43
63304,0,1,0,24,13,20,0,16,28,0,32,0
63304,1,1,0,0,0,0,0,0,0,0,0,0
63305,0,1,10,10,10,10,10,10,10,10,10,10
63305,1,1,0,0,0,0,0,0,0,0,0,0
63306,0,1,0,29,14,0,18,32,0,0,26,0
63306,1,1,0,0,26,0,0,0,0,0,0,0
63307,0,1,0,0,0,0,0,0,0,0,0,0
63307,1,1,0,0,0,0,0,0,0,0,0,0
63308,1,1,0,17,24,0,0,0,0,0,0,0
63308,2,1,0,0,0,0,0,0,0,0,0,0
63309,0,1,28,28,28,28,28,28,28,28,28,28
63309,1,1,0,0,0,0,0,0,0,0,0,0
63310,0,1,0,0,0,0,0,0,0,0,0,0
63310,1,1,0,7,0,14,0,0,18,0,0,0
63311,0,1,7,0,0,0,0,13,14,0,0,0
63311,1,1,0,0,23,15,0,23,0,0,0,0
63312,1,1,20,18,9,21,4,23,12,22,10,12
63312,2,1,0,13,18,14,11,0,0,0,0,0
63313,0,1,14,23,25,0,0,0,0,5,0,26
63313,0,2,0,0,0,5,0,0,0,0,0,26
63313,1,1,0,0,0,0,0,0,17,0,0,0
63314,0,1,0,0,0,0,0,0,0,0,0,0
63314,1,1,0,0,0,0,0,0,0,0,0,0
63315,1,1,0,0,0,0,0,0,0,0,0,0
63315,2,1,0,0,0,9,17,0,0,0,0,0
63316,1,1,36,14,13,6,21,6,23,22,17,26
63317,0,1,0,0,0,0,0,0,0,0,0,23
63317,0,2,0,0,0,0,0,0,0,0,0,0
63317,1,1,0,0,0,0,0,0,0,0,0,0
63318,1,1,0,0,0,0,0,9,0,0,10,0
63318,2,1,0,0,0,0,0,0,0,0,0,0
63318,3,1,0,0,0,0,0,0,0,0,0,30
63319,0,1,0,0,0,0,0,0,0,0,0,0
63319,1,1,0,0,0,0,0,0,0,0,0,0
63320,1,1,0,0,9,0,0,0,16,8,0,0
63320,2,1,0,0,0,0,24,0,0,0,12,0
63320,3,1,16,27,0,27,0,0,0,0,0,0
63321,1,1,0,0,0,0,0,0,0,0,0,0
63321,2,1,0,0,0,0,0,0,0,0,0,0
63322,1,1,0,0,0,0,0,0,0,0,0,0
63322,2,1,0,0,0,0,0,0,0,0,0,0
63323,0,1,21,21,21,21,21,21,21,21,21,21
63323,1,1,0,0,0,0,0,0,0,0,0,0
63324,0,1,33,13,0,8,23,0,0,24,0,0
63324,1,1,0,0,0,0,0,0,0,0,0,0
63325,0,1,0,0,26,0,0,0,0,0,0,0
63325,1,1,0,0,0,0,0,0,0,0,0,0
63326,1,1,0,0,0,0,0,0,0,0,0,0
63326,2,1,14,0,20,0,0,0,0,0,0,0
63327,1,1,0,0,0,0,0,0,0,0,0,0
63327,2,1,0,0,0,0,0,0,5,0,0,0
63328,0,1,16,12,17,0,34,24,25,24,29,0
63328,1,1,12,16,18,9,9,7,7,12,3,16
63329,1,1,0,0,0,0,0,0,0,0,0,0
63329,2,1,0,9,0,0,0,15,0,0,14,0
63330,1,1,0,17,30,11,10,16,14,17,41,21
63331,1,1,0,6,0,0,0,0,0,0,0,0
63331,2,1,0,0,0,0,0,0,0,0,0,0
63332,1,1,0,0,0,0,0,0,0,0,0,0
63332,2,1,0,0,0,0,0,0,0,0,0,0
63333,1,1,0,0,0,0,0,0,0,0,0,0
63333,2,1,0,0,0,0,9,0,0,0,0,4
63333,3,1,0,0,0,0,0,0,0,0,0,0
63334,1,1,26,0,0,0,0,26,0,0,0,0
63334,2,1,0,0,0,0,0,0,0,0,0,0
63335,1,1,0,0,0,0,0,0,0,0,0,0
63336,1,1,0,0,0,25,9,0,0,0,10,0
63337,1,1,20,0,0,0,28,0,0,0,0,0
63339,0,1,12,12,12,12,12,12,12,12,12,12
63339,1,1,0,0,0,0,0,0,0,0,0,0
63340,1,1,20,15,12,12,10,11,14,24,21,17
63341,1,1,25,0,0,0,0,0,0,8,15,0
63341,2,1,0,0,0,0,14,0,0,0,0,0
63342,0,1,0,0,0,0,0,0,0,0,0,0
63342,0,2,0,0,0,0,0,0,0,0,0,0
63342,1,1,0,0,0,0,0,0,0,0,0,0
63343,1,1,5,5,5,5,5,5,5,5,5,5
63344,0,1,0,0,0,0,33,0,0,0,0,0
63344,1,1,0,21,0,0,11,0,0,0,33,17
63345,1,1,0,0,0,0,0,0,0,0,0,0
63345,2,1,0,0,0,0,0,0,0,0,0,0
63345,3,1,0,0,0,0,0,0,0,11,0,0
63345,4,1,0,0,0,0,0,0,0,0,0,0
63345,5,1,0,0,0,0,0,0,0,0,0,0
63346,1,1,8,8,8,8,8,8,8,8,8,8
63347,0,1,4,4,4,4,4,4,4,4,4,4
63347,1,1,0,0,12,0,23,8,10,0,0,0
63347,2,1,0,0,0,0,0,0,0,0,0,0
63347,3,1,0,0,0,0,0,8,18,0,6,0
63347,4,1,0,0,17,6,0,0,0,0,0,20
63347,5,1,0,0,0,0,0,0,0,0,0,0
63348,0,1,0,0,0,0,16,0,0,23,0,19
63348,1,1,0,0,0,2,0,0,0,0,0,0
63348,2,1,0,0,0,0,0,11,0,0,24,0
63349,0,1,0,0,0,0,0,0,13,12,22,0
63349,0,2,0,0,0,0,0,0,0,0,0,0
63349,0,3,0,12,0,0,21,0,33,0,0,15
63349,1,1,0,0,0,0,0,0,0,0,0,0
63350,1,1,0,0,14,0,0,0,0,0,0,15
63351,1,1,0,0,0,0,0,0,0,0,0,0
63351,2,1,0,0,0,0,12,0,15,7,0,0
63352,0,1,0,0,0,0,0,0,0,0,0,0
63352,1,1,0,0,0,0,0,0,0,0,0,0
63353,0,1,16,0,25,22,0,0,0,22,0,0
63353,1,1,0,0,0,0,0,0,0,0,0,0
63354,1,1,0,0,0,0,13,0,0,0,0,0
63354,2,1,0,0,0,0,0,0,0,0,0,0
63355,0,1,0,0,0,0,0,0,0,0,0,0
63355,1,1,0,0,0,0,0,0,0,0,0,0
63356,1,1,0,0,0,0,0,0,0,0,0,0
63356,2,1,0,0,0,0,0,0,0,0,0,0
63356,3,1,0,0,0,0,0,0,0,0,0,0
63356,4,1,0,0,0,0,0,0,0,0,0,0
63356,5,1,0,0,0,0,0,0,0,0,0,0
63357,0,1,0,0,0,0,0,0,0,0,0,0
63357,1,1,0,0,0,0,0,0,0,0,0,0
63358,0,1,0,0,0,27,9,9,0,0,0,0
63358,1,1,0,0,0,0,0,0,0,0,0,0
63359,0,1,0,0,0,0,0,0,0,0,26,0
63359,1,1,0,10,0,16,0,6,0,0,0,0
63360,1,1,20,20,20,20,20,20,20,20,20,20
63361,1,1,23,0,0,0,0,16,0,0,0,0
63361,2,1,0,0,0,0,0,0,0,0,0,0
63361,3,1,0,0,35,0,0,0,0,0,0,0
63362,0,1,0,0,24,24,42,22,36,19,0,15
63362,1,1,5,0,5,0,0,5,0,0,1,0
63363,0,1,33,51,38,0,0,0,0,20,23,0
63363,1,1,0,0,0,0,0,0,0,0,0,0
63364,1,1,9,17,11,11,19,5,22,21,9,21
63365,1,1,0,0,0,0,16,0,0,0,0,0
63365,2,1,5,15,0,0,0,23,0,0,0,0
63366,0,1,33,0,0,0,14,0,19,13,23,0
63366,1,1,11,31,10,10,11,16,24,18,11,0
63367,1,1,29,0,0,0,28,0,0,0,0,0
63367,2,1,0,0,0,0,0,0,13,0,0,0
63367,3,1,0,0,0,0,0,0,0,0,0,0
63368,1,1,10,10,10,10,10,10,10,10,10,10
63369,0,1,33,33,33,33,33,33,33,33,33,33
63369,1,1,0,0,0,0,0,0,0,0,0,0
63370,1,1,0,0,0,0,0,0,0,0,0,0
63370,2,1,7,17,29,10,13,0,5,13,16,21
63370,3,1,19,13,7,9,15,14,22,19,19,17
63371,1,1,0,0,0,0,0,30,0,0,0,0
63371,2,1,0,0,0,0,0,0,0,0,0,0
63372,1,1,0,0,0,25,0,0,0,23,0,0
63372,2,1,0,0,9,0,0,0,0,0,0,0
63373,0,1,0,0,0,25,0,0,49,0,14,0
63373,1,1,0,0,0,0,0,0,0,0,0,0
63374,0,1,0,0,0,12,0,0,0,0,0,0
63374,1,1,0,0,0,0,0,0,17,0,0,0
63375,1,1,0,0,0,0,0,0,0,0,0,0
63375,2,1,0,12,19,27,0,0,0,0,15,14
63376,0,1,27,27,36,12,23,47,16,15,8,23
63376,1,1,11,0,9,25,16,23,0,11,11,0
63377,1,1,22,22,22,22,22,22,22,22,22,22
63377,2,1,0,0,0,0,0,0,0,0,0,0
63378,1,1,0,0,0,0,0,0,0,0,0,0
63378,2,1,0,0,0,0,0,0,0,0,0,0
63379,1,1,0,0,0,0,0,0,29,0,0,0
63379,2,1,0,0,0,0,0,0,0,0,0,0
63380,0,1,0,0,0,0,0,0,29,0,12,0
63380,1,1,0,0,0,0,0,0,0,0,0,0
63381,1,1,0,0,0,0,0,0,0,0,0,0
63381,2,1,0,0,0,0,0,0,0,0,0,0
63382,1,1,0,0,3,0,0,0,0,0,0,12
63382,2,1,0,0,0,0,0,22,0,0,0,0
63383,0,1,0,0,0,0,0,0,0,0,0,0
63383,1,1,0,0,0,0,0,0,0,0,0,0
63384,0,1,0,27,27,16,0,0,0,23,0,0
63384,1,1,0,19,0,0,7,21,0,0,21,0
63385,0,1,28,0,43,0,21,26,0,33,0,0
63385,1,1,0,0,0,0,0,0,0,0,0,0
63386,0,1,19,20,0,0,0,0,0,0,0,0
63386,1,1,10,0,0,0,0,0,0,0,0,0
63387,1,1,32,0,0,0,0,28,0,0,0,0
63388,0,1,0,24,0,0,0,0,0,0,0,0
63388,1,1,0,0,0,0,0,0,0,0,0,0
63389,0,1,9,20,17,0,0,0,0,0,0,13
63389,1,1,0,0,0,0,0,0,20,0,15,21
63390,1,1,0,0,0,0,0,0,0,0,0,0
63391,1,1,14,14,13,25,0,32,17,12,14,9
63391,2,1,0,0,0,0,0,0,0,0,0,0
63392,0,1,0,0,39,0,0,0,0,0,0,0
63392,1,1,0,0,13,0,0,0,0,0,0,0
63393,0,1,30,30,30,30,30,30,30,30,30,30
63393,1,1,0,0,0,0,0,0,0,0,0,0
63394,0,1,15,0,0,0,0,25,0,0,0,0
63394,1,1,0,0,0,0,0,0,12,0,0,0
63395,0,1,14,14,14,14,14,14,14,14,14,14
63395,1,1,0,0,0,0,0,0,0,0,0,0
63396,0,1,0,0,0,0,0,0,0,0,0,0
63396,1,1,0,0,0,0,0,0,0,0,0,0
63397,1,1,0,0,0,0,0,0,0,0,0,0
63397,2,1,0,0,0,0,0,0,0,0,0,0
63398,1,1,0,0,0,0,0,0,0,0,0,0
63398,2,1,0,0,0,0,0,0,0,0,0,0